[
    {"sport": "WALKING"},
    {"source": "TRACK_MOBILE"},
    {"created_date": "2017-06-06 03:18:15.0"},
    {"start_time": "2017-06-06 03:16:51.0"},
    {"end_time": "2017-06-06 03:38:15.0"},
    {"duration_s": 1282},
    {"distance_km": 1.32},
    {"calories_kcal": 105.843},
    {"altitude_min_m": 145},
    {"altitude_max_m": 166.5},
    {"speed_avg_kmh": 3.7067082683307335},
    {"speed_max_kmh": 7.2},
    {"ascend_m": 25},
    {"descend_m": 23.5},
    {"points": [
        [
            {"location": [[
                {"latitude": 64.231991},
                {"longitude": 27.73006}
            ]]},
            {"distance_km": 0},
            {"timestamp": "Tue Jun 06 03:16:51 UTC 2017"}
        ],
        [
            {"location": [[
                {"latitude": 64.231991},
                {"longitude": 27.73006}
            ]]},
            {"altitude": 152.5},
            {"distance_km": 0},
            {"speed_kmh": 4.5},
            {"timestamp": "Tue Jun 06 03:16:59 UTC 2017"}
        ],
        [
            {"location": [[
                {"latitude": 64.23196},
                {"longitude": 27.729858}
            ]]},
            {"altitude": 152.5},
            {"distance_km": 0.01},
            {"speed_kmh": 2.7},
            {"timestamp": "Tue Jun 06 03:17:01 UTC 2017"}
        ],
        [
            {"location": [[
                {"latitude": 64.231967},
                {"longitude": 27.730189}
            ]]},
            {"altitude": 147.5},
            {"distance_km": 0.03},
            {"speed_kmh": 1.8},
            {"timestamp": "Tue Jun 06 03:17:04 UTC 2017"}
        ],
        [
            {"location": [[
                {"latitude": 64.231561},
                {"longitude": 27.729612}
            ]]},
            {"altitude": 152},
            {"distance_km": 0.08},
            {"speed_kmh": 0},
            {"timestamp": "Tue Jun 06 03:17:06 UTC 2017"}
        ],
        [
            {"location": [[
                {"latitude": 64.231645},
                {"longitude": 27.729459}
            ]]},
            {"altitude": 156.5},
            {"distance_km": 0.09},
            {"speed_kmh": 0},
            {"timestamp": "Tue Jun 06 03:18:06 UTC 2017"}
        ],
        [
            {"location": [[
                {"latitude": 64.231736},
                {"longitude": 27.729477}
            ]]},
            {"altitude": 156},
            {"distance_km": 0.1},
            {"speed_kmh": 0},
            {"timestamp": "Tue Jun 06 03:18:10 UTC 2017"}
        ],
        [
            {"location": [[
                {"latitude": 64.231893},
                {"longitude": 27.729501}
            ]]},
            {"altitude": 157.5},
            {"distance_km": 0.12},
            {"speed_kmh": 4.5},
            {"timestamp": "Tue Jun 06 03:18:27 UTC 2017"}
        ],
        [
            {"location": [[
                {"latitude": 64.231981},
                {"longitude": 27.729467}
            ]]},
            {"altitude": 162},
            {"distance_km": 0.13},
            {"speed_kmh": 1.8},
            {"timestamp": "Tue Jun 06 03:18:31 UTC 2017"}
        ],
        [
            {"location": [[
                {"latitude": 64.23207},
                {"longitude": 27.729574}
            ]]},
            {"altitude": 147.5},
            {"distance_km": 0.14},
            {"speed_kmh": 2.7},
            {"timestamp": "Tue Jun 06 03:18:46 UTC 2017"}
        ],
        [
            {"location": [[
                {"latitude": 64.23209},
                {"longitude": 27.72978}
            ]]},
            {"altitude": 149},
            {"distance_km": 0.15},
            {"speed_kmh": 2.7},
            {"timestamp": "Tue Jun 06 03:18:56 UTC 2017"}
        ],
        [
            {"location": [[
                {"latitude": 64.232098},
                {"longitude": 27.730001}
            ]]},
            {"altitude": 145},
            {"distance_km": 0.16},
            {"speed_kmh": 2.7},
            {"timestamp": "Tue Jun 06 03:19:04 UTC 2017"}
        ],
        [
            {"location": [[
                {"latitude": 64.232087},
                {"longitude": 27.730239}
            ]]},
            {"altitude": 151},
            {"distance_km": 0.17},
            {"speed_kmh": 4.5},
            {"timestamp": "Tue Jun 06 03:19:20 UTC 2017"}
        ],
        [
            {"location": [[
                {"latitude": 64.232015},
                {"longitude": 27.730413}
            ]]},
            {"altitude": 150.5},
            {"distance_km": 0.18},
            {"speed_kmh": 4.5},
            {"timestamp": "Tue Jun 06 03:19:28 UTC 2017"}
        ],
        [
            {"location": [[
                {"latitude": 64.231931},
                {"longitude": 27.730314}
            ]]},
            {"altitude": 152},
            {"distance_km": 0.19},
            {"speed_kmh": 4.5},
            {"timestamp": "Tue Jun 06 03:19:36 UTC 2017"}
        ],
        [
            {"location": [[
                {"latitude": 64.23184},
                {"longitude": 27.730329}
            ]]},
            {"altitude": 153},
            {"distance_km": 0.2},
            {"speed_kmh": 0.9},
            {"timestamp": "Tue Jun 06 03:19:52 UTC 2017"}
        ],
        [
            {"location": [[
                {"latitude": 64.23174},
                {"longitude": 27.730228}
            ]]},
            {"altitude": 155},
            {"distance_km": 0.22},
            {"speed_kmh": 3.6},
            {"timestamp": "Tue Jun 06 03:20:06 UTC 2017"}
        ],
        [
            {"location": [[
                {"latitude": 64.231667},
                {"longitude": 27.730016}
            ]]},
            {"altitude": 155},
            {"distance_km": 0.23},
            {"speed_kmh": 5.4},
            {"timestamp": "Tue Jun 06 03:20:15 UTC 2017"}
        ],
        [
            {"location": [[
                {"latitude": 64.231651},
                {"longitude": 27.729809}
            ]]},
            {"altitude": 153},
            {"distance_km": 0.24},
            {"speed_kmh": 3.6},
            {"timestamp": "Tue Jun 06 03:20:30 UTC 2017"}
        ],
        [
            {"location": [[
                {"latitude": 64.231701},
                {"longitude": 27.72959}
            ]]},
            {"altitude": 151.5},
            {"distance_km": 0.25},
            {"speed_kmh": 4.5},
            {"timestamp": "Tue Jun 06 03:21:00 UTC 2017"}
        ],
        [
            {"location": [[
                {"latitude": 64.231776},
                {"longitude": 27.729463}
            ]]},
            {"altitude": 156.5},
            {"distance_km": 0.26},
            {"speed_kmh": 0},
            {"timestamp": "Tue Jun 06 03:21:18 UTC 2017"}
        ],
        [
            {"location": [[
                {"latitude": 64.231724},
                {"longitude": 27.729652}
            ]]},
            {"altitude": 158},
            {"distance_km": 0.27},
            {"speed_kmh": 2.7},
            {"timestamp": "Tue Jun 06 03:22:46 UTC 2017"}
        ],
        [
            {"location": [[
                {"latitude": 64.231713},
                {"longitude": 27.729874}
            ]]},
            {"altitude": 156.5},
            {"distance_km": 0.28},
            {"speed_kmh": 3.6},
            {"timestamp": "Tue Jun 06 03:22:54 UTC 2017"}
        ],
        [
            {"location": [[
                {"latitude": 64.231728},
                {"longitude": 27.730093}
            ]]},
            {"altitude": 155.5},
            {"distance_km": 0.3},
            {"speed_kmh": 3.6},
            {"timestamp": "Tue Jun 06 03:23:04 UTC 2017"}
        ],
        [
            {"location": [[
                {"latitude": 64.231805},
                {"longitude": 27.730233}
            ]]},
            {"altitude": 156},
            {"distance_km": 0.31},
            {"speed_kmh": 3.6},
            {"timestamp": "Tue Jun 06 03:23:14 UTC 2017"}
        ],
        [
            {"location": [[
                {"latitude": 64.231912},
                {"longitude": 27.730299}
            ]]},
            {"altitude": 158},
            {"distance_km": 0.32},
            {"speed_kmh": 4.5},
            {"timestamp": "Tue Jun 06 03:23:24 UTC 2017"}
        ],
        [
            {"location": [[
                {"latitude": 64.232009},
                {"longitude": 27.730387}
            ]]},
            {"altitude": 155.5},
            {"distance_km": 0.33},
            {"speed_kmh": 4.5},
            {"timestamp": "Tue Jun 06 03:23:32 UTC 2017"}
        ],
        [
            {"location": [[
                {"latitude": 64.232098},
                {"longitude": 27.730476}
            ]]},
            {"altitude": 156.5},
            {"distance_km": 0.34},
            {"speed_kmh": 5.4},
            {"timestamp": "Tue Jun 06 03:23:40 UTC 2017"}
        ],
        [
            {"location": [[
                {"latitude": 64.232185},
                {"longitude": 27.730584}
            ]]},
            {"altitude": 159},
            {"distance_km": 0.35},
            {"speed_kmh": 5.4},
            {"timestamp": "Tue Jun 06 03:23:48 UTC 2017"}
        ],
        [
            {"location": [[
                {"latitude": 64.232266},
                {"longitude": 27.730696}
            ]]},
            {"altitude": 161.5},
            {"distance_km": 0.36},
            {"speed_kmh": 4.5},
            {"timestamp": "Tue Jun 06 03:23:57 UTC 2017"}
        ],
        [
            {"location": [[
                {"latitude": 64.232366},
                {"longitude": 27.730828}
            ]]},
            {"altitude": 163.5},
            {"distance_km": 0.38},
            {"speed_kmh": 4.5},
            {"timestamp": "Tue Jun 06 03:24:07 UTC 2017"}
        ],
        [
            {"location": [[
                {"latitude": 64.232458},
                {"longitude": 27.730926}
            ]]},
            {"altitude": 161},
            {"distance_km": 0.39},
            {"speed_kmh": 4.5},
            {"timestamp": "Tue Jun 06 03:24:16 UTC 2017"}
        ],
        [
            {"location": [[
                {"latitude": 64.232556},
                {"longitude": 27.731001}
            ]]},
            {"altitude": 163.5},
            {"distance_km": 0.4},
            {"speed_kmh": 4.5},
            {"timestamp": "Tue Jun 06 03:24:22 UTC 2017"}
        ],
        [
            {"location": [[
                {"latitude": 64.232656},
                {"longitude": 27.731083}
            ]]},
            {"altitude": 163.5},
            {"distance_km": 0.41},
            {"speed_kmh": 4.5},
            {"timestamp": "Tue Jun 06 03:24:30 UTC 2017"}
        ],
        [
            {"location": [[
                {"latitude": 64.232738},
                {"longitude": 27.731194}
            ]]},
            {"altitude": 163.5},
            {"distance_km": 0.42},
            {"speed_kmh": 4.5},
            {"timestamp": "Tue Jun 06 03:24:38 UTC 2017"}
        ],
        [
            {"location": [[
                {"latitude": 64.232841},
                {"longitude": 27.731292}
            ]]},
            {"altitude": 158.5},
            {"distance_km": 0.43},
            {"speed_kmh": 4.5},
            {"timestamp": "Tue Jun 06 03:24:48 UTC 2017"}
        ],
        [
            {"location": [[
                {"latitude": 64.232846},
                {"longitude": 27.731545}
            ]]},
            {"altitude": 159},
            {"distance_km": 0.44},
            {"speed_kmh": 3.6},
            {"timestamp": "Tue Jun 06 03:25:02 UTC 2017"}
        ],
        [
            {"location": [[
                {"latitude": 64.232815},
                {"longitude": 27.731747}
            ]]},
            {"altitude": 160},
            {"distance_km": 0.46},
            {"speed_kmh": 4.5},
            {"timestamp": "Tue Jun 06 03:25:08 UTC 2017"}
        ],
        [
            {"location": [[
                {"latitude": 64.23279},
                {"longitude": 27.732007}
            ]]},
            {"altitude": 162},
            {"distance_km": 0.47},
            {"speed_kmh": 4.5},
            {"timestamp": "Tue Jun 06 03:25:16 UTC 2017"}
        ],
        [
            {"location": [[
                {"latitude": 64.232793},
                {"longitude": 27.73226}
            ]]},
            {"altitude": 163},
            {"distance_km": 0.48},
            {"speed_kmh": 4.5},
            {"timestamp": "Tue Jun 06 03:25:36 UTC 2017"}
        ],
        [
            {"location": [[
                {"latitude": 64.232773},
                {"longitude": 27.732484}
            ]]},
            {"altitude": 162},
            {"distance_km": 0.49},
            {"speed_kmh": 5.4},
            {"timestamp": "Tue Jun 06 03:25:42 UTC 2017"}
        ],
        [
            {"location": [[
                {"latitude": 64.232759},
                {"longitude": 27.732747}
            ]]},
            {"altitude": 164},
            {"distance_km": 0.5},
            {"speed_kmh": 5.4},
            {"timestamp": "Tue Jun 06 03:25:49 UTC 2017"}
        ],
        [
            {"location": [[
                {"latitude": 64.232726},
                {"longitude": 27.732964}
            ]]},
            {"altitude": 165},
            {"distance_km": 0.52},
            {"speed_kmh": 4.5},
            {"timestamp": "Tue Jun 06 03:25:55 UTC 2017"}
        ],
        [
            {"location": [[
                {"latitude": 64.232745},
                {"longitude": 27.733202}
            ]]},
            {"altitude": 165},
            {"distance_km": 0.53},
            {"speed_kmh": 4.5},
            {"timestamp": "Tue Jun 06 03:26:04 UTC 2017"}
        ],
        [
            {"location": [[
                {"latitude": 64.232839},
                {"longitude": 27.733142}
            ]]},
            {"altitude": 164.5},
            {"distance_km": 0.54},
            {"speed_kmh": 3.6},
            {"timestamp": "Tue Jun 06 03:26:14 UTC 2017"}
        ],
        [
            {"location": [[
                {"latitude": 64.232893},
                {"longitude": 27.732944}
            ]]},
            {"altitude": 163},
            {"distance_km": 0.55},
            {"speed_kmh": 6.3},
            {"timestamp": "Tue Jun 06 03:26:22 UTC 2017"}
        ],
        [
            {"location": [[
                {"latitude": 64.232916},
                {"longitude": 27.732709}
            ]]},
            {"altitude": 164},
            {"distance_km": 0.56},
            {"speed_kmh": 4.5},
            {"timestamp": "Tue Jun 06 03:26:30 UTC 2017"}
        ],
        [
            {"location": [[
                {"latitude": 64.232931},
                {"longitude": 27.732479}
            ]]},
            {"altitude": 157},
            {"distance_km": 0.57},
            {"speed_kmh": 2.7},
            {"timestamp": "Tue Jun 06 03:26:46 UTC 2017"}
        ],
        [
            {"location": [[
                {"latitude": 64.232966},
                {"longitude": 27.732244}
            ]]},
            {"altitude": 152.5},
            {"distance_km": 0.58},
            {"speed_kmh": 4.5},
            {"timestamp": "Tue Jun 06 03:26:56 UTC 2017"}
        ],
        [
            {"location": [[
                {"latitude": 64.232951},
                {"longitude": 27.732019}
            ]]},
            {"altitude": 158},
            {"distance_km": 0.6},
            {"speed_kmh": 2.7},
            {"timestamp": "Tue Jun 06 03:27:18 UTC 2017"}
        ],
        [
            {"location": [[
                {"latitude": 64.232944},
                {"longitude": 27.731753}
            ]]},
            {"altitude": 158},
            {"distance_km": 0.61},
            {"speed_kmh": 4.5},
            {"timestamp": "Tue Jun 06 03:27:28 UTC 2017"}
        ],
        [
            {"location": [[
                {"latitude": 64.232905},
                {"longitude": 27.731505}
            ]]},
            {"altitude": 158},
            {"distance_km": 0.62},
            {"speed_kmh": 5.4},
            {"timestamp": "Tue Jun 06 03:27:35 UTC 2017"}
        ],
        [
            {"location": [[
                {"latitude": 64.232853},
                {"longitude": 27.73128}
            ]]},
            {"altitude": 159.5},
            {"distance_km": 0.63},
            {"speed_kmh": 5.4},
            {"timestamp": "Tue Jun 06 03:27:43 UTC 2017"}
        ],
        [
            {"location": [[
                {"latitude": 64.232841},
                {"longitude": 27.731011}
            ]]},
            {"altitude": 159},
            {"distance_km": 0.65},
            {"speed_kmh": 5.4},
            {"timestamp": "Tue Jun 06 03:27:52 UTC 2017"}
        ],
        [
            {"location": [[
                {"latitude": 64.232825},
                {"longitude": 27.730778}
            ]]},
            {"altitude": 161},
            {"distance_km": 0.66},
            {"speed_kmh": 5.4},
            {"timestamp": "Tue Jun 06 03:27:58 UTC 2017"}
        ],
        [
            {"location": [[
                {"latitude": 64.232807},
                {"longitude": 27.730526}
            ]]},
            {"altitude": 166.5},
            {"distance_km": 0.67},
            {"speed_kmh": 5.4},
            {"timestamp": "Tue Jun 06 03:28:06 UTC 2017"}
        ],
        [
            {"location": [[
                {"latitude": 64.232767},
                {"longitude": 27.730292}
            ]]},
            {"altitude": 166.5},
            {"distance_km": 0.68},
            {"speed_kmh": 5.4},
            {"timestamp": "Tue Jun 06 03:28:14 UTC 2017"}
        ],
        [
            {"location": [[
                {"latitude": 64.232761},
                {"longitude": 27.73003}
            ]]},
            {"altitude": 165.5},
            {"distance_km": 0.69},
            {"speed_kmh": 5.4},
            {"timestamp": "Tue Jun 06 03:28:22 UTC 2017"}
        ],
        [
            {"location": [[
                {"latitude": 64.232747},
                {"longitude": 27.729777}
            ]]},
            {"altitude": 166},
            {"distance_km": 0.71},
            {"speed_kmh": 5.4},
            {"timestamp": "Tue Jun 06 03:28:30 UTC 2017"}
        ],
        [
            {"location": [[
                {"latitude": 64.232754},
                {"longitude": 27.729571}
            ]]},
            {"altitude": 162.5},
            {"distance_km": 0.72},
            {"speed_kmh": 2.7},
            {"timestamp": "Tue Jun 06 03:28:52 UTC 2017"}
        ],
        [
            {"location": [[
                {"latitude": 64.232742},
                {"longitude": 27.729299}
            ]]},
            {"altitude": 164.5},
            {"distance_km": 0.73},
            {"speed_kmh": 5.4},
            {"timestamp": "Tue Jun 06 03:29:00 UTC 2017"}
        ],
        [
            {"location": [[
                {"latitude": 64.232734},
                {"longitude": 27.72903}
            ]]},
            {"altitude": 164.5},
            {"distance_km": 0.74},
            {"speed_kmh": 5.4},
            {"timestamp": "Tue Jun 06 03:29:08 UTC 2017"}
        ],
        [
            {"location": [[
                {"latitude": 64.232739},
                {"longitude": 27.72881}
            ]]},
            {"altitude": 163},
            {"distance_km": 0.75},
            {"speed_kmh": 5.4},
            {"timestamp": "Tue Jun 06 03:29:14 UTC 2017"}
        ],
        [
            {"location": [[
                {"latitude": 64.232734},
                {"longitude": 27.728585}
            ]]},
            {"altitude": 163},
            {"distance_km": 0.77},
            {"speed_kmh": 5.4},
            {"timestamp": "Tue Jun 06 03:29:20 UTC 2017"}
        ],
        [
            {"location": [[
                {"latitude": 64.232728},
                {"longitude": 27.72836}
            ]]},
            {"altitude": 164},
            {"distance_km": 0.78},
            {"speed_kmh": 6.3},
            {"timestamp": "Tue Jun 06 03:29:26 UTC 2017"}
        ],
        [
            {"location": [[
                {"latitude": 64.232745},
                {"longitude": 27.728125}
            ]]},
            {"altitude": 162.5},
            {"distance_km": 0.79},
            {"speed_kmh": 5.4},
            {"timestamp": "Tue Jun 06 03:29:33 UTC 2017"}
        ],
        [
            {"location": [[
                {"latitude": 64.232771},
                {"longitude": 27.72792}
            ]]},
            {"altitude": 158.5},
            {"distance_km": 0.8},
            {"speed_kmh": 5.4},
            {"timestamp": "Tue Jun 06 03:29:39 UTC 2017"}
        ],
        [
            {"location": [[
                {"latitude": 64.232804},
                {"longitude": 27.727671}
            ]]},
            {"altitude": 154},
            {"distance_km": 0.81},
            {"speed_kmh": 5.4},
            {"timestamp": "Tue Jun 06 03:29:48 UTC 2017"}
        ],
        [
            {"location": [[
                {"latitude": 64.232817},
                {"longitude": 27.727436}
            ]]},
            {"altitude": 154.5},
            {"distance_km": 0.82},
            {"speed_kmh": 5.4},
            {"timestamp": "Tue Jun 06 03:29:54 UTC 2017"}
        ],
        [
            {"location": [[
                {"latitude": 64.232813},
                {"longitude": 27.727228}
            ]]},
            {"altitude": 157.5},
            {"distance_km": 0.83},
            {"speed_kmh": 6.3},
            {"timestamp": "Tue Jun 06 03:30:00 UTC 2017"}
        ],
        [
            {"location": [[
                {"latitude": 64.23281},
                {"longitude": 27.72696}
            ]]},
            {"altitude": 158},
            {"distance_km": 0.85},
            {"speed_kmh": 6.3},
            {"timestamp": "Tue Jun 06 03:30:08 UTC 2017"}
        ],
        [
            {"location": [[
                {"latitude": 64.23282},
                {"longitude": 27.726687}
            ]]},
            {"altitude": 159.5},
            {"distance_km": 0.86},
            {"speed_kmh": 6.3},
            {"timestamp": "Tue Jun 06 03:30:16 UTC 2017"}
        ],
        [
            {"location": [[
                {"latitude": 64.232828},
                {"longitude": 27.726418}
            ]]},
            {"altitude": 157.5},
            {"distance_km": 0.87},
            {"speed_kmh": 6.3},
            {"timestamp": "Tue Jun 06 03:30:24 UTC 2017"}
        ],
        [
            {"location": [[
                {"latitude": 64.232842},
                {"longitude": 27.726211}
            ]]},
            {"altitude": 158},
            {"distance_km": 0.88},
            {"speed_kmh": 6.3},
            {"timestamp": "Tue Jun 06 03:30:30 UTC 2017"}
        ],
        [
            {"location": [[
                {"latitude": 64.232855},
                {"longitude": 27.726006}
            ]]},
            {"altitude": 158.5},
            {"distance_km": 0.89},
            {"speed_kmh": 6.3},
            {"timestamp": "Tue Jun 06 03:30:36 UTC 2017"}
        ],
        [
            {"location": [[
                {"latitude": 64.232909},
                {"longitude": 27.725775}
            ]]},
            {"altitude": 155.5},
            {"distance_km": 0.9},
            {"speed_kmh": 5.4},
            {"timestamp": "Tue Jun 06 03:30:44 UTC 2017"}
        ],
        [
            {"location": [[
                {"latitude": 64.232938},
                {"longitude": 27.725519}
            ]]},
            {"altitude": 156},
            {"distance_km": 0.92},
            {"speed_kmh": 5.4},
            {"timestamp": "Tue Jun 06 03:30:52 UTC 2017"}
        ],
        [
            {"location": [[
                {"latitude": 64.232966},
                {"longitude": 27.725269}
            ]]},
            {"altitude": 155},
            {"distance_km": 0.93},
            {"speed_kmh": 5.4},
            {"timestamp": "Tue Jun 06 03:31:00 UTC 2017"}
        ],
        [
            {"location": [[
                {"latitude": 64.232988},
                {"longitude": 27.725032}
            ]]},
            {"altitude": 153.5},
            {"distance_km": 0.94},
            {"speed_kmh": 5.4},
            {"timestamp": "Tue Jun 06 03:31:08 UTC 2017"}
        ],
        [
            {"location": [[
                {"latitude": 64.233006},
                {"longitude": 27.724773}
            ]]},
            {"altitude": 154},
            {"distance_km": 0.95},
            {"speed_kmh": 5.4},
            {"timestamp": "Tue Jun 06 03:31:16 UTC 2017"}
        ],
        [
            {"location": [[
                {"latitude": 64.233003},
                {"longitude": 27.724528}
            ]]},
            {"altitude": 154},
            {"distance_km": 0.97},
            {"speed_kmh": 5.4},
            {"timestamp": "Tue Jun 06 03:31:24 UTC 2017"}
        ],
        [
            {"location": [[
                {"latitude": 64.232925},
                {"longitude": 27.724404}
            ]]},
            {"altitude": 154},
            {"distance_km": 0.98},
            {"speed_kmh": 2.7},
            {"timestamp": "Tue Jun 06 03:31:40 UTC 2017"}
        ],
        [
            {"location": [[
                {"latitude": 64.232813},
                {"longitude": 27.72427}
            ]]},
            {"altitude": 154.5},
            {"distance_km": 0.99},
            {"speed_kmh": 5.4},
            {"timestamp": "Tue Jun 06 03:31:46 UTC 2017"}
        ],
        [
            {"location": [[
                {"latitude": 64.232716},
                {"longitude": 27.72418}
            ]]},
            {"altitude": 156.5},
            {"distance_km": 1},
            {"speed_kmh": 5.4},
            {"timestamp": "Tue Jun 06 03:31:52 UTC 2017"}
        ],
        [
            {"location": [[
                {"latitude": 64.232634},
                {"longitude": 27.724082}
            ]]},
            {"altitude": 158},
            {"distance_km": 1.01},
            {"speed_kmh": 5.4},
            {"timestamp": "Tue Jun 06 03:31:58 UTC 2017"}
        ],
        [
            {"location": [[
                {"latitude": 64.232533},
                {"longitude": 27.724035}
            ]]},
            {"altitude": 156.5},
            {"distance_km": 1.02},
            {"speed_kmh": 5.4},
            {"timestamp": "Tue Jun 06 03:32:06 UTC 2017"}
        ],
        [
            {"location": [[
                {"latitude": 64.232476},
                {"longitude": 27.724229}
            ]]},
            {"altitude": 155.5},
            {"distance_km": 1.04},
            {"speed_kmh": 3.6},
            {"timestamp": "Tue Jun 06 03:32:16 UTC 2017"}
        ],
        [
            {"location": [[
                {"latitude": 64.232437},
                {"longitude": 27.724443}
            ]]},
            {"altitude": 156.5},
            {"distance_km": 1.05},
            {"speed_kmh": 4.5},
            {"timestamp": "Tue Jun 06 03:32:24 UTC 2017"}
        ],
        [
            {"location": [[
                {"latitude": 64.232411},
                {"longitude": 27.724669}
            ]]},
            {"altitude": 158.5},
            {"distance_km": 1.06},
            {"speed_kmh": 4.5},
            {"timestamp": "Tue Jun 06 03:32:32 UTC 2017"}
        ],
        [
            {"location": [[
                {"latitude": 64.232343},
                {"longitude": 27.724872}
            ]]},
            {"altitude": 157},
            {"distance_km": 1.07},
            {"speed_kmh": 4.5},
            {"timestamp": "Tue Jun 06 03:32:40 UTC 2017"}
        ],
        [
            {"location": [[
                {"latitude": 64.232302},
                {"longitude": 27.725056}
            ]]},
            {"altitude": 158},
            {"distance_km": 1.08},
            {"speed_kmh": 7.2},
            {"timestamp": "Tue Jun 06 03:32:46 UTC 2017"}
        ],
        [
            {"location": [[
                {"latitude": 64.23223},
                {"longitude": 27.72526}
            ]]},
            {"altitude": 154.5},
            {"distance_km": 1.09},
            {"speed_kmh": 5.4},
            {"timestamp": "Tue Jun 06 03:32:54 UTC 2017"}
        ],
        [
            {"location": [[
                {"latitude": 64.23218},
                {"longitude": 27.725498}
            ]]},
            {"altitude": 155},
            {"distance_km": 1.11},
            {"speed_kmh": 4.5},
            {"timestamp": "Tue Jun 06 03:33:02 UTC 2017"}
        ],
        [
            {"location": [[
                {"latitude": 64.232141},
                {"longitude": 27.725746}
            ]]},
            {"altitude": 157.5},
            {"distance_km": 1.12},
            {"speed_kmh": 4.5},
            {"timestamp": "Tue Jun 06 03:33:10 UTC 2017"}
        ],
        [
            {"location": [[
                {"latitude": 64.232104},
                {"longitude": 27.725959}
            ]]},
            {"altitude": 157.5},
            {"distance_km": 1.13},
            {"speed_kmh": 4.5},
            {"timestamp": "Tue Jun 06 03:33:18 UTC 2017"}
        ],
        [
            {"location": [[
                {"latitude": 64.232042},
                {"longitude": 27.726127}
            ]]},
            {"altitude": 158},
            {"distance_km": 1.14},
            {"speed_kmh": 4.5},
            {"timestamp": "Tue Jun 06 03:33:25 UTC 2017"}
        ],
        [
            {"location": [[
                {"latitude": 64.231977},
                {"longitude": 27.726332}
            ]]},
            {"altitude": 157},
            {"distance_km": 1.15},
            {"speed_kmh": 4.5},
            {"timestamp": "Tue Jun 06 03:33:34 UTC 2017"}
        ],
        [
            {"location": [[
                {"latitude": 64.231927},
                {"longitude": 27.726509}
            ]]},
            {"altitude": 158},
            {"distance_km": 1.16},
            {"speed_kmh": 4.5},
            {"timestamp": "Tue Jun 06 03:33:40 UTC 2017"}
        ],
        [
            {"location": [[
                {"latitude": 64.231851},
                {"longitude": 27.726668}
            ]]},
            {"altitude": 154.5},
            {"distance_km": 1.17},
            {"speed_kmh": 4.5},
            {"timestamp": "Tue Jun 06 03:33:48 UTC 2017"}
        ],
        [
            {"location": [[
                {"latitude": 64.231796},
                {"longitude": 27.726878}
            ]]},
            {"altitude": 152.5},
            {"distance_km": 1.19},
            {"speed_kmh": 4.5},
            {"timestamp": "Tue Jun 06 03:33:56 UTC 2017"}
        ],
        [
            {"location": [[
                {"latitude": 64.231793},
                {"longitude": 27.727092}
            ]]},
            {"altitude": 152},
            {"distance_km": 1.2},
            {"speed_kmh": 4.5},
            {"timestamp": "Tue Jun 06 03:34:04 UTC 2017"}
        ],
        [
            {"location": [[
                {"latitude": 64.231761},
                {"longitude": 27.727297}
            ]]},
            {"altitude": 151},
            {"distance_km": 1.21},
            {"speed_kmh": 5.4},
            {"timestamp": "Tue Jun 06 03:34:10 UTC 2017"}
        ],
        [
            {"location": [[
                {"latitude": 64.231745},
                {"longitude": 27.727518}
            ]]},
            {"altitude": 154.5},
            {"distance_km": 1.22},
            {"speed_kmh": 5.4},
            {"timestamp": "Tue Jun 06 03:34:16 UTC 2017"}
        ],
        [
            {"location": [[
                {"latitude": 64.23174},
                {"longitude": 27.727726}
            ]]},
            {"altitude": 153.5},
            {"distance_km": 1.23},
            {"speed_kmh": 5.4},
            {"timestamp": "Tue Jun 06 03:34:22 UTC 2017"}
        ],
        [
            {"location": [[
                {"latitude": 64.23174},
                {"longitude": 27.727955}
            ]]},
            {"altitude": 152.5},
            {"distance_km": 1.24},
            {"speed_kmh": 5.4},
            {"timestamp": "Tue Jun 06 03:34:30 UTC 2017"}
        ],
        [
            {"location": [[
                {"latitude": 64.231733},
                {"longitude": 27.728196}
            ]]},
            {"altitude": 150.5},
            {"distance_km": 1.25},
            {"speed_kmh": 5.4},
            {"timestamp": "Tue Jun 06 03:34:38 UTC 2017"}
        ],
        [
            {"location": [[
                {"latitude": 64.23172},
                {"longitude": 27.728433}
            ]]},
            {"altitude": 148.5},
            {"distance_km": 1.26},
            {"speed_kmh": 4.5},
            {"timestamp": "Tue Jun 06 03:34:46 UTC 2017"}
        ],
        [
            {"location": [[
                {"latitude": 64.23172},
                {"longitude": 27.728652}
            ]]},
            {"altitude": 149},
            {"distance_km": 1.27},
            {"speed_kmh": 4.5},
            {"timestamp": "Tue Jun 06 03:34:54 UTC 2017"}
        ],
        [
            {"location": [[
                {"latitude": 64.231704},
                {"longitude": 27.728897}
            ]]},
            {"altitude": 153},
            {"distance_km": 1.28},
            {"speed_kmh": 4.5},
            {"timestamp": "Tue Jun 06 03:35:02 UTC 2017"}
        ],
        [
            {"location": [[
                {"latitude": 64.231721},
                {"longitude": 27.729113}
            ]]},
            {"altitude": 149.5},
            {"distance_km": 1.3},
            {"speed_kmh": 4.5},
            {"timestamp": "Tue Jun 06 03:35:09 UTC 2017"}
        ],
        [
            {"location": [[
                {"latitude": 64.231732},
                {"longitude": 27.729334}
            ]]},
            {"altitude": 150.5},
            {"distance_km": 1.31},
            {"speed_kmh": 4.5},
            {"timestamp": "Tue Jun 06 03:35:18 UTC 2017"}
        ],
        [
            {"location": [[
                {"latitude": 64.23176},
                {"longitude": 27.729536}
            ]]},
            {"altitude": 153},
            {"distance_km": 1.32},
            {"speed_kmh": 0.9},
            {"timestamp": "Tue Jun 06 03:35:28 UTC 2017"}
        ],
        [
            {"location": [[
                {"latitude": 64.231818},
                {"longitude": 27.729484}
            ]]},
            {"altitude": 153},
            {"distance_km": 1.32},
            {"speed_kmh": 0},
            {"timestamp": "Tue Jun 06 03:38:15 UTC 2017"}
        ],
        [
            {"location": [[
                {"latitude": 64.231818},
                {"longitude": 27.729484}
            ]]},
            {"altitude": 153},
            {"distance_km": 1.32},
            {"speed_kmh": 0},
            {"timestamp": "Tue Jun 06 03:38:16 UTC 2017"}
        ]
    ]}
]