[
    {"sport": "WALKING"},
    {"source": "TRACK_MOBILE"},
    {"created_date": "2017-01-03 09:25:22.0"},
    {"start_time": "2017-01-03 09:19:16.0"},
    {"end_time": "2017-01-03 09:53:05.0"},
    {"duration_s": 1963},
    {"distance_km": 2.15},
    {"calories_kcal": 167.024},
    {"altitude_min_m": 138},
    {"altitude_max_m": 198},
    {"speed_avg_kmh": 3.9429444727457974},
    {"speed_max_kmh": 6.3},
    {"ascend_m": 54.5},
    {"descend_m": 59.5},
    {"points": [
        [
            {"location": [[
                {"latitude": 64.231823},
                {"longitude": 27.729661}
            ]]},
            {"distance_km": 0},
            {"timestamp": "Tue Jan 03 09:19:16 UTC 2017"}
        ],
        [
            {"location": [[
                {"latitude": 64.231823},
                {"longitude": 27.729661}
            ]]},
            {"altitude": 153},
            {"distance_km": 0},
            {"speed_kmh": 1.8},
            {"timestamp": "Tue Jan 03 09:19:35 UTC 2017"}
        ],
        [
            {"location": [[
                {"latitude": 64.231758},
                {"longitude": 27.729518}
            ]]},
            {"altitude": 150.5},
            {"distance_km": 0.01},
            {"speed_kmh": 1.8},
            {"timestamp": "Tue Jan 03 09:19:45 UTC 2017"}
        ],
        [
            {"location": [[
                {"latitude": 64.231723},
                {"longitude": 27.729764}
            ]]},
            {"altitude": 153.5},
            {"distance_km": 0.02},
            {"speed_kmh": 5.4},
            {"timestamp": "Tue Jan 03 09:19:56 UTC 2017"}
        ],
        [
            {"location": [[
                {"latitude": 64.231765},
                {"longitude": 27.730002}
            ]]},
            {"altitude": 153.5},
            {"distance_km": 0.03},
            {"speed_kmh": 5.4},
            {"timestamp": "Tue Jan 03 09:20:02 UTC 2017"}
        ],
        [
            {"location": [[
                {"latitude": 64.23183},
                {"longitude": 27.730221}
            ]]},
            {"altitude": 155.5},
            {"distance_km": 0.05},
            {"speed_kmh": 4.5},
            {"timestamp": "Tue Jan 03 09:20:10 UTC 2017"}
        ],
        [
            {"location": [[
                {"latitude": 64.231905},
                {"longitude": 27.730334}
            ]]},
            {"altitude": 154.5},
            {"distance_km": 0.06},
            {"speed_kmh": 5.4},
            {"timestamp": "Tue Jan 03 09:20:16 UTC 2017"}
        ],
        [
            {"location": [[
                {"latitude": 64.231968},
                {"longitude": 27.730506}
            ]]},
            {"altitude": 144},
            {"distance_km": 0.07},
            {"speed_kmh": 4.5},
            {"timestamp": "Tue Jan 03 09:20:24 UTC 2017"}
        ],
        [
            {"location": [[
                {"latitude": 64.232066},
                {"longitude": 27.730541}
            ]]},
            {"altitude": 144.5},
            {"distance_km": 0.08},
            {"speed_kmh": 4.5},
            {"timestamp": "Tue Jan 03 09:20:32 UTC 2017"}
        ],
        [
            {"location": [[
                {"latitude": 64.232151},
                {"longitude": 27.730673}
            ]]},
            {"altitude": 139},
            {"distance_km": 0.09},
            {"speed_kmh": 2.7},
            {"timestamp": "Tue Jan 03 09:20:44 UTC 2017"}
        ],
        [
            {"location": [[
                {"latitude": 64.232236},
                {"longitude": 27.730812}
            ]]},
            {"altitude": 138},
            {"distance_km": 0.1},
            {"speed_kmh": 5.4},
            {"timestamp": "Tue Jan 03 09:20:54 UTC 2017"}
        ],
        [
            {"location": [[
                {"latitude": 64.232315},
                {"longitude": 27.730927}
            ]]},
            {"altitude": 140.5},
            {"distance_km": 0.11},
            {"speed_kmh": 5.4},
            {"timestamp": "Tue Jan 03 09:21:00 UTC 2017"}
        ],
        [
            {"location": [[
                {"latitude": 64.232399},
                {"longitude": 27.731039}
            ]]},
            {"altitude": 143.5},
            {"distance_km": 0.12},
            {"speed_kmh": 5.4},
            {"timestamp": "Tue Jan 03 09:21:07 UTC 2017"}
        ],
        [
            {"location": [[
                {"latitude": 64.232491},
                {"longitude": 27.731198}
            ]]},
            {"altitude": 146},
            {"distance_km": 0.14},
            {"speed_kmh": 5.4},
            {"timestamp": "Tue Jan 03 09:21:15 UTC 2017"}
        ],
        [
            {"location": [[
                {"latitude": 64.232599},
                {"longitude": 27.731287}
            ]]},
            {"altitude": 147.5},
            {"distance_km": 0.15},
            {"speed_kmh": 5.4},
            {"timestamp": "Tue Jan 03 09:21:23 UTC 2017"}
        ],
        [
            {"location": [[
                {"latitude": 64.232692},
                {"longitude": 27.731312}
            ]]},
            {"altitude": 149.5},
            {"distance_km": 0.16},
            {"speed_kmh": 4.5},
            {"timestamp": "Tue Jan 03 09:21:31 UTC 2017"}
        ],
        [
            {"location": [[
                {"latitude": 64.232793},
                {"longitude": 27.731318}
            ]]},
            {"altitude": 145},
            {"distance_km": 0.17},
            {"speed_kmh": 3.6},
            {"timestamp": "Tue Jan 03 09:22:06 UTC 2017"}
        ],
        [
            {"location": [[
                {"latitude": 64.232908},
                {"longitude": 27.731321}
            ]]},
            {"altitude": 146},
            {"distance_km": 0.18},
            {"speed_kmh": 6.3},
            {"timestamp": "Tue Jan 03 09:22:14 UTC 2017"}
        ],
        [
            {"location": [[
                {"latitude": 64.233007},
                {"longitude": 27.731393}
            ]]},
            {"altitude": 150.5},
            {"distance_km": 0.2},
            {"speed_kmh": 6.3},
            {"timestamp": "Tue Jan 03 09:22:20 UTC 2017"}
        ],
        [
            {"location": [[
                {"latitude": 64.233094},
                {"longitude": 27.731483}
            ]]},
            {"altitude": 151},
            {"distance_km": 0.21},
            {"speed_kmh": 5.4},
            {"timestamp": "Tue Jan 03 09:22:26 UTC 2017"}
        ],
        [
            {"location": [[
                {"latitude": 64.233203},
                {"longitude": 27.731452}
            ]]},
            {"altitude": 152},
            {"distance_km": 0.22},
            {"speed_kmh": 5.4},
            {"timestamp": "Tue Jan 03 09:22:34 UTC 2017"}
        ],
        [
            {"location": [[
                {"latitude": 64.233296},
                {"longitude": 27.731388}
            ]]},
            {"altitude": 153},
            {"distance_km": 0.23},
            {"speed_kmh": 3.6},
            {"timestamp": "Tue Jan 03 09:22:45 UTC 2017"}
        ],
        [
            {"location": [[
                {"latitude": 64.233383},
                {"longitude": 27.731474}
            ]]},
            {"altitude": 151.5},
            {"distance_km": 0.24},
            {"speed_kmh": 3.6},
            {"timestamp": "Tue Jan 03 09:22:53 UTC 2017"}
        ],
        [
            {"location": [[
                {"latitude": 64.233474},
                {"longitude": 27.731537}
            ]]},
            {"altitude": 151.5},
            {"distance_km": 0.25},
            {"speed_kmh": 3.6},
            {"timestamp": "Tue Jan 03 09:23:01 UTC 2017"}
        ],
        [
            {"location": [[
                {"latitude": 64.233564},
                {"longitude": 27.731475}
            ]]},
            {"altitude": 154},
            {"distance_km": 0.26},
            {"speed_kmh": 4.5},
            {"timestamp": "Tue Jan 03 09:23:07 UTC 2017"}
        ],
        [
            {"location": [[
                {"latitude": 64.233654},
                {"longitude": 27.731433}
            ]]},
            {"altitude": 156.5},
            {"distance_km": 0.27},
            {"speed_kmh": 3.6},
            {"timestamp": "Tue Jan 03 09:23:16 UTC 2017"}
        ],
        [
            {"location": [[
                {"latitude": 64.233754},
                {"longitude": 27.731349}
            ]]},
            {"altitude": 159},
            {"distance_km": 0.28},
            {"speed_kmh": 4.5},
            {"timestamp": "Tue Jan 03 09:23:30 UTC 2017"}
        ],
        [
            {"location": [[
                {"latitude": 64.233816},
                {"longitude": 27.731187}
            ]]},
            {"altitude": 162.5},
            {"distance_km": 0.29},
            {"speed_kmh": 1.8},
            {"timestamp": "Tue Jan 03 09:23:44 UTC 2017"}
        ],
        [
            {"location": [[
                {"latitude": 64.233901},
                {"longitude": 27.73109}
            ]]},
            {"altitude": 164.5},
            {"distance_km": 0.3},
            {"speed_kmh": 2.7},
            {"timestamp": "Tue Jan 03 09:23:54 UTC 2017"}
        ],
        [
            {"location": [[
                {"latitude": 64.23391},
                {"longitude": 27.731087}
            ]]},
            {"altitude": 164.5},
            {"distance_km": 0.3},
            {"speed_kmh": 2.7},
            {"timestamp": "Tue Jan 03 09:23:55 UTC 2017"}
        ],
        [
            {"location": [[
                {"latitude": 64.23391},
                {"longitude": 27.731087}
            ]]},
            {"distance_km": 0.3},
            {"timestamp": "Tue Jan 03 09:25:00 UTC 2017"}
        ],
        [
            {"location": [[
                {"latitude": 64.234269},
                {"longitude": 27.730254}
            ]]},
            {"altitude": 172},
            {"distance_km": 0.3},
            {"speed_kmh": 3.6},
            {"timestamp": "Tue Jan 03 09:25:02 UTC 2017"}
        ],
        [
            {"location": [[
                {"latitude": 64.234338},
                {"longitude": 27.730119}
            ]]},
            {"altitude": 172.5},
            {"distance_km": 0.31},
            {"speed_kmh": 1.8},
            {"timestamp": "Tue Jan 03 09:25:22 UTC 2017"}
        ],
        [
            {"location": [[
                {"latitude": 64.2344},
                {"longitude": 27.729934}
            ]]},
            {"altitude": 168},
            {"distance_km": 0.33},
            {"speed_kmh": 2.7},
            {"timestamp": "Tue Jan 03 09:25:34 UTC 2017"}
        ],
        [
            {"location": [[
                {"latitude": 64.234465},
                {"longitude": 27.729756}
            ]]},
            {"altitude": 166},
            {"distance_km": 0.34},
            {"speed_kmh": 2.7},
            {"timestamp": "Tue Jan 03 09:25:48 UTC 2017"}
        ],
        [
            {"location": [[
                {"latitude": 64.234542},
                {"longitude": 27.729566}
            ]]},
            {"altitude": 163.5},
            {"distance_km": 0.35},
            {"speed_kmh": 3.6},
            {"timestamp": "Tue Jan 03 09:26:06 UTC 2017"}
        ],
        [
            {"location": [[
                {"latitude": 64.234612},
                {"longitude": 27.72942}
            ]]},
            {"altitude": 165.5},
            {"distance_km": 0.36},
            {"speed_kmh": 2.7},
            {"timestamp": "Tue Jan 03 09:26:14 UTC 2017"}
        ],
        [
            {"location": [[
                {"latitude": 64.234701},
                {"longitude": 27.72932}
            ]]},
            {"altitude": 169},
            {"distance_km": 0.37},
            {"speed_kmh": 0},
            {"timestamp": "Tue Jan 03 09:26:27 UTC 2017"}
        ],
        [
            {"location": [[
                {"latitude": 64.234769},
                {"longitude": 27.729177}
            ]]},
            {"altitude": 174},
            {"distance_km": 0.38},
            {"speed_kmh": 1.8},
            {"timestamp": "Tue Jan 03 09:26:41 UTC 2017"}
        ],
        [
            {"location": [[
                {"latitude": 64.234857},
                {"longitude": 27.729083}
            ]]},
            {"altitude": 173},
            {"distance_km": 0.39},
            {"speed_kmh": 0},
            {"timestamp": "Tue Jan 03 09:26:56 UTC 2017"}
        ],
        [
            {"location": [[
                {"latitude": 64.234935},
                {"longitude": 27.728966}
            ]]},
            {"altitude": 177.5},
            {"distance_km": 0.4},
            {"speed_kmh": 0},
            {"timestamp": "Tue Jan 03 09:27:06 UTC 2017"}
        ],
        [
            {"location": [[
                {"latitude": 64.235036},
                {"longitude": 27.728894}
            ]]},
            {"altitude": 180},
            {"distance_km": 0.41},
            {"speed_kmh": 6.3},
            {"timestamp": "Tue Jan 03 09:27:16 UTC 2017"}
        ],
        [
            {"location": [[
                {"latitude": 64.23514},
                {"longitude": 27.728965}
            ]]},
            {"altitude": 179},
            {"distance_km": 0.43},
            {"speed_kmh": 3.6},
            {"timestamp": "Tue Jan 03 09:27:26 UTC 2017"}
        ],
        [
            {"location": [[
                {"latitude": 64.235249},
                {"longitude": 27.728961}
            ]]},
            {"altitude": 178.5},
            {"distance_km": 0.44},
            {"speed_kmh": 3.6},
            {"timestamp": "Tue Jan 03 09:27:36 UTC 2017"}
        ],
        [
            {"location": [[
                {"latitude": 64.23532},
                {"longitude": 27.728826}
            ]]},
            {"altitude": 182},
            {"distance_km": 0.45},
            {"speed_kmh": 1.8},
            {"timestamp": "Tue Jan 03 09:27:52 UTC 2017"}
        ],
        [
            {"location": [[
                {"latitude": 64.235326},
                {"longitude": 27.7286}
            ]]},
            {"altitude": 183},
            {"distance_km": 0.46},
            {"speed_kmh": 2.7},
            {"timestamp": "Tue Jan 03 09:28:05 UTC 2017"}
        ],
        [
            {"location": [[
                {"latitude": 64.235411},
                {"longitude": 27.728498}
            ]]},
            {"altitude": 183.5},
            {"distance_km": 0.47},
            {"speed_kmh": 3.6},
            {"timestamp": "Tue Jan 03 09:28:15 UTC 2017"}
        ],
        [
            {"location": [[
                {"latitude": 64.235495},
                {"longitude": 27.728415}
            ]]},
            {"altitude": 186.5},
            {"distance_km": 0.48},
            {"speed_kmh": 3.6},
            {"timestamp": "Tue Jan 03 09:28:23 UTC 2017"}
        ],
        [
            {"location": [[
                {"latitude": 64.235584},
                {"longitude": 27.728322}
            ]]},
            {"altitude": 189.5},
            {"distance_km": 0.49},
            {"speed_kmh": 3.6},
            {"timestamp": "Tue Jan 03 09:28:34 UTC 2017"}
        ],
        [
            {"location": [[
                {"latitude": 64.235664},
                {"longitude": 27.728208}
            ]]},
            {"altitude": 189.5},
            {"distance_km": 0.5},
            {"speed_kmh": 3.6},
            {"timestamp": "Tue Jan 03 09:28:44 UTC 2017"}
        ],
        [
            {"location": [[
                {"latitude": 64.235754},
                {"longitude": 27.728106}
            ]]},
            {"altitude": 192},
            {"distance_km": 0.51},
            {"speed_kmh": 2.7},
            {"timestamp": "Tue Jan 03 09:29:24 UTC 2017"}
        ],
        [
            {"location": [[
                {"latitude": 64.235849},
                {"longitude": 27.727977}
            ]]},
            {"altitude": 191.5},
            {"distance_km": 0.52},
            {"speed_kmh": 3.6},
            {"timestamp": "Tue Jan 03 09:29:34 UTC 2017"}
        ],
        [
            {"location": [[
                {"latitude": 64.235929},
                {"longitude": 27.727876}
            ]]},
            {"altitude": 191},
            {"distance_km": 0.53},
            {"speed_kmh": 3.6},
            {"timestamp": "Tue Jan 03 09:29:42 UTC 2017"}
        ],
        [
            {"location": [[
                {"latitude": 64.235987},
                {"longitude": 27.727663}
            ]]},
            {"altitude": 188},
            {"distance_km": 0.55},
            {"speed_kmh": 3.6},
            {"timestamp": "Tue Jan 03 09:29:52 UTC 2017"}
        ],
        [
            {"location": [[
                {"latitude": 64.236038},
                {"longitude": 27.727454}
            ]]},
            {"altitude": 189},
            {"distance_km": 0.56},
            {"speed_kmh": 2.7},
            {"timestamp": "Tue Jan 03 09:30:04 UTC 2017"}
        ],
        [
            {"location": [[
                {"latitude": 64.236073},
                {"longitude": 27.727253}
            ]]},
            {"altitude": 188.5},
            {"distance_km": 0.57},
            {"speed_kmh": 3.6},
            {"timestamp": "Tue Jan 03 09:30:12 UTC 2017"}
        ],
        [
            {"location": [[
                {"latitude": 64.236092},
                {"longitude": 27.727024}
            ]]},
            {"altitude": 184},
            {"distance_km": 0.58},
            {"speed_kmh": 2.7},
            {"timestamp": "Tue Jan 03 09:30:23 UTC 2017"}
        ],
        [
            {"location": [[
                {"latitude": 64.236108},
                {"longitude": 27.726775}
            ]]},
            {"altitude": 184.5},
            {"distance_km": 0.59},
            {"speed_kmh": 4.5},
            {"timestamp": "Tue Jan 03 09:30:31 UTC 2017"}
        ],
        [
            {"location": [[
                {"latitude": 64.236164},
                {"longitude": 27.726596}
            ]]},
            {"altitude": 183.5},
            {"distance_km": 0.6},
            {"speed_kmh": 4.5},
            {"timestamp": "Tue Jan 03 09:30:40 UTC 2017"}
        ],
        [
            {"location": [[
                {"latitude": 64.236204},
                {"longitude": 27.726348}
            ]]},
            {"altitude": 182.5},
            {"distance_km": 0.62},
            {"speed_kmh": 3.6},
            {"timestamp": "Tue Jan 03 09:30:50 UTC 2017"}
        ],
        [
            {"location": [[
                {"latitude": 64.236228},
                {"longitude": 27.726139}
            ]]},
            {"altitude": 183.5},
            {"distance_km": 0.63},
            {"speed_kmh": 1.8},
            {"timestamp": "Tue Jan 03 09:31:00 UTC 2017"}
        ],
        [
            {"location": [[
                {"latitude": 64.236231},
                {"longitude": 27.725919}
            ]]},
            {"altitude": 182},
            {"distance_km": 0.64},
            {"speed_kmh": 4.5},
            {"timestamp": "Tue Jan 03 09:31:08 UTC 2017"}
        ],
        [
            {"location": [[
                {"latitude": 64.236237},
                {"longitude": 27.725678}
            ]]},
            {"altitude": 182.5},
            {"distance_km": 0.65},
            {"speed_kmh": 5.4},
            {"timestamp": "Tue Jan 03 09:31:16 UTC 2017"}
        ],
        [
            {"location": [[
                {"latitude": 64.236305},
                {"longitude": 27.72549}
            ]]},
            {"altitude": 182},
            {"distance_km": 0.66},
            {"speed_kmh": 4.5},
            {"timestamp": "Tue Jan 03 09:31:26 UTC 2017"}
        ],
        [
            {"location": [[
                {"latitude": 64.236376},
                {"longitude": 27.725342}
            ]]},
            {"altitude": 181.5},
            {"distance_km": 0.67},
            {"speed_kmh": 4.5},
            {"timestamp": "Tue Jan 03 09:31:34 UTC 2017"}
        ],
        [
            {"location": [[
                {"latitude": 64.236449},
                {"longitude": 27.725182}
            ]]},
            {"altitude": 182},
            {"distance_km": 0.68},
            {"speed_kmh": 4.5},
            {"timestamp": "Tue Jan 03 09:31:42 UTC 2017"}
        ],
        [
            {"location": [[
                {"latitude": 64.236547},
                {"longitude": 27.72517}
            ]]},
            {"altitude": 181.5},
            {"distance_km": 0.69},
            {"speed_kmh": 4.5},
            {"timestamp": "Tue Jan 03 09:31:50 UTC 2017"}
        ],
        [
            {"location": [[
                {"latitude": 64.236658},
                {"longitude": 27.725165}
            ]]},
            {"altitude": 178.5},
            {"distance_km": 0.71},
            {"speed_kmh": 4.5},
            {"timestamp": "Tue Jan 03 09:31:59 UTC 2017"}
        ],
        [
            {"location": [[
                {"latitude": 64.236768},
                {"longitude": 27.725195}
            ]]},
            {"altitude": 178},
            {"distance_km": 0.72},
            {"speed_kmh": 4.5},
            {"timestamp": "Tue Jan 03 09:32:09 UTC 2017"}
        ],
        [
            {"location": [[
                {"latitude": 64.236877},
                {"longitude": 27.725212}
            ]]},
            {"altitude": 178.5},
            {"distance_km": 0.73},
            {"speed_kmh": 3.6},
            {"timestamp": "Tue Jan 03 09:32:20 UTC 2017"}
        ],
        [
            {"location": [[
                {"latitude": 64.236968},
                {"longitude": 27.725229}
            ]]},
            {"altitude": 181.5},
            {"distance_km": 0.74},
            {"speed_kmh": 6.3},
            {"timestamp": "Tue Jan 03 09:32:26 UTC 2017"}
        ],
        [
            {"location": [[
                {"latitude": 64.237079},
                {"longitude": 27.725274}
            ]]},
            {"altitude": 177.5},
            {"distance_km": 0.75},
            {"speed_kmh": 4.5},
            {"timestamp": "Tue Jan 03 09:32:34 UTC 2017"}
        ],
        [
            {"location": [[
                {"latitude": 64.237167},
                {"longitude": 27.725356}
            ]]},
            {"altitude": 179},
            {"distance_km": 0.76},
            {"speed_kmh": 4.5},
            {"timestamp": "Tue Jan 03 09:32:42 UTC 2017"}
        ],
        [
            {"location": [[
                {"latitude": 64.237231},
                {"longitude": 27.725529}
            ]]},
            {"altitude": 176.5},
            {"distance_km": 0.77},
            {"speed_kmh": 4.5},
            {"timestamp": "Tue Jan 03 09:32:50 UTC 2017"}
        ],
        [
            {"location": [[
                {"latitude": 64.237323},
                {"longitude": 27.725636}
            ]]},
            {"altitude": 175},
            {"distance_km": 0.79},
            {"speed_kmh": 4.5},
            {"timestamp": "Tue Jan 03 09:32:58 UTC 2017"}
        ],
        [
            {"location": [[
                {"latitude": 64.23741},
                {"longitude": 27.725771}
            ]]},
            {"altitude": 179},
            {"distance_km": 0.8},
            {"speed_kmh": 4.5},
            {"timestamp": "Tue Jan 03 09:33:06 UTC 2017"}
        ],
        [
            {"location": [[
                {"latitude": 64.237493},
                {"longitude": 27.725898}
            ]]},
            {"altitude": 181.5},
            {"distance_km": 0.81},
            {"speed_kmh": 4.5},
            {"timestamp": "Tue Jan 03 09:33:12 UTC 2017"}
        ],
        [
            {"location": [[
                {"latitude": 64.237565},
                {"longitude": 27.726065}
            ]]},
            {"altitude": 178.5},
            {"distance_km": 0.82},
            {"speed_kmh": 4.5},
            {"timestamp": "Tue Jan 03 09:33:20 UTC 2017"}
        ],
        [
            {"location": [[
                {"latitude": 64.237657},
                {"longitude": 27.726203}
            ]]},
            {"altitude": 179},
            {"distance_km": 0.83},
            {"speed_kmh": 3.6},
            {"timestamp": "Tue Jan 03 09:33:30 UTC 2017"}
        ],
        [
            {"location": [[
                {"latitude": 64.237741},
                {"longitude": 27.72632}
            ]]},
            {"altitude": 179.5},
            {"distance_km": 0.84},
            {"speed_kmh": 2.7},
            {"timestamp": "Tue Jan 03 09:33:43 UTC 2017"}
        ],
        [
            {"location": [[
                {"latitude": 64.237842},
                {"longitude": 27.726382}
            ]]},
            {"altitude": 179.5},
            {"distance_km": 0.85},
            {"speed_kmh": 1.8},
            {"timestamp": "Tue Jan 03 09:33:51 UTC 2017"}
        ],
        [
            {"location": [[
                {"latitude": 64.237945},
                {"longitude": 27.726492}
            ]]},
            {"altitude": 177},
            {"distance_km": 0.87},
            {"speed_kmh": 3.6},
            {"timestamp": "Tue Jan 03 09:34:02 UTC 2017"}
        ],
        [
            {"location": [[
                {"latitude": 64.238049},
                {"longitude": 27.726553}
            ]]},
            {"altitude": 179},
            {"distance_km": 0.88},
            {"speed_kmh": 3.6},
            {"timestamp": "Tue Jan 03 09:34:08 UTC 2017"}
        ],
        [
            {"location": [[
                {"latitude": 64.238151},
                {"longitude": 27.726632}
            ]]},
            {"altitude": 180},
            {"distance_km": 0.89},
            {"speed_kmh": 3.6},
            {"timestamp": "Tue Jan 03 09:34:16 UTC 2017"}
        ],
        [
            {"location": [[
                {"latitude": 64.238237},
                {"longitude": 27.726749}
            ]]},
            {"altitude": 183.5},
            {"distance_km": 0.9},
            {"speed_kmh": 2.7},
            {"timestamp": "Tue Jan 03 09:34:24 UTC 2017"}
        ],
        [
            {"location": [[
                {"latitude": 64.238326},
                {"longitude": 27.726894}
            ]]},
            {"altitude": 185},
            {"distance_km": 0.91},
            {"speed_kmh": 3.6},
            {"timestamp": "Tue Jan 03 09:34:34 UTC 2017"}
        ],
        [
            {"location": [[
                {"latitude": 64.238424},
                {"longitude": 27.726899}
            ]]},
            {"altitude": 185},
            {"distance_km": 0.93},
            {"speed_kmh": 3.6},
            {"timestamp": "Tue Jan 03 09:34:42 UTC 2017"}
        ],
        [
            {"location": [[
                {"latitude": 64.238527},
                {"longitude": 27.726874}
            ]]},
            {"altitude": 184.5},
            {"distance_km": 0.94},
            {"speed_kmh": 4.5},
            {"timestamp": "Tue Jan 03 09:34:50 UTC 2017"}
        ],
        [
            {"location": [[
                {"latitude": 64.238625},
                {"longitude": 27.726886}
            ]]},
            {"altitude": 184.5},
            {"distance_km": 0.95},
            {"speed_kmh": 4.5},
            {"timestamp": "Tue Jan 03 09:34:58 UTC 2017"}
        ],
        [
            {"location": [[
                {"latitude": 64.238712},
                {"longitude": 27.726981}
            ]]},
            {"altitude": 182.5},
            {"distance_km": 0.96},
            {"speed_kmh": 4.5},
            {"timestamp": "Tue Jan 03 09:35:06 UTC 2017"}
        ],
        [
            {"location": [[
                {"latitude": 64.238765},
                {"longitude": 27.727189}
            ]]},
            {"altitude": 186.5},
            {"distance_km": 0.97},
            {"speed_kmh": 2.7},
            {"timestamp": "Tue Jan 03 09:35:17 UTC 2017"}
        ],
        [
            {"location": [[
                {"latitude": 64.238789},
                {"longitude": 27.727435}
            ]]},
            {"altitude": 186.5},
            {"distance_km": 0.98},
            {"speed_kmh": 3.6},
            {"timestamp": "Tue Jan 03 09:35:27 UTC 2017"}
        ],
        [
            {"location": [[
                {"latitude": 64.23882},
                {"longitude": 27.727686}
            ]]},
            {"altitude": 183},
            {"distance_km": 1},
            {"speed_kmh": 4.5},
            {"timestamp": "Tue Jan 03 09:35:35 UTC 2017"}
        ],
        [
            {"location": [[
                {"latitude": 64.238874},
                {"longitude": 27.727879}
            ]]},
            {"altitude": 185.5},
            {"distance_km": 1.01},
            {"speed_kmh": 0},
            {"timestamp": "Tue Jan 03 09:35:44 UTC 2017"}
        ],
        [
            {"location": [[
                {"latitude": 64.23892},
                {"longitude": 27.728063}
            ]]},
            {"altitude": 186},
            {"distance_km": 1.02},
            {"speed_kmh": 3.6},
            {"timestamp": "Tue Jan 03 09:35:52 UTC 2017"}
        ],
        [
            {"location": [[
                {"latitude": 64.238961},
                {"longitude": 27.72828}
            ]]},
            {"altitude": 187},
            {"distance_km": 1.03},
            {"speed_kmh": 0},
            {"timestamp": "Tue Jan 03 09:36:04 UTC 2017"}
        ],
        [
            {"location": [[
                {"latitude": 64.238948},
                {"longitude": 27.728491}
            ]]},
            {"altitude": 184},
            {"distance_km": 1.04},
            {"speed_kmh": 2.7},
            {"timestamp": "Tue Jan 03 09:36:16 UTC 2017"}
        ],
        [
            {"location": [[
                {"latitude": 64.238858},
                {"longitude": 27.728575}
            ]]},
            {"altitude": 181},
            {"distance_km": 1.05},
            {"speed_kmh": 3.6},
            {"timestamp": "Tue Jan 03 09:36:24 UTC 2017"}
        ],
        [
            {"location": [[
                {"latitude": 64.238746},
                {"longitude": 27.728519}
            ]]},
            {"altitude": 180},
            {"distance_km": 1.06},
            {"speed_kmh": 4.5},
            {"timestamp": "Tue Jan 03 09:36:36 UTC 2017"}
        ],
        [
            {"location": [[
                {"latitude": 64.238632},
                {"longitude": 27.728599}
            ]]},
            {"altitude": 179.5},
            {"distance_km": 1.08},
            {"speed_kmh": 4.5},
            {"timestamp": "Tue Jan 03 09:36:44 UTC 2017"}
        ],
        [
            {"location": [[
                {"latitude": 64.238527},
                {"longitude": 27.728629}
            ]]},
            {"altitude": 182},
            {"distance_km": 1.09},
            {"speed_kmh": 4.5},
            {"timestamp": "Tue Jan 03 09:36:51 UTC 2017"}
        ],
        [
            {"location": [[
                {"latitude": 64.238418},
                {"longitude": 27.728588}
            ]]},
            {"altitude": 184.5},
            {"distance_km": 1.1},
            {"speed_kmh": 4.5},
            {"timestamp": "Tue Jan 03 09:36:59 UTC 2017"}
        ],
        [
            {"location": [[
                {"latitude": 64.238325},
                {"longitude": 27.728534}
            ]]},
            {"altitude": 186.5},
            {"distance_km": 1.11},
            {"speed_kmh": 3.6},
            {"timestamp": "Tue Jan 03 09:37:07 UTC 2017"}
        ],
        [
            {"location": [[
                {"latitude": 64.238233},
                {"longitude": 27.728528}
            ]]},
            {"altitude": 184.5},
            {"distance_km": 1.12},
            {"speed_kmh": 3.6},
            {"timestamp": "Tue Jan 03 09:37:16 UTC 2017"}
        ],
        [
            {"location": [[
                {"latitude": 64.238132},
                {"longitude": 27.728453}
            ]]},
            {"altitude": 184.5},
            {"distance_km": 1.13},
            {"speed_kmh": 3.6},
            {"timestamp": "Tue Jan 03 09:37:24 UTC 2017"}
        ],
        [
            {"location": [[
                {"latitude": 64.238043},
                {"longitude": 27.728557}
            ]]},
            {"altitude": 186.5},
            {"distance_km": 1.14},
            {"speed_kmh": 3.6},
            {"timestamp": "Tue Jan 03 09:37:34 UTC 2017"}
        ],
        [
            {"location": [[
                {"latitude": 64.237963},
                {"longitude": 27.728715}
            ]]},
            {"altitude": 190},
            {"distance_km": 1.16},
            {"speed_kmh": 2.7},
            {"timestamp": "Tue Jan 03 09:37:44 UTC 2017"}
        ],
        [
            {"location": [[
                {"latitude": 64.237887},
                {"longitude": 27.72885}
            ]]},
            {"altitude": 186.5},
            {"distance_km": 1.17},
            {"speed_kmh": 2.7},
            {"timestamp": "Tue Jan 03 09:37:54 UTC 2017"}
        ],
        [
            {"location": [[
                {"latitude": 64.237793},
                {"longitude": 27.728945}
            ]]},
            {"altitude": 188},
            {"distance_km": 1.18},
            {"speed_kmh": 3.6},
            {"timestamp": "Tue Jan 03 09:38:02 UTC 2017"}
        ],
        [
            {"location": [[
                {"latitude": 64.237701},
                {"longitude": 27.72891}
            ]]},
            {"altitude": 185.5},
            {"distance_km": 1.19},
            {"speed_kmh": 3.6},
            {"timestamp": "Tue Jan 03 09:38:10 UTC 2017"}
        ],
        [
            {"location": [[
                {"latitude": 64.237616},
                {"longitude": 27.728831}
            ]]},
            {"altitude": 184.5},
            {"distance_km": 1.2},
            {"speed_kmh": 3.6},
            {"timestamp": "Tue Jan 03 09:38:18 UTC 2017"}
        ],
        [
            {"location": [[
                {"latitude": 64.237518},
                {"longitude": 27.728862}
            ]]},
            {"altitude": 184},
            {"distance_km": 1.21},
            {"speed_kmh": 3.6},
            {"timestamp": "Tue Jan 03 09:38:27 UTC 2017"}
        ],
        [
            {"location": [[
                {"latitude": 64.237421},
                {"longitude": 27.728951}
            ]]},
            {"altitude": 187.5},
            {"distance_km": 1.22},
            {"speed_kmh": 3.6},
            {"timestamp": "Tue Jan 03 09:38:35 UTC 2017"}
        ],
        [
            {"location": [[
                {"latitude": 64.237315},
                {"longitude": 27.729017}
            ]]},
            {"altitude": 190.5},
            {"distance_km": 1.23},
            {"speed_kmh": 2.7},
            {"timestamp": "Tue Jan 03 09:38:45 UTC 2017"}
        ],
        [
            {"location": [[
                {"latitude": 64.237203},
                {"longitude": 27.72898}
            ]]},
            {"altitude": 193},
            {"distance_km": 1.25},
            {"speed_kmh": 2.7},
            {"timestamp": "Tue Jan 03 09:38:58 UTC 2017"}
        ],
        [
            {"location": [[
                {"latitude": 64.237103},
                {"longitude": 27.728955}
            ]]},
            {"altitude": 191.5},
            {"distance_km": 1.26},
            {"speed_kmh": 3.6},
            {"timestamp": "Tue Jan 03 09:39:08 UTC 2017"}
        ],
        [
            {"location": [[
                {"latitude": 64.237023},
                {"longitude": 27.728805}
            ]]},
            {"altitude": 195},
            {"distance_km": 1.27},
            {"speed_kmh": 2.7},
            {"timestamp": "Tue Jan 03 09:39:20 UTC 2017"}
        ],
        [
            {"location": [[
                {"latitude": 64.236944},
                {"longitude": 27.728697}
            ]]},
            {"altitude": 193},
            {"distance_km": 1.28},
            {"speed_kmh": 2.7},
            {"timestamp": "Tue Jan 03 09:39:30 UTC 2017"}
        ],
        [
            {"location": [[
                {"latitude": 64.236857},
                {"longitude": 27.72858}
            ]]},
            {"altitude": 193},
            {"distance_km": 1.29},
            {"speed_kmh": 2.7},
            {"timestamp": "Tue Jan 03 09:39:40 UTC 2017"}
        ],
        [
            {"location": [[
                {"latitude": 64.236757},
                {"longitude": 27.728459}
            ]]},
            {"altitude": 192.5},
            {"distance_km": 1.3},
            {"speed_kmh": 3.6},
            {"timestamp": "Tue Jan 03 09:39:50 UTC 2017"}
        ],
        [
            {"location": [[
                {"latitude": 64.236662},
                {"longitude": 27.728419}
            ]]},
            {"altitude": 194.5},
            {"distance_km": 1.31},
            {"speed_kmh": 3.6},
            {"timestamp": "Tue Jan 03 09:39:58 UTC 2017"}
        ],
        [
            {"location": [[
                {"latitude": 64.236573},
                {"longitude": 27.728381}
            ]]},
            {"altitude": 193.5},
            {"distance_km": 1.32},
            {"speed_kmh": 3.6},
            {"timestamp": "Tue Jan 03 09:40:05 UTC 2017"}
        ],
        [
            {"location": [[
                {"latitude": 64.236468},
                {"longitude": 27.728422}
            ]]},
            {"altitude": 193},
            {"distance_km": 1.33},
            {"speed_kmh": 2.7},
            {"timestamp": "Tue Jan 03 09:40:15 UTC 2017"}
        ],
        [
            {"location": [[
                {"latitude": 64.236355},
                {"longitude": 27.72846}
            ]]},
            {"altitude": 194},
            {"distance_km": 1.35},
            {"speed_kmh": 3.6},
            {"timestamp": "Tue Jan 03 09:40:26 UTC 2017"}
        ],
        [
            {"location": [[
                {"latitude": 64.236259},
                {"longitude": 27.728553}
            ]]},
            {"altitude": 194},
            {"distance_km": 1.36},
            {"speed_kmh": 3.6},
            {"timestamp": "Tue Jan 03 09:40:32 UTC 2017"}
        ],
        [
            {"location": [[
                {"latitude": 64.23615},
                {"longitude": 27.728601}
            ]]},
            {"altitude": 197},
            {"distance_km": 1.37},
            {"speed_kmh": 3.6},
            {"timestamp": "Tue Jan 03 09:40:40 UTC 2017"}
        ],
        [
            {"location": [[
                {"latitude": 64.236066},
                {"longitude": 27.728715}
            ]]},
            {"altitude": 198},
            {"distance_km": 1.38},
            {"speed_kmh": 2.7},
            {"timestamp": "Tue Jan 03 09:40:56 UTC 2017"}
        ],
        [
            {"location": [[
                {"latitude": 64.235981},
                {"longitude": 27.728802}
            ]]},
            {"altitude": 194.5},
            {"distance_km": 1.39},
            {"speed_kmh": 5.4},
            {"timestamp": "Tue Jan 03 09:41:04 UTC 2017"}
        ],
        [
            {"location": [[
                {"latitude": 64.235896},
                {"longitude": 27.728878}
            ]]},
            {"altitude": 191},
            {"distance_km": 1.4},
            {"speed_kmh": 4.5},
            {"timestamp": "Tue Jan 03 09:41:10 UTC 2017"}
        ],
        [
            {"location": [[
                {"latitude": 64.235797},
                {"longitude": 27.72901}
            ]]},
            {"altitude": 194.5},
            {"distance_km": 1.42},
            {"speed_kmh": 2.7},
            {"timestamp": "Tue Jan 03 09:41:20 UTC 2017"}
        ],
        [
            {"location": [[
                {"latitude": 64.235702},
                {"longitude": 27.729042}
            ]]},
            {"altitude": 192.5},
            {"distance_km": 1.43},
            {"speed_kmh": 3.6},
            {"timestamp": "Tue Jan 03 09:41:28 UTC 2017"}
        ],
        [
            {"location": [[
                {"latitude": 64.235606},
                {"longitude": 27.729011}
            ]]},
            {"altitude": 189.5},
            {"distance_km": 1.44},
            {"speed_kmh": 1.8},
            {"timestamp": "Tue Jan 03 09:41:39 UTC 2017"}
        ],
        [
            {"location": [[
                {"latitude": 64.235509},
                {"longitude": 27.729138}
            ]]},
            {"altitude": 190},
            {"distance_km": 1.45},
            {"speed_kmh": 3.6},
            {"timestamp": "Tue Jan 03 09:41:53 UTC 2017"}
        ],
        [
            {"location": [[
                {"latitude": 64.23542},
                {"longitude": 27.729101}
            ]]},
            {"altitude": 189},
            {"distance_km": 1.46},
            {"speed_kmh": 3.6},
            {"timestamp": "Tue Jan 03 09:42:02 UTC 2017"}
        ],
        [
            {"location": [[
                {"latitude": 64.235346},
                {"longitude": 27.729281}
            ]]},
            {"altitude": 187.5},
            {"distance_km": 1.47},
            {"speed_kmh": 3.6},
            {"timestamp": "Tue Jan 03 09:42:12 UTC 2017"}
        ],
        [
            {"location": [[
                {"latitude": 64.235299},
                {"longitude": 27.729516}
            ]]},
            {"altitude": 186.5},
            {"distance_km": 1.48},
            {"speed_kmh": 2.7},
            {"timestamp": "Tue Jan 03 09:43:04 UTC 2017"}
        ],
        [
            {"location": [[
                {"latitude": 64.235227},
                {"longitude": 27.729667}
            ]]},
            {"altitude": 183},
            {"distance_km": 1.49},
            {"speed_kmh": 2.7},
            {"timestamp": "Tue Jan 03 09:43:12 UTC 2017"}
        ],
        [
            {"location": [[
                {"latitude": 64.235152},
                {"longitude": 27.729805}
            ]]},
            {"altitude": 183.5},
            {"distance_km": 1.51},
            {"speed_kmh": 3.6},
            {"timestamp": "Tue Jan 03 09:43:19 UTC 2017"}
        ],
        [
            {"location": [[
                {"latitude": 64.235102},
                {"longitude": 27.729991}
            ]]},
            {"altitude": 178.5},
            {"distance_km": 1.52},
            {"speed_kmh": 2.7},
            {"timestamp": "Tue Jan 03 09:43:29 UTC 2017"}
        ],
        [
            {"location": [[
                {"latitude": 64.235057},
                {"longitude": 27.730222}
            ]]},
            {"altitude": 178},
            {"distance_km": 1.53},
            {"speed_kmh": 1.8},
            {"timestamp": "Tue Jan 03 09:43:40 UTC 2017"}
        ],
        [
            {"location": [[
                {"latitude": 64.234984},
                {"longitude": 27.730439}
            ]]},
            {"altitude": 178},
            {"distance_km": 1.54},
            {"speed_kmh": 2.7},
            {"timestamp": "Tue Jan 03 09:43:48 UTC 2017"}
        ],
        [
            {"location": [[
                {"latitude": 64.234925},
                {"longitude": 27.730597}
            ]]},
            {"altitude": 176},
            {"distance_km": 1.55},
            {"speed_kmh": 3.6},
            {"timestamp": "Tue Jan 03 09:43:54 UTC 2017"}
        ],
        [
            {"location": [[
                {"latitude": 64.234869},
                {"longitude": 27.730796}
            ]]},
            {"altitude": 179},
            {"distance_km": 1.56},
            {"speed_kmh": 1.8},
            {"timestamp": "Tue Jan 03 09:44:04 UTC 2017"}
        ],
        [
            {"location": [[
                {"latitude": 64.234806},
                {"longitude": 27.730947}
            ]]},
            {"altitude": 179},
            {"distance_km": 1.57},
            {"speed_kmh": 1.8},
            {"timestamp": "Tue Jan 03 09:44:14 UTC 2017"}
        ],
        [
            {"location": [[
                {"latitude": 64.234714},
                {"longitude": 27.731077}
            ]]},
            {"altitude": 178},
            {"distance_km": 1.59},
            {"speed_kmh": 2.7},
            {"timestamp": "Tue Jan 03 09:44:24 UTC 2017"}
        ],
        [
            {"location": [[
                {"latitude": 64.234637},
                {"longitude": 27.731228}
            ]]},
            {"altitude": 175},
            {"distance_km": 1.6},
            {"speed_kmh": 2.7},
            {"timestamp": "Tue Jan 03 09:44:32 UTC 2017"}
        ],
        [
            {"location": [[
                {"latitude": 64.23457},
                {"longitude": 27.731414}
            ]]},
            {"altitude": 174},
            {"distance_km": 1.61},
            {"speed_kmh": 1.8},
            {"timestamp": "Tue Jan 03 09:44:40 UTC 2017"}
        ],
        [
            {"location": [[
                {"latitude": 64.23448},
                {"longitude": 27.731536}
            ]]},
            {"altitude": 172.5},
            {"distance_km": 1.62},
            {"speed_kmh": 2.7},
            {"timestamp": "Tue Jan 03 09:44:50 UTC 2017"}
        ],
        [
            {"location": [[
                {"latitude": 64.234387},
                {"longitude": 27.731699}
            ]]},
            {"altitude": 172},
            {"distance_km": 1.63},
            {"speed_kmh": 2.7},
            {"timestamp": "Tue Jan 03 09:45:02 UTC 2017"}
        ],
        [
            {"location": [[
                {"latitude": 64.234335},
                {"longitude": 27.731895}
            ]]},
            {"altitude": 175.5},
            {"distance_km": 1.64},
            {"speed_kmh": 3.6},
            {"timestamp": "Tue Jan 03 09:45:09 UTC 2017"}
        ],
        [
            {"location": [[
                {"latitude": 64.234265},
                {"longitude": 27.732063}
            ]]},
            {"altitude": 171},
            {"distance_km": 1.66},
            {"speed_kmh": 3.6},
            {"timestamp": "Tue Jan 03 09:45:17 UTC 2017"}
        ],
        [
            {"location": [[
                {"latitude": 64.234174},
                {"longitude": 27.732138}
            ]]},
            {"altitude": 170},
            {"distance_km": 1.67},
            {"speed_kmh": 3.6},
            {"timestamp": "Tue Jan 03 09:45:23 UTC 2017"}
        ],
        [
            {"location": [[
                {"latitude": 64.234073},
                {"longitude": 27.732242}
            ]]},
            {"altitude": 170.5},
            {"distance_km": 1.68},
            {"speed_kmh": 3.6},
            {"timestamp": "Tue Jan 03 09:45:29 UTC 2017"}
        ],
        [
            {"location": [[
                {"latitude": 64.233988},
                {"longitude": 27.732361}
            ]]},
            {"altitude": 172.5},
            {"distance_km": 1.69},
            {"speed_kmh": 3.6},
            {"timestamp": "Tue Jan 03 09:45:36 UTC 2017"}
        ],
        [
            {"location": [[
                {"latitude": 64.233896},
                {"longitude": 27.73243}
            ]]},
            {"altitude": 168.5},
            {"distance_km": 1.7},
            {"speed_kmh": 3.6},
            {"timestamp": "Tue Jan 03 09:45:42 UTC 2017"}
        ],
        [
            {"location": [[
                {"latitude": 64.23381},
                {"longitude": 27.732508}
            ]]},
            {"altitude": 168.5},
            {"distance_km": 1.71},
            {"speed_kmh": 3.6},
            {"timestamp": "Tue Jan 03 09:45:48 UTC 2017"}
        ],
        [
            {"location": [[
                {"latitude": 64.233708},
                {"longitude": 27.732637}
            ]]},
            {"altitude": 168},
            {"distance_km": 1.72},
            {"speed_kmh": 3.6},
            {"timestamp": "Tue Jan 03 09:45:56 UTC 2017"}
        ],
        [
            {"location": [[
                {"latitude": 64.23362},
                {"longitude": 27.73278}
            ]]},
            {"altitude": 167.5},
            {"distance_km": 1.74},
            {"speed_kmh": 3.6},
            {"timestamp": "Tue Jan 03 09:46:04 UTC 2017"}
        ],
        [
            {"location": [[
                {"latitude": 64.233523},
                {"longitude": 27.732841}
            ]]},
            {"altitude": 163.5},
            {"distance_km": 1.75},
            {"speed_kmh": 3.6},
            {"timestamp": "Tue Jan 03 09:46:12 UTC 2017"}
        ],
        [
            {"location": [[
                {"latitude": 64.233436},
                {"longitude": 27.732919}
            ]]},
            {"altitude": 165.5},
            {"distance_km": 1.76},
            {"speed_kmh": 6.3},
            {"timestamp": "Tue Jan 03 09:46:36 UTC 2017"}
        ],
        [
            {"location": [[
                {"latitude": 64.23334},
                {"longitude": 27.733028}
            ]]},
            {"altitude": 165.5},
            {"distance_km": 1.77},
            {"speed_kmh": 5.4},
            {"timestamp": "Tue Jan 03 09:46:42 UTC 2017"}
        ],
        [
            {"location": [[
                {"latitude": 64.233262},
                {"longitude": 27.733138}
            ]]},
            {"altitude": 163.5},
            {"distance_km": 1.78},
            {"speed_kmh": 4.5},
            {"timestamp": "Tue Jan 03 09:46:48 UTC 2017"}
        ],
        [
            {"location": [[
                {"latitude": 64.233158},
                {"longitude": 27.733235}
            ]]},
            {"altitude": 157.5},
            {"distance_km": 1.79},
            {"speed_kmh": 4.5},
            {"timestamp": "Tue Jan 03 09:46:56 UTC 2017"}
        ],
        [
            {"location": [[
                {"latitude": 64.233057},
                {"longitude": 27.733321}
            ]]},
            {"altitude": 157.5},
            {"distance_km": 1.8},
            {"speed_kmh": 4.5},
            {"timestamp": "Tue Jan 03 09:47:06 UTC 2017"}
        ],
        [
            {"location": [[
                {"latitude": 64.232965},
                {"longitude": 27.733401}
            ]]},
            {"altitude": 156.5},
            {"distance_km": 1.81},
            {"speed_kmh": 4.5},
            {"timestamp": "Tue Jan 03 09:47:13 UTC 2017"}
        ],
        [
            {"location": [[
                {"latitude": 64.232865},
                {"longitude": 27.733269}
            ]]},
            {"altitude": 156.5},
            {"distance_km": 1.83},
            {"speed_kmh": 5.4},
            {"timestamp": "Tue Jan 03 09:47:21 UTC 2017"}
        ],
        [
            {"location": [[
                {"latitude": 64.232759},
                {"longitude": 27.733207}
            ]]},
            {"altitude": 153.5},
            {"distance_km": 1.84},
            {"speed_kmh": 5.4},
            {"timestamp": "Tue Jan 03 09:47:30 UTC 2017"}
        ],
        [
            {"location": [[
                {"latitude": 64.232663},
                {"longitude": 27.733105}
            ]]},
            {"altitude": 152},
            {"distance_km": 1.85},
            {"speed_kmh": 5.4},
            {"timestamp": "Tue Jan 03 09:47:38 UTC 2017"}
        ],
        [
            {"location": [[
                {"latitude": 64.232694},
                {"longitude": 27.732905}
            ]]},
            {"altitude": 151.5},
            {"distance_km": 1.86},
            {"speed_kmh": 5.4},
            {"timestamp": "Tue Jan 03 09:47:44 UTC 2017"}
        ],
        [
            {"location": [[
                {"latitude": 64.232728},
                {"longitude": 27.73266}
            ]]},
            {"altitude": 152},
            {"distance_km": 1.87},
            {"speed_kmh": 5.4},
            {"timestamp": "Tue Jan 03 09:47:52 UTC 2017"}
        ],
        [
            {"location": [[
                {"latitude": 64.232766},
                {"longitude": 27.732419}
            ]]},
            {"altitude": 151.5},
            {"distance_km": 1.89},
            {"speed_kmh": 5.4},
            {"timestamp": "Tue Jan 03 09:48:00 UTC 2017"}
        ],
        [
            {"location": [[
                {"latitude": 64.232786},
                {"longitude": 27.732143}
            ]]},
            {"altitude": 151.5},
            {"distance_km": 1.9},
            {"speed_kmh": 5.4},
            {"timestamp": "Tue Jan 03 09:48:08 UTC 2017"}
        ],
        [
            {"location": [[
                {"latitude": 64.232815},
                {"longitude": 27.73191}
            ]]},
            {"altitude": 149},
            {"distance_km": 1.91},
            {"speed_kmh": 4.5},
            {"timestamp": "Tue Jan 03 09:48:16 UTC 2017"}
        ],
        [
            {"location": [[
                {"latitude": 64.232835},
                {"longitude": 27.731634}
            ]]},
            {"altitude": 151.5},
            {"distance_km": 1.93},
            {"speed_kmh": 5.4},
            {"timestamp": "Tue Jan 03 09:48:24 UTC 2017"}
        ],
        [
            {"location": [[
                {"latitude": 64.232821},
                {"longitude": 27.731392}
            ]]},
            {"altitude": 153},
            {"distance_km": 1.94},
            {"speed_kmh": 5.4},
            {"timestamp": "Tue Jan 03 09:48:32 UTC 2017"}
        ],
        [
            {"location": [[
                {"latitude": 64.232726},
                {"longitude": 27.731283}
            ]]},
            {"altitude": 155.5},
            {"distance_km": 1.95},
            {"speed_kmh": 4.5},
            {"timestamp": "Tue Jan 03 09:48:40 UTC 2017"}
        ],
        [
            {"location": [[
                {"latitude": 64.23263},
                {"longitude": 27.731205}
            ]]},
            {"altitude": 158},
            {"distance_km": 1.96},
            {"speed_kmh": 5.4},
            {"timestamp": "Tue Jan 03 09:49:08 UTC 2017"}
        ],
        [
            {"location": [[
                {"latitude": 64.232527},
                {"longitude": 27.731202}
            ]]},
            {"altitude": 159},
            {"distance_km": 1.97},
            {"speed_kmh": 5.4},
            {"timestamp": "Tue Jan 03 09:49:14 UTC 2017"}
        ],
        [
            {"location": [[
                {"latitude": 64.232414},
                {"longitude": 27.731132}
            ]]},
            {"altitude": 160.5},
            {"distance_km": 1.98},
            {"speed_kmh": 5.4},
            {"timestamp": "Tue Jan 03 09:49:22 UTC 2017"}
        ],
        [
            {"location": [[
                {"latitude": 64.232331},
                {"longitude": 27.731029}
            ]]},
            {"altitude": 160},
            {"distance_km": 1.99},
            {"speed_kmh": 6.3},
            {"timestamp": "Tue Jan 03 09:49:28 UTC 2017"}
        ],
        [
            {"location": [[
                {"latitude": 64.23225},
                {"longitude": 27.730922}
            ]]},
            {"altitude": 158},
            {"distance_km": 2.01},
            {"speed_kmh": 5.4},
            {"timestamp": "Tue Jan 03 09:49:34 UTC 2017"}
        ],
        [
            {"location": [[
                {"latitude": 64.232158},
                {"longitude": 27.730781}
            ]]},
            {"altitude": 159},
            {"distance_km": 2.02},
            {"speed_kmh": 5.4},
            {"timestamp": "Tue Jan 03 09:49:42 UTC 2017"}
        ],
        [
            {"location": [[
                {"latitude": 64.232087},
                {"longitude": 27.730577}
            ]]},
            {"altitude": 157.5},
            {"distance_km": 2.03},
            {"speed_kmh": 5.4},
            {"timestamp": "Tue Jan 03 09:49:50 UTC 2017"}
        ],
        [
            {"location": [[
                {"latitude": 64.232169},
                {"longitude": 27.730451}
            ]]},
            {"altitude": 154.5},
            {"distance_km": 2.04},
            {"speed_kmh": 5.4},
            {"timestamp": "Tue Jan 03 09:49:58 UTC 2017"}
        ],
        [
            {"location": [[
                {"latitude": 64.232257},
                {"longitude": 27.730519}
            ]]},
            {"altitude": 153},
            {"distance_km": 2.05},
            {"speed_kmh": 5.4},
            {"timestamp": "Tue Jan 03 09:50:04 UTC 2017"}
        ],
        [
            {"location": [[
                {"latitude": 64.232347},
                {"longitude": 27.730559}
            ]]},
            {"altitude": 155.5},
            {"distance_km": 2.06},
            {"speed_kmh": 5.4},
            {"timestamp": "Tue Jan 03 09:50:10 UTC 2017"}
        ],
        [
            {"location": [[
                {"latitude": 64.23244},
                {"longitude": 27.730469}
            ]]},
            {"altitude": 153},
            {"distance_km": 2.07},
            {"speed_kmh": 1.8},
            {"timestamp": "Tue Jan 03 09:50:25 UTC 2017"}
        ],
        [
            {"location": [[
                {"latitude": 64.232337},
                {"longitude": 27.730447}
            ]]},
            {"altitude": 153},
            {"distance_km": 2.08},
            {"speed_kmh": 0},
            {"timestamp": "Tue Jan 03 09:50:54 UTC 2017"}
        ],
        [
            {"location": [[
                {"latitude": 64.232247},
                {"longitude": 27.730426}
            ]]},
            {"altitude": 155},
            {"distance_km": 2.09},
            {"speed_kmh": 5.4},
            {"timestamp": "Tue Jan 03 09:51:16 UTC 2017"}
        ],
        [
            {"location": [[
                {"latitude": 64.232132},
                {"longitude": 27.730398}
            ]]},
            {"altitude": 152.5},
            {"distance_km": 2.11},
            {"speed_kmh": 5.4},
            {"timestamp": "Tue Jan 03 09:51:24 UTC 2017"}
        ],
        [
            {"location": [[
                {"latitude": 64.232069},
                {"longitude": 27.730225}
            ]]},
            {"altitude": 152.5},
            {"distance_km": 2.12},
            {"speed_kmh": 5.4},
            {"timestamp": "Tue Jan 03 09:51:34 UTC 2017"}
        ],
        [
            {"location": [[
                {"latitude": 64.232094},
                {"longitude": 27.729981}
            ]]},
            {"altitude": 152},
            {"distance_km": 2.13},
            {"speed_kmh": 5.4},
            {"timestamp": "Tue Jan 03 09:51:42 UTC 2017"}
        ],
        [
            {"location": [[
                {"latitude": 64.232092},
                {"longitude": 27.729739}
            ]]},
            {"altitude": 150.5},
            {"distance_km": 2.14},
            {"speed_kmh": 4.5},
            {"timestamp": "Tue Jan 03 09:51:52 UTC 2017"}
        ],
        [
            {"location": [[
                {"latitude": 64.232007},
                {"longitude": 27.729603}
            ]]},
            {"altitude": 149},
            {"distance_km": 2.15},
            {"speed_kmh": 3.6},
            {"timestamp": "Tue Jan 03 09:52:02 UTC 2017"}
        ],
        [
            {"location": [[
                {"latitude": 64.232015},
                {"longitude": 27.729586}
            ]]},
            {"altitude": 154.5},
            {"distance_km": 2.15},
            {"speed_kmh": 0},
            {"timestamp": "Tue Jan 03 09:53:05 UTC 2017"}
        ],
        [
            {"location": [[
                {"latitude": 64.232015},
                {"longitude": 27.729586}
            ]]},
            {"altitude": 154.5},
            {"distance_km": 2.15},
            {"speed_kmh": 0},
            {"timestamp": "Tue Jan 03 09:53:06 UTC 2017"}
        ]
    ]}
]