[
    {"sport": "WALKING"},
    {"source": "TRACK_MOBILE"},
    {"created_date": "2017-05-31 14:27:32.0"},
    {"start_time": "2017-05-31 14:26:09.0"},
    {"end_time": "2017-05-31 15:04:45.0"},
    {"duration_s": 2316},
    {"distance_km": 2.79},
    {"calories_kcal": 208.607},
    {"altitude_min_m": 138.5},
    {"altitude_max_m": 215.5},
    {"speed_avg_kmh": 4.33678756476684},
    {"speed_max_kmh": 7.2},
    {"ascend_m": 112},
    {"descend_m": 97.5},
    {"points": [
        [
            {"location": [[
                {"latitude": 64.231812},
                {"longitude": 27.729569}
            ]]},
            {"distance_km": 0},
            {"timestamp": "Wed May 31 14:26:09 UTC 2017"}
        ],
        [
            {"location": [[
                {"latitude": 64.231812},
                {"longitude": 27.729569}
            ]]},
            {"altitude": 143.5},
            {"distance_km": 0},
            {"speed_kmh": 0},
            {"timestamp": "Wed May 31 14:26:19 UTC 2017"}
        ],
        [
            {"location": [[
                {"latitude": 64.231729},
                {"longitude": 27.729647}
            ]]},
            {"altitude": 138.5},
            {"distance_km": 0.01},
            {"speed_kmh": 0},
            {"timestamp": "Wed May 31 14:26:25 UTC 2017"}
        ],
        [
            {"location": [[
                {"latitude": 64.231812},
                {"longitude": 27.729545}
            ]]},
            {"altitude": 140.5},
            {"distance_km": 0.02},
            {"speed_kmh": 0},
            {"timestamp": "Wed May 31 14:26:43 UTC 2017"}
        ],
        [
            {"location": [[
                {"latitude": 64.23181},
                {"longitude": 27.729308}
            ]]},
            {"altitude": 164},
            {"distance_km": 0.03},
            {"speed_kmh": 0.9},
            {"timestamp": "Wed May 31 14:27:17 UTC 2017"}
        ],
        [
            {"location": [[
                {"latitude": 64.231741},
                {"longitude": 27.729467}
            ]]},
            {"altitude": 156},
            {"distance_km": 0.04},
            {"speed_kmh": 4.5},
            {"timestamp": "Wed May 31 14:27:36 UTC 2017"}
        ],
        [
            {"location": [[
                {"latitude": 64.231724},
                {"longitude": 27.729737}
            ]]},
            {"altitude": 150},
            {"distance_km": 0.06},
            {"speed_kmh": 3.6},
            {"timestamp": "Wed May 31 14:27:43 UTC 2017"}
        ],
        [
            {"location": [[
                {"latitude": 64.231772},
                {"longitude": 27.729979}
            ]]},
            {"altitude": 147},
            {"distance_km": 0.07},
            {"speed_kmh": 4.5},
            {"timestamp": "Wed May 31 14:27:51 UTC 2017"}
        ],
        [
            {"location": [[
                {"latitude": 64.231824},
                {"longitude": 27.730166}
            ]]},
            {"altitude": 147},
            {"distance_km": 0.08},
            {"speed_kmh": 4.5},
            {"timestamp": "Wed May 31 14:27:59 UTC 2017"}
        ],
        [
            {"location": [[
                {"latitude": 64.23188},
                {"longitude": 27.73035}
            ]]},
            {"altitude": 148},
            {"distance_km": 0.09},
            {"speed_kmh": 4.5},
            {"timestamp": "Wed May 31 14:28:07 UTC 2017"}
        ],
        [
            {"location": [[
                {"latitude": 64.231962},
                {"longitude": 27.730476}
            ]]},
            {"altitude": 147},
            {"distance_km": 0.1},
            {"speed_kmh": 4.5},
            {"timestamp": "Wed May 31 14:28:15 UTC 2017"}
        ],
        [
            {"location": [[
                {"latitude": 64.232056},
                {"longitude": 27.730595}
            ]]},
            {"altitude": 148},
            {"distance_km": 0.11},
            {"speed_kmh": 4.5},
            {"timestamp": "Wed May 31 14:28:23 UTC 2017"}
        ],
        [
            {"location": [[
                {"latitude": 64.232136},
                {"longitude": 27.730707}
            ]]},
            {"altitude": 146},
            {"distance_km": 0.12},
            {"speed_kmh": 5.4},
            {"timestamp": "Wed May 31 14:28:29 UTC 2017"}
        ],
        [
            {"location": [[
                {"latitude": 64.232229},
                {"longitude": 27.73079}
            ]]},
            {"altitude": 142},
            {"distance_km": 0.13},
            {"speed_kmh": 5.4},
            {"timestamp": "Wed May 31 14:28:35 UTC 2017"}
        ],
        [
            {"location": [[
                {"latitude": 64.232311},
                {"longitude": 27.730894}
            ]]},
            {"altitude": 141.5},
            {"distance_km": 0.15},
            {"speed_kmh": 5.4},
            {"timestamp": "Wed May 31 14:28:41 UTC 2017"}
        ],
        [
            {"location": [[
                {"latitude": 64.232411},
                {"longitude": 27.731016}
            ]]},
            {"altitude": 142},
            {"distance_km": 0.16},
            {"speed_kmh": 5.4},
            {"timestamp": "Wed May 31 14:28:49 UTC 2017"}
        ],
        [
            {"location": [[
                {"latitude": 64.232486},
                {"longitude": 27.73114}
            ]]},
            {"altitude": 144.5},
            {"distance_km": 0.17},
            {"speed_kmh": 5.4},
            {"timestamp": "Wed May 31 14:28:57 UTC 2017"}
        ],
        [
            {"location": [[
                {"latitude": 64.232584},
                {"longitude": 27.731219}
            ]]},
            {"altitude": 142.5},
            {"distance_km": 0.18},
            {"speed_kmh": 2.7},
            {"timestamp": "Wed May 31 14:29:13 UTC 2017"}
        ],
        [
            {"location": [[
                {"latitude": 64.232657},
                {"longitude": 27.731348}
            ]]},
            {"altitude": 145},
            {"distance_km": 0.19},
            {"speed_kmh": 5.4},
            {"timestamp": "Wed May 31 14:29:19 UTC 2017"}
        ],
        [
            {"location": [[
                {"latitude": 64.23275},
                {"longitude": 27.731463}
            ]]},
            {"altitude": 143.5},
            {"distance_km": 0.2},
            {"speed_kmh": 5.4},
            {"timestamp": "Wed May 31 14:29:27 UTC 2017"}
        ],
        [
            {"location": [[
                {"latitude": 64.23286},
                {"longitude": 27.731478}
            ]]},
            {"altitude": 141},
            {"distance_km": 0.21},
            {"speed_kmh": 5.4},
            {"timestamp": "Wed May 31 14:29:35 UTC 2017"}
        ],
        [
            {"location": [[
                {"latitude": 64.232962},
                {"longitude": 27.731385}
            ]]},
            {"altitude": 139},
            {"distance_km": 0.23},
            {"speed_kmh": 5.4},
            {"timestamp": "Wed May 31 14:29:43 UTC 2017"}
        ],
        [
            {"location": [[
                {"latitude": 64.233023},
                {"longitude": 27.731173}
            ]]},
            {"altitude": 141},
            {"distance_km": 0.24},
            {"speed_kmh": 4.5},
            {"timestamp": "Wed May 31 14:29:51 UTC 2017"}
        ],
        [
            {"location": [[
                {"latitude": 64.23309},
                {"longitude": 27.731029}
            ]]},
            {"altitude": 140.5},
            {"distance_km": 0.25},
            {"speed_kmh": 4.5},
            {"timestamp": "Wed May 31 14:29:57 UTC 2017"}
        ],
        [
            {"location": [[
                {"latitude": 64.233166},
                {"longitude": 27.730899}
            ]]},
            {"altitude": 141},
            {"distance_km": 0.26},
            {"speed_kmh": 4.5},
            {"timestamp": "Wed May 31 14:30:03 UTC 2017"}
        ],
        [
            {"location": [[
                {"latitude": 64.233235},
                {"longitude": 27.730735}
            ]]},
            {"altitude": 144.5},
            {"distance_km": 0.27},
            {"speed_kmh": 3.6},
            {"timestamp": "Wed May 31 14:30:23 UTC 2017"}
        ],
        [
            {"location": [[
                {"latitude": 64.233284},
                {"longitude": 27.73056}
            ]]},
            {"altitude": 141},
            {"distance_km": 0.28},
            {"speed_kmh": 2.7},
            {"timestamp": "Wed May 31 14:30:35 UTC 2017"}
        ],
        [
            {"location": [[
                {"latitude": 64.233351},
                {"longitude": 27.730405}
            ]]},
            {"altitude": 142.5},
            {"distance_km": 0.29},
            {"speed_kmh": 3.6},
            {"timestamp": "Wed May 31 14:30:44 UTC 2017"}
        ],
        [
            {"location": [[
                {"latitude": 64.233399},
                {"longitude": 27.730227}
            ]]},
            {"altitude": 144.5},
            {"distance_km": 0.3},
            {"speed_kmh": 2.7},
            {"timestamp": "Wed May 31 14:30:57 UTC 2017"}
        ],
        [
            {"location": [[
                {"latitude": 64.233449},
                {"longitude": 27.730025}
            ]]},
            {"altitude": 146.5},
            {"distance_km": 0.31},
            {"speed_kmh": 5.4},
            {"timestamp": "Wed May 31 14:31:03 UTC 2017"}
        ],
        [
            {"location": [[
                {"latitude": 64.233508},
                {"longitude": 27.729787}
            ]]},
            {"altitude": 151.5},
            {"distance_km": 0.33},
            {"speed_kmh": 3.6},
            {"timestamp": "Wed May 31 14:31:11 UTC 2017"}
        ],
        [
            {"location": [[
                {"latitude": 64.233571},
                {"longitude": 27.729639}
            ]]},
            {"altitude": 156.5},
            {"distance_km": 0.34},
            {"speed_kmh": 0},
            {"timestamp": "Wed May 31 14:31:19 UTC 2017"}
        ],
        [
            {"location": [[
                {"latitude": 64.233664},
                {"longitude": 27.729608}
            ]]},
            {"altitude": 156},
            {"distance_km": 0.35},
            {"speed_kmh": 4.5},
            {"timestamp": "Wed May 31 14:31:35 UTC 2017"}
        ],
        [
            {"location": [[
                {"latitude": 64.23377},
                {"longitude": 27.729609}
            ]]},
            {"altitude": 158.5},
            {"distance_km": 0.36},
            {"speed_kmh": 3.6},
            {"timestamp": "Wed May 31 14:31:49 UTC 2017"}
        ],
        [
            {"location": [[
                {"latitude": 64.233869},
                {"longitude": 27.729542}
            ]]},
            {"altitude": 162.5},
            {"distance_km": 0.37},
            {"speed_kmh": 3.6},
            {"timestamp": "Wed May 31 14:31:59 UTC 2017"}
        ],
        [
            {"location": [[
                {"latitude": 64.233945},
                {"longitude": 27.729421}
            ]]},
            {"altitude": 164.5},
            {"distance_km": 0.38},
            {"speed_kmh": 0.9},
            {"timestamp": "Wed May 31 14:32:18 UTC 2017"}
        ],
        [
            {"location": [[
                {"latitude": 64.234009},
                {"longitude": 27.729272}
            ]]},
            {"altitude": 164},
            {"distance_km": 0.39},
            {"speed_kmh": 2.7},
            {"timestamp": "Wed May 31 14:32:26 UTC 2017"}
        ],
        [
            {"location": [[
                {"latitude": 64.234038},
                {"longitude": 27.729046}
            ]]},
            {"altitude": 167},
            {"distance_km": 0.4},
            {"speed_kmh": 3.6},
            {"timestamp": "Wed May 31 14:32:33 UTC 2017"}
        ],
        [
            {"location": [[
                {"latitude": 64.234088},
                {"longitude": 27.728856}
            ]]},
            {"altitude": 171.5},
            {"distance_km": 0.41},
            {"speed_kmh": 2.7},
            {"timestamp": "Wed May 31 14:32:41 UTC 2017"}
        ],
        [
            {"location": [[
                {"latitude": 64.234148},
                {"longitude": 27.728687}
            ]]},
            {"altitude": 173},
            {"distance_km": 0.42},
            {"speed_kmh": 3.6},
            {"timestamp": "Wed May 31 14:32:47 UTC 2017"}
        ],
        [
            {"location": [[
                {"latitude": 64.234163},
                {"longitude": 27.728472}
            ]]},
            {"altitude": 176},
            {"distance_km": 0.43},
            {"speed_kmh": 1.8},
            {"timestamp": "Wed May 31 14:32:55 UTC 2017"}
        ],
        [
            {"location": [[
                {"latitude": 64.234175},
                {"longitude": 27.728219}
            ]]},
            {"altitude": 177},
            {"distance_km": 0.45},
            {"speed_kmh": 2.7},
            {"timestamp": "Wed May 31 14:33:05 UTC 2017"}
        ],
        [
            {"location": [[
                {"latitude": 64.234137},
                {"longitude": 27.728031}
            ]]},
            {"altitude": 173.5},
            {"distance_km": 0.46},
            {"speed_kmh": 2.7},
            {"timestamp": "Wed May 31 14:33:11 UTC 2017"}
        ],
        [
            {"location": [[
                {"latitude": 64.234101},
                {"longitude": 27.727799}
            ]]},
            {"altitude": 173.5},
            {"distance_km": 0.47},
            {"speed_kmh": 3.6},
            {"timestamp": "Wed May 31 14:33:19 UTC 2017"}
        ],
        [
            {"location": [[
                {"latitude": 64.234059},
                {"longitude": 27.727586}
            ]]},
            {"altitude": 174.5},
            {"distance_km": 0.48},
            {"speed_kmh": 2.7},
            {"timestamp": "Wed May 31 14:33:29 UTC 2017"}
        ],
        [
            {"location": [[
                {"latitude": 64.234021},
                {"longitude": 27.727369}
            ]]},
            {"altitude": 176.5},
            {"distance_km": 0.49},
            {"speed_kmh": 2.7},
            {"timestamp": "Wed May 31 14:33:39 UTC 2017"}
        ],
        [
            {"location": [[
                {"latitude": 64.234014},
                {"longitude": 27.727135}
            ]]},
            {"altitude": 178.5},
            {"distance_km": 0.5},
            {"speed_kmh": 2.7},
            {"timestamp": "Wed May 31 14:33:52 UTC 2017"}
        ],
        [
            {"location": [[
                {"latitude": 64.234047},
                {"longitude": 27.726889}
            ]]},
            {"altitude": 182.5},
            {"distance_km": 0.51},
            {"speed_kmh": 2.7},
            {"timestamp": "Wed May 31 14:34:03 UTC 2017"}
        ],
        [
            {"location": [[
                {"latitude": 64.23412},
                {"longitude": 27.726738}
            ]]},
            {"altitude": 184},
            {"distance_km": 0.52},
            {"speed_kmh": 2.7},
            {"timestamp": "Wed May 31 14:34:11 UTC 2017"}
        ],
        [
            {"location": [[
                {"latitude": 64.234197},
                {"longitude": 27.726585}
            ]]},
            {"altitude": 181},
            {"distance_km": 0.54},
            {"speed_kmh": 2.7},
            {"timestamp": "Wed May 31 14:34:21 UTC 2017"}
        ],
        [
            {"location": [[
                {"latitude": 64.234235},
                {"longitude": 27.726348}
            ]]},
            {"altitude": 179},
            {"distance_km": 0.55},
            {"speed_kmh": 3.6},
            {"timestamp": "Wed May 31 14:34:33 UTC 2017"}
        ],
        [
            {"location": [[
                {"latitude": 64.234321},
                {"longitude": 27.726173}
            ]]},
            {"altitude": 183},
            {"distance_km": 0.56},
            {"speed_kmh": 3.6},
            {"timestamp": "Wed May 31 14:34:41 UTC 2017"}
        ],
        [
            {"location": [[
                {"latitude": 64.234423},
                {"longitude": 27.726057}
            ]]},
            {"altitude": 186.5},
            {"distance_km": 0.57},
            {"speed_kmh": 3.6},
            {"timestamp": "Wed May 31 14:34:49 UTC 2017"}
        ],
        [
            {"location": [[
                {"latitude": 64.234504},
                {"longitude": 27.725916}
            ]]},
            {"altitude": 184.5},
            {"distance_km": 0.58},
            {"speed_kmh": 3.6},
            {"timestamp": "Wed May 31 14:34:59 UTC 2017"}
        ],
        [
            {"location": [[
                {"latitude": 64.234593},
                {"longitude": 27.725774}
            ]]},
            {"altitude": 180},
            {"distance_km": 0.6},
            {"speed_kmh": 3.6},
            {"timestamp": "Wed May 31 14:35:07 UTC 2017"}
        ],
        [
            {"location": [[
                {"latitude": 64.234671},
                {"longitude": 27.725599}
            ]]},
            {"altitude": 180},
            {"distance_km": 0.61},
            {"speed_kmh": 3.6},
            {"timestamp": "Wed May 31 14:35:15 UTC 2017"}
        ],
        [
            {"location": [[
                {"latitude": 64.234776},
                {"longitude": 27.725539}
            ]]},
            {"altitude": 180},
            {"distance_km": 0.62},
            {"speed_kmh": 3.6},
            {"timestamp": "Wed May 31 14:35:24 UTC 2017"}
        ],
        [
            {"location": [[
                {"latitude": 64.23489},
                {"longitude": 27.725512}
            ]]},
            {"altitude": 182},
            {"distance_km": 0.63},
            {"speed_kmh": 3.6},
            {"timestamp": "Wed May 31 14:35:43 UTC 2017"}
        ],
        [
            {"location": [[
                {"latitude": 64.234993},
                {"longitude": 27.725408}
            ]]},
            {"altitude": 182.5},
            {"distance_km": 0.65},
            {"speed_kmh": 3.6},
            {"timestamp": "Wed May 31 14:35:51 UTC 2017"}
        ],
        [
            {"location": [[
                {"latitude": 64.235085},
                {"longitude": 27.725389}
            ]]},
            {"altitude": 182.5},
            {"distance_km": 0.66},
            {"speed_kmh": 2.7},
            {"timestamp": "Wed May 31 14:35:59 UTC 2017"}
        ],
        [
            {"location": [[
                {"latitude": 64.235197},
                {"longitude": 27.72538}
            ]]},
            {"altitude": 182},
            {"distance_km": 0.67},
            {"speed_kmh": 3.6},
            {"timestamp": "Wed May 31 14:36:07 UTC 2017"}
        ],
        [
            {"location": [[
                {"latitude": 64.23529},
                {"longitude": 27.72535}
            ]]},
            {"altitude": 177},
            {"distance_km": 0.68},
            {"speed_kmh": 3.6},
            {"timestamp": "Wed May 31 14:36:13 UTC 2017"}
        ],
        [
            {"location": [[
                {"latitude": 64.235392},
                {"longitude": 27.725258}
            ]]},
            {"altitude": 176},
            {"distance_km": 0.69},
            {"speed_kmh": 2.7},
            {"timestamp": "Wed May 31 14:36:23 UTC 2017"}
        ],
        [
            {"location": [[
                {"latitude": 64.235486},
                {"longitude": 27.725308}
            ]]},
            {"altitude": 178},
            {"distance_km": 0.7},
            {"speed_kmh": 2.7},
            {"timestamp": "Wed May 31 14:36:33 UTC 2017"}
        ],
        [
            {"location": [[
                {"latitude": 64.235589},
                {"longitude": 27.725291}
            ]]},
            {"altitude": 179},
            {"distance_km": 0.71},
            {"speed_kmh": 3.6},
            {"timestamp": "Wed May 31 14:36:41 UTC 2017"}
        ],
        [
            {"location": [[
                {"latitude": 64.235687},
                {"longitude": 27.725394}
            ]]},
            {"altitude": 176.5},
            {"distance_km": 0.73},
            {"speed_kmh": 3.6},
            {"timestamp": "Wed May 31 14:36:51 UTC 2017"}
        ],
        [
            {"location": [[
                {"latitude": 64.23577},
                {"longitude": 27.72549}
            ]]},
            {"altitude": 179.5},
            {"distance_km": 0.74},
            {"speed_kmh": 3.6},
            {"timestamp": "Wed May 31 14:37:01 UTC 2017"}
        ],
        [
            {"location": [[
                {"latitude": 64.235853},
                {"longitude": 27.72563}
            ]]},
            {"altitude": 183},
            {"distance_km": 0.75},
            {"speed_kmh": 3.6},
            {"timestamp": "Wed May 31 14:37:14 UTC 2017"}
        ],
        [
            {"location": [[
                {"latitude": 64.235949},
                {"longitude": 27.725755}
            ]]},
            {"altitude": 184},
            {"distance_km": 0.76},
            {"speed_kmh": 3.6},
            {"timestamp": "Wed May 31 14:37:25 UTC 2017"}
        ],
        [
            {"location": [[
                {"latitude": 64.236054},
                {"longitude": 27.725702}
            ]]},
            {"altitude": 187},
            {"distance_km": 0.77},
            {"speed_kmh": 3.6},
            {"timestamp": "Wed May 31 14:37:33 UTC 2017"}
        ],
        [
            {"location": [[
                {"latitude": 64.236137},
                {"longitude": 27.725614}
            ]]},
            {"altitude": 187},
            {"distance_km": 0.78},
            {"speed_kmh": 2.7},
            {"timestamp": "Wed May 31 14:37:41 UTC 2017"}
        ],
        [
            {"location": [[
                {"latitude": 64.236251},
                {"longitude": 27.725548}
            ]]},
            {"altitude": 187},
            {"distance_km": 0.8},
            {"speed_kmh": 2.7},
            {"timestamp": "Wed May 31 14:37:49 UTC 2017"}
        ],
        [
            {"location": [[
                {"latitude": 64.236336},
                {"longitude": 27.725426}
            ]]},
            {"altitude": 186.5},
            {"distance_km": 0.81},
            {"speed_kmh": 3.6},
            {"timestamp": "Wed May 31 14:37:55 UTC 2017"}
        ],
        [
            {"location": [[
                {"latitude": 64.23641},
                {"longitude": 27.725254}
            ]]},
            {"altitude": 186},
            {"distance_km": 0.82},
            {"speed_kmh": 3.6},
            {"timestamp": "Wed May 31 14:38:03 UTC 2017"}
        ],
        [
            {"location": [[
                {"latitude": 64.236509},
                {"longitude": 27.725111}
            ]]},
            {"altitude": 184.5},
            {"distance_km": 0.83},
            {"speed_kmh": 3.6},
            {"timestamp": "Wed May 31 14:38:11 UTC 2017"}
        ],
        [
            {"location": [[
                {"latitude": 64.236604},
                {"longitude": 27.725099}
            ]]},
            {"altitude": 183.5},
            {"distance_km": 0.84},
            {"speed_kmh": 3.6},
            {"timestamp": "Wed May 31 14:38:19 UTC 2017"}
        ],
        [
            {"location": [[
                {"latitude": 64.236697},
                {"longitude": 27.725148}
            ]]},
            {"altitude": 182},
            {"distance_km": 0.85},
            {"speed_kmh": 3.6},
            {"timestamp": "Wed May 31 14:38:29 UTC 2017"}
        ],
        [
            {"location": [[
                {"latitude": 64.236791},
                {"longitude": 27.725176}
            ]]},
            {"altitude": 181},
            {"distance_km": 0.86},
            {"speed_kmh": 3.6},
            {"timestamp": "Wed May 31 14:38:37 UTC 2017"}
        ],
        [
            {"location": [[
                {"latitude": 64.236887},
                {"longitude": 27.725274}
            ]]},
            {"altitude": 182.5},
            {"distance_km": 0.87},
            {"speed_kmh": 3.6},
            {"timestamp": "Wed May 31 14:38:47 UTC 2017"}
        ],
        [
            {"location": [[
                {"latitude": 64.236993},
                {"longitude": 27.725308}
            ]]},
            {"altitude": 182.5},
            {"distance_km": 0.89},
            {"speed_kmh": 3.6},
            {"timestamp": "Wed May 31 14:38:57 UTC 2017"}
        ],
        [
            {"location": [[
                {"latitude": 64.237081},
                {"longitude": 27.72535}
            ]]},
            {"altitude": 180.5},
            {"distance_km": 0.9},
            {"speed_kmh": 3.6},
            {"timestamp": "Wed May 31 14:39:06 UTC 2017"}
        ],
        [
            {"location": [[
                {"latitude": 64.237154},
                {"longitude": 27.72551}
            ]]},
            {"altitude": 180},
            {"distance_km": 0.91},
            {"speed_kmh": 3.6},
            {"timestamp": "Wed May 31 14:39:12 UTC 2017"}
        ],
        [
            {"location": [[
                {"latitude": 64.237254},
                {"longitude": 27.725621}
            ]]},
            {"altitude": 180.5},
            {"distance_km": 0.92},
            {"speed_kmh": 3.6},
            {"timestamp": "Wed May 31 14:39:21 UTC 2017"}
        ],
        [
            {"location": [[
                {"latitude": 64.237344},
                {"longitude": 27.725733}
            ]]},
            {"altitude": 180.5},
            {"distance_km": 0.93},
            {"speed_kmh": 3.6},
            {"timestamp": "Wed May 31 14:39:31 UTC 2017"}
        ],
        [
            {"location": [[
                {"latitude": 64.237427},
                {"longitude": 27.725827}
            ]]},
            {"altitude": 181.5},
            {"distance_km": 0.94},
            {"speed_kmh": 2.7},
            {"timestamp": "Wed May 31 14:39:41 UTC 2017"}
        ],
        [
            {"location": [[
                {"latitude": 64.237501},
                {"longitude": 27.725952}
            ]]},
            {"altitude": 181.5},
            {"distance_km": 0.95},
            {"speed_kmh": 3.6},
            {"timestamp": "Wed May 31 14:39:49 UTC 2017"}
        ],
        [
            {"location": [[
                {"latitude": 64.237584},
                {"longitude": 27.726133}
            ]]},
            {"altitude": 181.5},
            {"distance_km": 0.96},
            {"speed_kmh": 3.6},
            {"timestamp": "Wed May 31 14:39:57 UTC 2017"}
        ],
        [
            {"location": [[
                {"latitude": 64.237662},
                {"longitude": 27.726248}
            ]]},
            {"altitude": 183},
            {"distance_km": 0.98},
            {"speed_kmh": 3.6},
            {"timestamp": "Wed May 31 14:40:05 UTC 2017"}
        ],
        [
            {"location": [[
                {"latitude": 64.237721},
                {"longitude": 27.726411}
            ]]},
            {"altitude": 182.5},
            {"distance_km": 0.99},
            {"speed_kmh": 3.6},
            {"timestamp": "Wed May 31 14:40:13 UTC 2017"}
        ],
        [
            {"location": [[
                {"latitude": 64.237817},
                {"longitude": 27.726549}
            ]]},
            {"altitude": 184.5},
            {"distance_km": 1},
            {"speed_kmh": 3.6},
            {"timestamp": "Wed May 31 14:40:23 UTC 2017"}
        ],
        [
            {"location": [[
                {"latitude": 64.237909},
                {"longitude": 27.726615}
            ]]},
            {"altitude": 181.5},
            {"distance_km": 1.01},
            {"speed_kmh": 3.6},
            {"timestamp": "Wed May 31 14:40:31 UTC 2017"}
        ],
        [
            {"location": [[
                {"latitude": 64.238007},
                {"longitude": 27.726696}
            ]]},
            {"altitude": 183},
            {"distance_km": 1.02},
            {"speed_kmh": 3.6},
            {"timestamp": "Wed May 31 14:40:39 UTC 2017"}
        ],
        [
            {"location": [[
                {"latitude": 64.238097},
                {"longitude": 27.726748}
            ]]},
            {"altitude": 181},
            {"distance_km": 1.03},
            {"speed_kmh": 3.6},
            {"timestamp": "Wed May 31 14:40:47 UTC 2017"}
        ],
        [
            {"location": [[
                {"latitude": 64.238192},
                {"longitude": 27.726884}
            ]]},
            {"altitude": 181.5},
            {"distance_km": 1.04},
            {"speed_kmh": 3.6},
            {"timestamp": "Wed May 31 14:40:55 UTC 2017"}
        ],
        [
            {"location": [[
                {"latitude": 64.238294},
                {"longitude": 27.726974}
            ]]},
            {"altitude": 181},
            {"distance_km": 1.06},
            {"speed_kmh": 3.6},
            {"timestamp": "Wed May 31 14:41:05 UTC 2017"}
        ],
        [
            {"location": [[
                {"latitude": 64.238383},
                {"longitude": 27.726896}
            ]]},
            {"altitude": 176},
            {"distance_km": 1.07},
            {"speed_kmh": 3.6},
            {"timestamp": "Wed May 31 14:41:12 UTC 2017"}
        ],
        [
            {"location": [[
                {"latitude": 64.238494},
                {"longitude": 27.726843}
            ]]},
            {"altitude": 176.5},
            {"distance_km": 1.08},
            {"speed_kmh": 3.6},
            {"timestamp": "Wed May 31 14:41:19 UTC 2017"}
        ],
        [
            {"location": [[
                {"latitude": 64.238588},
                {"longitude": 27.726901}
            ]]},
            {"altitude": 178},
            {"distance_km": 1.09},
            {"speed_kmh": 3.6},
            {"timestamp": "Wed May 31 14:41:27 UTC 2017"}
        ],
        [
            {"location": [[
                {"latitude": 64.238672},
                {"longitude": 27.727059}
            ]]},
            {"altitude": 181.5},
            {"distance_km": 1.1},
            {"speed_kmh": 3.6},
            {"timestamp": "Wed May 31 14:41:35 UTC 2017"}
        ],
        [
            {"location": [[
                {"latitude": 64.238695},
                {"longitude": 27.727274}
            ]]},
            {"altitude": 184.5},
            {"distance_km": 1.11},
            {"speed_kmh": 3.6},
            {"timestamp": "Wed May 31 14:41:45 UTC 2017"}
        ],
        [
            {"location": [[
                {"latitude": 64.238745},
                {"longitude": 27.727519}
            ]]},
            {"altitude": 185},
            {"distance_km": 1.13},
            {"speed_kmh": 3.6},
            {"timestamp": "Wed May 31 14:41:55 UTC 2017"}
        ],
        [
            {"location": [[
                {"latitude": 64.238778},
                {"longitude": 27.72773}
            ]]},
            {"altitude": 180.5},
            {"distance_km": 1.14},
            {"speed_kmh": 3.6},
            {"timestamp": "Wed May 31 14:42:03 UTC 2017"}
        ],
        [
            {"location": [[
                {"latitude": 64.238801},
                {"longitude": 27.727966}
            ]]},
            {"altitude": 181.5},
            {"distance_km": 1.15},
            {"speed_kmh": 2.7},
            {"timestamp": "Wed May 31 14:42:15 UTC 2017"}
        ],
        [
            {"location": [[
                {"latitude": 64.238822},
                {"longitude": 27.728179}
            ]]},
            {"altitude": 181},
            {"distance_km": 1.16},
            {"speed_kmh": 3.6},
            {"timestamp": "Wed May 31 14:42:23 UTC 2017"}
        ],
        [
            {"location": [[
                {"latitude": 64.238839},
                {"longitude": 27.728422}
            ]]},
            {"altitude": 185.5},
            {"distance_km": 1.17},
            {"speed_kmh": 3.6},
            {"timestamp": "Wed May 31 14:42:31 UTC 2017"}
        ],
        [
            {"location": [[
                {"latitude": 64.238898},
                {"longitude": 27.728603}
            ]]},
            {"altitude": 186.5},
            {"distance_km": 1.18},
            {"speed_kmh": 3.6},
            {"timestamp": "Wed May 31 14:42:41 UTC 2017"}
        ],
        [
            {"location": [[
                {"latitude": 64.238994},
                {"longitude": 27.728665}
            ]]},
            {"altitude": 187},
            {"distance_km": 1.19},
            {"speed_kmh": 3.6},
            {"timestamp": "Wed May 31 14:42:49 UTC 2017"}
        ],
        [
            {"location": [[
                {"latitude": 64.239093},
                {"longitude": 27.728742}
            ]]},
            {"altitude": 191},
            {"distance_km": 1.2},
            {"speed_kmh": 2.7},
            {"timestamp": "Wed May 31 14:43:02 UTC 2017"}
        ],
        [
            {"location": [[
                {"latitude": 64.239218},
                {"longitude": 27.728796}
            ]]},
            {"altitude": 192.5},
            {"distance_km": 1.22},
            {"speed_kmh": 4.5},
            {"timestamp": "Wed May 31 14:43:11 UTC 2017"}
        ],
        [
            {"location": [[
                {"latitude": 64.239333},
                {"longitude": 27.728828}
            ]]},
            {"altitude": 193},
            {"distance_km": 1.23},
            {"speed_kmh": 5.4},
            {"timestamp": "Wed May 31 14:43:17 UTC 2017"}
        ],
        [
            {"location": [[
                {"latitude": 64.239427},
                {"longitude": 27.728856}
            ]]},
            {"altitude": 194.5},
            {"distance_km": 1.24},
            {"speed_kmh": 4.5},
            {"timestamp": "Wed May 31 14:43:23 UTC 2017"}
        ],
        [
            {"location": [[
                {"latitude": 64.239515},
                {"longitude": 27.7289}
            ]]},
            {"altitude": 198},
            {"distance_km": 1.25},
            {"speed_kmh": 1.8},
            {"timestamp": "Wed May 31 14:43:31 UTC 2017"}
        ],
        [
            {"location": [[
                {"latitude": 64.239604},
                {"longitude": 27.72894}
            ]]},
            {"altitude": 191},
            {"distance_km": 1.26},
            {"speed_kmh": 3.6},
            {"timestamp": "Wed May 31 14:43:45 UTC 2017"}
        ],
        [
            {"location": [[
                {"latitude": 64.239712},
                {"longitude": 27.728953}
            ]]},
            {"altitude": 191},
            {"distance_km": 1.27},
            {"speed_kmh": 3.6},
            {"timestamp": "Wed May 31 14:43:53 UTC 2017"}
        ],
        [
            {"location": [[
                {"latitude": 64.239797},
                {"longitude": 27.729081}
            ]]},
            {"altitude": 195.5},
            {"distance_km": 1.28},
            {"speed_kmh": 3.6},
            {"timestamp": "Wed May 31 14:44:01 UTC 2017"}
        ],
        [
            {"location": [[
                {"latitude": 64.239884},
                {"longitude": 27.729181}
            ]]},
            {"altitude": 193.5},
            {"distance_km": 1.3},
            {"speed_kmh": 3.6},
            {"timestamp": "Wed May 31 14:44:09 UTC 2017"}
        ],
        [
            {"location": [[
                {"latitude": 64.239958},
                {"longitude": 27.729318}
            ]]},
            {"altitude": 197},
            {"distance_km": 1.31},
            {"speed_kmh": 3.6},
            {"timestamp": "Wed May 31 14:44:17 UTC 2017"}
        ],
        [
            {"location": [[
                {"latitude": 64.240035},
                {"longitude": 27.72949}
            ]]},
            {"altitude": 198},
            {"distance_km": 1.32},
            {"speed_kmh": 3.6},
            {"timestamp": "Wed May 31 14:44:25 UTC 2017"}
        ],
        [
            {"location": [[
                {"latitude": 64.240107},
                {"longitude": 27.729661}
            ]]},
            {"altitude": 201},
            {"distance_km": 1.33},
            {"speed_kmh": 3.6},
            {"timestamp": "Wed May 31 14:44:33 UTC 2017"}
        ],
        [
            {"location": [[
                {"latitude": 64.240169},
                {"longitude": 27.729862}
            ]]},
            {"altitude": 202.5},
            {"distance_km": 1.34},
            {"speed_kmh": 3.6},
            {"timestamp": "Wed May 31 14:44:48 UTC 2017"}
        ],
        [
            {"location": [[
                {"latitude": 64.240233},
                {"longitude": 27.730059}
            ]]},
            {"altitude": 200.5},
            {"distance_km": 1.35},
            {"speed_kmh": 3.6},
            {"timestamp": "Wed May 31 14:44:57 UTC 2017"}
        ],
        [
            {"location": [[
                {"latitude": 64.240292},
                {"longitude": 27.73028}
            ]]},
            {"altitude": 198},
            {"distance_km": 1.37},
            {"speed_kmh": 3.6},
            {"timestamp": "Wed May 31 14:45:07 UTC 2017"}
        ],
        [
            {"location": [[
                {"latitude": 64.240379},
                {"longitude": 27.730405}
            ]]},
            {"altitude": 197},
            {"distance_km": 1.38},
            {"speed_kmh": 3.6},
            {"timestamp": "Wed May 31 14:45:15 UTC 2017"}
        ],
        [
            {"location": [[
                {"latitude": 64.240464},
                {"longitude": 27.730521}
            ]]},
            {"altitude": 197},
            {"distance_km": 1.39},
            {"speed_kmh": 3.6},
            {"timestamp": "Wed May 31 14:45:25 UTC 2017"}
        ],
        [
            {"location": [[
                {"latitude": 64.240542},
                {"longitude": 27.730627}
            ]]},
            {"altitude": 196},
            {"distance_km": 1.4},
            {"speed_kmh": 3.6},
            {"timestamp": "Wed May 31 14:45:33 UTC 2017"}
        ],
        [
            {"location": [[
                {"latitude": 64.240643},
                {"longitude": 27.7307}
            ]]},
            {"altitude": 194},
            {"distance_km": 1.41},
            {"speed_kmh": 3.6},
            {"timestamp": "Wed May 31 14:45:41 UTC 2017"}
        ],
        [
            {"location": [[
                {"latitude": 64.24071},
                {"longitude": 27.730868}
            ]]},
            {"altitude": 194},
            {"distance_km": 1.42},
            {"speed_kmh": 3.6},
            {"timestamp": "Wed May 31 14:45:51 UTC 2017"}
        ],
        [
            {"location": [[
                {"latitude": 64.240754},
                {"longitude": 27.731059}
            ]]},
            {"altitude": 197},
            {"distance_km": 1.43},
            {"speed_kmh": 3.6},
            {"timestamp": "Wed May 31 14:46:01 UTC 2017"}
        ],
        [
            {"location": [[
                {"latitude": 64.240842},
                {"longitude": 27.731193}
            ]]},
            {"altitude": 194.5},
            {"distance_km": 1.44},
            {"speed_kmh": 7.2},
            {"timestamp": "Wed May 31 14:46:14 UTC 2017"}
        ],
        [
            {"location": [[
                {"latitude": 64.240929},
                {"longitude": 27.731359}
            ]]},
            {"altitude": 197},
            {"distance_km": 1.46},
            {"speed_kmh": 3.6},
            {"timestamp": "Wed May 31 14:46:21 UTC 2017"}
        ],
        [
            {"location": [[
                {"latitude": 64.240991},
                {"longitude": 27.731512}
            ]]},
            {"altitude": 196.5},
            {"distance_km": 1.47},
            {"speed_kmh": 3.6},
            {"timestamp": "Wed May 31 14:46:29 UTC 2017"}
        ],
        [
            {"location": [[
                {"latitude": 64.241065},
                {"longitude": 27.731649}
            ]]},
            {"altitude": 197},
            {"distance_km": 1.48},
            {"speed_kmh": 3.6},
            {"timestamp": "Wed May 31 14:46:39 UTC 2017"}
        ],
        [
            {"location": [[
                {"latitude": 64.241146},
                {"longitude": 27.731755}
            ]]},
            {"altitude": 198.5},
            {"distance_km": 1.49},
            {"speed_kmh": 3.6},
            {"timestamp": "Wed May 31 14:46:49 UTC 2017"}
        ],
        [
            {"location": [[
                {"latitude": 64.241207},
                {"longitude": 27.731916}
            ]]},
            {"altitude": 197},
            {"distance_km": 1.5},
            {"speed_kmh": 3.6},
            {"timestamp": "Wed May 31 14:46:57 UTC 2017"}
        ],
        [
            {"location": [[
                {"latitude": 64.241251},
                {"longitude": 27.732119}
            ]]},
            {"altitude": 197},
            {"distance_km": 1.51},
            {"speed_kmh": 3.6},
            {"timestamp": "Wed May 31 14:47:05 UTC 2017"}
        ],
        [
            {"location": [[
                {"latitude": 64.241257},
                {"longitude": 27.732333}
            ]]},
            {"altitude": 197.5},
            {"distance_km": 1.52},
            {"speed_kmh": 0},
            {"timestamp": "Wed May 31 14:47:17 UTC 2017"}
        ],
        [
            {"location": [[
                {"latitude": 64.24116},
                {"longitude": 27.732344}
            ]]},
            {"altitude": 198},
            {"distance_km": 1.53},
            {"speed_kmh": 2.7},
            {"timestamp": "Wed May 31 14:47:37 UTC 2017"}
        ],
        [
            {"location": [[
                {"latitude": 64.241052},
                {"longitude": 27.732348}
            ]]},
            {"altitude": 204},
            {"distance_km": 1.54},
            {"speed_kmh": 2.7},
            {"timestamp": "Wed May 31 14:47:47 UTC 2017"}
        ],
        [
            {"location": [[
                {"latitude": 64.240944},
                {"longitude": 27.732353}
            ]]},
            {"altitude": 209.5},
            {"distance_km": 1.55},
            {"speed_kmh": 3.6},
            {"timestamp": "Wed May 31 14:47:55 UTC 2017"}
        ],
        [
            {"location": [[
                {"latitude": 64.240832},
                {"longitude": 27.732366}
            ]]},
            {"altitude": 212},
            {"distance_km": 1.57},
            {"speed_kmh": 3.6},
            {"timestamp": "Wed May 31 14:48:08 UTC 2017"}
        ],
        [
            {"location": [[
                {"latitude": 64.240723},
                {"longitude": 27.732388}
            ]]},
            {"altitude": 213},
            {"distance_km": 1.58},
            {"speed_kmh": 3.6},
            {"timestamp": "Wed May 31 14:48:15 UTC 2017"}
        ],
        [
            {"location": [[
                {"latitude": 64.240623},
                {"longitude": 27.732414}
            ]]},
            {"altitude": 212.5},
            {"distance_km": 1.59},
            {"speed_kmh": 3.6},
            {"timestamp": "Wed May 31 14:48:23 UTC 2017"}
        ],
        [
            {"location": [[
                {"latitude": 64.240535},
                {"longitude": 27.732476}
            ]]},
            {"altitude": 211.5},
            {"distance_km": 1.6},
            {"speed_kmh": 0},
            {"timestamp": "Wed May 31 14:48:35 UTC 2017"}
        ],
        [
            {"location": [[
                {"latitude": 64.240434},
                {"longitude": 27.73252}
            ]]},
            {"altitude": 211.5},
            {"distance_km": 1.61},
            {"speed_kmh": 2.7},
            {"timestamp": "Wed May 31 14:48:47 UTC 2017"}
        ],
        [
            {"location": [[
                {"latitude": 64.240319},
                {"longitude": 27.732552}
            ]]},
            {"altitude": 211},
            {"distance_km": 1.62},
            {"speed_kmh": 3.6},
            {"timestamp": "Wed May 31 14:48:55 UTC 2017"}
        ],
        [
            {"location": [[
                {"latitude": 64.240213},
                {"longitude": 27.732604}
            ]]},
            {"altitude": 210},
            {"distance_km": 1.64},
            {"speed_kmh": 2.7},
            {"timestamp": "Wed May 31 14:49:09 UTC 2017"}
        ],
        [
            {"location": [[
                {"latitude": 64.240109},
                {"longitude": 27.73268}
            ]]},
            {"altitude": 211.5},
            {"distance_km": 1.65},
            {"speed_kmh": 3.6},
            {"timestamp": "Wed May 31 14:49:17 UTC 2017"}
        ],
        [
            {"location": [[
                {"latitude": 64.240001},
                {"longitude": 27.732699}
            ]]},
            {"altitude": 214.5},
            {"distance_km": 1.66},
            {"speed_kmh": 3.6},
            {"timestamp": "Wed May 31 14:49:25 UTC 2017"}
        ],
        [
            {"location": [[
                {"latitude": 64.239907},
                {"longitude": 27.732754}
            ]]},
            {"altitude": 215.5},
            {"distance_km": 1.67},
            {"speed_kmh": 3.6},
            {"timestamp": "Wed May 31 14:49:33 UTC 2017"}
        ],
        [
            {"location": [[
                {"latitude": 64.23982},
                {"longitude": 27.732827}
            ]]},
            {"altitude": 212.5},
            {"distance_km": 1.68},
            {"speed_kmh": 3.6},
            {"timestamp": "Wed May 31 14:49:41 UTC 2017"}
        ],
        [
            {"location": [[
                {"latitude": 64.239716},
                {"longitude": 27.732841}
            ]]},
            {"altitude": 208.5},
            {"distance_km": 1.69},
            {"speed_kmh": 2.7},
            {"timestamp": "Wed May 31 14:49:53 UTC 2017"}
        ],
        [
            {"location": [[
                {"latitude": 64.239622},
                {"longitude": 27.732819}
            ]]},
            {"altitude": 207},
            {"distance_km": 1.7},
            {"speed_kmh": 2.7},
            {"timestamp": "Wed May 31 14:50:01 UTC 2017"}
        ],
        [
            {"location": [[
                {"latitude": 64.239514},
                {"longitude": 27.732793}
            ]]},
            {"altitude": 205.5},
            {"distance_km": 1.72},
            {"speed_kmh": 2.7},
            {"timestamp": "Wed May 31 14:50:11 UTC 2017"}
        ],
        [
            {"location": [[
                {"latitude": 64.239405},
                {"longitude": 27.732764}
            ]]},
            {"altitude": 208},
            {"distance_km": 1.73},
            {"speed_kmh": 2.7},
            {"timestamp": "Wed May 31 14:50:19 UTC 2017"}
        ],
        [
            {"location": [[
                {"latitude": 64.239291},
                {"longitude": 27.732738}
            ]]},
            {"altitude": 210},
            {"distance_km": 1.74},
            {"speed_kmh": 2.7},
            {"timestamp": "Wed May 31 14:50:27 UTC 2017"}
        ],
        [
            {"location": [[
                {"latitude": 64.239189},
                {"longitude": 27.732703}
            ]]},
            {"altitude": 208.5},
            {"distance_km": 1.75},
            {"speed_kmh": 3.6},
            {"timestamp": "Wed May 31 14:50:35 UTC 2017"}
        ],
        [
            {"location": [[
                {"latitude": 64.239104},
                {"longitude": 27.732626}
            ]]},
            {"altitude": 209.5},
            {"distance_km": 1.76},
            {"speed_kmh": 2.7},
            {"timestamp": "Wed May 31 14:50:43 UTC 2017"}
        ],
        [
            {"location": [[
                {"latitude": 64.238998},
                {"longitude": 27.732572}
            ]]},
            {"altitude": 209},
            {"distance_km": 1.77},
            {"speed_kmh": 3.6},
            {"timestamp": "Wed May 31 14:50:53 UTC 2017"}
        ],
        [
            {"location": [[
                {"latitude": 64.238916},
                {"longitude": 27.73267}
            ]]},
            {"altitude": 206.5},
            {"distance_km": 1.78},
            {"speed_kmh": 2.7},
            {"timestamp": "Wed May 31 14:51:03 UTC 2017"}
        ],
        [
            {"location": [[
                {"latitude": 64.238826},
                {"longitude": 27.732705}
            ]]},
            {"altitude": 204.5},
            {"distance_km": 1.79},
            {"speed_kmh": 0},
            {"timestamp": "Wed May 31 14:51:13 UTC 2017"}
        ],
        [
            {"location": [[
                {"latitude": 64.238735},
                {"longitude": 27.732859}
            ]]},
            {"altitude": 205},
            {"distance_km": 1.81},
            {"speed_kmh": 1.8},
            {"timestamp": "Wed May 31 14:51:35 UTC 2017"}
        ],
        [
            {"location": [[
                {"latitude": 64.23866},
                {"longitude": 27.732991}
            ]]},
            {"altitude": 206.5},
            {"distance_km": 1.82},
            {"speed_kmh": 2.7},
            {"timestamp": "Wed May 31 14:51:43 UTC 2017"}
        ],
        [
            {"location": [[
                {"latitude": 64.238588},
                {"longitude": 27.733121}
            ]]},
            {"altitude": 210.5},
            {"distance_km": 1.83},
            {"speed_kmh": 3.6},
            {"timestamp": "Wed May 31 14:51:49 UTC 2017"}
        ],
        [
            {"location": [[
                {"latitude": 64.23848},
                {"longitude": 27.733169}
            ]]},
            {"altitude": 206.5},
            {"distance_km": 1.84},
            {"speed_kmh": 3.6},
            {"timestamp": "Wed May 31 14:52:01 UTC 2017"}
        ],
        [
            {"location": [[
                {"latitude": 64.23837},
                {"longitude": 27.73317}
            ]]},
            {"altitude": 201},
            {"distance_km": 1.85},
            {"speed_kmh": 3.6},
            {"timestamp": "Wed May 31 14:52:09 UTC 2017"}
        ],
        [
            {"location": [[
                {"latitude": 64.238268},
                {"longitude": 27.733184}
            ]]},
            {"altitude": 197.5},
            {"distance_km": 1.86},
            {"speed_kmh": 4.5},
            {"timestamp": "Wed May 31 14:52:17 UTC 2017"}
        ],
        [
            {"location": [[
                {"latitude": 64.238153},
                {"longitude": 27.733136}
            ]]},
            {"altitude": 199},
            {"distance_km": 1.88},
            {"speed_kmh": 4.5},
            {"timestamp": "Wed May 31 14:52:25 UTC 2017"}
        ],
        [
            {"location": [[
                {"latitude": 64.238041},
                {"longitude": 27.733137}
            ]]},
            {"altitude": 202},
            {"distance_km": 1.89},
            {"speed_kmh": 3.6},
            {"timestamp": "Wed May 31 14:52:37 UTC 2017"}
        ],
        [
            {"location": [[
                {"latitude": 64.237941},
                {"longitude": 27.733207}
            ]]},
            {"altitude": 202},
            {"distance_km": 1.9},
            {"speed_kmh": 3.6},
            {"timestamp": "Wed May 31 14:52:45 UTC 2017"}
        ],
        [
            {"location": [[
                {"latitude": 64.237832},
                {"longitude": 27.733273}
            ]]},
            {"altitude": 202},
            {"distance_km": 1.91},
            {"speed_kmh": 3.6},
            {"timestamp": "Wed May 31 14:52:53 UTC 2017"}
        ],
        [
            {"location": [[
                {"latitude": 64.237726},
                {"longitude": 27.733322}
            ]]},
            {"altitude": 199.5},
            {"distance_km": 1.93},
            {"speed_kmh": 3.6},
            {"timestamp": "Wed May 31 14:53:03 UTC 2017"}
        ],
        [
            {"location": [[
                {"latitude": 64.237632},
                {"longitude": 27.733387}
            ]]},
            {"altitude": 197.5},
            {"distance_km": 1.94},
            {"speed_kmh": 3.6},
            {"timestamp": "Wed May 31 14:53:11 UTC 2017"}
        ],
        [
            {"location": [[
                {"latitude": 64.237523},
                {"longitude": 27.733467}
            ]]},
            {"altitude": 196},
            {"distance_km": 1.95},
            {"speed_kmh": 4.5},
            {"timestamp": "Wed May 31 14:53:20 UTC 2017"}
        ],
        [
            {"location": [[
                {"latitude": 64.237429},
                {"longitude": 27.733552}
            ]]},
            {"altitude": 193},
            {"distance_km": 1.96},
            {"speed_kmh": 4.5},
            {"timestamp": "Wed May 31 14:53:26 UTC 2017"}
        ],
        [
            {"location": [[
                {"latitude": 64.237336},
                {"longitude": 27.733648}
            ]]},
            {"altitude": 194},
            {"distance_km": 1.97},
            {"speed_kmh": 4.5},
            {"timestamp": "Wed May 31 14:53:33 UTC 2017"}
        ],
        [
            {"location": [[
                {"latitude": 64.237222},
                {"longitude": 27.733697}
            ]]},
            {"altitude": 190.5},
            {"distance_km": 1.98},
            {"speed_kmh": 6.3},
            {"timestamp": "Wed May 31 14:53:41 UTC 2017"}
        ],
        [
            {"location": [[
                {"latitude": 64.237127},
                {"longitude": 27.733828}
            ]]},
            {"altitude": 192.5},
            {"distance_km": 2},
            {"speed_kmh": 4.5},
            {"timestamp": "Wed May 31 14:53:49 UTC 2017"}
        ],
        [
            {"location": [[
                {"latitude": 64.23703},
                {"longitude": 27.733944}
            ]]},
            {"altitude": 191.5},
            {"distance_km": 2.01},
            {"speed_kmh": 4.5},
            {"timestamp": "Wed May 31 14:53:57 UTC 2017"}
        ],
        [
            {"location": [[
                {"latitude": 64.236944},
                {"longitude": 27.734023}
            ]]},
            {"altitude": 187},
            {"distance_km": 2.02},
            {"speed_kmh": 4.5},
            {"timestamp": "Wed May 31 14:54:03 UTC 2017"}
        ],
        [
            {"location": [[
                {"latitude": 64.236847},
                {"longitude": 27.734122}
            ]]},
            {"altitude": 184},
            {"distance_km": 2.03},
            {"speed_kmh": 4.5},
            {"timestamp": "Wed May 31 14:54:11 UTC 2017"}
        ],
        [
            {"location": [[
                {"latitude": 64.236765},
                {"longitude": 27.73426}
            ]]},
            {"altitude": 182.5},
            {"distance_km": 2.04},
            {"speed_kmh": 4.5},
            {"timestamp": "Wed May 31 14:54:19 UTC 2017"}
        ],
        [
            {"location": [[
                {"latitude": 64.236675},
                {"longitude": 27.73435}
            ]]},
            {"altitude": 182},
            {"distance_km": 2.05},
            {"speed_kmh": 4.5},
            {"timestamp": "Wed May 31 14:54:25 UTC 2017"}
        ],
        [
            {"location": [[
                {"latitude": 64.236598},
                {"longitude": 27.73446}
            ]]},
            {"altitude": 183.5},
            {"distance_km": 2.06},
            {"speed_kmh": 4.5},
            {"timestamp": "Wed May 31 14:54:31 UTC 2017"}
        ],
        [
            {"location": [[
                {"latitude": 64.236506},
                {"longitude": 27.734614}
            ]]},
            {"altitude": 181.5},
            {"distance_km": 2.08},
            {"speed_kmh": 4.5},
            {"timestamp": "Wed May 31 14:54:39 UTC 2017"}
        ],
        [
            {"location": [[
                {"latitude": 64.236425},
                {"longitude": 27.734745}
            ]]},
            {"altitude": 180.5},
            {"distance_km": 2.09},
            {"speed_kmh": 3.6},
            {"timestamp": "Wed May 31 14:54:47 UTC 2017"}
        ],
        [
            {"location": [[
                {"latitude": 64.236325},
                {"longitude": 27.734904}
            ]]},
            {"altitude": 184},
            {"distance_km": 2.1},
            {"speed_kmh": 4.5},
            {"timestamp": "Wed May 31 14:54:55 UTC 2017"}
        ],
        [
            {"location": [[
                {"latitude": 64.236237},
                {"longitude": 27.735042}
            ]]},
            {"altitude": 186.5},
            {"distance_km": 2.11},
            {"speed_kmh": 4.5},
            {"timestamp": "Wed May 31 14:55:01 UTC 2017"}
        ],
        [
            {"location": [[
                {"latitude": 64.236144},
                {"longitude": 27.735144}
            ]]},
            {"altitude": 188.5},
            {"distance_km": 2.12},
            {"speed_kmh": 4.5},
            {"timestamp": "Wed May 31 14:55:07 UTC 2017"}
        ],
        [
            {"location": [[
                {"latitude": 64.236072},
                {"longitude": 27.735302}
            ]]},
            {"altitude": 194.5},
            {"distance_km": 2.14},
            {"speed_kmh": 4.5},
            {"timestamp": "Wed May 31 14:55:14 UTC 2017"}
        ],
        [
            {"location": [[
                {"latitude": 64.235983},
                {"longitude": 27.735444}
            ]]},
            {"altitude": 193.5},
            {"distance_km": 2.15},
            {"speed_kmh": 4.5},
            {"timestamp": "Wed May 31 14:55:22 UTC 2017"}
        ],
        [
            {"location": [[
                {"latitude": 64.235916},
                {"longitude": 27.735604}
            ]]},
            {"altitude": 192.5},
            {"distance_km": 2.16},
            {"speed_kmh": 4.5},
            {"timestamp": "Wed May 31 14:55:29 UTC 2017"}
        ],
        [
            {"location": [[
                {"latitude": 64.235827},
                {"longitude": 27.735766}
            ]]},
            {"altitude": 193},
            {"distance_km": 2.17},
            {"speed_kmh": 4.5},
            {"timestamp": "Wed May 31 14:55:37 UTC 2017"}
        ],
        [
            {"location": [[
                {"latitude": 64.235754},
                {"longitude": 27.735897}
            ]]},
            {"altitude": 190.5},
            {"distance_km": 2.18},
            {"speed_kmh": 4.5},
            {"timestamp": "Wed May 31 14:55:43 UTC 2017"}
        ],
        [
            {"location": [[
                {"latitude": 64.235677},
                {"longitude": 27.736088}
            ]]},
            {"altitude": 188},
            {"distance_km": 2.19},
            {"speed_kmh": 4.5},
            {"timestamp": "Wed May 31 14:55:51 UTC 2017"}
        ],
        [
            {"location": [[
                {"latitude": 64.235583},
                {"longitude": 27.736205}
            ]]},
            {"altitude": 183},
            {"distance_km": 2.21},
            {"speed_kmh": 5.4},
            {"timestamp": "Wed May 31 14:55:59 UTC 2017"}
        ],
        [
            {"location": [[
                {"latitude": 64.235484},
                {"longitude": 27.736119}
            ]]},
            {"altitude": 178.5},
            {"distance_km": 2.22},
            {"speed_kmh": 4.5},
            {"timestamp": "Wed May 31 14:56:09 UTC 2017"}
        ],
        [
            {"location": [[
                {"latitude": 64.235405},
                {"longitude": 27.735987}
            ]]},
            {"altitude": 175.5},
            {"distance_km": 2.23},
            {"speed_kmh": 4.5},
            {"timestamp": "Wed May 31 14:56:19 UTC 2017"}
        ],
        [
            {"location": [[
                {"latitude": 64.235335},
                {"longitude": 27.735852}
            ]]},
            {"altitude": 175},
            {"distance_km": 2.24},
            {"speed_kmh": 4.5},
            {"timestamp": "Wed May 31 14:56:27 UTC 2017"}
        ],
        [
            {"location": [[
                {"latitude": 64.235251},
                {"longitude": 27.735768}
            ]]},
            {"altitude": 176},
            {"distance_km": 2.25},
            {"speed_kmh": 2.7},
            {"timestamp": "Wed May 31 14:56:37 UTC 2017"}
        ],
        [
            {"location": [[
                {"latitude": 64.235164},
                {"longitude": 27.735708}
            ]]},
            {"altitude": 171},
            {"distance_km": 2.26},
            {"speed_kmh": 4.5},
            {"timestamp": "Wed May 31 14:56:43 UTC 2017"}
        ],
        [
            {"location": [[
                {"latitude": 64.235057},
                {"longitude": 27.735608}
            ]]},
            {"altitude": 172},
            {"distance_km": 2.27},
            {"speed_kmh": 3.6},
            {"timestamp": "Wed May 31 14:56:51 UTC 2017"}
        ],
        [
            {"location": [[
                {"latitude": 64.234961},
                {"longitude": 27.735503}
            ]]},
            {"altitude": 177},
            {"distance_km": 2.28},
            {"speed_kmh": 3.6},
            {"timestamp": "Wed May 31 14:57:00 UTC 2017"}
        ],
        [
            {"location": [[
                {"latitude": 64.234888},
                {"longitude": 27.735349}
            ]]},
            {"altitude": 180},
            {"distance_km": 2.29},
            {"speed_kmh": 3.6},
            {"timestamp": "Wed May 31 14:57:07 UTC 2017"}
        ],
        [
            {"location": [[
                {"latitude": 64.234799},
                {"longitude": 27.735219}
            ]]},
            {"altitude": 180},
            {"distance_km": 2.31},
            {"speed_kmh": 3.6},
            {"timestamp": "Wed May 31 14:57:15 UTC 2017"}
        ],
        [
            {"location": [[
                {"latitude": 64.23472},
                {"longitude": 27.735113}
            ]]},
            {"altitude": 177.5},
            {"distance_km": 2.32},
            {"speed_kmh": 4.5},
            {"timestamp": "Wed May 31 14:57:21 UTC 2017"}
        ],
        [
            {"location": [[
                {"latitude": 64.234621},
                {"longitude": 27.734981}
            ]]},
            {"altitude": 177.5},
            {"distance_km": 2.33},
            {"speed_kmh": 4.5},
            {"timestamp": "Wed May 31 14:57:29 UTC 2017"}
        ],
        [
            {"location": [[
                {"latitude": 64.234526},
                {"longitude": 27.734787}
            ]]},
            {"altitude": 179.5},
            {"distance_km": 2.34},
            {"speed_kmh": 5.4},
            {"timestamp": "Wed May 31 14:57:37 UTC 2017"}
        ],
        [
            {"location": [[
                {"latitude": 64.234449},
                {"longitude": 27.734641}
            ]]},
            {"altitude": 179.5},
            {"distance_km": 2.35},
            {"speed_kmh": 2.7},
            {"timestamp": "Wed May 31 14:57:45 UTC 2017"}
        ],
        [
            {"location": [[
                {"latitude": 64.234372},
                {"longitude": 27.734512}
            ]]},
            {"altitude": 178.5},
            {"distance_km": 2.36},
            {"speed_kmh": 3.6},
            {"timestamp": "Wed May 31 14:57:53 UTC 2017"}
        ],
        [
            {"location": [[
                {"latitude": 64.234266},
                {"longitude": 27.734454}
            ]]},
            {"altitude": 182.5},
            {"distance_km": 2.38},
            {"speed_kmh": 3.6},
            {"timestamp": "Wed May 31 14:58:01 UTC 2017"}
        ],
        [
            {"location": [[
                {"latitude": 64.234166},
                {"longitude": 27.734369}
            ]]},
            {"altitude": 178},
            {"distance_km": 2.39},
            {"speed_kmh": 3.6},
            {"timestamp": "Wed May 31 14:58:09 UTC 2017"}
        ],
        [
            {"location": [[
                {"latitude": 64.234085},
                {"longitude": 27.734256}
            ]]},
            {"altitude": 179},
            {"distance_km": 2.4},
            {"speed_kmh": 3.6},
            {"timestamp": "Wed May 31 14:58:15 UTC 2017"}
        ],
        [
            {"location": [[
                {"latitude": 64.233987},
                {"longitude": 27.734151}
            ]]},
            {"altitude": 185},
            {"distance_km": 2.41},
            {"speed_kmh": 3.6},
            {"timestamp": "Wed May 31 14:58:23 UTC 2017"}
        ],
        [
            {"location": [[
                {"latitude": 64.233887},
                {"longitude": 27.734039}
            ]]},
            {"altitude": 185.5},
            {"distance_km": 2.42},
            {"speed_kmh": 4.5},
            {"timestamp": "Wed May 31 14:58:31 UTC 2017"}
        ],
        [
            {"location": [[
                {"latitude": 64.23379},
                {"longitude": 27.733928}
            ]]},
            {"altitude": 183.5},
            {"distance_km": 2.44},
            {"speed_kmh": 4.5},
            {"timestamp": "Wed May 31 14:58:40 UTC 2017"}
        ],
        [
            {"location": [[
                {"latitude": 64.233713},
                {"longitude": 27.733809}
            ]]},
            {"altitude": 184},
            {"distance_km": 2.45},
            {"speed_kmh": 1.8},
            {"timestamp": "Wed May 31 14:58:51 UTC 2017"}
        ],
        [
            {"location": [[
                {"latitude": 64.23362},
                {"longitude": 27.733752}
            ]]},
            {"altitude": 171.5},
            {"distance_km": 2.46},
            {"speed_kmh": 2.7},
            {"timestamp": "Wed May 31 14:59:45 UTC 2017"}
        ],
        [
            {"location": [[
                {"latitude": 64.233512},
                {"longitude": 27.733698}
            ]]},
            {"altitude": 175.5},
            {"distance_km": 2.47},
            {"speed_kmh": 3.6},
            {"timestamp": "Wed May 31 14:59:53 UTC 2017"}
        ],
        [
            {"location": [[
                {"latitude": 64.233404},
                {"longitude": 27.733636}
            ]]},
            {"altitude": 179},
            {"distance_km": 2.48},
            {"speed_kmh": 3.6},
            {"timestamp": "Wed May 31 15:00:01 UTC 2017"}
        ],
        [
            {"location": [[
                {"latitude": 64.233317},
                {"longitude": 27.733577}
            ]]},
            {"altitude": 180},
            {"distance_km": 2.49},
            {"speed_kmh": 3.6},
            {"timestamp": "Wed May 31 15:00:07 UTC 2017"}
        ],
        [
            {"location": [[
                {"latitude": 64.233227},
                {"longitude": 27.73355}
            ]]},
            {"altitude": 180},
            {"distance_km": 2.5},
            {"speed_kmh": 3.6},
            {"timestamp": "Wed May 31 15:00:17 UTC 2017"}
        ],
        [
            {"location": [[
                {"latitude": 64.233129},
                {"longitude": 27.733478}
            ]]},
            {"altitude": 180},
            {"distance_km": 2.51},
            {"speed_kmh": 3.6},
            {"timestamp": "Wed May 31 15:00:24 UTC 2017"}
        ],
        [
            {"location": [[
                {"latitude": 64.233039},
                {"longitude": 27.733346}
            ]]},
            {"altitude": 178.5},
            {"distance_km": 2.53},
            {"speed_kmh": 3.6},
            {"timestamp": "Wed May 31 15:00:32 UTC 2017"}
        ],
        [
            {"location": [[
                {"latitude": 64.232949},
                {"longitude": 27.733211}
            ]]},
            {"altitude": 182.5},
            {"distance_km": 2.54},
            {"speed_kmh": 3.6},
            {"timestamp": "Wed May 31 15:00:41 UTC 2017"}
        ],
        [
            {"location": [[
                {"latitude": 64.232904},
                {"longitude": 27.732986}
            ]]},
            {"altitude": 185},
            {"distance_km": 2.55},
            {"speed_kmh": 3.6},
            {"timestamp": "Wed May 31 15:00:51 UTC 2017"}
        ],
        [
            {"location": [[
                {"latitude": 64.232873},
                {"longitude": 27.732778}
            ]]},
            {"altitude": 186.5},
            {"distance_km": 2.56},
            {"speed_kmh": 3.6},
            {"timestamp": "Wed May 31 15:01:01 UTC 2017"}
        ],
        [
            {"location": [[
                {"latitude": 64.232883},
                {"longitude": 27.732514}
            ]]},
            {"altitude": 187},
            {"distance_km": 2.57},
            {"speed_kmh": 4.5},
            {"timestamp": "Wed May 31 15:01:15 UTC 2017"}
        ],
        [
            {"location": [[
                {"latitude": 64.232887},
                {"longitude": 27.732282}
            ]]},
            {"altitude": 182},
            {"distance_km": 2.58},
            {"speed_kmh": 4.5},
            {"timestamp": "Wed May 31 15:01:23 UTC 2017"}
        ],
        [
            {"location": [[
                {"latitude": 64.232911},
                {"longitude": 27.732051}
            ]]},
            {"altitude": 177.5},
            {"distance_km": 2.6},
            {"speed_kmh": 4.5},
            {"timestamp": "Wed May 31 15:01:31 UTC 2017"}
        ],
        [
            {"location": [[
                {"latitude": 64.232933},
                {"longitude": 27.731795}
            ]]},
            {"altitude": 176},
            {"distance_km": 2.61},
            {"speed_kmh": 4.5},
            {"timestamp": "Wed May 31 15:01:39 UTC 2017"}
        ],
        [
            {"location": [[
                {"latitude": 64.232947},
                {"longitude": 27.731535}
            ]]},
            {"altitude": 171.5},
            {"distance_km": 2.62},
            {"speed_kmh": 5.4},
            {"timestamp": "Wed May 31 15:01:47 UTC 2017"}
        ],
        [
            {"location": [[
                {"latitude": 64.232864},
                {"longitude": 27.731386}
            ]]},
            {"altitude": 166.5},
            {"distance_km": 2.63},
            {"speed_kmh": 5.4},
            {"timestamp": "Wed May 31 15:01:53 UTC 2017"}
        ],
        [
            {"location": [[
                {"latitude": 64.232777},
                {"longitude": 27.731305}
            ]]},
            {"altitude": 165},
            {"distance_km": 2.64},
            {"speed_kmh": 0},
            {"timestamp": "Wed May 31 15:02:03 UTC 2017"}
        ],
        [
            {"location": [[
                {"latitude": 64.232675},
                {"longitude": 27.731227}
            ]]},
            {"altitude": 163.5},
            {"distance_km": 2.65},
            {"speed_kmh": 4.5},
            {"timestamp": "Wed May 31 15:02:33 UTC 2017"}
        ],
        [
            {"location": [[
                {"latitude": 64.232577},
                {"longitude": 27.731159}
            ]]},
            {"altitude": 158},
            {"distance_km": 2.67},
            {"speed_kmh": 4.5},
            {"timestamp": "Wed May 31 15:02:40 UTC 2017"}
        ],
        [
            {"location": [[
                {"latitude": 64.232507},
                {"longitude": 27.73102}
            ]]},
            {"altitude": 155.5},
            {"distance_km": 2.68},
            {"speed_kmh": 4.5},
            {"timestamp": "Wed May 31 15:02:46 UTC 2017"}
        ],
        [
            {"location": [[
                {"latitude": 64.23241},
                {"longitude": 27.730931}
            ]]},
            {"altitude": 158},
            {"distance_km": 2.69},
            {"speed_kmh": 4.5},
            {"timestamp": "Wed May 31 15:02:54 UTC 2017"}
        ],
        [
            {"location": [[
                {"latitude": 64.232331},
                {"longitude": 27.730791}
            ]]},
            {"altitude": 158},
            {"distance_km": 2.7},
            {"speed_kmh": 4.5},
            {"timestamp": "Wed May 31 15:03:01 UTC 2017"}
        ],
        [
            {"location": [[
                {"latitude": 64.232257},
                {"longitude": 27.730645}
            ]]},
            {"altitude": 163},
            {"distance_km": 2.71},
            {"speed_kmh": 4.5},
            {"timestamp": "Wed May 31 15:03:09 UTC 2017"}
        ],
        [
            {"location": [[
                {"latitude": 64.232153},
                {"longitude": 27.730546}
            ]]},
            {"altitude": 158},
            {"distance_km": 2.72},
            {"speed_kmh": 4.5},
            {"timestamp": "Wed May 31 15:03:17 UTC 2017"}
        ],
        [
            {"location": [[
                {"latitude": 64.232059},
                {"longitude": 27.730408}
            ]]},
            {"altitude": 158},
            {"distance_km": 2.73},
            {"speed_kmh": 4.5},
            {"timestamp": "Wed May 31 15:03:25 UTC 2017"}
        ],
        [
            {"location": [[
                {"latitude": 64.231967},
                {"longitude": 27.730251}
            ]]},
            {"altitude": 156.5},
            {"distance_km": 2.75},
            {"speed_kmh": 3.6},
            {"timestamp": "Wed May 31 15:03:33 UTC 2017"}
        ],
        [
            {"location": [[
                {"latitude": 64.231894},
                {"longitude": 27.730127}
            ]]},
            {"altitude": 155.5},
            {"distance_km": 2.76},
            {"speed_kmh": 4.5},
            {"timestamp": "Wed May 31 15:03:39 UTC 2017"}
        ],
        [
            {"location": [[
                {"latitude": 64.231819},
                {"longitude": 27.72998}
            ]]},
            {"altitude": 151.5},
            {"distance_km": 2.77},
            {"speed_kmh": 3.6},
            {"timestamp": "Wed May 31 15:03:47 UTC 2017"}
        ],
        [
            {"location": [[
                {"latitude": 64.231767},
                {"longitude": 27.729799}
            ]]},
            {"altitude": 155.5},
            {"distance_km": 2.78},
            {"speed_kmh": 2.7},
            {"timestamp": "Wed May 31 15:04:01 UTC 2017"}
        ],
        [
            {"location": [[
                {"latitude": 64.231813},
                {"longitude": 27.729613}
            ]]},
            {"altitude": 160.5},
            {"distance_km": 2.79},
            {"speed_kmh": 2.7},
            {"timestamp": "Wed May 31 15:04:19 UTC 2017"}
        ],
        [
            {"location": [[
                {"latitude": 64.23179},
                {"longitude": 27.729623}
            ]]},
            {"altitude": 158.5},
            {"distance_km": 2.79},
            {"speed_kmh": 1.8},
            {"timestamp": "Wed May 31 15:04:45 UTC 2017"}
        ],
        [
            {"location": [[
                {"latitude": 64.231786},
                {"longitude": 27.729625}
            ]]},
            {"altitude": 158},
            {"distance_km": 2.79},
            {"speed_kmh": 1.8},
            {"timestamp": "Wed May 31 15:04:46 UTC 2017"}
        ]
    ]}
]