[
    {"sport": "WALKING"},
    {"source": "TRACK_MOBILE"},
    {"created_date": "2017-06-05 03:17:42.0"},
    {"start_time": "2017-06-05 03:15:05.0"},
    {"end_time": "2017-06-05 03:36:47.0"},
    {"duration_s": 1302},
    {"distance_km": 1.46},
    {"calories_kcal": 112.618},
    {"altitude_min_m": 138},
    {"altitude_max_m": 166},
    {"speed_avg_kmh": 4.0368663594470044},
    {"speed_max_kmh": 7.2},
    {"ascend_m": 20},
    {"descend_m": 24},
    {"points": [
        [
            {"location": [[
                {"latitude": 64.232076},
                {"longitude": 27.729444}
            ]]},
            {"distance_km": 0},
            {"timestamp": "Mon Jun 05 03:15:05 UTC 2017"}
        ],
        [
            {"location": [[
                {"latitude": 64.232076},
                {"longitude": 27.729444}
            ]]},
            {"altitude": 158.5},
            {"distance_km": 0},
            {"speed_kmh": 0},
            {"timestamp": "Mon Jun 05 03:15:23 UTC 2017"}
        ],
        [
            {"location": [[
                {"latitude": 64.231965},
                {"longitude": 27.729502}
            ]]},
            {"altitude": 160},
            {"distance_km": 0.01},
            {"speed_kmh": 0},
            {"timestamp": "Mon Jun 05 03:15:33 UTC 2017"}
        ],
        [
            {"location": [[
                {"latitude": 64.231859},
                {"longitude": 27.729553}
            ]]},
            {"altitude": 161},
            {"distance_km": 0.02},
            {"speed_kmh": 0},
            {"timestamp": "Mon Jun 05 03:15:37 UTC 2017"}
        ],
        [
            {"location": [[
                {"latitude": 64.231772},
                {"longitude": 27.729407}
            ]]},
            {"altitude": 154},
            {"distance_km": 0.04},
            {"speed_kmh": 0.9},
            {"timestamp": "Mon Jun 05 03:15:51 UTC 2017"}
        ],
        [
            {"location": [[
                {"latitude": 64.231673},
                {"longitude": 27.729363}
            ]]},
            {"altitude": 158.5},
            {"distance_km": 0.05},
            {"speed_kmh": 4.5},
            {"timestamp": "Mon Jun 05 03:15:59 UTC 2017"}
        ],
        [
            {"location": [[
                {"latitude": 64.231668},
                {"longitude": 27.729598}
            ]]},
            {"altitude": 150},
            {"distance_km": 0.06},
            {"speed_kmh": 4.5},
            {"timestamp": "Mon Jun 05 03:16:05 UTC 2017"}
        ],
        [
            {"location": [[
                {"latitude": 64.231686},
                {"longitude": 27.729851}
            ]]},
            {"altitude": 152},
            {"distance_km": 0.07},
            {"speed_kmh": 4.5},
            {"timestamp": "Mon Jun 05 03:16:13 UTC 2017"}
        ],
        [
            {"location": [[
                {"latitude": 64.231729},
                {"longitude": 27.730034}
            ]]},
            {"altitude": 152},
            {"distance_km": 0.08},
            {"speed_kmh": 4.5},
            {"timestamp": "Mon Jun 05 03:16:21 UTC 2017"}
        ],
        [
            {"location": [[
                {"latitude": 64.231819},
                {"longitude": 27.730155}
            ]]},
            {"altitude": 151.5},
            {"distance_km": 0.09},
            {"speed_kmh": 3.6},
            {"timestamp": "Mon Jun 05 03:16:31 UTC 2017"}
        ],
        [
            {"location": [[
                {"latitude": 64.231909},
                {"longitude": 27.730274}
            ]]},
            {"altitude": 148.5},
            {"distance_km": 0.1},
            {"speed_kmh": 3.6},
            {"timestamp": "Mon Jun 05 03:16:42 UTC 2017"}
        ],
        [
            {"location": [[
                {"latitude": 64.232016},
                {"longitude": 27.730398}
            ]]},
            {"altitude": 149.5},
            {"distance_km": 0.12},
            {"speed_kmh": 4.5},
            {"timestamp": "Mon Jun 05 03:16:53 UTC 2017"}
        ],
        [
            {"location": [[
                {"latitude": 64.232083},
                {"longitude": 27.730232}
            ]]},
            {"altitude": 154.5},
            {"distance_km": 0.13},
            {"speed_kmh": 3.6},
            {"timestamp": "Mon Jun 05 03:17:07 UTC 2017"}
        ],
        [
            {"location": [[
                {"latitude": 64.232106},
                {"longitude": 27.73003}
            ]]},
            {"altitude": 153.5},
            {"distance_km": 0.14},
            {"speed_kmh": 0},
            {"timestamp": "Mon Jun 05 03:17:35 UTC 2017"}
        ],
        [
            {"location": [[
                {"latitude": 64.23209},
                {"longitude": 27.729811}
            ]]},
            {"altitude": 151},
            {"distance_km": 0.15},
            {"speed_kmh": 3.6},
            {"timestamp": "Mon Jun 05 03:17:47 UTC 2017"}
        ],
        [
            {"location": [[
                {"latitude": 64.232057},
                {"longitude": 27.729613}
            ]]},
            {"altitude": 150.5},
            {"distance_km": 0.16},
            {"speed_kmh": 3.6},
            {"timestamp": "Mon Jun 05 03:17:55 UTC 2017"}
        ],
        [
            {"location": [[
                {"latitude": 64.231948},
                {"longitude": 27.72954}
            ]]},
            {"altitude": 145.5},
            {"distance_km": 0.17},
            {"speed_kmh": 1.8},
            {"timestamp": "Mon Jun 05 03:20:29 UTC 2017"}
        ],
        [
            {"location": [[
                {"latitude": 64.231833},
                {"longitude": 27.729476}
            ]]},
            {"altitude": 147},
            {"distance_km": 0.19},
            {"speed_kmh": 0},
            {"timestamp": "Mon Jun 05 03:20:33 UTC 2017"}
        ],
        [
            {"location": [[
                {"latitude": 64.231722},
                {"longitude": 27.729476}
            ]]},
            {"altitude": 152.5},
            {"distance_km": 0.2},
            {"speed_kmh": 4.5},
            {"timestamp": "Mon Jun 05 03:20:39 UTC 2017"}
        ],
        [
            {"location": [[
                {"latitude": 64.231697},
                {"longitude": 27.729719}
            ]]},
            {"altitude": 151.5},
            {"distance_km": 0.21},
            {"speed_kmh": 3.6},
            {"timestamp": "Mon Jun 05 03:20:49 UTC 2017"}
        ],
        [
            {"location": [[
                {"latitude": 64.231733},
                {"longitude": 27.729921}
            ]]},
            {"altitude": 150.5},
            {"distance_km": 0.22},
            {"speed_kmh": 4.5},
            {"timestamp": "Mon Jun 05 03:20:57 UTC 2017"}
        ],
        [
            {"location": [[
                {"latitude": 64.231794},
                {"longitude": 27.730117}
            ]]},
            {"altitude": 149},
            {"distance_km": 0.23},
            {"speed_kmh": 4.5},
            {"timestamp": "Mon Jun 05 03:21:07 UTC 2017"}
        ],
        [
            {"location": [[
                {"latitude": 64.231886},
                {"longitude": 27.730267}
            ]]},
            {"altitude": 150},
            {"distance_km": 0.25},
            {"speed_kmh": 4.5},
            {"timestamp": "Mon Jun 05 03:21:17 UTC 2017"}
        ],
        [
            {"location": [[
                {"latitude": 64.231984},
                {"longitude": 27.73036}
            ]]},
            {"altitude": 151},
            {"distance_km": 0.26},
            {"speed_kmh": 4.5},
            {"timestamp": "Mon Jun 05 03:21:25 UTC 2017"}
        ],
        [
            {"location": [[
                {"latitude": 64.232062},
                {"longitude": 27.730494}
            ]]},
            {"altitude": 150},
            {"distance_km": 0.27},
            {"speed_kmh": 4.5},
            {"timestamp": "Mon Jun 05 03:21:34 UTC 2017"}
        ],
        [
            {"location": [[
                {"latitude": 64.232144},
                {"longitude": 27.730611}
            ]]},
            {"altitude": 152},
            {"distance_km": 0.28},
            {"speed_kmh": 4.5},
            {"timestamp": "Mon Jun 05 03:21:42 UTC 2017"}
        ],
        [
            {"location": [[
                {"latitude": 64.232235},
                {"longitude": 27.73076}
            ]]},
            {"altitude": 152.5},
            {"distance_km": 0.29},
            {"speed_kmh": 4.5},
            {"timestamp": "Mon Jun 05 03:21:51 UTC 2017"}
        ],
        [
            {"location": [[
                {"latitude": 64.232324},
                {"longitude": 27.73088}
            ]]},
            {"altitude": 155},
            {"distance_km": 0.3},
            {"speed_kmh": 4.5},
            {"timestamp": "Mon Jun 05 03:22:09 UTC 2017"}
        ],
        [
            {"location": [[
                {"latitude": 64.232427},
                {"longitude": 27.730993}
            ]]},
            {"altitude": 153},
            {"distance_km": 0.32},
            {"speed_kmh": 4.5},
            {"timestamp": "Mon Jun 05 03:22:17 UTC 2017"}
        ],
        [
            {"location": [[
                {"latitude": 64.232521},
                {"longitude": 27.731068}
            ]]},
            {"altitude": 153},
            {"distance_km": 0.33},
            {"speed_kmh": 4.5},
            {"timestamp": "Mon Jun 05 03:22:25 UTC 2017"}
        ],
        [
            {"location": [[
                {"latitude": 64.232622},
                {"longitude": 27.731173}
            ]]},
            {"altitude": 155},
            {"distance_km": 0.34},
            {"speed_kmh": 4.5},
            {"timestamp": "Mon Jun 05 03:22:37 UTC 2017"}
        ],
        [
            {"location": [[
                {"latitude": 64.232715},
                {"longitude": 27.731269}
            ]]},
            {"altitude": 154},
            {"distance_km": 0.35},
            {"speed_kmh": 4.5},
            {"timestamp": "Mon Jun 05 03:22:45 UTC 2017"}
        ],
        [
            {"location": [[
                {"latitude": 64.232814},
                {"longitude": 27.731302}
            ]]},
            {"altitude": 153.5},
            {"distance_km": 0.36},
            {"speed_kmh": 5.4},
            {"timestamp": "Mon Jun 05 03:22:53 UTC 2017"}
        ],
        [
            {"location": [[
                {"latitude": 64.232859},
                {"longitude": 27.731101}
            ]]},
            {"altitude": 156},
            {"distance_km": 0.37},
            {"speed_kmh": 2.7},
            {"timestamp": "Mon Jun 05 03:23:03 UTC 2017"}
        ],
        [
            {"location": [[
                {"latitude": 64.232881},
                {"longitude": 27.730868}
            ]]},
            {"altitude": 155.5},
            {"distance_km": 0.38},
            {"speed_kmh": 2.7},
            {"timestamp": "Mon Jun 05 03:23:40 UTC 2017"}
        ],
        [
            {"location": [[
                {"latitude": 64.23288},
                {"longitude": 27.730615}
            ]]},
            {"altitude": 156.5},
            {"distance_km": 0.4},
            {"speed_kmh": 4.5},
            {"timestamp": "Mon Jun 05 03:23:47 UTC 2017"}
        ],
        [
            {"location": [[
                {"latitude": 64.232866},
                {"longitude": 27.730359}
            ]]},
            {"altitude": 155},
            {"distance_km": 0.41},
            {"speed_kmh": 4.5},
            {"timestamp": "Mon Jun 05 03:23:55 UTC 2017"}
        ],
        [
            {"location": [[
                {"latitude": 64.23284},
                {"longitude": 27.730109}
            ]]},
            {"altitude": 158},
            {"distance_km": 0.42},
            {"speed_kmh": 4.5},
            {"timestamp": "Mon Jun 05 03:24:03 UTC 2017"}
        ],
        [
            {"location": [[
                {"latitude": 64.232826},
                {"longitude": 27.729878}
            ]]},
            {"altitude": 158},
            {"distance_km": 0.43},
            {"speed_kmh": 4.5},
            {"timestamp": "Mon Jun 05 03:24:11 UTC 2017"}
        ],
        [
            {"location": [[
                {"latitude": 64.232843},
                {"longitude": 27.729662}
            ]]},
            {"altitude": 158.5},
            {"distance_km": 0.44},
            {"speed_kmh": 4.5},
            {"timestamp": "Mon Jun 05 03:24:19 UTC 2017"}
        ],
        [
            {"location": [[
                {"latitude": 64.232842},
                {"longitude": 27.729423}
            ]]},
            {"altitude": 158.5},
            {"distance_km": 0.45},
            {"speed_kmh": 4.5},
            {"timestamp": "Mon Jun 05 03:24:27 UTC 2017"}
        ],
        [
            {"location": [[
                {"latitude": 64.232821},
                {"longitude": 27.729182}
            ]]},
            {"altitude": 159},
            {"distance_km": 0.47},
            {"speed_kmh": 4.5},
            {"timestamp": "Mon Jun 05 03:24:35 UTC 2017"}
        ],
        [
            {"location": [[
                {"latitude": 64.232822},
                {"longitude": 27.728933}
            ]]},
            {"altitude": 158},
            {"distance_km": 0.48},
            {"speed_kmh": 4.5},
            {"timestamp": "Mon Jun 05 03:24:43 UTC 2017"}
        ],
        [
            {"location": [[
                {"latitude": 64.232862},
                {"longitude": 27.728719}
            ]]},
            {"altitude": 155},
            {"distance_km": 0.49},
            {"speed_kmh": 4.5},
            {"timestamp": "Mon Jun 05 03:24:51 UTC 2017"}
        ],
        [
            {"location": [[
                {"latitude": 64.232863},
                {"longitude": 27.728448}
            ]]},
            {"altitude": 156.5},
            {"distance_km": 0.5},
            {"speed_kmh": 4.5},
            {"timestamp": "Mon Jun 05 03:24:59 UTC 2017"}
        ],
        [
            {"location": [[
                {"latitude": 64.23286},
                {"longitude": 27.728229}
            ]]},
            {"altitude": 158.5},
            {"distance_km": 0.51},
            {"speed_kmh": 4.5},
            {"timestamp": "Mon Jun 05 03:25:05 UTC 2017"}
        ],
        [
            {"location": [[
                {"latitude": 64.232878},
                {"longitude": 27.727964}
            ]]},
            {"altitude": 165},
            {"distance_km": 0.53},
            {"speed_kmh": 4.5},
            {"timestamp": "Mon Jun 05 03:25:13 UTC 2017"}
        ],
        [
            {"location": [[
                {"latitude": 64.232877},
                {"longitude": 27.727754}
            ]]},
            {"altitude": 163},
            {"distance_km": 0.54},
            {"speed_kmh": 4.5},
            {"timestamp": "Mon Jun 05 03:25:19 UTC 2017"}
        ],
        [
            {"location": [[
                {"latitude": 64.232885},
                {"longitude": 27.72753}
            ]]},
            {"altitude": 163.5},
            {"distance_km": 0.55},
            {"speed_kmh": 4.5},
            {"timestamp": "Mon Jun 05 03:25:26 UTC 2017"}
        ],
        [
            {"location": [[
                {"latitude": 64.232926},
                {"longitude": 27.72728}
            ]]},
            {"altitude": 164},
            {"distance_km": 0.56},
            {"speed_kmh": 4.5},
            {"timestamp": "Mon Jun 05 03:25:34 UTC 2017"}
        ],
        [
            {"location": [[
                {"latitude": 64.23293},
                {"longitude": 27.727067}
            ]]},
            {"altitude": 166},
            {"distance_km": 0.57},
            {"speed_kmh": 4.5},
            {"timestamp": "Mon Jun 05 03:25:40 UTC 2017"}
        ],
        [
            {"location": [[
                {"latitude": 64.232931},
                {"longitude": 27.726795}
            ]]},
            {"altitude": 163},
            {"distance_km": 0.58},
            {"speed_kmh": 4.5},
            {"timestamp": "Mon Jun 05 03:25:47 UTC 2017"}
        ],
        [
            {"location": [[
                {"latitude": 64.23292},
                {"longitude": 27.726588}
            ]]},
            {"altitude": 162},
            {"distance_km": 0.59},
            {"speed_kmh": 4.5},
            {"timestamp": "Mon Jun 05 03:25:53 UTC 2017"}
        ],
        [
            {"location": [[
                {"latitude": 64.232922},
                {"longitude": 27.72636}
            ]]},
            {"altitude": 164},
            {"distance_km": 0.6},
            {"speed_kmh": 3.6},
            {"timestamp": "Mon Jun 05 03:26:01 UTC 2017"}
        ],
        [
            {"location": [[
                {"latitude": 64.23294},
                {"longitude": 27.726103}
            ]]},
            {"altitude": 163.5},
            {"distance_km": 0.62},
            {"speed_kmh": 4.5},
            {"timestamp": "Mon Jun 05 03:26:07 UTC 2017"}
        ],
        [
            {"location": [[
                {"latitude": 64.232967},
                {"longitude": 27.725885}
            ]]},
            {"altitude": 162.5},
            {"distance_km": 0.63},
            {"speed_kmh": 4.5},
            {"timestamp": "Mon Jun 05 03:26:13 UTC 2017"}
        ],
        [
            {"location": [[
                {"latitude": 64.232992},
                {"longitude": 27.725669}
            ]]},
            {"altitude": 159},
            {"distance_km": 0.64},
            {"speed_kmh": 4.5},
            {"timestamp": "Mon Jun 05 03:26:19 UTC 2017"}
        ],
        [
            {"location": [[
                {"latitude": 64.233006},
                {"longitude": 27.725399}
            ]]},
            {"altitude": 162.5},
            {"distance_km": 0.65},
            {"speed_kmh": 4.5},
            {"timestamp": "Mon Jun 05 03:26:27 UTC 2017"}
        ],
        [
            {"location": [[
                {"latitude": 64.233033},
                {"longitude": 27.725139}
            ]]},
            {"altitude": 161},
            {"distance_km": 0.67},
            {"speed_kmh": 4.5},
            {"timestamp": "Mon Jun 05 03:26:35 UTC 2017"}
        ],
        [
            {"location": [[
                {"latitude": 64.233058},
                {"longitude": 27.724936}
            ]]},
            {"altitude": 163},
            {"distance_km": 0.68},
            {"speed_kmh": 4.5},
            {"timestamp": "Mon Jun 05 03:26:41 UTC 2017"}
        ],
        [
            {"location": [[
                {"latitude": 64.233095},
                {"longitude": 27.724678}
            ]]},
            {"altitude": 161},
            {"distance_km": 0.69},
            {"speed_kmh": 4.5},
            {"timestamp": "Mon Jun 05 03:26:49 UTC 2017"}
        ],
        [
            {"location": [[
                {"latitude": 64.233134},
                {"longitude": 27.724433}
            ]]},
            {"altitude": 159},
            {"distance_km": 0.7},
            {"speed_kmh": 4.5},
            {"timestamp": "Mon Jun 05 03:26:57 UTC 2017"}
        ],
        [
            {"location": [[
                {"latitude": 64.233147},
                {"longitude": 27.724185}
            ]]},
            {"altitude": 157},
            {"distance_km": 0.71},
            {"speed_kmh": 4.5},
            {"timestamp": "Mon Jun 05 03:27:05 UTC 2017"}
        ],
        [
            {"location": [[
                {"latitude": 64.233194},
                {"longitude": 27.723956}
            ]]},
            {"altitude": 160.5},
            {"distance_km": 0.73},
            {"speed_kmh": 4.5},
            {"timestamp": "Mon Jun 05 03:27:13 UTC 2017"}
        ],
        [
            {"location": [[
                {"latitude": 64.233242},
                {"longitude": 27.723776}
            ]]},
            {"altitude": 161.5},
            {"distance_km": 0.74},
            {"speed_kmh": 2.7},
            {"timestamp": "Mon Jun 05 03:27:23 UTC 2017"}
        ],
        [
            {"location": [[
                {"latitude": 64.233298},
                {"longitude": 27.723585}
            ]]},
            {"altitude": 160},
            {"distance_km": 0.75},
            {"speed_kmh": 5.4},
            {"timestamp": "Mon Jun 05 03:27:29 UTC 2017"}
        ],
        [
            {"location": [[
                {"latitude": 64.233355},
                {"longitude": 27.723379}
            ]]},
            {"altitude": 157},
            {"distance_km": 0.76},
            {"speed_kmh": 5.4},
            {"timestamp": "Mon Jun 05 03:27:36 UTC 2017"}
        ],
        [
            {"location": [[
                {"latitude": 64.2334},
                {"longitude": 27.723177}
            ]]},
            {"altitude": 153},
            {"distance_km": 0.77},
            {"speed_kmh": 5.4},
            {"timestamp": "Mon Jun 05 03:27:42 UTC 2017"}
        ],
        [
            {"location": [[
                {"latitude": 64.233453},
                {"longitude": 27.722965}
            ]]},
            {"altitude": 149},
            {"distance_km": 0.78},
            {"speed_kmh": 5.4},
            {"timestamp": "Mon Jun 05 03:27:49 UTC 2017"}
        ],
        [
            {"location": [[
                {"latitude": 64.233501},
                {"longitude": 27.722727}
            ]]},
            {"altitude": 144.5},
            {"distance_km": 0.79},
            {"speed_kmh": 5.4},
            {"timestamp": "Mon Jun 05 03:27:57 UTC 2017"}
        ],
        [
            {"location": [[
                {"latitude": 64.233582},
                {"longitude": 27.722563}
            ]]},
            {"altitude": 141},
            {"distance_km": 0.81},
            {"speed_kmh": 5.4},
            {"timestamp": "Mon Jun 05 03:28:05 UTC 2017"}
        ],
        [
            {"location": [[
                {"latitude": 64.233649},
                {"longitude": 27.722371}
            ]]},
            {"altitude": 138},
            {"distance_km": 0.82},
            {"speed_kmh": 4.5},
            {"timestamp": "Mon Jun 05 03:28:13 UTC 2017"}
        ],
        [
            {"location": [[
                {"latitude": 64.23373},
                {"longitude": 27.722209}
            ]]},
            {"altitude": 139},
            {"distance_km": 0.83},
            {"speed_kmh": 4.5},
            {"timestamp": "Mon Jun 05 03:28:21 UTC 2017"}
        ],
        [
            {"location": [[
                {"latitude": 64.233799},
                {"longitude": 27.722041}
            ]]},
            {"altitude": 140.5},
            {"distance_km": 0.84},
            {"speed_kmh": 4.5},
            {"timestamp": "Mon Jun 05 03:28:29 UTC 2017"}
        ],
        [
            {"location": [[
                {"latitude": 64.23384},
                {"longitude": 27.721848}
            ]]},
            {"altitude": 141.5},
            {"distance_km": 0.85},
            {"speed_kmh": 4.5},
            {"timestamp": "Mon Jun 05 03:28:35 UTC 2017"}
        ],
        [
            {"location": [[
                {"latitude": 64.233769},
                {"longitude": 27.721642}
            ]]},
            {"altitude": 140},
            {"distance_km": 0.86},
            {"speed_kmh": 6.3},
            {"timestamp": "Mon Jun 05 03:28:45 UTC 2017"}
        ],
        [
            {"location": [[
                {"latitude": 64.233685},
                {"longitude": 27.721444}
            ]]},
            {"altitude": 140.5},
            {"distance_km": 0.88},
            {"speed_kmh": 7.2},
            {"timestamp": "Mon Jun 05 03:28:51 UTC 2017"}
        ],
        [
            {"location": [[
                {"latitude": 64.233631},
                {"longitude": 27.721191}
            ]]},
            {"altitude": 139},
            {"distance_km": 0.89},
            {"speed_kmh": 5.4},
            {"timestamp": "Mon Jun 05 03:28:57 UTC 2017"}
        ],
        [
            {"location": [[
                {"latitude": 64.233575},
                {"longitude": 27.720999}
            ]]},
            {"altitude": 138},
            {"distance_km": 0.9},
            {"speed_kmh": 5.4},
            {"timestamp": "Mon Jun 05 03:29:03 UTC 2017"}
        ],
        [
            {"location": [[
                {"latitude": 64.233501},
                {"longitude": 27.720827}
            ]]},
            {"altitude": 141},
            {"distance_km": 0.91},
            {"speed_kmh": 4.5},
            {"timestamp": "Mon Jun 05 03:29:11 UTC 2017"}
        ],
        [
            {"location": [[
                {"latitude": 64.233396},
                {"longitude": 27.720765}
            ]]},
            {"altitude": 141.5},
            {"distance_km": 0.93},
            {"speed_kmh": 4.5},
            {"timestamp": "Mon Jun 05 03:29:19 UTC 2017"}
        ],
        [
            {"location": [[
                {"latitude": 64.233343},
                {"longitude": 27.721007}
            ]]},
            {"altitude": 145.5},
            {"distance_km": 0.94},
            {"speed_kmh": 5.4},
            {"timestamp": "Mon Jun 05 03:29:25 UTC 2017"}
        ],
        [
            {"location": [[
                {"latitude": 64.233299},
                {"longitude": 27.721221}
            ]]},
            {"altitude": 144.5},
            {"distance_km": 0.95},
            {"speed_kmh": 5.4},
            {"timestamp": "Mon Jun 05 03:29:31 UTC 2017"}
        ],
        [
            {"location": [[
                {"latitude": 64.233246},
                {"longitude": 27.721393}
            ]]},
            {"altitude": 142.5},
            {"distance_km": 0.96},
            {"speed_kmh": 5.4},
            {"timestamp": "Mon Jun 05 03:29:37 UTC 2017"}
        ],
        [
            {"location": [[
                {"latitude": 64.233178},
                {"longitude": 27.721594}
            ]]},
            {"altitude": 144.5},
            {"distance_km": 0.97},
            {"speed_kmh": 5.4},
            {"timestamp": "Mon Jun 05 03:29:45 UTC 2017"}
        ],
        [
            {"location": [[
                {"latitude": 64.233099},
                {"longitude": 27.72173}
            ]]},
            {"altitude": 142},
            {"distance_km": 0.98},
            {"speed_kmh": 3.6},
            {"timestamp": "Mon Jun 05 03:29:54 UTC 2017"}
        ],
        [
            {"location": [[
                {"latitude": 64.232999},
                {"longitude": 27.721774}
            ]]},
            {"altitude": 143},
            {"distance_km": 1},
            {"speed_kmh": 4.5},
            {"timestamp": "Mon Jun 05 03:30:03 UTC 2017"}
        ],
        [
            {"location": [[
                {"latitude": 64.23289},
                {"longitude": 27.721785}
            ]]},
            {"altitude": 140},
            {"distance_km": 1.01},
            {"speed_kmh": 4.5},
            {"timestamp": "Mon Jun 05 03:30:13 UTC 2017"}
        ],
        [
            {"location": [[
                {"latitude": 64.232789},
                {"longitude": 27.721793}
            ]]},
            {"altitude": 143.5},
            {"distance_km": 1.02},
            {"speed_kmh": 4.5},
            {"timestamp": "Mon Jun 05 03:30:23 UTC 2017"}
        ],
        [
            {"location": [[
                {"latitude": 64.232693},
                {"longitude": 27.721795}
            ]]},
            {"altitude": 143.5},
            {"distance_km": 1.03},
            {"speed_kmh": 4.5},
            {"timestamp": "Mon Jun 05 03:30:31 UTC 2017"}
        ],
        [
            {"location": [[
                {"latitude": 64.2326},
                {"longitude": 27.721799}
            ]]},
            {"altitude": 146},
            {"distance_km": 1.04},
            {"speed_kmh": 5.4},
            {"timestamp": "Mon Jun 05 03:30:39 UTC 2017"}
        ],
        [
            {"location": [[
                {"latitude": 64.232503},
                {"longitude": 27.721913}
            ]]},
            {"altitude": 148.5},
            {"distance_km": 1.05},
            {"speed_kmh": 4.5},
            {"timestamp": "Mon Jun 05 03:30:47 UTC 2017"}
        ],
        [
            {"location": [[
                {"latitude": 64.232442},
                {"longitude": 27.722114}
            ]]},
            {"altitude": 143},
            {"distance_km": 1.06},
            {"speed_kmh": 4.5},
            {"timestamp": "Mon Jun 05 03:30:55 UTC 2017"}
        ],
        [
            {"location": [[
                {"latitude": 64.232396},
                {"longitude": 27.722335}
            ]]},
            {"altitude": 140.5},
            {"distance_km": 1.08},
            {"speed_kmh": 4.5},
            {"timestamp": "Mon Jun 05 03:31:03 UTC 2017"}
        ],
        [
            {"location": [[
                {"latitude": 64.23233},
                {"longitude": 27.722536}
            ]]},
            {"altitude": 145},
            {"distance_km": 1.09},
            {"speed_kmh": 4.5},
            {"timestamp": "Mon Jun 05 03:31:11 UTC 2017"}
        ],
        [
            {"location": [[
                {"latitude": 64.232268},
                {"longitude": 27.722695}
            ]]},
            {"altitude": 147},
            {"distance_km": 1.1},
            {"speed_kmh": 4.5},
            {"timestamp": "Mon Jun 05 03:31:19 UTC 2017"}
        ],
        [
            {"location": [[
                {"latitude": 64.232224},
                {"longitude": 27.722888}
            ]]},
            {"altitude": 145},
            {"distance_km": 1.11},
            {"speed_kmh": 4.5},
            {"timestamp": "Mon Jun 05 03:31:27 UTC 2017"}
        ],
        [
            {"location": [[
                {"latitude": 64.232169},
                {"longitude": 27.723072}
            ]]},
            {"altitude": 148},
            {"distance_km": 1.12},
            {"speed_kmh": 4.5},
            {"timestamp": "Mon Jun 05 03:31:35 UTC 2017"}
        ],
        [
            {"location": [[
                {"latitude": 64.232089},
                {"longitude": 27.723253}
            ]]},
            {"altitude": 146},
            {"distance_km": 1.13},
            {"speed_kmh": 4.5},
            {"timestamp": "Mon Jun 05 03:31:44 UTC 2017"}
        ],
        [
            {"location": [[
                {"latitude": 64.23204},
                {"longitude": 27.723467}
            ]]},
            {"altitude": 148.5},
            {"distance_km": 1.14},
            {"speed_kmh": 4.5},
            {"timestamp": "Mon Jun 05 03:31:52 UTC 2017"}
        ],
        [
            {"location": [[
                {"latitude": 64.231979},
                {"longitude": 27.723629}
            ]]},
            {"altitude": 151.5},
            {"distance_km": 1.15},
            {"speed_kmh": 2.7},
            {"timestamp": "Mon Jun 05 03:32:07 UTC 2017"}
        ],
        [
            {"location": [[
                {"latitude": 64.231915},
                {"longitude": 27.723781}
            ]]},
            {"altitude": 149.5},
            {"distance_km": 1.16},
            {"speed_kmh": 4.5},
            {"timestamp": "Mon Jun 05 03:32:13 UTC 2017"}
        ],
        [
            {"location": [[
                {"latitude": 64.231851},
                {"longitude": 27.723927}
            ]]},
            {"altitude": 148},
            {"distance_km": 1.17},
            {"speed_kmh": 4.5},
            {"timestamp": "Mon Jun 05 03:32:21 UTC 2017"}
        ],
        [
            {"location": [[
                {"latitude": 64.231819},
                {"longitude": 27.72417}
            ]]},
            {"altitude": 145.5},
            {"distance_km": 1.19},
            {"speed_kmh": 4.5},
            {"timestamp": "Mon Jun 05 03:32:29 UTC 2017"}
        ],
        [
            {"location": [[
                {"latitude": 64.231761},
                {"longitude": 27.724402}
            ]]},
            {"altitude": 144.5},
            {"distance_km": 1.2},
            {"speed_kmh": 4.5},
            {"timestamp": "Mon Jun 05 03:32:37 UTC 2017"}
        ],
        [
            {"location": [[
                {"latitude": 64.231722},
                {"longitude": 27.724616}
            ]]},
            {"altitude": 149},
            {"distance_km": 1.21},
            {"speed_kmh": 4.5},
            {"timestamp": "Mon Jun 05 03:32:45 UTC 2017"}
        ],
        [
            {"location": [[
                {"latitude": 64.231671},
                {"longitude": 27.724855}
            ]]},
            {"altitude": 146.5},
            {"distance_km": 1.22},
            {"speed_kmh": 4.5},
            {"timestamp": "Mon Jun 05 03:32:53 UTC 2017"}
        ],
        [
            {"location": [[
                {"latitude": 64.231653},
                {"longitude": 27.725082}
            ]]},
            {"altitude": 151},
            {"distance_km": 1.24},
            {"speed_kmh": 4.5},
            {"timestamp": "Mon Jun 05 03:33:01 UTC 2017"}
        ],
        [
            {"location": [[
                {"latitude": 64.23165},
                {"longitude": 27.725332}
            ]]},
            {"altitude": 150},
            {"distance_km": 1.25},
            {"speed_kmh": 4.5},
            {"timestamp": "Mon Jun 05 03:33:09 UTC 2017"}
        ],
        [
            {"location": [[
                {"latitude": 64.231646},
                {"longitude": 27.725579}
            ]]},
            {"altitude": 149.5},
            {"distance_km": 1.26},
            {"speed_kmh": 3.6},
            {"timestamp": "Mon Jun 05 03:33:21 UTC 2017"}
        ],
        [
            {"location": [[
                {"latitude": 64.231617},
                {"longitude": 27.725796}
            ]]},
            {"altitude": 154.5},
            {"distance_km": 1.27},
            {"speed_kmh": 3.6},
            {"timestamp": "Mon Jun 05 03:33:29 UTC 2017"}
        ],
        [
            {"location": [[
                {"latitude": 64.231603},
                {"longitude": 27.726028}
            ]]},
            {"altitude": 158},
            {"distance_km": 1.28},
            {"speed_kmh": 3.6},
            {"timestamp": "Mon Jun 05 03:33:37 UTC 2017"}
        ],
        [
            {"location": [[
                {"latitude": 64.231615},
                {"longitude": 27.726291}
            ]]},
            {"altitude": 156.5},
            {"distance_km": 1.29},
            {"speed_kmh": 4.5},
            {"timestamp": "Mon Jun 05 03:33:47 UTC 2017"}
        ],
        [
            {"location": [[
                {"latitude": 64.231622},
                {"longitude": 27.726539}
            ]]},
            {"altitude": 153},
            {"distance_km": 1.31},
            {"speed_kmh": 4.5},
            {"timestamp": "Mon Jun 05 03:33:55 UTC 2017"}
        ],
        [
            {"location": [[
                {"latitude": 64.231613},
                {"longitude": 27.726798}
            ]]},
            {"altitude": 149},
            {"distance_km": 1.32},
            {"speed_kmh": 4.5},
            {"timestamp": "Mon Jun 05 03:34:03 UTC 2017"}
        ],
        [
            {"location": [[
                {"latitude": 64.231612},
                {"longitude": 27.727007}
            ]]},
            {"altitude": 150},
            {"distance_km": 1.33},
            {"speed_kmh": 4.5},
            {"timestamp": "Mon Jun 05 03:34:10 UTC 2017"}
        ],
        [
            {"location": [[
                {"latitude": 64.23162},
                {"longitude": 27.727218}
            ]]},
            {"altitude": 153},
            {"distance_km": 1.34},
            {"speed_kmh": 4.5},
            {"timestamp": "Mon Jun 05 03:34:16 UTC 2017"}
        ],
        [
            {"location": [[
                {"latitude": 64.231645},
                {"longitude": 27.727465}
            ]]},
            {"altitude": 152.5},
            {"distance_km": 1.35},
            {"speed_kmh": 4.5},
            {"timestamp": "Mon Jun 05 03:34:23 UTC 2017"}
        ],
        [
            {"location": [[
                {"latitude": 64.231633},
                {"longitude": 27.727735}
            ]]},
            {"altitude": 154.5},
            {"distance_km": 1.36},
            {"speed_kmh": 5.4},
            {"timestamp": "Mon Jun 05 03:34:31 UTC 2017"}
        ],
        [
            {"location": [[
                {"latitude": 64.231621},
                {"longitude": 27.727986}
            ]]},
            {"altitude": 153.5},
            {"distance_km": 1.38},
            {"speed_kmh": 5.4},
            {"timestamp": "Mon Jun 05 03:34:37 UTC 2017"}
        ],
        [
            {"location": [[
                {"latitude": 64.231625},
                {"longitude": 27.728252}
            ]]},
            {"altitude": 152.5},
            {"distance_km": 1.39},
            {"speed_kmh": 5.4},
            {"timestamp": "Mon Jun 05 03:34:45 UTC 2017"}
        ],
        [
            {"location": [[
                {"latitude": 64.231622},
                {"longitude": 27.728462}
            ]]},
            {"altitude": 152},
            {"distance_km": 1.4},
            {"speed_kmh": 5.4},
            {"timestamp": "Mon Jun 05 03:34:51 UTC 2017"}
        ],
        [
            {"location": [[
                {"latitude": 64.231615},
                {"longitude": 27.72867}
            ]]},
            {"altitude": 151.5},
            {"distance_km": 1.41},
            {"speed_kmh": 5.4},
            {"timestamp": "Mon Jun 05 03:34:57 UTC 2017"}
        ],
        [
            {"location": [[
                {"latitude": 64.231634},
                {"longitude": 27.728923}
            ]]},
            {"altitude": 149.5},
            {"distance_km": 1.42},
            {"speed_kmh": 6.3},
            {"timestamp": "Mon Jun 05 03:35:05 UTC 2017"}
        ],
        [
            {"location": [[
                {"latitude": 64.231646},
                {"longitude": 27.729167}
            ]]},
            {"altitude": 148},
            {"distance_km": 1.43},
            {"speed_kmh": 4.5},
            {"timestamp": "Mon Jun 05 03:35:13 UTC 2017"}
        ],
        [
            {"location": [[
                {"latitude": 64.231685},
                {"longitude": 27.729382}
            ]]},
            {"altitude": 151},
            {"distance_km": 1.45},
            {"speed_kmh": 4.5},
            {"timestamp": "Mon Jun 05 03:35:23 UTC 2017"}
        ],
        [
            {"location": [[
                {"latitude": 64.231751},
                {"longitude": 27.729528}
            ]]},
            {"altitude": 151},
            {"distance_km": 1.46},
            {"speed_kmh": 0},
            {"timestamp": "Mon Jun 05 03:35:41 UTC 2017"}
        ],
        [
            {"location": [[
                {"latitude": 64.231781},
                {"longitude": 27.729531}
            ]]},
            {"altitude": 151},
            {"distance_km": 1.46},
            {"speed_kmh": 0},
            {"timestamp": "Mon Jun 05 03:36:47 UTC 2017"}
        ],
        [
            {"location": [[
                {"latitude": 64.231781},
                {"longitude": 27.729531}
            ]]},
            {"altitude": 151},
            {"distance_km": 1.46},
            {"speed_kmh": 0},
            {"timestamp": "Mon Jun 05 03:36:48 UTC 2017"}
        ]
    ]}
]