[
    {"sport": "WALKING"},
    {"source": "TRACK_MOBILE"},
    {"created_date": "2017-04-08 15:19:01.0"},
    {"start_time": "2017-04-08 15:17:31.0"},
    {"end_time": "2017-04-08 15:43:20.0"},
    {"duration_s": 1548},
    {"distance_km": 1.95},
    {"calories_kcal": 142.6},
    {"altitude_min_m": 123},
    {"altitude_max_m": 153.5},
    {"speed_avg_kmh": 4.534883720930233},
    {"speed_max_kmh": 7.2},
    {"ascend_m": 44},
    {"descend_m": 43},
    {"points": [
        [
            {"location": [[
                {"latitude": 64.231838},
                {"longitude": 27.729577}
            ]]},
            {"distance_km": 0},
            {"timestamp": "Sat Apr 08 15:17:31 UTC 2017"}
        ],
        [
            {"location": [[
                {"latitude": 64.231838},
                {"longitude": 27.729577}
            ]]},
            {"altitude": 142.5},
            {"distance_km": 0},
            {"speed_kmh": 0},
            {"timestamp": "Sat Apr 08 15:17:43 UTC 2017"}
        ],
        [
            {"location": [[
                {"latitude": 64.231727},
                {"longitude": 27.729528}
            ]]},
            {"altitude": 147.5},
            {"distance_km": 0.01},
            {"speed_kmh": 4.5},
            {"timestamp": "Sat Apr 08 15:17:55 UTC 2017"}
        ],
        [
            {"location": [[
                {"latitude": 64.231672},
                {"longitude": 27.729743}
            ]]},
            {"altitude": 147},
            {"distance_km": 0.02},
            {"speed_kmh": 4.5},
            {"timestamp": "Sat Apr 08 15:18:07 UTC 2017"}
        ],
        [
            {"location": [[
                {"latitude": 64.231706},
                {"longitude": 27.729986}
            ]]},
            {"altitude": 150},
            {"distance_km": 0.04},
            {"speed_kmh": 6.3},
            {"timestamp": "Sat Apr 08 15:18:15 UTC 2017"}
        ],
        [
            {"location": [[
                {"latitude": 64.231781},
                {"longitude": 27.730176}
            ]]},
            {"altitude": 153.5},
            {"distance_km": 0.05},
            {"speed_kmh": 4.5},
            {"timestamp": "Sat Apr 08 15:18:23 UTC 2017"}
        ],
        [
            {"location": [[
                {"latitude": 64.231866},
                {"longitude": 27.730322}
            ]]},
            {"altitude": 150.5},
            {"distance_km": 0.06},
            {"speed_kmh": 4.5},
            {"timestamp": "Sat Apr 08 15:18:33 UTC 2017"}
        ],
        [
            {"location": [[
                {"latitude": 64.231967},
                {"longitude": 27.730411}
            ]]},
            {"altitude": 148},
            {"distance_km": 0.07},
            {"speed_kmh": 4.5},
            {"timestamp": "Sat Apr 08 15:18:41 UTC 2017"}
        ],
        [
            {"location": [[
                {"latitude": 64.232059},
                {"longitude": 27.730519}
            ]]},
            {"altitude": 145.5},
            {"distance_km": 0.08},
            {"speed_kmh": 4.5},
            {"timestamp": "Sat Apr 08 15:18:49 UTC 2017"}
        ],
        [
            {"location": [[
                {"latitude": 64.23212},
                {"longitude": 27.730681}
            ]]},
            {"altitude": 145.5},
            {"distance_km": 0.1},
            {"speed_kmh": 4.5},
            {"timestamp": "Sat Apr 08 15:18:57 UTC 2017"}
        ],
        [
            {"location": [[
                {"latitude": 64.232201},
                {"longitude": 27.730808}
            ]]},
            {"altitude": 147},
            {"distance_km": 0.11},
            {"speed_kmh": 5.4},
            {"timestamp": "Sat Apr 08 15:19:08 UTC 2017"}
        ],
        [
            {"location": [[
                {"latitude": 64.2323},
                {"longitude": 27.730917}
            ]]},
            {"altitude": 147.5},
            {"distance_km": 0.12},
            {"speed_kmh": 4.5},
            {"timestamp": "Sat Apr 08 15:19:16 UTC 2017"}
        ],
        [
            {"location": [[
                {"latitude": 64.232383},
                {"longitude": 27.731025}
            ]]},
            {"altitude": 150.5},
            {"distance_km": 0.13},
            {"speed_kmh": 4.5},
            {"timestamp": "Sat Apr 08 15:19:23 UTC 2017"}
        ],
        [
            {"location": [[
                {"latitude": 64.232472},
                {"longitude": 27.731123}
            ]]},
            {"altitude": 152.5},
            {"distance_km": 0.14},
            {"speed_kmh": 4.5},
            {"timestamp": "Sat Apr 08 15:19:31 UTC 2017"}
        ],
        [
            {"location": [[
                {"latitude": 64.232559},
                {"longitude": 27.73118}
            ]]},
            {"altitude": 152.5},
            {"distance_km": 0.15},
            {"speed_kmh": 3.6},
            {"timestamp": "Sat Apr 08 15:19:37 UTC 2017"}
        ],
        [
            {"location": [[
                {"latitude": 64.23266},
                {"longitude": 27.731258}
            ]]},
            {"altitude": 147.5},
            {"distance_km": 0.16},
            {"speed_kmh": 6.3},
            {"timestamp": "Sat Apr 08 15:20:05 UTC 2017"}
        ],
        [
            {"location": [[
                {"latitude": 64.232754},
                {"longitude": 27.731304}
            ]]},
            {"altitude": 146.5},
            {"distance_km": 0.17},
            {"speed_kmh": 6.3},
            {"timestamp": "Sat Apr 08 15:20:11 UTC 2017"}
        ],
        [
            {"location": [[
                {"latitude": 64.232845},
                {"longitude": 27.731308}
            ]]},
            {"altitude": 149},
            {"distance_km": 0.18},
            {"speed_kmh": 6.3},
            {"timestamp": "Sat Apr 08 15:20:17 UTC 2017"}
        ],
        [
            {"location": [[
                {"latitude": 64.23289},
                {"longitude": 27.731124}
            ]]},
            {"altitude": 149.5},
            {"distance_km": 0.19},
            {"speed_kmh": 4.5},
            {"timestamp": "Sat Apr 08 15:20:27 UTC 2017"}
        ],
        [
            {"location": [[
                {"latitude": 64.232885},
                {"longitude": 27.730873}
            ]]},
            {"altitude": 151},
            {"distance_km": 0.2},
            {"speed_kmh": 5.4},
            {"timestamp": "Sat Apr 08 15:20:35 UTC 2017"}
        ],
        [
            {"location": [[
                {"latitude": 64.232878},
                {"longitude": 27.730638}
            ]]},
            {"altitude": 150.5},
            {"distance_km": 0.22},
            {"speed_kmh": 5.4},
            {"timestamp": "Sat Apr 08 15:20:43 UTC 2017"}
        ],
        [
            {"location": [[
                {"latitude": 64.232847},
                {"longitude": 27.730402}
            ]]},
            {"altitude": 150.5},
            {"distance_km": 0.23},
            {"speed_kmh": 5.4},
            {"timestamp": "Sat Apr 08 15:20:51 UTC 2017"}
        ],
        [
            {"location": [[
                {"latitude": 64.232837},
                {"longitude": 27.730152}
            ]]},
            {"altitude": 150.5},
            {"distance_km": 0.24},
            {"speed_kmh": 5.4},
            {"timestamp": "Sat Apr 08 15:20:59 UTC 2017"}
        ],
        [
            {"location": [[
                {"latitude": 64.232815},
                {"longitude": 27.729887}
            ]]},
            {"altitude": 149.5},
            {"distance_km": 0.25},
            {"speed_kmh": 7.2},
            {"timestamp": "Sat Apr 08 15:21:12 UTC 2017"}
        ],
        [
            {"location": [[
                {"latitude": 64.232809},
                {"longitude": 27.729637}
            ]]},
            {"altitude": 149},
            {"distance_km": 0.27},
            {"speed_kmh": 6.3},
            {"timestamp": "Sat Apr 08 15:21:19 UTC 2017"}
        ],
        [
            {"location": [[
                {"latitude": 64.232798},
                {"longitude": 27.729376}
            ]]},
            {"altitude": 148.5},
            {"distance_km": 0.28},
            {"speed_kmh": 6.3},
            {"timestamp": "Sat Apr 08 15:21:27 UTC 2017"}
        ],
        [
            {"location": [[
                {"latitude": 64.232795},
                {"longitude": 27.729139}
            ]]},
            {"altitude": 149},
            {"distance_km": 0.29},
            {"speed_kmh": 6.3},
            {"timestamp": "Sat Apr 08 15:21:33 UTC 2017"}
        ],
        [
            {"location": [[
                {"latitude": 64.232793},
                {"longitude": 27.728868}
            ]]},
            {"altitude": 148.5},
            {"distance_km": 0.3},
            {"speed_kmh": 6.3},
            {"timestamp": "Sat Apr 08 15:21:41 UTC 2017"}
        ],
        [
            {"location": [[
                {"latitude": 64.232806},
                {"longitude": 27.728605}
            ]]},
            {"altitude": 146.5},
            {"distance_km": 0.32},
            {"speed_kmh": 6.3},
            {"timestamp": "Sat Apr 08 15:21:49 UTC 2017"}
        ],
        [
            {"location": [[
                {"latitude": 64.232822},
                {"longitude": 27.728339}
            ]]},
            {"altitude": 144},
            {"distance_km": 0.33},
            {"speed_kmh": 5.4},
            {"timestamp": "Sat Apr 08 15:21:57 UTC 2017"}
        ],
        [
            {"location": [[
                {"latitude": 64.232833},
                {"longitude": 27.728133}
            ]]},
            {"altitude": 144},
            {"distance_km": 0.34},
            {"speed_kmh": 6.3},
            {"timestamp": "Sat Apr 08 15:22:03 UTC 2017"}
        ],
        [
            {"location": [[
                {"latitude": 64.232845},
                {"longitude": 27.727916}
            ]]},
            {"altitude": 146},
            {"distance_km": 0.35},
            {"speed_kmh": 6.3},
            {"timestamp": "Sat Apr 08 15:22:09 UTC 2017"}
        ],
        [
            {"location": [[
                {"latitude": 64.23285},
                {"longitude": 27.727689}
            ]]},
            {"altitude": 147},
            {"distance_km": 0.36},
            {"speed_kmh": 6.3},
            {"timestamp": "Sat Apr 08 15:22:15 UTC 2017"}
        ],
        [
            {"location": [[
                {"latitude": 64.232859},
                {"longitude": 27.72746}
            ]]},
            {"altitude": 145.5},
            {"distance_km": 0.37},
            {"speed_kmh": 6.3},
            {"timestamp": "Sat Apr 08 15:22:21 UTC 2017"}
        ],
        [
            {"location": [[
                {"latitude": 64.232862},
                {"longitude": 27.727236}
            ]]},
            {"altitude": 147},
            {"distance_km": 0.38},
            {"speed_kmh": 6.3},
            {"timestamp": "Sat Apr 08 15:22:27 UTC 2017"}
        ],
        [
            {"location": [[
                {"latitude": 64.23286},
                {"longitude": 27.727018}
            ]]},
            {"altitude": 145.5},
            {"distance_km": 0.39},
            {"speed_kmh": 6.3},
            {"timestamp": "Sat Apr 08 15:22:33 UTC 2017"}
        ],
        [
            {"location": [[
                {"latitude": 64.232859},
                {"longitude": 27.726808}
            ]]},
            {"altitude": 145.5},
            {"distance_km": 0.4},
            {"speed_kmh": 6.3},
            {"timestamp": "Sat Apr 08 15:22:39 UTC 2017"}
        ],
        [
            {"location": [[
                {"latitude": 64.232867},
                {"longitude": 27.726592}
            ]]},
            {"altitude": 144.5},
            {"distance_km": 0.41},
            {"speed_kmh": 6.3},
            {"timestamp": "Sat Apr 08 15:22:45 UTC 2017"}
        ],
        [
            {"location": [[
                {"latitude": 64.232876},
                {"longitude": 27.726377}
            ]]},
            {"altitude": 143},
            {"distance_km": 0.42},
            {"speed_kmh": 6.3},
            {"timestamp": "Sat Apr 08 15:22:51 UTC 2017"}
        ],
        [
            {"location": [[
                {"latitude": 64.232889},
                {"longitude": 27.726165}
            ]]},
            {"altitude": 143.5},
            {"distance_km": 0.43},
            {"speed_kmh": 6.3},
            {"timestamp": "Sat Apr 08 15:22:57 UTC 2017"}
        ],
        [
            {"location": [[
                {"latitude": 64.232906},
                {"longitude": 27.725893}
            ]]},
            {"altitude": 143.5},
            {"distance_km": 0.45},
            {"speed_kmh": 6.3},
            {"timestamp": "Sat Apr 08 15:23:06 UTC 2017"}
        ],
        [
            {"location": [[
                {"latitude": 64.232928},
                {"longitude": 27.725676}
            ]]},
            {"altitude": 143},
            {"distance_km": 0.46},
            {"speed_kmh": 6.3},
            {"timestamp": "Sat Apr 08 15:23:12 UTC 2017"}
        ],
        [
            {"location": [[
                {"latitude": 64.232949},
                {"longitude": 27.725436}
            ]]},
            {"altitude": 142.5},
            {"distance_km": 0.47},
            {"speed_kmh": 6.3},
            {"timestamp": "Sat Apr 08 15:23:19 UTC 2017"}
        ],
        [
            {"location": [[
                {"latitude": 64.232995},
                {"longitude": 27.725188}
            ]]},
            {"altitude": 143},
            {"distance_km": 0.48},
            {"speed_kmh": 6.3},
            {"timestamp": "Sat Apr 08 15:23:27 UTC 2017"}
        ],
        [
            {"location": [[
                {"latitude": 64.233011},
                {"longitude": 27.724949}
            ]]},
            {"altitude": 143},
            {"distance_km": 0.49},
            {"speed_kmh": 6.3},
            {"timestamp": "Sat Apr 08 15:23:33 UTC 2017"}
        ],
        [
            {"location": [[
                {"latitude": 64.233027},
                {"longitude": 27.724737}
            ]]},
            {"altitude": 143.5},
            {"distance_km": 0.51},
            {"speed_kmh": 6.3},
            {"timestamp": "Sat Apr 08 15:23:39 UTC 2017"}
        ],
        [
            {"location": [[
                {"latitude": 64.233052},
                {"longitude": 27.72453}
            ]]},
            {"altitude": 143},
            {"distance_km": 0.52},
            {"speed_kmh": 6.3},
            {"timestamp": "Sat Apr 08 15:23:45 UTC 2017"}
        ],
        [
            {"location": [[
                {"latitude": 64.233078},
                {"longitude": 27.724312}
            ]]},
            {"altitude": 144.5},
            {"distance_km": 0.53},
            {"speed_kmh": 6.3},
            {"timestamp": "Sat Apr 08 15:23:51 UTC 2017"}
        ],
        [
            {"location": [[
                {"latitude": 64.233114},
                {"longitude": 27.724091}
            ]]},
            {"altitude": 145.5},
            {"distance_km": 0.54},
            {"speed_kmh": 6.3},
            {"timestamp": "Sat Apr 08 15:23:57 UTC 2017"}
        ],
        [
            {"location": [[
                {"latitude": 64.233152},
                {"longitude": 27.723878}
            ]]},
            {"altitude": 145},
            {"distance_km": 0.55},
            {"speed_kmh": 6.3},
            {"timestamp": "Sat Apr 08 15:24:03 UTC 2017"}
        ],
        [
            {"location": [[
                {"latitude": 64.233197},
                {"longitude": 27.72369}
            ]]},
            {"altitude": 145.5},
            {"distance_km": 0.56},
            {"speed_kmh": 6.3},
            {"timestamp": "Sat Apr 08 15:24:09 UTC 2017"}
        ],
        [
            {"location": [[
                {"latitude": 64.233235},
                {"longitude": 27.723501}
            ]]},
            {"altitude": 145},
            {"distance_km": 0.57},
            {"speed_kmh": 6.3},
            {"timestamp": "Sat Apr 08 15:24:15 UTC 2017"}
        ],
        [
            {"location": [[
                {"latitude": 64.23329},
                {"longitude": 27.72327}
            ]]},
            {"altitude": 144},
            {"distance_km": 0.58},
            {"speed_kmh": 6.3},
            {"timestamp": "Sat Apr 08 15:24:23 UTC 2017"}
        ],
        [
            {"location": [[
                {"latitude": 64.233338},
                {"longitude": 27.723094}
            ]]},
            {"altitude": 144},
            {"distance_km": 0.59},
            {"speed_kmh": 6.3},
            {"timestamp": "Sat Apr 08 15:24:29 UTC 2017"}
        ],
        [
            {"location": [[
                {"latitude": 64.233399},
                {"longitude": 27.722933}
            ]]},
            {"altitude": 141.5},
            {"distance_km": 0.6},
            {"speed_kmh": 6.3},
            {"timestamp": "Sat Apr 08 15:24:35 UTC 2017"}
        ],
        [
            {"location": [[
                {"latitude": 64.233452},
                {"longitude": 27.722757}
            ]]},
            {"altitude": 141},
            {"distance_km": 0.61},
            {"speed_kmh": 6.3},
            {"timestamp": "Sat Apr 08 15:24:41 UTC 2017"}
        ],
        [
            {"location": [[
                {"latitude": 64.233519},
                {"longitude": 27.722602}
            ]]},
            {"altitude": 139},
            {"distance_km": 0.62},
            {"speed_kmh": 6.3},
            {"timestamp": "Sat Apr 08 15:24:47 UTC 2017"}
        ],
        [
            {"location": [[
                {"latitude": 64.233603},
                {"longitude": 27.722417}
            ]]},
            {"altitude": 137.5},
            {"distance_km": 0.64},
            {"speed_kmh": 6.3},
            {"timestamp": "Sat Apr 08 15:24:55 UTC 2017"}
        ],
        [
            {"location": [[
                {"latitude": 64.233694},
                {"longitude": 27.722258}
            ]]},
            {"altitude": 138},
            {"distance_km": 0.65},
            {"speed_kmh": 6.3},
            {"timestamp": "Sat Apr 08 15:25:04 UTC 2017"}
        ],
        [
            {"location": [[
                {"latitude": 64.233765},
                {"longitude": 27.722092}
            ]]},
            {"altitude": 138},
            {"distance_km": 0.66},
            {"speed_kmh": 6.3},
            {"timestamp": "Sat Apr 08 15:25:10 UTC 2017"}
        ],
        [
            {"location": [[
                {"latitude": 64.233841},
                {"longitude": 27.721923}
            ]]},
            {"altitude": 138.5},
            {"distance_km": 0.67},
            {"speed_kmh": 6.3},
            {"timestamp": "Sat Apr 08 15:25:17 UTC 2017"}
        ],
        [
            {"location": [[
                {"latitude": 64.23387},
                {"longitude": 27.721667}
            ]]},
            {"altitude": 137.5},
            {"distance_km": 0.69},
            {"speed_kmh": 5.4},
            {"timestamp": "Sat Apr 08 15:25:25 UTC 2017"}
        ],
        [
            {"location": [[
                {"latitude": 64.233811},
                {"longitude": 27.721483}
            ]]},
            {"altitude": 137.5},
            {"distance_km": 0.7},
            {"speed_kmh": 5.4},
            {"timestamp": "Sat Apr 08 15:25:31 UTC 2017"}
        ],
        [
            {"location": [[
                {"latitude": 64.233709},
                {"longitude": 27.721352}
            ]]},
            {"altitude": 138.5},
            {"distance_km": 0.71},
            {"speed_kmh": 5.4},
            {"timestamp": "Sat Apr 08 15:25:39 UTC 2017"}
        ],
        [
            {"location": [[
                {"latitude": 64.23362},
                {"longitude": 27.721238}
            ]]},
            {"altitude": 136},
            {"distance_km": 0.72},
            {"speed_kmh": 3.6},
            {"timestamp": "Sat Apr 08 15:25:45 UTC 2017"}
        ],
        [
            {"location": [[
                {"latitude": 64.233545},
                {"longitude": 27.721099}
            ]]},
            {"altitude": 138},
            {"distance_km": 0.73},
            {"speed_kmh": 6.3},
            {"timestamp": "Sat Apr 08 15:25:53 UTC 2017"}
        ],
        [
            {"location": [[
                {"latitude": 64.233443},
                {"longitude": 27.720965}
            ]]},
            {"altitude": 140},
            {"distance_km": 0.74},
            {"speed_kmh": 6.3},
            {"timestamp": "Sat Apr 08 15:25:59 UTC 2017"}
        ],
        [
            {"location": [[
                {"latitude": 64.233347},
                {"longitude": 27.720961}
            ]]},
            {"altitude": 138.5},
            {"distance_km": 0.76},
            {"speed_kmh": 4.5},
            {"timestamp": "Sat Apr 08 15:26:09 UTC 2017"}
        ],
        [
            {"location": [[
                {"latitude": 64.23332},
                {"longitude": 27.721209}
            ]]},
            {"altitude": 139.5},
            {"distance_km": 0.77},
            {"speed_kmh": 4.5},
            {"timestamp": "Sat Apr 08 15:26:17 UTC 2017"}
        ],
        [
            {"location": [[
                {"latitude": 64.233282},
                {"longitude": 27.721399}
            ]]},
            {"altitude": 140.5},
            {"distance_km": 0.78},
            {"speed_kmh": 5.4},
            {"timestamp": "Sat Apr 08 15:26:23 UTC 2017"}
        ],
        [
            {"location": [[
                {"latitude": 64.233225},
                {"longitude": 27.721645}
            ]]},
            {"altitude": 139},
            {"distance_km": 0.79},
            {"speed_kmh": 5.4},
            {"timestamp": "Sat Apr 08 15:26:31 UTC 2017"}
        ],
        [
            {"location": [[
                {"latitude": 64.233143},
                {"longitude": 27.721807}
            ]]},
            {"altitude": 143},
            {"distance_km": 0.8},
            {"speed_kmh": 5.4},
            {"timestamp": "Sat Apr 08 15:26:39 UTC 2017"}
        ],
        [
            {"location": [[
                {"latitude": 64.233046},
                {"longitude": 27.721918}
            ]]},
            {"altitude": 141.5},
            {"distance_km": 0.82},
            {"speed_kmh": 3.6},
            {"timestamp": "Sat Apr 08 15:27:05 UTC 2017"}
        ],
        [
            {"location": [[
                {"latitude": 64.232946},
                {"longitude": 27.721888}
            ]]},
            {"altitude": 142.5},
            {"distance_km": 0.83},
            {"speed_kmh": 4.5},
            {"timestamp": "Sat Apr 08 15:27:12 UTC 2017"}
        ],
        [
            {"location": [[
                {"latitude": 64.232841},
                {"longitude": 27.721916}
            ]]},
            {"altitude": 142},
            {"distance_km": 0.84},
            {"speed_kmh": 3.6},
            {"timestamp": "Sat Apr 08 15:27:18 UTC 2017"}
        ],
        [
            {"location": [[
                {"latitude": 64.232728},
                {"longitude": 27.721903}
            ]]},
            {"altitude": 141.5},
            {"distance_km": 0.85},
            {"speed_kmh": 4.5},
            {"timestamp": "Sat Apr 08 15:27:25 UTC 2017"}
        ],
        [
            {"location": [[
                {"latitude": 64.232629},
                {"longitude": 27.721918}
            ]]},
            {"altitude": 143},
            {"distance_km": 0.86},
            {"speed_kmh": 3.6},
            {"timestamp": "Sat Apr 08 15:27:33 UTC 2017"}
        ],
        [
            {"location": [[
                {"latitude": 64.23253},
                {"longitude": 27.721979}
            ]]},
            {"altitude": 142},
            {"distance_km": 0.87},
            {"speed_kmh": 3.6},
            {"timestamp": "Sat Apr 08 15:27:43 UTC 2017"}
        ],
        [
            {"location": [[
                {"latitude": 64.232441},
                {"longitude": 27.721955}
            ]]},
            {"altitude": 141},
            {"distance_km": 0.88},
            {"speed_kmh": 3.6},
            {"timestamp": "Sat Apr 08 15:27:53 UTC 2017"}
        ],
        [
            {"location": [[
                {"latitude": 64.232348},
                {"longitude": 27.721891}
            ]]},
            {"altitude": 137.5},
            {"distance_km": 0.89},
            {"speed_kmh": 4.5},
            {"timestamp": "Sat Apr 08 15:28:09 UTC 2017"}
        ],
        [
            {"location": [[
                {"latitude": 64.232257},
                {"longitude": 27.72194}
            ]]},
            {"altitude": 135},
            {"distance_km": 0.9},
            {"speed_kmh": 0},
            {"timestamp": "Sat Apr 08 15:28:19 UTC 2017"}
        ],
        [
            {"location": [[
                {"latitude": 64.232203},
                {"longitude": 27.722148}
            ]]},
            {"altitude": 131.5},
            {"distance_km": 0.92},
            {"speed_kmh": 2.7},
            {"timestamp": "Sat Apr 08 15:28:31 UTC 2017"}
        ],
        [
            {"location": [[
                {"latitude": 64.232145},
                {"longitude": 27.722319}
            ]]},
            {"altitude": 135.5},
            {"distance_km": 0.93},
            {"speed_kmh": 3.6},
            {"timestamp": "Sat Apr 08 15:28:39 UTC 2017"}
        ],
        [
            {"location": [[
                {"latitude": 64.23208},
                {"longitude": 27.722503}
            ]]},
            {"altitude": 136.5},
            {"distance_km": 0.94},
            {"speed_kmh": 3.6},
            {"timestamp": "Sat Apr 08 15:28:48 UTC 2017"}
        ],
        [
            {"location": [[
                {"latitude": 64.231991},
                {"longitude": 27.722592}
            ]]},
            {"altitude": 140.5},
            {"distance_km": 0.95},
            {"speed_kmh": 3.6},
            {"timestamp": "Sat Apr 08 15:28:57 UTC 2017"}
        ],
        [
            {"location": [[
                {"latitude": 64.231919},
                {"longitude": 27.722764}
            ]]},
            {"altitude": 142},
            {"distance_km": 0.96},
            {"speed_kmh": 0},
            {"timestamp": "Sat Apr 08 15:29:05 UTC 2017"}
        ],
        [
            {"location": [[
                {"latitude": 64.231869},
                {"longitude": 27.722941}
            ]]},
            {"altitude": 144},
            {"distance_km": 0.97},
            {"speed_kmh": 3.6},
            {"timestamp": "Sat Apr 08 15:29:19 UTC 2017"}
        ],
        [
            {"location": [[
                {"latitude": 64.231796},
                {"longitude": 27.723144}
            ]]},
            {"altitude": 144},
            {"distance_km": 0.98},
            {"speed_kmh": 3.6},
            {"timestamp": "Sat Apr 08 15:29:27 UTC 2017"}
        ],
        [
            {"location": [[
                {"latitude": 64.231737},
                {"longitude": 27.723335}
            ]]},
            {"altitude": 143},
            {"distance_km": 0.99},
            {"speed_kmh": 3.6},
            {"timestamp": "Sat Apr 08 15:29:33 UTC 2017"}
        ],
        [
            {"location": [[
                {"latitude": 64.231677},
                {"longitude": 27.723514}
            ]]},
            {"altitude": 140.5},
            {"distance_km": 1.01},
            {"speed_kmh": 3.6},
            {"timestamp": "Sat Apr 08 15:29:39 UTC 2017"}
        ],
        [
            {"location": [[
                {"latitude": 64.231619},
                {"longitude": 27.723732}
            ]]},
            {"altitude": 140},
            {"distance_km": 1.02},
            {"speed_kmh": 3.6},
            {"timestamp": "Sat Apr 08 15:29:47 UTC 2017"}
        ],
        [
            {"location": [[
                {"latitude": 64.231577},
                {"longitude": 27.723923}
            ]]},
            {"altitude": 135.5},
            {"distance_km": 1.03},
            {"speed_kmh": 2.7},
            {"timestamp": "Sat Apr 08 15:30:01 UTC 2017"}
        ],
        [
            {"location": [[
                {"latitude": 64.231508},
                {"longitude": 27.724081}
            ]]},
            {"altitude": 133.5},
            {"distance_km": 1.04},
            {"speed_kmh": 2.7},
            {"timestamp": "Sat Apr 08 15:30:09 UTC 2017"}
        ],
        [
            {"location": [[
                {"latitude": 64.231431},
                {"longitude": 27.724211}
            ]]},
            {"altitude": 132.5},
            {"distance_km": 1.05},
            {"speed_kmh": 3.6},
            {"timestamp": "Sat Apr 08 15:30:17 UTC 2017"}
        ],
        [
            {"location": [[
                {"latitude": 64.231347},
                {"longitude": 27.724325}
            ]]},
            {"altitude": 133},
            {"distance_km": 1.06},
            {"speed_kmh": 4.5},
            {"timestamp": "Sat Apr 08 15:30:23 UTC 2017"}
        ],
        [
            {"location": [[
                {"latitude": 64.231285},
                {"longitude": 27.724493}
            ]]},
            {"altitude": 134.5},
            {"distance_km": 1.07},
            {"speed_kmh": 4.5},
            {"timestamp": "Sat Apr 08 15:30:30 UTC 2017"}
        ],
        [
            {"location": [[
                {"latitude": 64.231256},
                {"longitude": 27.724713}
            ]]},
            {"altitude": 133.5},
            {"distance_km": 1.08},
            {"speed_kmh": 4.5},
            {"timestamp": "Sat Apr 08 15:30:38 UTC 2017"}
        ],
        [
            {"location": [[
                {"latitude": 64.231231},
                {"longitude": 27.724946}
            ]]},
            {"altitude": 135.5},
            {"distance_km": 1.09},
            {"speed_kmh": 4.5},
            {"timestamp": "Sat Apr 08 15:30:47 UTC 2017"}
        ],
        [
            {"location": [[
                {"latitude": 64.231235},
                {"longitude": 27.725165}
            ]]},
            {"altitude": 133},
            {"distance_km": 1.1},
            {"speed_kmh": 3.6},
            {"timestamp": "Sat Apr 08 15:30:55 UTC 2017"}
        ],
        [
            {"location": [[
                {"latitude": 64.231188},
                {"longitude": 27.725349}
            ]]},
            {"altitude": 131},
            {"distance_km": 1.11},
            {"speed_kmh": 3.6},
            {"timestamp": "Sat Apr 08 15:31:03 UTC 2017"}
        ],
        [
            {"location": [[
                {"latitude": 64.231147},
                {"longitude": 27.725544}
            ]]},
            {"altitude": 126},
            {"distance_km": 1.13},
            {"speed_kmh": 4.5},
            {"timestamp": "Sat Apr 08 15:31:11 UTC 2017"}
        ],
        [
            {"location": [[
                {"latitude": 64.231116},
                {"longitude": 27.725782}
            ]]},
            {"altitude": 124.5},
            {"distance_km": 1.14},
            {"speed_kmh": 3.6},
            {"timestamp": "Sat Apr 08 15:31:21 UTC 2017"}
        ],
        [
            {"location": [[
                {"latitude": 64.231087},
                {"longitude": 27.725995}
            ]]},
            {"altitude": 124.5},
            {"distance_km": 1.15},
            {"speed_kmh": 3.6},
            {"timestamp": "Sat Apr 08 15:31:29 UTC 2017"}
        ],
        [
            {"location": [[
                {"latitude": 64.231058},
                {"longitude": 27.726224}
            ]]},
            {"altitude": 124.5},
            {"distance_km": 1.16},
            {"speed_kmh": 4.5},
            {"timestamp": "Sat Apr 08 15:31:37 UTC 2017"}
        ],
        [
            {"location": [[
                {"latitude": 64.23103},
                {"longitude": 27.726444}
            ]]},
            {"altitude": 123},
            {"distance_km": 1.17},
            {"speed_kmh": 4.5},
            {"timestamp": "Sat Apr 08 15:31:45 UTC 2017"}
        ],
        [
            {"location": [[
                {"latitude": 64.230992},
                {"longitude": 27.726644}
            ]]},
            {"altitude": 123.5},
            {"distance_km": 1.18},
            {"speed_kmh": 4.5},
            {"timestamp": "Sat Apr 08 15:31:53 UTC 2017"}
        ],
        [
            {"location": [[
                {"latitude": 64.230982},
                {"longitude": 27.726865}
            ]]},
            {"altitude": 124},
            {"distance_km": 1.19},
            {"speed_kmh": 4.5},
            {"timestamp": "Sat Apr 08 15:32:02 UTC 2017"}
        ],
        [
            {"location": [[
                {"latitude": 64.230971},
                {"longitude": 27.727082}
            ]]},
            {"altitude": 124},
            {"distance_km": 1.2},
            {"speed_kmh": 4.5},
            {"timestamp": "Sat Apr 08 15:32:09 UTC 2017"}
        ],
        [
            {"location": [[
                {"latitude": 64.230943},
                {"longitude": 27.727297}
            ]]},
            {"altitude": 127},
            {"distance_km": 1.21},
            {"speed_kmh": 4.5},
            {"timestamp": "Sat Apr 08 15:32:17 UTC 2017"}
        ],
        [
            {"location": [[
                {"latitude": 64.230921},
                {"longitude": 27.727522}
            ]]},
            {"altitude": 125},
            {"distance_km": 1.22},
            {"speed_kmh": 4.5},
            {"timestamp": "Sat Apr 08 15:32:25 UTC 2017"}
        ],
        [
            {"location": [[
                {"latitude": 64.230877},
                {"longitude": 27.727715}
            ]]},
            {"altitude": 124.5},
            {"distance_km": 1.24},
            {"speed_kmh": 3.6},
            {"timestamp": "Sat Apr 08 15:32:33 UTC 2017"}
        ],
        [
            {"location": [[
                {"latitude": 64.230827},
                {"longitude": 27.727927}
            ]]},
            {"altitude": 128},
            {"distance_km": 1.25},
            {"speed_kmh": 3.6},
            {"timestamp": "Sat Apr 08 15:32:41 UTC 2017"}
        ],
        [
            {"location": [[
                {"latitude": 64.230764},
                {"longitude": 27.728119}
            ]]},
            {"altitude": 126.5},
            {"distance_km": 1.26},
            {"speed_kmh": 3.6},
            {"timestamp": "Sat Apr 08 15:32:49 UTC 2017"}
        ],
        [
            {"location": [[
                {"latitude": 64.230706},
                {"longitude": 27.728332}
            ]]},
            {"altitude": 132.5},
            {"distance_km": 1.27},
            {"speed_kmh": 4.5},
            {"timestamp": "Sat Apr 08 15:32:57 UTC 2017"}
        ],
        [
            {"location": [[
                {"latitude": 64.230654},
                {"longitude": 27.72855}
            ]]},
            {"altitude": 132},
            {"distance_km": 1.28},
            {"speed_kmh": 4.5},
            {"timestamp": "Sat Apr 08 15:33:05 UTC 2017"}
        ],
        [
            {"location": [[
                {"latitude": 64.230597},
                {"longitude": 27.728757}
            ]]},
            {"altitude": 134.5},
            {"distance_km": 1.29},
            {"speed_kmh": 3.6},
            {"timestamp": "Sat Apr 08 15:33:15 UTC 2017"}
        ],
        [
            {"location": [[
                {"latitude": 64.230545},
                {"longitude": 27.728978}
            ]]},
            {"altitude": 136.5},
            {"distance_km": 1.31},
            {"speed_kmh": 3.6},
            {"timestamp": "Sat Apr 08 15:33:25 UTC 2017"}
        ],
        [
            {"location": [[
                {"latitude": 64.230491},
                {"longitude": 27.72919}
            ]]},
            {"altitude": 140.5},
            {"distance_km": 1.32},
            {"speed_kmh": 3.6},
            {"timestamp": "Sat Apr 08 15:33:36 UTC 2017"}
        ],
        [
            {"location": [[
                {"latitude": 64.230465},
                {"longitude": 27.729425}
            ]]},
            {"altitude": 140},
            {"distance_km": 1.33},
            {"speed_kmh": 1.8},
            {"timestamp": "Sat Apr 08 15:33:46 UTC 2017"}
        ],
        [
            {"location": [[
                {"latitude": 64.230417},
                {"longitude": 27.72963}
            ]]},
            {"altitude": 140},
            {"distance_km": 1.34},
            {"speed_kmh": 5.4},
            {"timestamp": "Sat Apr 08 15:33:53 UTC 2017"}
        ],
        [
            {"location": [[
                {"latitude": 64.230388},
                {"longitude": 27.729849}
            ]]},
            {"altitude": 140.5},
            {"distance_km": 1.35},
            {"speed_kmh": 4.5},
            {"timestamp": "Sat Apr 08 15:34:01 UTC 2017"}
        ],
        [
            {"location": [[
                {"latitude": 64.230346},
                {"longitude": 27.730037}
            ]]},
            {"altitude": 142.5},
            {"distance_km": 1.36},
            {"speed_kmh": 4.5},
            {"timestamp": "Sat Apr 08 15:34:09 UTC 2017"}
        ],
        [
            {"location": [[
                {"latitude": 64.230294},
                {"longitude": 27.730241}
            ]]},
            {"altitude": 147},
            {"distance_km": 1.37},
            {"speed_kmh": 4.5},
            {"timestamp": "Sat Apr 08 15:34:21 UTC 2017"}
        ],
        [
            {"location": [[
                {"latitude": 64.230254},
                {"longitude": 27.730447}
            ]]},
            {"altitude": 151},
            {"distance_km": 1.39},
            {"speed_kmh": 3.6},
            {"timestamp": "Sat Apr 08 15:34:31 UTC 2017"}
        ],
        [
            {"location": [[
                {"latitude": 64.230196},
                {"longitude": 27.730605}
            ]]},
            {"altitude": 150.5},
            {"distance_km": 1.4},
            {"speed_kmh": 5.4},
            {"timestamp": "Sat Apr 08 15:34:37 UTC 2017"}
        ],
        [
            {"location": [[
                {"latitude": 64.2302},
                {"longitude": 27.730839}
            ]]},
            {"altitude": 144},
            {"distance_km": 1.41},
            {"speed_kmh": 1.8},
            {"timestamp": "Sat Apr 08 15:34:57 UTC 2017"}
        ],
        [
            {"location": [[
                {"latitude": 64.230205},
                {"longitude": 27.731057}
            ]]},
            {"altitude": 141},
            {"distance_km": 1.42},
            {"speed_kmh": 1.8},
            {"timestamp": "Sat Apr 08 15:35:07 UTC 2017"}
        ],
        [
            {"location": [[
                {"latitude": 64.230218},
                {"longitude": 27.731266}
            ]]},
            {"altitude": 141},
            {"distance_km": 1.43},
            {"speed_kmh": 4.5},
            {"timestamp": "Sat Apr 08 15:35:13 UTC 2017"}
        ],
        [
            {"location": [[
                {"latitude": 64.23019},
                {"longitude": 27.731498}
            ]]},
            {"altitude": 138.5},
            {"distance_km": 1.44},
            {"speed_kmh": 3.6},
            {"timestamp": "Sat Apr 08 15:35:22 UTC 2017"}
        ],
        [
            {"location": [[
                {"latitude": 64.230165},
                {"longitude": 27.731756}
            ]]},
            {"altitude": 136.5},
            {"distance_km": 1.45},
            {"speed_kmh": 3.6},
            {"timestamp": "Sat Apr 08 15:35:37 UTC 2017"}
        ],
        [
            {"location": [[
                {"latitude": 64.230251},
                {"longitude": 27.731616}
            ]]},
            {"altitude": 134},
            {"distance_km": 1.46},
            {"speed_kmh": 3.6},
            {"timestamp": "Sat Apr 08 15:35:57 UTC 2017"}
        ],
        [
            {"location": [[
                {"latitude": 64.230297},
                {"longitude": 27.731431}
            ]]},
            {"altitude": 133.5},
            {"distance_km": 1.47},
            {"speed_kmh": 3.6},
            {"timestamp": "Sat Apr 08 15:36:07 UTC 2017"}
        ],
        [
            {"location": [[
                {"latitude": 64.230343},
                {"longitude": 27.731242}
            ]]},
            {"altitude": 135.5},
            {"distance_km": 1.48},
            {"speed_kmh": 3.6},
            {"timestamp": "Sat Apr 08 15:36:17 UTC 2017"}
        ],
        [
            {"location": [[
                {"latitude": 64.230374},
                {"longitude": 27.731038}
            ]]},
            {"altitude": 138.5},
            {"distance_km": 1.49},
            {"speed_kmh": 3.6},
            {"timestamp": "Sat Apr 08 15:36:27 UTC 2017"}
        ],
        [
            {"location": [[
                {"latitude": 64.23041},
                {"longitude": 27.73084}
            ]]},
            {"altitude": 139},
            {"distance_km": 1.51},
            {"speed_kmh": 3.6},
            {"timestamp": "Sat Apr 08 15:36:37 UTC 2017"}
        ],
        [
            {"location": [[
                {"latitude": 64.230452},
                {"longitude": 27.730656}
            ]]},
            {"altitude": 138},
            {"distance_km": 1.52},
            {"speed_kmh": 3.6},
            {"timestamp": "Sat Apr 08 15:36:45 UTC 2017"}
        ],
        [
            {"location": [[
                {"latitude": 64.23049},
                {"longitude": 27.73044}
            ]]},
            {"altitude": 138.5},
            {"distance_km": 1.53},
            {"speed_kmh": 4.5},
            {"timestamp": "Sat Apr 08 15:37:00 UTC 2017"}
        ],
        [
            {"location": [[
                {"latitude": 64.23054},
                {"longitude": 27.730231}
            ]]},
            {"altitude": 137},
            {"distance_km": 1.54},
            {"speed_kmh": 4.5},
            {"timestamp": "Sat Apr 08 15:37:07 UTC 2017"}
        ],
        [
            {"location": [[
                {"latitude": 64.230604},
                {"longitude": 27.730015}
            ]]},
            {"altitude": 135.5},
            {"distance_km": 1.55},
            {"speed_kmh": 4.5},
            {"timestamp": "Sat Apr 08 15:37:15 UTC 2017"}
        ],
        [
            {"location": [[
                {"latitude": 64.230665},
                {"longitude": 27.729828}
            ]]},
            {"altitude": 135.5},
            {"distance_km": 1.56},
            {"speed_kmh": 4.5},
            {"timestamp": "Sat Apr 08 15:37:23 UTC 2017"}
        ],
        [
            {"location": [[
                {"latitude": 64.230734},
                {"longitude": 27.729643}
            ]]},
            {"altitude": 132.5},
            {"distance_km": 1.57},
            {"speed_kmh": 4.5},
            {"timestamp": "Sat Apr 08 15:37:31 UTC 2017"}
        ],
        [
            {"location": [[
                {"latitude": 64.230794},
                {"longitude": 27.72948}
            ]]},
            {"altitude": 133.5},
            {"distance_km": 1.58},
            {"speed_kmh": 4.5},
            {"timestamp": "Sat Apr 08 15:37:39 UTC 2017"}
        ],
        [
            {"location": [[
                {"latitude": 64.230843},
                {"longitude": 27.729295}
            ]]},
            {"altitude": 134.5},
            {"distance_km": 1.59},
            {"speed_kmh": 4.5},
            {"timestamp": "Sat Apr 08 15:37:47 UTC 2017"}
        ],
        [
            {"location": [[
                {"latitude": 64.230902},
                {"longitude": 27.729068}
            ]]},
            {"altitude": 136.5},
            {"distance_km": 1.61},
            {"speed_kmh": 4.5},
            {"timestamp": "Sat Apr 08 15:37:55 UTC 2017"}
        ],
        [
            {"location": [[
                {"latitude": 64.23097},
                {"longitude": 27.728869}
            ]]},
            {"altitude": 138},
            {"distance_km": 1.62},
            {"speed_kmh": 4.5},
            {"timestamp": "Sat Apr 08 15:38:03 UTC 2017"}
        ],
        [
            {"location": [[
                {"latitude": 64.231015},
                {"longitude": 27.728655}
            ]]},
            {"altitude": 137},
            {"distance_km": 1.63},
            {"speed_kmh": 4.5},
            {"timestamp": "Sat Apr 08 15:38:11 UTC 2017"}
        ],
        [
            {"location": [[
                {"latitude": 64.231056},
                {"longitude": 27.728454}
            ]]},
            {"altitude": 135.5},
            {"distance_km": 1.64},
            {"speed_kmh": 4.5},
            {"timestamp": "Sat Apr 08 15:38:19 UTC 2017"}
        ],
        [
            {"location": [[
                {"latitude": 64.231074},
                {"longitude": 27.728233}
            ]]},
            {"altitude": 134},
            {"distance_km": 1.65},
            {"speed_kmh": 4.5},
            {"timestamp": "Sat Apr 08 15:38:27 UTC 2017"}
        ],
        [
            {"location": [[
                {"latitude": 64.231122},
                {"longitude": 27.728017}
            ]]},
            {"altitude": 132},
            {"distance_km": 1.66},
            {"speed_kmh": 4.5},
            {"timestamp": "Sat Apr 08 15:38:36 UTC 2017"}
        ],
        [
            {"location": [[
                {"latitude": 64.231121},
                {"longitude": 27.727749}
            ]]},
            {"altitude": 135.5},
            {"distance_km": 1.68},
            {"speed_kmh": 4.5},
            {"timestamp": "Sat Apr 08 15:38:45 UTC 2017"}
        ],
        [
            {"location": [[
                {"latitude": 64.231157},
                {"longitude": 27.727494}
            ]]},
            {"altitude": 136},
            {"distance_km": 1.69},
            {"speed_kmh": 3.6},
            {"timestamp": "Sat Apr 08 15:38:53 UTC 2017"}
        ],
        [
            {"location": [[
                {"latitude": 64.231184},
                {"longitude": 27.727274}
            ]]},
            {"altitude": 136},
            {"distance_km": 1.7},
            {"speed_kmh": 3.6},
            {"timestamp": "Sat Apr 08 15:39:01 UTC 2017"}
        ],
        [
            {"location": [[
                {"latitude": 64.231211},
                {"longitude": 27.727045}
            ]]},
            {"altitude": 135.5},
            {"distance_km": 1.71},
            {"speed_kmh": 2.7},
            {"timestamp": "Sat Apr 08 15:39:21 UTC 2017"}
        ],
        [
            {"location": [[
                {"latitude": 64.231253},
                {"longitude": 27.726825}
            ]]},
            {"altitude": 139},
            {"distance_km": 1.72},
            {"speed_kmh": 3.6},
            {"timestamp": "Sat Apr 08 15:39:29 UTC 2017"}
        ],
        [
            {"location": [[
                {"latitude": 64.231301},
                {"longitude": 27.726606}
            ]]},
            {"altitude": 138.5},
            {"distance_km": 1.74},
            {"speed_kmh": 3.6},
            {"timestamp": "Sat Apr 08 15:39:37 UTC 2017"}
        ],
        [
            {"location": [[
                {"latitude": 64.231369},
                {"longitude": 27.726463}
            ]]},
            {"altitude": 142},
            {"distance_km": 1.75},
            {"speed_kmh": 3.6},
            {"timestamp": "Sat Apr 08 15:39:45 UTC 2017"}
        ],
        [
            {"location": [[
                {"latitude": 64.231441},
                {"longitude": 27.726286}
            ]]},
            {"altitude": 143.5},
            {"distance_km": 1.76},
            {"speed_kmh": 3.6},
            {"timestamp": "Sat Apr 08 15:39:59 UTC 2017"}
        ],
        [
            {"location": [[
                {"latitude": 64.231507},
                {"longitude": 27.726138}
            ]]},
            {"altitude": 144},
            {"distance_km": 1.77},
            {"speed_kmh": 2.7},
            {"timestamp": "Sat Apr 08 15:40:07 UTC 2017"}
        ],
        [
            {"location": [[
                {"latitude": 64.231595},
                {"longitude": 27.726003}
            ]]},
            {"altitude": 143},
            {"distance_km": 1.78},
            {"speed_kmh": 3.6},
            {"timestamp": "Sat Apr 08 15:40:17 UTC 2017"}
        ],
        [
            {"location": [[
                {"latitude": 64.231677},
                {"longitude": 27.726185}
            ]]},
            {"altitude": 139},
            {"distance_km": 1.79},
            {"speed_kmh": 0},
            {"timestamp": "Sat Apr 08 15:40:41 UTC 2017"}
        ],
        [
            {"location": [[
                {"latitude": 64.231695},
                {"longitude": 27.726418}
            ]]},
            {"altitude": 137.5},
            {"distance_km": 1.8},
            {"speed_kmh": 3.6},
            {"timestamp": "Sat Apr 08 15:40:49 UTC 2017"}
        ],
        [
            {"location": [[
                {"latitude": 64.231738},
                {"longitude": 27.726645}
            ]]},
            {"altitude": 137.5},
            {"distance_km": 1.82},
            {"speed_kmh": 3.6},
            {"timestamp": "Sat Apr 08 15:40:57 UTC 2017"}
        ],
        [
            {"location": [[
                {"latitude": 64.23175},
                {"longitude": 27.7269}
            ]]},
            {"altitude": 137.5},
            {"distance_km": 1.83},
            {"speed_kmh": 3.6},
            {"timestamp": "Sat Apr 08 15:41:05 UTC 2017"}
        ],
        [
            {"location": [[
                {"latitude": 64.231742},
                {"longitude": 27.727133}
            ]]},
            {"altitude": 141},
            {"distance_km": 1.84},
            {"speed_kmh": 4.5},
            {"timestamp": "Sat Apr 08 15:41:15 UTC 2017"}
        ],
        [
            {"location": [[
                {"latitude": 64.23175},
                {"longitude": 27.727383}
            ]]},
            {"altitude": 138},
            {"distance_km": 1.85},
            {"speed_kmh": 4.5},
            {"timestamp": "Sat Apr 08 15:41:23 UTC 2017"}
        ],
        [
            {"location": [[
                {"latitude": 64.231744},
                {"longitude": 27.727645}
            ]]},
            {"altitude": 140.5},
            {"distance_km": 1.87},
            {"speed_kmh": 4.5},
            {"timestamp": "Sat Apr 08 15:41:31 UTC 2017"}
        ],
        [
            {"location": [[
                {"latitude": 64.231734},
                {"longitude": 27.727859}
            ]]},
            {"altitude": 145.5},
            {"distance_km": 1.88},
            {"speed_kmh": 4.5},
            {"timestamp": "Sat Apr 08 15:41:39 UTC 2017"}
        ],
        [
            {"location": [[
                {"latitude": 64.231738},
                {"longitude": 27.728078}
            ]]},
            {"altitude": 150},
            {"distance_km": 1.89},
            {"speed_kmh": 4.5},
            {"timestamp": "Sat Apr 08 15:41:47 UTC 2017"}
        ],
        [
            {"location": [[
                {"latitude": 64.231724},
                {"longitude": 27.728321}
            ]]},
            {"altitude": 150},
            {"distance_km": 1.9},
            {"speed_kmh": 4.5},
            {"timestamp": "Sat Apr 08 15:41:55 UTC 2017"}
        ],
        [
            {"location": [[
                {"latitude": 64.231717},
                {"longitude": 27.728533}
            ]]},
            {"altitude": 146.5},
            {"distance_km": 1.91},
            {"speed_kmh": 1.8},
            {"timestamp": "Sat Apr 08 15:42:06 UTC 2017"}
        ],
        [
            {"location": [[
                {"latitude": 64.231725},
                {"longitude": 27.728836}
            ]]},
            {"altitude": 146},
            {"distance_km": 1.92},
            {"speed_kmh": 3.6},
            {"timestamp": "Sat Apr 08 15:42:17 UTC 2017"}
        ],
        [
            {"location": [[
                {"latitude": 64.231743},
                {"longitude": 27.729073}
            ]]},
            {"altitude": 147.5},
            {"distance_km": 1.93},
            {"speed_kmh": 3.6},
            {"timestamp": "Sat Apr 08 15:42:23 UTC 2017"}
        ],
        [
            {"location": [[
                {"latitude": 64.231737},
                {"longitude": 27.729308}
            ]]},
            {"altitude": 145.5},
            {"distance_km": 1.95},
            {"speed_kmh": 2.7},
            {"timestamp": "Sat Apr 08 15:42:33 UTC 2017"}
        ],
        [
            {"location": [[
                {"latitude": 64.231801},
                {"longitude": 27.729369}
            ]]},
            {"altitude": 152},
            {"distance_km": 1.95},
            {"speed_kmh": 0},
            {"timestamp": "Sat Apr 08 15:43:20 UTC 2017"}
        ],
        [
            {"location": [[
                {"latitude": 64.231801},
                {"longitude": 27.729369}
            ]]},
            {"altitude": 152},
            {"distance_km": 1.95},
            {"speed_kmh": 0},
            {"timestamp": "Sat Apr 08 15:43:21 UTC 2017"}
        ]
    ]}
]