[
    {"sport": "WALKING"},
    {"source": "TRACK_MOBILE"},
    {"created_date": "2017-04-14 08:05:53.0"},
    {"start_time": "2017-04-14 07:31:10.0"},
    {"end_time": "2017-04-14 08:15:17.0"},
    {"duration_s": 2647},
    {"distance_km": 2.28},
    {"calories_kcal": 198.212},
    {"altitude_min_m": 144.5},
    {"altitude_max_m": 193.5},
    {"speed_avg_kmh": 3.1008689081979597},
    {"speed_max_kmh": 6.3},
    {"ascend_m": 60},
    {"descend_m": 69.5},
    {"points": [
        [
            {"location": [[
                {"latitude": 64.231605},
                {"longitude": 27.729557}
            ]]},
            {"distance_km": 0},
            {"timestamp": "Fri Apr 14 07:31:10 UTC 2017"}
        ],
        [
            {"location": [[
                {"latitude": 64.231605},
                {"longitude": 27.729557}
            ]]},
            {"altitude": 166},
            {"distance_km": 0},
            {"speed_kmh": 1.8},
            {"timestamp": "Fri Apr 14 07:31:28 UTC 2017"}
        ],
        [
            {"location": [[
                {"latitude": 64.231701},
                {"longitude": 27.729581}
            ]]},
            {"altitude": 158.5},
            {"distance_km": 0.01},
            {"speed_kmh": 1.8},
            {"timestamp": "Fri Apr 14 07:31:30 UTC 2017"}
        ],
        [
            {"location": [[
                {"latitude": 64.231668},
                {"longitude": 27.729774}
            ]]},
            {"altitude": 144.5},
            {"distance_km": 0.02},
            {"speed_kmh": 4.5},
            {"timestamp": "Fri Apr 14 07:31:50 UTC 2017"}
        ],
        [
            {"location": [[
                {"latitude": 64.231736},
                {"longitude": 27.729956}
            ]]},
            {"altitude": 146.5},
            {"distance_km": 0.03},
            {"speed_kmh": 4.5},
            {"timestamp": "Fri Apr 14 07:31:58 UTC 2017"}
        ],
        [
            {"location": [[
                {"latitude": 64.231801},
                {"longitude": 27.730124}
            ]]},
            {"altitude": 150.5},
            {"distance_km": 0.04},
            {"speed_kmh": 4.5},
            {"timestamp": "Fri Apr 14 07:32:08 UTC 2017"}
        ],
        [
            {"location": [[
                {"latitude": 64.23188},
                {"longitude": 27.730306}
            ]]},
            {"altitude": 153.5},
            {"distance_km": 0.06},
            {"speed_kmh": 4.5},
            {"timestamp": "Fri Apr 14 07:32:18 UTC 2017"}
        ],
        [
            {"location": [[
                {"latitude": 64.231986},
                {"longitude": 27.730427}
            ]]},
            {"altitude": 157.5},
            {"distance_km": 0.07},
            {"speed_kmh": 4.5},
            {"timestamp": "Fri Apr 14 07:32:26 UTC 2017"}
        ],
        [
            {"location": [[
                {"latitude": 64.232068},
                {"longitude": 27.730517}
            ]]},
            {"altitude": 153.5},
            {"distance_km": 0.08},
            {"speed_kmh": 4.5},
            {"timestamp": "Fri Apr 14 07:32:33 UTC 2017"}
        ],
        [
            {"location": [[
                {"latitude": 64.232154},
                {"longitude": 27.730611}
            ]]},
            {"altitude": 152.5},
            {"distance_km": 0.09},
            {"speed_kmh": 4.5},
            {"timestamp": "Fri Apr 14 07:32:40 UTC 2017"}
        ],
        [
            {"location": [[
                {"latitude": 64.23225},
                {"longitude": 27.730728}
            ]]},
            {"altitude": 153},
            {"distance_km": 0.1},
            {"speed_kmh": 4.5},
            {"timestamp": "Fri Apr 14 07:32:48 UTC 2017"}
        ],
        [
            {"location": [[
                {"latitude": 64.232322},
                {"longitude": 27.730886}
            ]]},
            {"altitude": 149.5},
            {"distance_km": 0.11},
            {"speed_kmh": 4.5},
            {"timestamp": "Fri Apr 14 07:32:56 UTC 2017"}
        ],
        [
            {"location": [[
                {"latitude": 64.232417},
                {"longitude": 27.730976}
            ]]},
            {"altitude": 153.5},
            {"distance_km": 0.12},
            {"speed_kmh": 4.5},
            {"timestamp": "Fri Apr 14 07:33:02 UTC 2017"}
        ],
        [
            {"location": [[
                {"latitude": 64.232507},
                {"longitude": 27.73107}
            ]]},
            {"altitude": 154},
            {"distance_km": 0.14},
            {"speed_kmh": 4.5},
            {"timestamp": "Fri Apr 14 07:33:10 UTC 2017"}
        ],
        [
            {"location": [[
                {"latitude": 64.232584},
                {"longitude": 27.731217}
            ]]},
            {"altitude": 154},
            {"distance_km": 0.15},
            {"speed_kmh": 4.5},
            {"timestamp": "Fri Apr 14 07:33:24 UTC 2017"}
        ],
        [
            {"location": [[
                {"latitude": 64.232671},
                {"longitude": 27.73132}
            ]]},
            {"altitude": 153},
            {"distance_km": 0.16},
            {"speed_kmh": 4.5},
            {"timestamp": "Fri Apr 14 07:33:32 UTC 2017"}
        ],
        [
            {"location": [[
                {"latitude": 64.232762},
                {"longitude": 27.731357}
            ]]},
            {"altitude": 154.5},
            {"distance_km": 0.17},
            {"speed_kmh": 5.4},
            {"timestamp": "Fri Apr 14 07:33:38 UTC 2017"}
        ],
        [
            {"location": [[
                {"latitude": 64.23288},
                {"longitude": 27.731368}
            ]]},
            {"altitude": 154},
            {"distance_km": 0.18},
            {"speed_kmh": 5.4},
            {"timestamp": "Fri Apr 14 07:33:46 UTC 2017"}
        ],
        [
            {"location": [[
                {"latitude": 64.232986},
                {"longitude": 27.731366}
            ]]},
            {"altitude": 155.5},
            {"distance_km": 0.19},
            {"speed_kmh": 4.5},
            {"timestamp": "Fri Apr 14 07:33:57 UTC 2017"}
        ],
        [
            {"location": [[
                {"latitude": 64.233083},
                {"longitude": 27.731453}
            ]]},
            {"altitude": 156.5},
            {"distance_km": 0.2},
            {"speed_kmh": 5.4},
            {"timestamp": "Fri Apr 14 07:34:05 UTC 2017"}
        ],
        [
            {"location": [[
                {"latitude": 64.233198},
                {"longitude": 27.731391}
            ]]},
            {"altitude": 158.5},
            {"distance_km": 0.22},
            {"speed_kmh": 5.4},
            {"timestamp": "Fri Apr 14 07:34:12 UTC 2017"}
        ],
        [
            {"location": [[
                {"latitude": 64.233284},
                {"longitude": 27.731325}
            ]]},
            {"altitude": 156},
            {"distance_km": 0.23},
            {"speed_kmh": 4.5},
            {"timestamp": "Fri Apr 14 07:34:20 UTC 2017"}
        ],
        [
            {"location": [[
                {"latitude": 64.233379},
                {"longitude": 27.731391}
            ]]},
            {"altitude": 158},
            {"distance_km": 0.24},
            {"speed_kmh": 4.5},
            {"timestamp": "Fri Apr 14 07:34:30 UTC 2017"}
        ],
        [
            {"location": [[
                {"latitude": 64.233473},
                {"longitude": 27.731419}
            ]]},
            {"altitude": 161},
            {"distance_km": 0.25},
            {"speed_kmh": 4.5},
            {"timestamp": "Fri Apr 14 07:34:40 UTC 2017"}
        ],
        [
            {"location": [[
                {"latitude": 64.23357},
                {"longitude": 27.731336}
            ]]},
            {"altitude": 159.5},
            {"distance_km": 0.26},
            {"speed_kmh": 4.5},
            {"timestamp": "Fri Apr 14 07:34:48 UTC 2017"}
        ],
        [
            {"location": [[
                {"latitude": 64.233672},
                {"longitude": 27.731311}
            ]]},
            {"altitude": 162},
            {"distance_km": 0.27},
            {"speed_kmh": 4.5},
            {"timestamp": "Fri Apr 14 07:34:56 UTC 2017"}
        ],
        [
            {"location": [[
                {"latitude": 64.233767},
                {"longitude": 27.731218}
            ]]},
            {"altitude": 162},
            {"distance_km": 0.28},
            {"speed_kmh": 3.6},
            {"timestamp": "Fri Apr 14 07:35:06 UTC 2017"}
        ],
        [
            {"location": [[
                {"latitude": 64.233832},
                {"longitude": 27.731059}
            ]]},
            {"altitude": 163.5},
            {"distance_km": 0.29},
            {"speed_kmh": 3.6},
            {"timestamp": "Fri Apr 14 07:35:16 UTC 2017"}
        ],
        [
            {"location": [[
                {"latitude": 64.233919},
                {"longitude": 27.730998}
            ]]},
            {"altitude": 165},
            {"distance_km": 0.3},
            {"speed_kmh": 3.6},
            {"timestamp": "Fri Apr 14 07:35:24 UTC 2017"}
        ],
        [
            {"location": [[
                {"latitude": 64.234017},
                {"longitude": 27.730887}
            ]]},
            {"altitude": 166},
            {"distance_km": 0.32},
            {"speed_kmh": 3.6},
            {"timestamp": "Fri Apr 14 07:35:36 UTC 2017"}
        ],
        [
            {"location": [[
                {"latitude": 64.234063},
                {"longitude": 27.730707}
            ]]},
            {"altitude": 169},
            {"distance_km": 0.33},
            {"speed_kmh": 3.6},
            {"timestamp": "Fri Apr 14 07:35:44 UTC 2017"}
        ],
        [
            {"location": [[
                {"latitude": 64.234114},
                {"longitude": 27.730533}
            ]]},
            {"altitude": 172.5},
            {"distance_km": 0.34},
            {"speed_kmh": 3.6},
            {"timestamp": "Fri Apr 14 07:35:52 UTC 2017"}
        ],
        [
            {"location": [[
                {"latitude": 64.234172},
                {"longitude": 27.730354}
            ]]},
            {"altitude": 173.5},
            {"distance_km": 0.35},
            {"speed_kmh": 4.5},
            {"timestamp": "Fri Apr 14 07:36:00 UTC 2017"}
        ],
        [
            {"location": [[
                {"latitude": 64.23424},
                {"longitude": 27.730154}
            ]]},
            {"altitude": 172.5},
            {"distance_km": 0.36},
            {"speed_kmh": 5.4},
            {"timestamp": "Fri Apr 14 07:36:07 UTC 2017"}
        ],
        [
            {"location": [[
                {"latitude": 64.234322},
                {"longitude": 27.729967}
            ]]},
            {"altitude": 172},
            {"distance_km": 0.37},
            {"speed_kmh": 3.6},
            {"timestamp": "Fri Apr 14 07:36:20 UTC 2017"}
        ],
        [
            {"location": [[
                {"latitude": 64.234371},
                {"longitude": 27.729756}
            ]]},
            {"altitude": 174.5},
            {"distance_km": 0.38},
            {"speed_kmh": 3.6},
            {"timestamp": "Fri Apr 14 07:36:30 UTC 2017"}
        ],
        [
            {"location": [[
                {"latitude": 64.234464},
                {"longitude": 27.729634}
            ]]},
            {"altitude": 177},
            {"distance_km": 0.4},
            {"speed_kmh": 3.6},
            {"timestamp": "Fri Apr 14 07:36:40 UTC 2017"}
        ],
        [
            {"location": [[
                {"latitude": 64.234542},
                {"longitude": 27.729488}
            ]]},
            {"altitude": 175.5},
            {"distance_km": 0.41},
            {"speed_kmh": 3.6},
            {"timestamp": "Fri Apr 14 07:36:50 UTC 2017"}
        ],
        [
            {"location": [[
                {"latitude": 64.234623},
                {"longitude": 27.729373}
            ]]},
            {"altitude": 177.5},
            {"distance_km": 0.42},
            {"speed_kmh": 3.6},
            {"timestamp": "Fri Apr 14 07:36:58 UTC 2017"}
        ],
        [
            {"location": [[
                {"latitude": 64.234707},
                {"longitude": 27.72924}
            ]]},
            {"altitude": 177.5},
            {"distance_km": 0.43},
            {"speed_kmh": 3.6},
            {"timestamp": "Fri Apr 14 07:37:08 UTC 2017"}
        ],
        [
            {"location": [[
                {"latitude": 64.234793},
                {"longitude": 27.729113}
            ]]},
            {"altitude": 179.5},
            {"distance_km": 0.44},
            {"speed_kmh": 2.7},
            {"timestamp": "Fri Apr 14 07:37:24 UTC 2017"}
        ],
        [
            {"location": [[
                {"latitude": 64.234893},
                {"longitude": 27.729032}
            ]]},
            {"altitude": 185},
            {"distance_km": 0.45},
            {"speed_kmh": 3.6},
            {"timestamp": "Fri Apr 14 07:37:34 UTC 2017"}
        ],
        [
            {"location": [[
                {"latitude": 64.234978},
                {"longitude": 27.728962}
            ]]},
            {"altitude": 185},
            {"distance_km": 0.46},
            {"speed_kmh": 3.6},
            {"timestamp": "Fri Apr 14 07:37:42 UTC 2017"}
        ],
        [
            {"location": [[
                {"latitude": 64.235035},
                {"longitude": 27.728798}
            ]]},
            {"altitude": 184.5},
            {"distance_km": 0.47},
            {"speed_kmh": 3.6},
            {"timestamp": "Fri Apr 14 07:37:48 UTC 2017"}
        ],
        [
            {"location": [[
                {"latitude": 64.235126},
                {"longitude": 27.728833}
            ]]},
            {"altitude": 186},
            {"distance_km": 0.48},
            {"speed_kmh": 5.4},
            {"timestamp": "Fri Apr 14 07:37:56 UTC 2017"}
        ],
        [
            {"location": [[
                {"latitude": 64.235227},
                {"longitude": 27.728928}
            ]]},
            {"altitude": 190},
            {"distance_km": 0.49},
            {"speed_kmh": 4.5},
            {"timestamp": "Fri Apr 14 07:38:05 UTC 2017"}
        ],
        [
            {"location": [[
                {"latitude": 64.235314},
                {"longitude": 27.728873}
            ]]},
            {"altitude": 189.5},
            {"distance_km": 0.5},
            {"speed_kmh": 3.6},
            {"timestamp": "Fri Apr 14 07:38:11 UTC 2017"}
        ],
        [
            {"location": [[
                {"latitude": 64.235339},
                {"longitude": 27.72864}
            ]]},
            {"altitude": 192},
            {"distance_km": 0.52},
            {"speed_kmh": 3.6},
            {"timestamp": "Fri Apr 14 07:38:26 UTC 2017"}
        ],
        [
            {"location": [[
                {"latitude": 64.235371},
                {"longitude": 27.728423}
            ]]},
            {"altitude": 191.5},
            {"distance_km": 0.53},
            {"speed_kmh": 3.6},
            {"timestamp": "Fri Apr 14 07:38:40 UTC 2017"}
        ],
        [
            {"location": [[
                {"latitude": 64.235469},
                {"longitude": 27.72836}
            ]]},
            {"altitude": 193},
            {"distance_km": 0.54},
            {"speed_kmh": 4.5},
            {"timestamp": "Fri Apr 14 07:38:48 UTC 2017"}
        ],
        [
            {"location": [[
                {"latitude": 64.235568},
                {"longitude": 27.728272}
            ]]},
            {"altitude": 191.5},
            {"distance_km": 0.55},
            {"speed_kmh": 2.7},
            {"timestamp": "Fri Apr 14 07:38:56 UTC 2017"}
        ],
        [
            {"location": [[
                {"latitude": 64.23565},
                {"longitude": 27.728118}
            ]]},
            {"altitude": 192.5},
            {"distance_km": 0.56},
            {"speed_kmh": 3.6},
            {"timestamp": "Fri Apr 14 07:39:04 UTC 2017"}
        ],
        [
            {"location": [[
                {"latitude": 64.235735},
                {"longitude": 27.727975}
            ]]},
            {"altitude": 191},
            {"distance_km": 0.57},
            {"speed_kmh": 3.6},
            {"timestamp": "Fri Apr 14 07:39:12 UTC 2017"}
        ],
        [
            {"location": [[
                {"latitude": 64.235808},
                {"longitude": 27.727823}
            ]]},
            {"altitude": 187.5},
            {"distance_km": 0.58},
            {"speed_kmh": 3.6},
            {"timestamp": "Fri Apr 14 07:39:20 UTC 2017"}
        ],
        [
            {"location": [[
                {"latitude": 64.235891},
                {"longitude": 27.727704}
            ]]},
            {"altitude": 188},
            {"distance_km": 0.6},
            {"speed_kmh": 3.6},
            {"timestamp": "Fri Apr 14 07:39:28 UTC 2017"}
        ],
        [
            {"location": [[
                {"latitude": 64.235971},
                {"longitude": 27.727539}
            ]]},
            {"altitude": 187.5},
            {"distance_km": 0.61},
            {"speed_kmh": 3.6},
            {"timestamp": "Fri Apr 14 07:39:36 UTC 2017"}
        ],
        [
            {"location": [[
                {"latitude": 64.236007},
                {"longitude": 27.72734}
            ]]},
            {"altitude": 186},
            {"distance_km": 0.62},
            {"speed_kmh": 3.6},
            {"timestamp": "Fri Apr 14 07:39:44 UTC 2017"}
        ],
        [
            {"location": [[
                {"latitude": 64.23602},
                {"longitude": 27.727128}
            ]]},
            {"altitude": 182},
            {"distance_km": 0.63},
            {"speed_kmh": 3.6},
            {"timestamp": "Fri Apr 14 07:39:53 UTC 2017"}
        ],
        [
            {"location": [[
                {"latitude": 64.236051},
                {"longitude": 27.72688}
            ]]},
            {"altitude": 184.5},
            {"distance_km": 0.64},
            {"speed_kmh": 4.5},
            {"timestamp": "Fri Apr 14 07:40:01 UTC 2017"}
        ],
        [
            {"location": [[
                {"latitude": 64.236079},
                {"longitude": 27.726644}
            ]]},
            {"altitude": 187.5},
            {"distance_km": 0.65},
            {"speed_kmh": 4.5},
            {"timestamp": "Fri Apr 14 07:40:10 UTC 2017"}
        ],
        [
            {"location": [[
                {"latitude": 64.236151},
                {"longitude": 27.726481}
            ]]},
            {"altitude": 191},
            {"distance_km": 0.66},
            {"speed_kmh": 3.6},
            {"timestamp": "Fri Apr 14 07:40:18 UTC 2017"}
        ],
        [
            {"location": [[
                {"latitude": 64.236179},
                {"longitude": 27.72624}
            ]]},
            {"altitude": 193},
            {"distance_km": 0.68},
            {"speed_kmh": 3.6},
            {"timestamp": "Fri Apr 14 07:40:28 UTC 2017"}
        ],
        [
            {"location": [[
                {"latitude": 64.236206},
                {"longitude": 27.726015}
            ]]},
            {"altitude": 190.5},
            {"distance_km": 0.69},
            {"speed_kmh": 4.5},
            {"timestamp": "Fri Apr 14 07:40:36 UTC 2017"}
        ],
        [
            {"location": [[
                {"latitude": 64.236218},
                {"longitude": 27.7258}
            ]]},
            {"altitude": 188.5},
            {"distance_km": 0.7},
            {"speed_kmh": 4.5},
            {"timestamp": "Fri Apr 14 07:40:44 UTC 2017"}
        ],
        [
            {"location": [[
                {"latitude": 64.236216},
                {"longitude": 27.725572}
            ]]},
            {"altitude": 187},
            {"distance_km": 0.71},
            {"speed_kmh": 4.5},
            {"timestamp": "Fri Apr 14 07:40:52 UTC 2017"}
        ],
        [
            {"location": [[
                {"latitude": 64.236285},
                {"longitude": 27.72538}
            ]]},
            {"altitude": 187},
            {"distance_km": 0.72},
            {"speed_kmh": 4.5},
            {"timestamp": "Fri Apr 14 07:41:00 UTC 2017"}
        ],
        [
            {"location": [[
                {"latitude": 64.236357},
                {"longitude": 27.725227}
            ]]},
            {"altitude": 183.5},
            {"distance_km": 0.73},
            {"speed_kmh": 4.5},
            {"timestamp": "Fri Apr 14 07:41:08 UTC 2017"}
        ],
        [
            {"location": [[
                {"latitude": 64.236453},
                {"longitude": 27.725088}
            ]]},
            {"altitude": 184.5},
            {"distance_km": 0.74},
            {"speed_kmh": 4.5},
            {"timestamp": "Fri Apr 14 07:41:16 UTC 2017"}
        ],
        [
            {"location": [[
                {"latitude": 64.236565},
                {"longitude": 27.725067}
            ]]},
            {"altitude": 183.5},
            {"distance_km": 0.76},
            {"speed_kmh": 4.5},
            {"timestamp": "Fri Apr 14 07:41:24 UTC 2017"}
        ],
        [
            {"location": [[
                {"latitude": 64.236667},
                {"longitude": 27.725092}
            ]]},
            {"altitude": 180.5},
            {"distance_km": 0.77},
            {"speed_kmh": 4.5},
            {"timestamp": "Fri Apr 14 07:41:32 UTC 2017"}
        ],
        [
            {"location": [[
                {"latitude": 64.236774},
                {"longitude": 27.725088}
            ]]},
            {"altitude": 181},
            {"distance_km": 0.78},
            {"speed_kmh": 4.5},
            {"timestamp": "Fri Apr 14 07:41:40 UTC 2017"}
        ],
        [
            {"location": [[
                {"latitude": 64.236877},
                {"longitude": 27.725126}
            ]]},
            {"altitude": 183.5},
            {"distance_km": 0.79},
            {"speed_kmh": 4.5},
            {"timestamp": "Fri Apr 14 07:41:48 UTC 2017"}
        ],
        [
            {"location": [[
                {"latitude": 64.236968},
                {"longitude": 27.725141}
            ]]},
            {"altitude": 186},
            {"distance_km": 0.8},
            {"speed_kmh": 4.5},
            {"timestamp": "Fri Apr 14 07:41:55 UTC 2017"}
        ],
        [
            {"location": [[
                {"latitude": 64.237072},
                {"longitude": 27.725192}
            ]]},
            {"altitude": 186},
            {"distance_km": 0.81},
            {"speed_kmh": 5.4},
            {"timestamp": "Fri Apr 14 07:42:01 UTC 2017"}
        ],
        [
            {"location": [[
                {"latitude": 64.237159},
                {"longitude": 27.725251}
            ]]},
            {"altitude": 186.5},
            {"distance_km": 0.82},
            {"speed_kmh": 5.4},
            {"timestamp": "Fri Apr 14 07:42:07 UTC 2017"}
        ],
        [
            {"location": [[
                {"latitude": 64.237252},
                {"longitude": 27.725394}
            ]]},
            {"altitude": 188.5},
            {"distance_km": 0.84},
            {"speed_kmh": 5.4},
            {"timestamp": "Fri Apr 14 07:42:14 UTC 2017"}
        ],
        [
            {"location": [[
                {"latitude": 64.237336},
                {"longitude": 27.725469}
            ]]},
            {"altitude": 190},
            {"distance_km": 0.85},
            {"speed_kmh": 5.4},
            {"timestamp": "Fri Apr 14 07:42:20 UTC 2017"}
        ],
        [
            {"location": [[
                {"latitude": 64.23744},
                {"longitude": 27.725575}
            ]]},
            {"altitude": 193.5},
            {"distance_km": 0.86},
            {"speed_kmh": 5.4},
            {"timestamp": "Fri Apr 14 07:42:28 UTC 2017"}
        ],
        [
            {"location": [[
                {"latitude": 64.237524},
                {"longitude": 27.725707}
            ]]},
            {"altitude": 193.5},
            {"distance_km": 0.87},
            {"speed_kmh": 4.5},
            {"timestamp": "Fri Apr 14 07:42:36 UTC 2017"}
        ],
        [
            {"location": [[
                {"latitude": 64.237585},
                {"longitude": 27.725885}
            ]]},
            {"altitude": 192},
            {"distance_km": 0.88},
            {"speed_kmh": 4.5},
            {"timestamp": "Fri Apr 14 07:42:44 UTC 2017"}
        ],
        [
            {"location": [[
                {"latitude": 64.237676},
                {"longitude": 27.726026}
            ]]},
            {"altitude": 192.5},
            {"distance_km": 0.89},
            {"speed_kmh": 4.5},
            {"timestamp": "Fri Apr 14 07:42:54 UTC 2017"}
        ],
        [
            {"location": [[
                {"latitude": 64.237757},
                {"longitude": 27.726116}
            ]]},
            {"altitude": 191},
            {"distance_km": 0.9},
            {"speed_kmh": 4.5},
            {"timestamp": "Fri Apr 14 07:43:02 UTC 2017"}
        ],
        [
            {"location": [[
                {"latitude": 64.237808},
                {"longitude": 27.726291}
            ]]},
            {"altitude": 188},
            {"distance_km": 0.91},
            {"speed_kmh": 4.5},
            {"timestamp": "Fri Apr 14 07:43:10 UTC 2017"}
        ],
        [
            {"location": [[
                {"latitude": 64.237909},
                {"longitude": 27.726385}
            ]]},
            {"altitude": 186.5},
            {"distance_km": 0.93},
            {"speed_kmh": 4.5},
            {"timestamp": "Fri Apr 14 07:43:20 UTC 2017"}
        ],
        [
            {"location": [[
                {"latitude": 64.238002},
                {"longitude": 27.726442}
            ]]},
            {"altitude": 185.5},
            {"distance_km": 0.94},
            {"speed_kmh": 4.5},
            {"timestamp": "Fri Apr 14 07:43:28 UTC 2017"}
        ],
        [
            {"location": [[
                {"latitude": 64.23809},
                {"longitude": 27.726517}
            ]]},
            {"altitude": 186.5},
            {"distance_km": 0.95},
            {"speed_kmh": 4.5},
            {"timestamp": "Fri Apr 14 07:43:36 UTC 2017"}
        ],
        [
            {"location": [[
                {"latitude": 64.23818},
                {"longitude": 27.726591}
            ]]},
            {"altitude": 187},
            {"distance_km": 0.96},
            {"speed_kmh": 4.5},
            {"timestamp": "Fri Apr 14 07:43:44 UTC 2017"}
        ],
        [
            {"location": [[
                {"latitude": 64.238261},
                {"longitude": 27.726753}
            ]]},
            {"altitude": 186},
            {"distance_km": 0.97},
            {"speed_kmh": 3.6},
            {"timestamp": "Fri Apr 14 07:44:04 UTC 2017"}
        ],
        [
            {"location": [[
                {"latitude": 64.238341},
                {"longitude": 27.726883}
            ]]},
            {"altitude": 181.5},
            {"distance_km": 0.98},
            {"speed_kmh": 0},
            {"timestamp": "Fri Apr 14 07:45:00 UTC 2017"}
        ],
        [
            {"location": [[
                {"latitude": 64.23845},
                {"longitude": 27.726874}
            ]]},
            {"altitude": 175.5},
            {"distance_km": 0.99},
            {"speed_kmh": 3.6},
            {"timestamp": "Fri Apr 14 07:45:24 UTC 2017"}
        ],
        [
            {"location": [[
                {"latitude": 64.23856},
                {"longitude": 27.726928}
            ]]},
            {"altitude": 174},
            {"distance_km": 1.01},
            {"speed_kmh": 4.5},
            {"timestamp": "Fri Apr 14 07:45:32 UTC 2017"}
        ],
        [
            {"location": [[
                {"latitude": 64.238657},
                {"longitude": 27.727011}
            ]]},
            {"altitude": 176},
            {"distance_km": 1.02},
            {"speed_kmh": 4.5},
            {"timestamp": "Fri Apr 14 07:45:40 UTC 2017"}
        ],
        [
            {"location": [[
                {"latitude": 64.238724},
                {"longitude": 27.727212}
            ]]},
            {"altitude": 174.5},
            {"distance_km": 1.03},
            {"speed_kmh": 4.5},
            {"timestamp": "Fri Apr 14 07:45:50 UTC 2017"}
        ],
        [
            {"location": [[
                {"latitude": 64.238748},
                {"longitude": 27.727451}
            ]]},
            {"altitude": 175.5},
            {"distance_km": 1.04},
            {"speed_kmh": 4.5},
            {"timestamp": "Fri Apr 14 07:45:58 UTC 2017"}
        ],
        [
            {"location": [[
                {"latitude": 64.238765},
                {"longitude": 27.727657}
            ]]},
            {"altitude": 178},
            {"distance_km": 1.05},
            {"speed_kmh": 4.5},
            {"timestamp": "Fri Apr 14 07:46:04 UTC 2017"}
        ],
        [
            {"location": [[
                {"latitude": 64.238824},
                {"longitude": 27.72784}
            ]]},
            {"altitude": 179},
            {"distance_km": 1.06},
            {"speed_kmh": 2.7},
            {"timestamp": "Fri Apr 14 07:46:16 UTC 2017"}
        ],
        [
            {"location": [[
                {"latitude": 64.238874},
                {"longitude": 27.728039}
            ]]},
            {"altitude": 180},
            {"distance_km": 1.07},
            {"speed_kmh": 4.5},
            {"timestamp": "Fri Apr 14 07:46:24 UTC 2017"}
        ],
        [
            {"location": [[
                {"latitude": 64.238916},
                {"longitude": 27.728256}
            ]]},
            {"altitude": 182},
            {"distance_km": 1.08},
            {"speed_kmh": 4.5},
            {"timestamp": "Fri Apr 14 07:46:32 UTC 2017"}
        ],
        [
            {"location": [[
                {"latitude": 64.238954},
                {"longitude": 27.728499}
            ]]},
            {"altitude": 180.5},
            {"distance_km": 1.1},
            {"speed_kmh": 4.5},
            {"timestamp": "Fri Apr 14 07:46:42 UTC 2017"}
        ],
        [
            {"location": [[
                {"latitude": 64.238946},
                {"longitude": 27.728706}
            ]]},
            {"altitude": 178},
            {"distance_km": 1.11},
            {"speed_kmh": 2.7},
            {"timestamp": "Fri Apr 14 07:46:52 UTC 2017"}
        ],
        [
            {"location": [[
                {"latitude": 64.238952},
                {"longitude": 27.728968}
            ]]},
            {"altitude": 179},
            {"distance_km": 1.12},
            {"speed_kmh": 3.6},
            {"timestamp": "Fri Apr 14 07:47:00 UTC 2017"}
        ],
        [
            {"location": [[
                {"latitude": 64.238981},
                {"longitude": 27.729215}
            ]]},
            {"altitude": 182},
            {"distance_km": 1.13},
            {"speed_kmh": 4.5},
            {"timestamp": "Fri Apr 14 07:47:09 UTC 2017"}
        ],
        [
            {"location": [[
                {"latitude": 64.239012},
                {"longitude": 27.72941}
            ]]},
            {"altitude": 180.5},
            {"distance_km": 1.14},
            {"speed_kmh": 3.6},
            {"timestamp": "Fri Apr 14 07:47:16 UTC 2017"}
        ],
        [
            {"location": [[
                {"latitude": 64.239003},
                {"longitude": 27.729628}
            ]]},
            {"altitude": 181},
            {"distance_km": 1.15},
            {"speed_kmh": 3.6},
            {"timestamp": "Fri Apr 14 07:47:24 UTC 2017"}
        ],
        [
            {"location": [[
                {"latitude": 64.238987},
                {"longitude": 27.729891}
            ]]},
            {"altitude": 182.5},
            {"distance_km": 1.17},
            {"speed_kmh": 4.5},
            {"timestamp": "Fri Apr 14 07:47:32 UTC 2017"}
        ],
        [
            {"location": [[
                {"latitude": 64.238953},
                {"longitude": 27.730141}
            ]]},
            {"altitude": 183.5},
            {"distance_km": 1.18},
            {"speed_kmh": 4.5},
            {"timestamp": "Fri Apr 14 07:47:40 UTC 2017"}
        ],
        [
            {"location": [[
                {"latitude": 64.238935},
                {"longitude": 27.730357}
            ]]},
            {"altitude": 184.5},
            {"distance_km": 1.19},
            {"speed_kmh": 3.6},
            {"timestamp": "Fri Apr 14 07:47:48 UTC 2017"}
        ],
        [
            {"location": [[
                {"latitude": 64.238913},
                {"longitude": 27.730571}
            ]]},
            {"altitude": 190},
            {"distance_km": 1.2},
            {"speed_kmh": 3.6},
            {"timestamp": "Fri Apr 14 07:47:58 UTC 2017"}
        ],
        [
            {"location": [[
                {"latitude": 64.238892},
                {"longitude": 27.730799}
            ]]},
            {"altitude": 188},
            {"distance_km": 1.21},
            {"speed_kmh": 3.6},
            {"timestamp": "Fri Apr 14 07:48:08 UTC 2017"}
        ],
        [
            {"location": [[
                {"latitude": 64.238879},
                {"longitude": 27.731065}
            ]]},
            {"altitude": 185},
            {"distance_km": 1.22},
            {"speed_kmh": 4.5},
            {"timestamp": "Fri Apr 14 07:48:16 UTC 2017"}
        ],
        [
            {"location": [[
                {"latitude": 64.238884},
                {"longitude": 27.731315}
            ]]},
            {"altitude": 187},
            {"distance_km": 1.24},
            {"speed_kmh": 4.5},
            {"timestamp": "Fri Apr 14 07:48:24 UTC 2017"}
        ],
        [
            {"location": [[
                {"latitude": 64.238883},
                {"longitude": 27.731538}
            ]]},
            {"altitude": 187},
            {"distance_km": 1.25},
            {"speed_kmh": 4.5},
            {"timestamp": "Fri Apr 14 07:48:32 UTC 2017"}
        ],
        [
            {"location": [[
                {"latitude": 64.238882},
                {"longitude": 27.731769}
            ]]},
            {"altitude": 187.5},
            {"distance_km": 1.26},
            {"speed_kmh": 4.5},
            {"timestamp": "Fri Apr 14 07:48:40 UTC 2017"}
        ],
        [
            {"location": [[
                {"latitude": 64.23889},
                {"longitude": 27.732036}
            ]]},
            {"altitude": 187},
            {"distance_km": 1.27},
            {"speed_kmh": 4.5},
            {"timestamp": "Fri Apr 14 07:48:49 UTC 2017"}
        ],
        [
            {"location": [[
                {"latitude": 64.238889},
                {"longitude": 27.732299}
            ]]},
            {"altitude": 185.5},
            {"distance_km": 1.28},
            {"speed_kmh": 4.5},
            {"timestamp": "Fri Apr 14 07:48:57 UTC 2017"}
        ],
        [
            {"location": [[
                {"latitude": 64.238892},
                {"longitude": 27.732533}
            ]]},
            {"altitude": 186},
            {"distance_km": 1.3},
            {"speed_kmh": 3.6},
            {"timestamp": "Fri Apr 14 07:49:07 UTC 2017"}
        ],
        [
            {"location": [[
                {"latitude": 64.238843},
                {"longitude": 27.732707}
            ]]},
            {"altitude": 187},
            {"distance_km": 1.31},
            {"speed_kmh": 4.5},
            {"timestamp": "Fri Apr 14 07:49:14 UTC 2017"}
        ],
        [
            {"location": [[
                {"latitude": 64.238773},
                {"longitude": 27.732889}
            ]]},
            {"altitude": 186.5},
            {"distance_km": 1.32},
            {"speed_kmh": 4.5},
            {"timestamp": "Fri Apr 14 07:49:22 UTC 2017"}
        ],
        [
            {"location": [[
                {"latitude": 64.238692},
                {"longitude": 27.732981}
            ]]},
            {"altitude": 185},
            {"distance_km": 1.33},
            {"speed_kmh": 4.5},
            {"timestamp": "Fri Apr 14 07:49:30 UTC 2017"}
        ],
        [
            {"location": [[
                {"latitude": 64.238603},
                {"longitude": 27.732938}
            ]]},
            {"altitude": 180.5},
            {"distance_km": 1.34},
            {"speed_kmh": 4.5},
            {"timestamp": "Fri Apr 14 07:49:38 UTC 2017"}
        ],
        [
            {"location": [[
                {"latitude": 64.238496},
                {"longitude": 27.733031}
            ]]},
            {"altitude": 184.5},
            {"distance_km": 1.35},
            {"speed_kmh": 4.5},
            {"timestamp": "Fri Apr 14 07:49:48 UTC 2017"}
        ],
        [
            {"location": [[
                {"latitude": 64.238399},
                {"longitude": 27.733106}
            ]]},
            {"altitude": 187.5},
            {"distance_km": 1.36},
            {"speed_kmh": 2.7},
            {"timestamp": "Fri Apr 14 07:49:58 UTC 2017"}
        ],
        [
            {"location": [[
                {"latitude": 64.238297},
                {"longitude": 27.733095}
            ]]},
            {"altitude": 189},
            {"distance_km": 1.37},
            {"speed_kmh": 3.6},
            {"timestamp": "Fri Apr 14 07:50:08 UTC 2017"}
        ],
        [
            {"location": [[
                {"latitude": 64.238215},
                {"longitude": 27.732974}
            ]]},
            {"altitude": 187.5},
            {"distance_km": 1.38},
            {"speed_kmh": 3.6},
            {"timestamp": "Fri Apr 14 07:50:16 UTC 2017"}
        ],
        [
            {"location": [[
                {"latitude": 64.238128},
                {"longitude": 27.732902}
            ]]},
            {"altitude": 189},
            {"distance_km": 1.39},
            {"speed_kmh": 3.6},
            {"timestamp": "Fri Apr 14 07:50:24 UTC 2017"}
        ],
        [
            {"location": [[
                {"latitude": 64.238033},
                {"longitude": 27.732818}
            ]]},
            {"altitude": 189.5},
            {"distance_km": 1.41},
            {"speed_kmh": 3.6},
            {"timestamp": "Fri Apr 14 07:50:34 UTC 2017"}
        ],
        [
            {"location": [[
                {"latitude": 64.237932},
                {"longitude": 27.732744}
            ]]},
            {"altitude": 191},
            {"distance_km": 1.42},
            {"speed_kmh": 4.5},
            {"timestamp": "Fri Apr 14 07:50:44 UTC 2017"}
        ],
        [
            {"location": [[
                {"latitude": 64.237843},
                {"longitude": 27.732684}
            ]]},
            {"altitude": 190.5},
            {"distance_km": 1.43},
            {"speed_kmh": 0},
            {"timestamp": "Fri Apr 14 07:51:36 UTC 2017"}
        ],
        [
            {"location": [[
                {"latitude": 64.237757},
                {"longitude": 27.732593}
            ]]},
            {"altitude": 187.5},
            {"distance_km": 1.44},
            {"speed_kmh": 3.6},
            {"timestamp": "Fri Apr 14 07:52:14 UTC 2017"}
        ],
        [
            {"location": [[
                {"latitude": 64.237642},
                {"longitude": 27.732488}
            ]]},
            {"altitude": 191},
            {"distance_km": 1.45},
            {"speed_kmh": 4.5},
            {"timestamp": "Fri Apr 14 07:52:22 UTC 2017"}
        ],
        [
            {"location": [[
                {"latitude": 64.237555},
                {"longitude": 27.732371}
            ]]},
            {"altitude": 187.5},
            {"distance_km": 1.46},
            {"speed_kmh": 4.5},
            {"timestamp": "Fri Apr 14 07:52:30 UTC 2017"}
        ],
        [
            {"location": [[
                {"latitude": 64.237445},
                {"longitude": 27.732321}
            ]]},
            {"altitude": 187},
            {"distance_km": 1.48},
            {"speed_kmh": 3.6},
            {"timestamp": "Fri Apr 14 07:52:38 UTC 2017"}
        ],
        [
            {"location": [[
                {"latitude": 64.237356},
                {"longitude": 27.732279}
            ]]},
            {"altitude": 191.5},
            {"distance_km": 1.49},
            {"speed_kmh": 4.5},
            {"timestamp": "Fri Apr 14 07:52:44 UTC 2017"}
        ],
        [
            {"location": [[
                {"latitude": 64.237245},
                {"longitude": 27.732182}
            ]]},
            {"altitude": 190.5},
            {"distance_km": 1.5},
            {"speed_kmh": 4.5},
            {"timestamp": "Fri Apr 14 07:52:52 UTC 2017"}
        ],
        [
            {"location": [[
                {"latitude": 64.237139},
                {"longitude": 27.732142}
            ]]},
            {"altitude": 190},
            {"distance_km": 1.51},
            {"speed_kmh": 4.5},
            {"timestamp": "Fri Apr 14 07:53:00 UTC 2017"}
        ],
        [
            {"location": [[
                {"latitude": 64.237042},
                {"longitude": 27.732126}
            ]]},
            {"altitude": 192.5},
            {"distance_km": 1.52},
            {"speed_kmh": 3.6},
            {"timestamp": "Fri Apr 14 07:53:16 UTC 2017"}
        ],
        [
            {"location": [[
                {"latitude": 64.236947},
                {"longitude": 27.732051}
            ]]},
            {"altitude": 186.5},
            {"distance_km": 1.53},
            {"speed_kmh": 3.6},
            {"timestamp": "Fri Apr 14 07:53:24 UTC 2017"}
        ],
        [
            {"location": [[
                {"latitude": 64.236856},
                {"longitude": 27.732009}
            ]]},
            {"altitude": 184.5},
            {"distance_km": 1.54},
            {"speed_kmh": 3.6},
            {"timestamp": "Fri Apr 14 07:53:30 UTC 2017"}
        ],
        [
            {"location": [[
                {"latitude": 64.236747},
                {"longitude": 27.732}
            ]]},
            {"altitude": 186},
            {"distance_km": 1.55},
            {"speed_kmh": 4.5},
            {"timestamp": "Fri Apr 14 07:53:37 UTC 2017"}
        ],
        [
            {"location": [[
                {"latitude": 64.236637},
                {"longitude": 27.731933}
            ]]},
            {"altitude": 183},
            {"distance_km": 1.57},
            {"speed_kmh": 4.5},
            {"timestamp": "Fri Apr 14 07:53:45 UTC 2017"}
        ],
        [
            {"location": [[
                {"latitude": 64.236536},
                {"longitude": 27.731949}
            ]]},
            {"altitude": 183.5},
            {"distance_km": 1.58},
            {"speed_kmh": 3.6},
            {"timestamp": "Fri Apr 14 07:53:53 UTC 2017"}
        ],
        [
            {"location": [[
                {"latitude": 64.236451},
                {"longitude": 27.732017}
            ]]},
            {"altitude": 183.5},
            {"distance_km": 1.59},
            {"speed_kmh": 4.5},
            {"timestamp": "Fri Apr 14 07:53:59 UTC 2017"}
        ],
        [
            {"location": [[
                {"latitude": 64.236357},
                {"longitude": 27.732015}
            ]]},
            {"altitude": 182},
            {"distance_km": 1.6},
            {"speed_kmh": 4.5},
            {"timestamp": "Fri Apr 14 07:54:06 UTC 2017"}
        ],
        [
            {"location": [[
                {"latitude": 64.23626},
                {"longitude": 27.732042}
            ]]},
            {"altitude": 180.5},
            {"distance_km": 1.61},
            {"speed_kmh": 4.5},
            {"timestamp": "Fri Apr 14 07:54:12 UTC 2017"}
        ],
        [
            {"location": [[
                {"latitude": 64.236166},
                {"longitude": 27.732052}
            ]]},
            {"altitude": 180.5},
            {"distance_km": 1.62},
            {"speed_kmh": 4.5},
            {"timestamp": "Fri Apr 14 07:54:18 UTC 2017"}
        ],
        [
            {"location": [[
                {"latitude": 64.236069},
                {"longitude": 27.732026}
            ]]},
            {"altitude": 179},
            {"distance_km": 1.63},
            {"speed_kmh": 3.6},
            {"timestamp": "Fri Apr 14 07:54:26 UTC 2017"}
        ],
        [
            {"location": [[
                {"latitude": 64.235982},
                {"longitude": 27.732084}
            ]]},
            {"altitude": 185},
            {"distance_km": 1.64},
            {"speed_kmh": 3.6},
            {"timestamp": "Fri Apr 14 07:55:08 UTC 2017"}
        ],
        [
            {"location": [[
                {"latitude": 64.235886},
                {"longitude": 27.732051}
            ]]},
            {"altitude": 181},
            {"distance_km": 1.65},
            {"speed_kmh": 2.7},
            {"timestamp": "Fri Apr 14 07:55:20 UTC 2017"}
        ],
        [
            {"location": [[
                {"latitude": 64.235778},
                {"longitude": 27.732038}
            ]]},
            {"altitude": 179},
            {"distance_km": 1.66},
            {"speed_kmh": 3.6},
            {"timestamp": "Fri Apr 14 07:55:28 UTC 2017"}
        ],
        [
            {"location": [[
                {"latitude": 64.235663},
                {"longitude": 27.73202}
            ]]},
            {"altitude": 177},
            {"distance_km": 1.68},
            {"speed_kmh": 3.6},
            {"timestamp": "Fri Apr 14 07:55:37 UTC 2017"}
        ],
        [
            {"location": [[
                {"latitude": 64.235554},
                {"longitude": 27.732045}
            ]]},
            {"altitude": 180},
            {"distance_km": 1.69},
            {"speed_kmh": 3.6},
            {"timestamp": "Fri Apr 14 07:55:45 UTC 2017"}
        ],
        [
            {"location": [[
                {"latitude": 64.235448},
                {"longitude": 27.732072}
            ]]},
            {"altitude": 182},
            {"distance_km": 1.7},
            {"speed_kmh": 4.5},
            {"timestamp": "Fri Apr 14 07:55:52 UTC 2017"}
        ],
        [
            {"location": [[
                {"latitude": 64.235354},
                {"longitude": 27.7321}
            ]]},
            {"altitude": 181},
            {"distance_km": 1.71},
            {"speed_kmh": 3.6},
            {"timestamp": "Fri Apr 14 07:56:00 UTC 2017"}
        ],
        [
            {"location": [[
                {"latitude": 64.235261},
                {"longitude": 27.732122}
            ]]},
            {"altitude": 182.5},
            {"distance_km": 1.72},
            {"speed_kmh": 4.5},
            {"timestamp": "Fri Apr 14 07:56:06 UTC 2017"}
        ],
        [
            {"location": [[
                {"latitude": 64.235156},
                {"longitude": 27.732102}
            ]]},
            {"altitude": 183},
            {"distance_km": 1.73},
            {"speed_kmh": 4.5},
            {"timestamp": "Fri Apr 14 07:56:14 UTC 2017"}
        ],
        [
            {"location": [[
                {"latitude": 64.235057},
                {"longitude": 27.732098}
            ]]},
            {"altitude": 180.5},
            {"distance_km": 1.75},
            {"speed_kmh": 4.5},
            {"timestamp": "Fri Apr 14 07:56:22 UTC 2017"}
        ],
        [
            {"location": [[
                {"latitude": 64.234958},
                {"longitude": 27.732072}
            ]]},
            {"altitude": 177.5},
            {"distance_km": 1.76},
            {"speed_kmh": 4.5},
            {"timestamp": "Fri Apr 14 07:56:30 UTC 2017"}
        ],
        [
            {"location": [[
                {"latitude": 64.23484},
                {"longitude": 27.732071}
            ]]},
            {"altitude": 179},
            {"distance_km": 1.77},
            {"speed_kmh": 4.5},
            {"timestamp": "Fri Apr 14 07:56:38 UTC 2017"}
        ],
        [
            {"location": [[
                {"latitude": 64.234748},
                {"longitude": 27.732085}
            ]]},
            {"altitude": 178.5},
            {"distance_km": 1.78},
            {"speed_kmh": 4.5},
            {"timestamp": "Fri Apr 14 07:56:44 UTC 2017"}
        ],
        [
            {"location": [[
                {"latitude": 64.234639},
                {"longitude": 27.7321}
            ]]},
            {"altitude": 175.5},
            {"distance_km": 1.79},
            {"speed_kmh": 4.5},
            {"timestamp": "Fri Apr 14 07:56:52 UTC 2017"}
        ],
        [
            {"location": [[
                {"latitude": 64.234549},
                {"longitude": 27.732126}
            ]]},
            {"altitude": 175},
            {"distance_km": 1.8},
            {"speed_kmh": 4.5},
            {"timestamp": "Fri Apr 14 07:56:58 UTC 2017"}
        ],
        [
            {"location": [[
                {"latitude": 64.23443},
                {"longitude": 27.732165}
            ]]},
            {"altitude": 175.5},
            {"distance_km": 1.82},
            {"speed_kmh": 4.5},
            {"timestamp": "Fri Apr 14 07:57:06 UTC 2017"}
        ],
        [
            {"location": [[
                {"latitude": 64.234315},
                {"longitude": 27.732168}
            ]]},
            {"altitude": 173},
            {"distance_km": 1.83},
            {"speed_kmh": 4.5},
            {"timestamp": "Fri Apr 14 07:57:14 UTC 2017"}
        ],
        [
            {"location": [[
                {"latitude": 64.23423},
                {"longitude": 27.732235}
            ]]},
            {"altitude": 173.5},
            {"distance_km": 1.84},
            {"speed_kmh": 4.5},
            {"timestamp": "Fri Apr 14 07:57:20 UTC 2017"}
        ],
        [
            {"location": [[
                {"latitude": 64.234131},
                {"longitude": 27.732289}
            ]]},
            {"altitude": 173},
            {"distance_km": 1.85},
            {"speed_kmh": 4.5},
            {"timestamp": "Fri Apr 14 07:57:28 UTC 2017"}
        ],
        [
            {"location": [[
                {"latitude": 64.234033},
                {"longitude": 27.732341}
            ]]},
            {"altitude": 171.5},
            {"distance_km": 1.86},
            {"speed_kmh": 4.5},
            {"timestamp": "Fri Apr 14 07:57:37 UTC 2017"}
        ],
        [
            {"location": [[
                {"latitude": 64.233946},
                {"longitude": 27.73242}
            ]]},
            {"altitude": 170},
            {"distance_km": 1.87},
            {"speed_kmh": 3.6},
            {"timestamp": "Fri Apr 14 07:57:45 UTC 2017"}
        ],
        [
            {"location": [[
                {"latitude": 64.233851},
                {"longitude": 27.73251}
            ]]},
            {"altitude": 167.5},
            {"distance_km": 1.88},
            {"speed_kmh": 4.5},
            {"timestamp": "Fri Apr 14 07:57:53 UTC 2017"}
        ],
        [
            {"location": [[
                {"latitude": 64.233743},
                {"longitude": 27.732647}
            ]]},
            {"altitude": 169},
            {"distance_km": 1.9},
            {"speed_kmh": 4.5},
            {"timestamp": "Fri Apr 14 07:58:02 UTC 2017"}
        ],
        [
            {"location": [[
                {"latitude": 64.233653},
                {"longitude": 27.732783}
            ]]},
            {"altitude": 167},
            {"distance_km": 1.91},
            {"speed_kmh": 3.6},
            {"timestamp": "Fri Apr 14 07:58:10 UTC 2017"}
        ],
        [
            {"location": [[
                {"latitude": 64.233547},
                {"longitude": 27.732839}
            ]]},
            {"altitude": 167},
            {"distance_km": 1.92},
            {"speed_kmh": 3.6},
            {"timestamp": "Fri Apr 14 07:58:20 UTC 2017"}
        ],
        [
            {"location": [[
                {"latitude": 64.233446},
                {"longitude": 27.732976}
            ]]},
            {"altitude": 167},
            {"distance_km": 1.93},
            {"speed_kmh": 4.5},
            {"timestamp": "Fri Apr 14 07:58:28 UTC 2017"}
        ],
        [
            {"location": [[
                {"latitude": 64.233347},
                {"longitude": 27.733095}
            ]]},
            {"altitude": 163},
            {"distance_km": 1.95},
            {"speed_kmh": 4.5},
            {"timestamp": "Fri Apr 14 07:58:36 UTC 2017"}
        ],
        [
            {"location": [[
                {"latitude": 64.23326},
                {"longitude": 27.733156}
            ]]},
            {"altitude": 162},
            {"distance_km": 1.96},
            {"speed_kmh": 4.5},
            {"timestamp": "Fri Apr 14 07:58:48 UTC 2017"}
        ],
        [
            {"location": [[
                {"latitude": 64.233167},
                {"longitude": 27.733261}
            ]]},
            {"altitude": 159},
            {"distance_km": 1.97},
            {"speed_kmh": 5.4},
            {"timestamp": "Fri Apr 14 07:58:54 UTC 2017"}
        ],
        [
            {"location": [[
                {"latitude": 64.23307},
                {"longitude": 27.733343}
            ]]},
            {"altitude": 158},
            {"distance_km": 1.98},
            {"speed_kmh": 5.4},
            {"timestamp": "Fri Apr 14 07:59:00 UTC 2017"}
        ],
        [
            {"location": [[
                {"latitude": 64.23298},
                {"longitude": 27.733343}
            ]]},
            {"altitude": 156.5},
            {"distance_km": 1.99},
            {"speed_kmh": 5.4},
            {"timestamp": "Fri Apr 14 07:59:06 UTC 2017"}
        ],
        [
            {"location": [[
                {"latitude": 64.23288},
                {"longitude": 27.733298}
            ]]},
            {"altitude": 157.5},
            {"distance_km": 2},
            {"speed_kmh": 3.6},
            {"timestamp": "Fri Apr 14 07:59:24 UTC 2017"}
        ],
        [
            {"location": [[
                {"latitude": 64.232781},
                {"longitude": 27.733232}
            ]]},
            {"altitude": 157.5},
            {"distance_km": 2.01},
            {"speed_kmh": 2.7},
            {"timestamp": "Fri Apr 14 07:59:38 UTC 2017"}
        ],
        [
            {"location": [[
                {"latitude": 64.232703},
                {"longitude": 27.733114}
            ]]},
            {"altitude": 158},
            {"distance_km": 2.02},
            {"speed_kmh": 3.6},
            {"timestamp": "Fri Apr 14 08:00:17 UTC 2017"}
        ],
        [
            {"location": [[
                {"latitude": 64.232694},
                {"longitude": 27.732907}
            ]]},
            {"altitude": 157.5},
            {"distance_km": 2.03},
            {"speed_kmh": 3.6},
            {"timestamp": "Fri Apr 14 08:00:40 UTC 2017"}
        ],
        [
            {"location": [[
                {"latitude": 64.23272},
                {"longitude": 27.732698}
            ]]},
            {"altitude": 157.5},
            {"distance_km": 2.04},
            {"speed_kmh": 3.6},
            {"timestamp": "Fri Apr 14 08:00:50 UTC 2017"}
        ],
        [
            {"location": [[
                {"latitude": 64.232746},
                {"longitude": 27.732476}
            ]]},
            {"altitude": 157.5},
            {"distance_km": 2.05},
            {"speed_kmh": 3.6},
            {"timestamp": "Fri Apr 14 08:01:00 UTC 2017"}
        ],
        [
            {"location": [[
                {"latitude": 64.232768},
                {"longitude": 27.732266}
            ]]},
            {"altitude": 157.5},
            {"distance_km": 2.06},
            {"speed_kmh": 3.6},
            {"timestamp": "Fri Apr 14 08:01:10 UTC 2017"}
        ],
        [
            {"location": [[
                {"latitude": 64.232791},
                {"longitude": 27.732009}
            ]]},
            {"altitude": 158},
            {"distance_km": 2.08},
            {"speed_kmh": 4.5},
            {"timestamp": "Fri Apr 14 08:01:52 UTC 2017"}
        ],
        [
            {"location": [[
                {"latitude": 64.232812},
                {"longitude": 27.73177}
            ]]},
            {"altitude": 161},
            {"distance_km": 2.09},
            {"speed_kmh": 4.5},
            {"timestamp": "Fri Apr 14 08:02:00 UTC 2017"}
        ],
        [
            {"location": [[
                {"latitude": 64.232841},
                {"longitude": 27.731535}
            ]]},
            {"altitude": 159.5},
            {"distance_km": 2.1},
            {"speed_kmh": 4.5},
            {"timestamp": "Fri Apr 14 08:02:08 UTC 2017"}
        ],
        [
            {"location": [[
                {"latitude": 64.232784},
                {"longitude": 27.731341}
            ]]},
            {"altitude": 159},
            {"distance_km": 2.11},
            {"speed_kmh": 4.5},
            {"timestamp": "Fri Apr 14 08:02:18 UTC 2017"}
        ],
        [
            {"location": [[
                {"latitude": 64.232683},
                {"longitude": 27.731296}
            ]]},
            {"altitude": 160},
            {"distance_km": 2.12},
            {"speed_kmh": 5.4},
            {"timestamp": "Fri Apr 14 08:02:32 UTC 2017"}
        ],
        [
            {"location": [[
                {"latitude": 64.232585},
                {"longitude": 27.731244}
            ]]},
            {"altitude": 158.5},
            {"distance_km": 2.13},
            {"speed_kmh": 6.3},
            {"timestamp": "Fri Apr 14 08:02:38 UTC 2017"}
        ],
        [
            {"location": [[
                {"latitude": 64.232488},
                {"longitude": 27.731111}
            ]]},
            {"altitude": 157},
            {"distance_km": 2.15},
            {"speed_kmh": 5.4},
            {"timestamp": "Fri Apr 14 08:02:46 UTC 2017"}
        ],
        [
            {"location": [[
                {"latitude": 64.232405},
                {"longitude": 27.731001}
            ]]},
            {"altitude": 156.5},
            {"distance_km": 2.16},
            {"speed_kmh": 5.4},
            {"timestamp": "Fri Apr 14 08:02:54 UTC 2017"}
        ],
        [
            {"location": [[
                {"latitude": 64.232323},
                {"longitude": 27.730879}
            ]]},
            {"altitude": 155},
            {"distance_km": 2.17},
            {"speed_kmh": 5.4},
            {"timestamp": "Fri Apr 14 08:03:02 UTC 2017"}
        ],
        [
            {"location": [[
                {"latitude": 64.232245},
                {"longitude": 27.730765}
            ]]},
            {"altitude": 156},
            {"distance_km": 2.18},
            {"speed_kmh": 3.6},
            {"timestamp": "Fri Apr 14 08:03:43 UTC 2017"}
        ],
        [
            {"location": [[
                {"latitude": 64.232142},
                {"longitude": 27.730681}
            ]]},
            {"altitude": 154.5},
            {"distance_km": 2.19},
            {"speed_kmh": 3.6},
            {"timestamp": "Fri Apr 14 08:03:53 UTC 2017"}
        ],
        [
            {"location": [[
                {"latitude": 64.232052},
                {"longitude": 27.730604}
            ]]},
            {"altitude": 155},
            {"distance_km": 2.2},
            {"speed_kmh": 4.5},
            {"timestamp": "Fri Apr 14 08:04:08 UTC 2017"}
        ],
        [
            {"location": [[
                {"latitude": 64.231979},
                {"longitude": 27.73047}
            ]]},
            {"altitude": 154},
            {"distance_km": 2.21},
            {"speed_kmh": 4.5},
            {"timestamp": "Fri Apr 14 08:04:16 UTC 2017"}
        ],
        [
            {"location": [[
                {"latitude": 64.231908},
                {"longitude": 27.730336}
            ]]},
            {"altitude": 153},
            {"distance_km": 2.22},
            {"speed_kmh": 4.5},
            {"timestamp": "Fri Apr 14 08:04:24 UTC 2017"}
        ],
        [
            {"location": [[
                {"latitude": 64.23182},
                {"longitude": 27.73018}
            ]]},
            {"altitude": 154.5},
            {"distance_km": 2.23},
            {"speed_kmh": 4.5},
            {"timestamp": "Fri Apr 14 08:04:50 UTC 2017"}
        ],
        [
            {"location": [[
                {"latitude": 64.231754},
                {"longitude": 27.730016}
            ]]},
            {"altitude": 154.5},
            {"distance_km": 2.25},
            {"speed_kmh": 4.5},
            {"timestamp": "Fri Apr 14 08:04:58 UTC 2017"}
        ],
        [
            {"location": [[
                {"latitude": 64.231713},
                {"longitude": 27.72983}
            ]]},
            {"altitude": 153},
            {"distance_km": 2.26},
            {"speed_kmh": 4.5},
            {"timestamp": "Fri Apr 14 08:05:08 UTC 2017"}
        ],
        [
            {"location": [[
                {"latitude": 64.231698},
                {"longitude": 27.729616}
            ]]},
            {"altitude": 148},
            {"distance_km": 2.27},
            {"speed_kmh": 4.5},
            {"timestamp": "Fri Apr 14 08:05:16 UTC 2017"}
        ],
        [
            {"location": [[
                {"latitude": 64.231797},
                {"longitude": 27.729552}
            ]]},
            {"altitude": 149.5},
            {"distance_km": 2.28},
            {"speed_kmh": 4.5},
            {"timestamp": "Fri Apr 14 08:05:28 UTC 2017"}
        ],
        [
            {"location": [[
                {"latitude": 64.231823},
                {"longitude": 27.729581}
            ]]},
            {"altitude": 149.5},
            {"distance_km": 2.28},
            {"speed_kmh": 0},
            {"timestamp": "Fri Apr 14 08:15:17 UTC 2017"}
        ],
        [
            {"location": [[
                {"latitude": 64.231823},
                {"longitude": 27.729581}
            ]]},
            {"altitude": 149.5},
            {"distance_km": 2.28},
            {"speed_kmh": 0},
            {"timestamp": "Fri Apr 14 08:15:18 UTC 2017"}
        ]
    ]}
]