[
    {"sport": "WALKING"},
    {"source": "TRACK_MOBILE"},
    {"created_date": "2017-06-02 06:51:03.0"},
    {"start_time": "2017-06-02 06:44:45.0"},
    {"end_time": "2017-06-02 07:10:02.0"},
    {"duration_s": 1516},
    {"distance_km": 2.08},
    {"calories_kcal": 152.61},
    {"altitude_min_m": 143},
    {"altitude_max_m": 213},
    {"speed_avg_kmh": 4.939313984168866},
    {"speed_max_kmh": 8.1},
    {"ascend_m": 53},
    {"descend_m": 68.5},
    {"points": [
        [
            {"location": [[
                {"latitude": 64.231738},
                {"longitude": 27.729428}
            ]]},
            {"distance_km": 0},
            {"timestamp": "Fri Jun 02 06:44:45 UTC 2017"}
        ],
        [
            {"location": [[
                {"latitude": 64.231738},
                {"longitude": 27.729428}
            ]]},
            {"altitude": 160},
            {"distance_km": 0},
            {"speed_kmh": 0},
            {"timestamp": "Fri Jun 02 06:44:53 UTC 2017"}
        ],
        [
            {"location": [[
                {"latitude": 64.231639},
                {"longitude": 27.729393}
            ]]},
            {"altitude": 160.5},
            {"distance_km": 0.01},
            {"speed_kmh": 2.7},
            {"timestamp": "Fri Jun 02 06:45:04 UTC 2017"}
        ],
        [
            {"location": [[
                {"latitude": 64.231598},
                {"longitude": 27.729601}
            ]]},
            {"altitude": 153},
            {"distance_km": 0.02},
            {"speed_kmh": 6.3},
            {"timestamp": "Fri Jun 02 06:45:10 UTC 2017"}
        ],
        [
            {"location": [[
                {"latitude": 64.231604},
                {"longitude": 27.729817}
            ]]},
            {"altitude": 152.5},
            {"distance_km": 0.03},
            {"speed_kmh": 5.4},
            {"timestamp": "Fri Jun 02 06:45:16 UTC 2017"}
        ],
        [
            {"location": [[
                {"latitude": 64.231653},
                {"longitude": 27.729995}
            ]]},
            {"altitude": 153.5},
            {"distance_km": 0.04},
            {"speed_kmh": 5.4},
            {"timestamp": "Fri Jun 02 06:45:22 UTC 2017"}
        ],
        [
            {"location": [[
                {"latitude": 64.231751},
                {"longitude": 27.730111}
            ]]},
            {"altitude": 152.5},
            {"distance_km": 0.06},
            {"speed_kmh": 5.4},
            {"timestamp": "Fri Jun 02 06:45:32 UTC 2017"}
        ],
        [
            {"location": [[
                {"latitude": 64.231835},
                {"longitude": 27.730284}
            ]]},
            {"altitude": 154},
            {"distance_km": 0.07},
            {"speed_kmh": 5.4},
            {"timestamp": "Fri Jun 02 06:45:40 UTC 2017"}
        ],
        [
            {"location": [[
                {"latitude": 64.231887},
                {"longitude": 27.730468}
            ]]},
            {"altitude": 154.5},
            {"distance_km": 0.08},
            {"speed_kmh": 6.3},
            {"timestamp": "Fri Jun 02 06:45:46 UTC 2017"}
        ],
        [
            {"location": [[
                {"latitude": 64.231957},
                {"longitude": 27.730646}
            ]]},
            {"altitude": 152.5},
            {"distance_km": 0.09},
            {"speed_kmh": 6.3},
            {"timestamp": "Fri Jun 02 06:45:52 UTC 2017"}
        ],
        [
            {"location": [[
                {"latitude": 64.232042},
                {"longitude": 27.730735}
            ]]},
            {"altitude": 153},
            {"distance_km": 0.1},
            {"speed_kmh": 6.3},
            {"timestamp": "Fri Jun 02 06:45:58 UTC 2017"}
        ],
        [
            {"location": [[
                {"latitude": 64.232135},
                {"longitude": 27.730674}
            ]]},
            {"altitude": 153.5},
            {"distance_km": 0.11},
            {"speed_kmh": 5.4},
            {"timestamp": "Fri Jun 02 06:46:04 UTC 2017"}
        ],
        [
            {"location": [[
                {"latitude": 64.232242},
                {"longitude": 27.730772}
            ]]},
            {"altitude": 155.5},
            {"distance_km": 0.12},
            {"speed_kmh": 6.3},
            {"timestamp": "Fri Jun 02 06:46:12 UTC 2017"}
        ],
        [
            {"location": [[
                {"latitude": 64.232328},
                {"longitude": 27.730848}
            ]]},
            {"altitude": 157.5},
            {"distance_km": 0.13},
            {"speed_kmh": 5.4},
            {"timestamp": "Fri Jun 02 06:46:19 UTC 2017"}
        ],
        [
            {"location": [[
                {"latitude": 64.23243},
                {"longitude": 27.730885}
            ]]},
            {"altitude": 158},
            {"distance_km": 0.15},
            {"speed_kmh": 5.4},
            {"timestamp": "Fri Jun 02 06:46:28 UTC 2017"}
        ],
        [
            {"location": [[
                {"latitude": 64.232518},
                {"longitude": 27.730987}
            ]]},
            {"altitude": 159},
            {"distance_km": 0.16},
            {"speed_kmh": 2.7},
            {"timestamp": "Fri Jun 02 06:46:38 UTC 2017"}
        ],
        [
            {"location": [[
                {"latitude": 64.232642},
                {"longitude": 27.731115}
            ]]},
            {"altitude": 161},
            {"distance_km": 0.17},
            {"speed_kmh": 8.1},
            {"timestamp": "Fri Jun 02 06:47:00 UTC 2017"}
        ],
        [
            {"location": [[
                {"latitude": 64.232705},
                {"longitude": 27.73128}
            ]]},
            {"altitude": 161},
            {"distance_km": 0.18},
            {"speed_kmh": 6.3},
            {"timestamp": "Fri Jun 02 06:47:06 UTC 2017"}
        ],
        [
            {"location": [[
                {"latitude": 64.232794},
                {"longitude": 27.731346}
            ]]},
            {"altitude": 164},
            {"distance_km": 0.19},
            {"speed_kmh": 7.2},
            {"timestamp": "Fri Jun 02 06:47:12 UTC 2017"}
        ],
        [
            {"location": [[
                {"latitude": 64.232875},
                {"longitude": 27.731443}
            ]]},
            {"altitude": 165},
            {"distance_km": 0.2},
            {"speed_kmh": 4.5},
            {"timestamp": "Fri Jun 02 06:47:24 UTC 2017"}
        ],
        [
            {"location": [[
                {"latitude": 64.232952},
                {"longitude": 27.731581}
            ]]},
            {"altitude": 161.5},
            {"distance_km": 0.21},
            {"speed_kmh": 1.8},
            {"timestamp": "Fri Jun 02 06:47:36 UTC 2017"}
        ],
        [
            {"location": [[
                {"latitude": 64.233059},
                {"longitude": 27.731538}
            ]]},
            {"altitude": 159.5},
            {"distance_km": 0.23},
            {"speed_kmh": 1.8},
            {"timestamp": "Fri Jun 02 06:47:48 UTC 2017"}
        ],
        [
            {"location": [[
                {"latitude": 64.233168},
                {"longitude": 27.731605}
            ]]},
            {"altitude": 161.5},
            {"distance_km": 0.24},
            {"speed_kmh": 6.3},
            {"timestamp": "Fri Jun 02 06:48:06 UTC 2017"}
        ],
        [
            {"location": [[
                {"latitude": 64.233271},
                {"longitude": 27.731618}
            ]]},
            {"altitude": 162.5},
            {"distance_km": 0.25},
            {"speed_kmh": 6.3},
            {"timestamp": "Fri Jun 02 06:48:10 UTC 2017"}
        ],
        [
            {"location": [[
                {"latitude": 64.233367},
                {"longitude": 27.731636}
            ]]},
            {"altitude": 166.5},
            {"distance_km": 0.26},
            {"speed_kmh": 2.7},
            {"timestamp": "Fri Jun 02 06:48:17 UTC 2017"}
        ],
        [
            {"location": [[
                {"latitude": 64.233467},
                {"longitude": 27.73161}
            ]]},
            {"altitude": 169.5},
            {"distance_km": 0.27},
            {"speed_kmh": 3.6},
            {"timestamp": "Fri Jun 02 06:48:23 UTC 2017"}
        ],
        [
            {"location": [[
                {"latitude": 64.233566},
                {"longitude": 27.731575}
            ]]},
            {"altitude": 172.5},
            {"distance_km": 0.28},
            {"speed_kmh": 3.6},
            {"timestamp": "Fri Jun 02 06:48:29 UTC 2017"}
        ],
        [
            {"location": [[
                {"latitude": 64.233657},
                {"longitude": 27.731625}
            ]]},
            {"altitude": 172.5},
            {"distance_km": 0.29},
            {"speed_kmh": 3.6},
            {"timestamp": "Fri Jun 02 06:48:36 UTC 2017"}
        ],
        [
            {"location": [[
                {"latitude": 64.233761},
                {"longitude": 27.731563}
            ]]},
            {"altitude": 177.5},
            {"distance_km": 0.31},
            {"speed_kmh": 3.6},
            {"timestamp": "Fri Jun 02 06:48:44 UTC 2017"}
        ],
        [
            {"location": [[
                {"latitude": 64.23383},
                {"longitude": 27.731404}
            ]]},
            {"altitude": 182.5},
            {"distance_km": 0.32},
            {"speed_kmh": 1.8},
            {"timestamp": "Fri Jun 02 06:48:56 UTC 2017"}
        ],
        [
            {"location": [[
                {"latitude": 64.233926},
                {"longitude": 27.731273}
            ]]},
            {"altitude": 190},
            {"distance_km": 0.33},
            {"speed_kmh": 1.8},
            {"timestamp": "Fri Jun 02 06:49:08 UTC 2017"}
        ],
        [
            {"location": [[
                {"latitude": 64.234024},
                {"longitude": 27.7312}
            ]]},
            {"altitude": 189.5},
            {"distance_km": 0.34},
            {"speed_kmh": 2.7},
            {"timestamp": "Fri Jun 02 06:49:16 UTC 2017"}
        ],
        [
            {"location": [[
                {"latitude": 64.234126},
                {"longitude": 27.731092}
            ]]},
            {"altitude": 191},
            {"distance_km": 0.35},
            {"speed_kmh": 2.7},
            {"timestamp": "Fri Jun 02 06:49:24 UTC 2017"}
        ],
        [
            {"location": [[
                {"latitude": 64.234234},
                {"longitude": 27.730953}
            ]]},
            {"altitude": 193},
            {"distance_km": 0.37},
            {"speed_kmh": 5.4},
            {"timestamp": "Fri Jun 02 06:49:30 UTC 2017"}
        ],
        [
            {"location": [[
                {"latitude": 64.234284},
                {"longitude": 27.730778}
            ]]},
            {"altitude": 194.5},
            {"distance_km": 0.38},
            {"speed_kmh": 3.6},
            {"timestamp": "Fri Jun 02 06:49:36 UTC 2017"}
        ],
        [
            {"location": [[
                {"latitude": 64.234324},
                {"longitude": 27.73059}
            ]]},
            {"altitude": 191},
            {"distance_km": 0.39},
            {"speed_kmh": 2.7},
            {"timestamp": "Fri Jun 02 06:49:44 UTC 2017"}
        ],
        [
            {"location": [[
                {"latitude": 64.234361},
                {"longitude": 27.730344}
            ]]},
            {"altitude": 189.5},
            {"distance_km": 0.4},
            {"speed_kmh": 3.6},
            {"timestamp": "Fri Jun 02 06:49:54 UTC 2017"}
        ],
        [
            {"location": [[
                {"latitude": 64.234444},
                {"longitude": 27.73018}
            ]]},
            {"altitude": 189},
            {"distance_km": 0.41},
            {"speed_kmh": 2.7},
            {"timestamp": "Fri Jun 02 06:50:29 UTC 2017"}
        ],
        [
            {"location": [[
                {"latitude": 64.234497},
                {"longitude": 27.729973}
            ]]},
            {"altitude": 189.5},
            {"distance_km": 0.42},
            {"speed_kmh": 2.7},
            {"timestamp": "Fri Jun 02 06:50:35 UTC 2017"}
        ],
        [
            {"location": [[
                {"latitude": 64.234582},
                {"longitude": 27.729837}
            ]]},
            {"altitude": 190.5},
            {"distance_km": 0.43},
            {"speed_kmh": 3.6},
            {"timestamp": "Fri Jun 02 06:50:44 UTC 2017"}
        ],
        [
            {"location": [[
                {"latitude": 64.234661},
                {"longitude": 27.729678}
            ]]},
            {"altitude": 189},
            {"distance_km": 0.45},
            {"speed_kmh": 3.6},
            {"timestamp": "Fri Jun 02 06:50:52 UTC 2017"}
        ],
        [
            {"location": [[
                {"latitude": 64.234686},
                {"longitude": 27.729476}
            ]]},
            {"altitude": 186.5},
            {"distance_km": 0.46},
            {"speed_kmh": 2.7},
            {"timestamp": "Fri Jun 02 06:51:00 UTC 2017"}
        ],
        [
            {"location": [[
                {"latitude": 64.234764},
                {"longitude": 27.729297}
            ]]},
            {"altitude": 185},
            {"distance_km": 0.47},
            {"speed_kmh": 2.7},
            {"timestamp": "Fri Jun 02 06:51:10 UTC 2017"}
        ],
        [
            {"location": [[
                {"latitude": 64.234871},
                {"longitude": 27.729198}
            ]]},
            {"altitude": 192.5},
            {"distance_km": 0.48},
            {"speed_kmh": 2.7},
            {"timestamp": "Fri Jun 02 06:51:24 UTC 2017"}
        ],
        [
            {"location": [[
                {"latitude": 64.234937},
                {"longitude": 27.729042}
            ]]},
            {"altitude": 197},
            {"distance_km": 0.49},
            {"speed_kmh": 1.8},
            {"timestamp": "Fri Jun 02 06:51:40 UTC 2017"}
        ],
        [
            {"location": [[
                {"latitude": 64.235058},
                {"longitude": 27.729114}
            ]]},
            {"altitude": 195},
            {"distance_km": 0.51},
            {"speed_kmh": 6.3},
            {"timestamp": "Fri Jun 02 06:51:50 UTC 2017"}
        ],
        [
            {"location": [[
                {"latitude": 64.235166},
                {"longitude": 27.729133}
            ]]},
            {"altitude": 194},
            {"distance_km": 0.52},
            {"speed_kmh": 5.4},
            {"timestamp": "Fri Jun 02 06:51:56 UTC 2017"}
        ],
        [
            {"location": [[
                {"latitude": 64.235262},
                {"longitude": 27.729029}
            ]]},
            {"altitude": 198},
            {"distance_km": 0.53},
            {"speed_kmh": 4.5},
            {"timestamp": "Fri Jun 02 06:52:04 UTC 2017"}
        ],
        [
            {"location": [[
                {"latitude": 64.235275},
                {"longitude": 27.728807}
            ]]},
            {"altitude": 195.5},
            {"distance_km": 0.54},
            {"speed_kmh": 3.6},
            {"timestamp": "Fri Jun 02 06:52:14 UTC 2017"}
        ],
        [
            {"location": [[
                {"latitude": 64.235333},
                {"longitude": 27.728635}
            ]]},
            {"altitude": 197.5},
            {"distance_km": 0.55},
            {"speed_kmh": 3.6},
            {"timestamp": "Fri Jun 02 06:52:22 UTC 2017"}
        ],
        [
            {"location": [[
                {"latitude": 64.235424},
                {"longitude": 27.72858}
            ]]},
            {"altitude": 203},
            {"distance_km": 0.56},
            {"speed_kmh": 2.7},
            {"timestamp": "Fri Jun 02 06:52:31 UTC 2017"}
        ],
        [
            {"location": [[
                {"latitude": 64.235522},
                {"longitude": 27.728544}
            ]]},
            {"altitude": 205.5},
            {"distance_km": 0.57},
            {"speed_kmh": 2.7},
            {"timestamp": "Fri Jun 02 06:52:42 UTC 2017"}
        ],
        [
            {"location": [[
                {"latitude": 64.235614},
                {"longitude": 27.7284}
            ]]},
            {"altitude": 204.5},
            {"distance_km": 0.59},
            {"speed_kmh": 3.6},
            {"timestamp": "Fri Jun 02 06:52:58 UTC 2017"}
        ],
        [
            {"location": [[
                {"latitude": 64.235703},
                {"longitude": 27.728252}
            ]]},
            {"altitude": 204.5},
            {"distance_km": 0.6},
            {"speed_kmh": 3.6},
            {"timestamp": "Fri Jun 02 06:53:06 UTC 2017"}
        ],
        [
            {"location": [[
                {"latitude": 64.235787},
                {"longitude": 27.728165}
            ]]},
            {"altitude": 203.5},
            {"distance_km": 0.61},
            {"speed_kmh": 3.6},
            {"timestamp": "Fri Jun 02 06:53:12 UTC 2017"}
        ],
        [
            {"location": [[
                {"latitude": 64.235881},
                {"longitude": 27.728118}
            ]]},
            {"altitude": 203.5},
            {"distance_km": 0.62},
            {"speed_kmh": 3.6},
            {"timestamp": "Fri Jun 02 06:53:18 UTC 2017"}
        ],
        [
            {"location": [[
                {"latitude": 64.235966},
                {"longitude": 27.727935}
            ]]},
            {"altitude": 202.5},
            {"distance_km": 0.63},
            {"speed_kmh": 3.6},
            {"timestamp": "Fri Jun 02 06:53:26 UTC 2017"}
        ],
        [
            {"location": [[
                {"latitude": 64.236042},
                {"longitude": 27.727801}
            ]]},
            {"altitude": 198},
            {"distance_km": 0.64},
            {"speed_kmh": 2.7},
            {"timestamp": "Fri Jun 02 06:53:34 UTC 2017"}
        ],
        [
            {"location": [[
                {"latitude": 64.236144},
                {"longitude": 27.727701}
            ]]},
            {"altitude": 196.5},
            {"distance_km": 0.65},
            {"speed_kmh": 3.6},
            {"timestamp": "Fri Jun 02 06:53:42 UTC 2017"}
        ],
        [
            {"location": [[
                {"latitude": 64.23622},
                {"longitude": 27.727553}
            ]]},
            {"altitude": 196},
            {"distance_km": 0.67},
            {"speed_kmh": 3.6},
            {"timestamp": "Fri Jun 02 06:53:48 UTC 2017"}
        ],
        [
            {"location": [[
                {"latitude": 64.236303},
                {"longitude": 27.727429}
            ]]},
            {"altitude": 194.5},
            {"distance_km": 0.68},
            {"speed_kmh": 3.6},
            {"timestamp": "Fri Jun 02 06:53:56 UTC 2017"}
        ],
        [
            {"location": [[
                {"latitude": 64.236398},
                {"longitude": 27.72738}
            ]]},
            {"altitude": 196},
            {"distance_km": 0.69},
            {"speed_kmh": 3.6},
            {"timestamp": "Fri Jun 02 06:54:04 UTC 2017"}
        ],
        [
            {"location": [[
                {"latitude": 64.236488},
                {"longitude": 27.727411}
            ]]},
            {"altitude": 198},
            {"distance_km": 0.7},
            {"speed_kmh": 4.5},
            {"timestamp": "Fri Jun 02 06:54:10 UTC 2017"}
        ],
        [
            {"location": [[
                {"latitude": 64.236591},
                {"longitude": 27.727421}
            ]]},
            {"altitude": 202},
            {"distance_km": 0.71},
            {"speed_kmh": 4.5},
            {"timestamp": "Fri Jun 02 06:54:18 UTC 2017"}
        ],
        [
            {"location": [[
                {"latitude": 64.236712},
                {"longitude": 27.727462}
            ]]},
            {"altitude": 203},
            {"distance_km": 0.72},
            {"speed_kmh": 4.5},
            {"timestamp": "Fri Jun 02 06:54:27 UTC 2017"}
        ],
        [
            {"location": [[
                {"latitude": 64.23681},
                {"longitude": 27.727473}
            ]]},
            {"altitude": 203.5},
            {"distance_km": 0.73},
            {"speed_kmh": 0},
            {"timestamp": "Fri Jun 02 06:54:35 UTC 2017"}
        ],
        [
            {"location": [[
                {"latitude": 64.236913},
                {"longitude": 27.72756}
            ]]},
            {"altitude": 209},
            {"distance_km": 0.75},
            {"speed_kmh": 3.6},
            {"timestamp": "Fri Jun 02 06:54:48 UTC 2017"}
        ],
        [
            {"location": [[
                {"latitude": 64.236988},
                {"longitude": 27.72768}
            ]]},
            {"altitude": 208},
            {"distance_km": 0.76},
            {"speed_kmh": 3.6},
            {"timestamp": "Fri Jun 02 06:54:56 UTC 2017"}
        ],
        [
            {"location": [[
                {"latitude": 64.237095},
                {"longitude": 27.727753}
            ]]},
            {"altitude": 211},
            {"distance_km": 0.77},
            {"speed_kmh": 3.6},
            {"timestamp": "Fri Jun 02 06:55:04 UTC 2017"}
        ],
        [
            {"location": [[
                {"latitude": 64.237187},
                {"longitude": 27.727872}
            ]]},
            {"altitude": 211},
            {"distance_km": 0.78},
            {"speed_kmh": 3.6},
            {"timestamp": "Fri Jun 02 06:55:12 UTC 2017"}
        ],
        [
            {"location": [[
                {"latitude": 64.23729},
                {"longitude": 27.727955}
            ]]},
            {"altitude": 208},
            {"distance_km": 0.79},
            {"speed_kmh": 3.6},
            {"timestamp": "Fri Jun 02 06:55:20 UTC 2017"}
        ],
        [
            {"location": [[
                {"latitude": 64.237404},
                {"longitude": 27.728005}
            ]]},
            {"altitude": 212},
            {"distance_km": 0.8},
            {"speed_kmh": 3.6},
            {"timestamp": "Fri Jun 02 06:55:26 UTC 2017"}
        ],
        [
            {"location": [[
                {"latitude": 64.237506},
                {"longitude": 27.728067}
            ]]},
            {"altitude": 213},
            {"distance_km": 0.82},
            {"speed_kmh": 3.6},
            {"timestamp": "Fri Jun 02 06:55:34 UTC 2017"}
        ],
        [
            {"location": [[
                {"latitude": 64.23761},
                {"longitude": 27.728127}
            ]]},
            {"altitude": 209},
            {"distance_km": 0.83},
            {"speed_kmh": 3.6},
            {"timestamp": "Fri Jun 02 06:55:42 UTC 2017"}
        ],
        [
            {"location": [[
                {"latitude": 64.237679},
                {"longitude": 27.728308}
            ]]},
            {"altitude": 208},
            {"distance_km": 0.84},
            {"speed_kmh": 4.5},
            {"timestamp": "Fri Jun 02 06:55:52 UTC 2017"}
        ],
        [
            {"location": [[
                {"latitude": 64.237795},
                {"longitude": 27.728347}
            ]]},
            {"altitude": 206.5},
            {"distance_km": 0.85},
            {"speed_kmh": 6.3},
            {"timestamp": "Fri Jun 02 06:56:00 UTC 2017"}
        ],
        [
            {"location": [[
                {"latitude": 64.237887},
                {"longitude": 27.728428}
            ]]},
            {"altitude": 203},
            {"distance_km": 0.86},
            {"speed_kmh": 3.6},
            {"timestamp": "Fri Jun 02 06:56:09 UTC 2017"}
        ],
        [
            {"location": [[
                {"latitude": 64.237996},
                {"longitude": 27.728544}
            ]]},
            {"altitude": 205},
            {"distance_km": 0.88},
            {"speed_kmh": 4.5},
            {"timestamp": "Fri Jun 02 06:56:17 UTC 2017"}
        ],
        [
            {"location": [[
                {"latitude": 64.238094},
                {"longitude": 27.728529}
            ]]},
            {"altitude": 201.5},
            {"distance_km": 0.89},
            {"speed_kmh": 4.5},
            {"timestamp": "Fri Jun 02 06:56:26 UTC 2017"}
        ],
        [
            {"location": [[
                {"latitude": 64.238018},
                {"longitude": 27.728649}
            ]]},
            {"altitude": 198},
            {"distance_km": 0.9},
            {"speed_kmh": 2.7},
            {"timestamp": "Fri Jun 02 06:56:38 UTC 2017"}
        ],
        [
            {"location": [[
                {"latitude": 64.237939},
                {"longitude": 27.728781}
            ]]},
            {"altitude": 196},
            {"distance_km": 0.91},
            {"speed_kmh": 3.6},
            {"timestamp": "Fri Jun 02 06:56:48 UTC 2017"}
        ],
        [
            {"location": [[
                {"latitude": 64.237827},
                {"longitude": 27.728896}
            ]]},
            {"altitude": 198.5},
            {"distance_km": 0.92},
            {"speed_kmh": 7.2},
            {"timestamp": "Fri Jun 02 06:56:56 UTC 2017"}
        ],
        [
            {"location": [[
                {"latitude": 64.237749},
                {"longitude": 27.728775}
            ]]},
            {"altitude": 200.5},
            {"distance_km": 0.93},
            {"speed_kmh": 2.7},
            {"timestamp": "Fri Jun 02 06:57:08 UTC 2017"}
        ],
        [
            {"location": [[
                {"latitude": 64.237651},
                {"longitude": 27.728747}
            ]]},
            {"altitude": 202.5},
            {"distance_km": 0.94},
            {"speed_kmh": 2.7},
            {"timestamp": "Fri Jun 02 06:57:18 UTC 2017"}
        ],
        [
            {"location": [[
                {"latitude": 64.237545},
                {"longitude": 27.728772}
            ]]},
            {"altitude": 205.5},
            {"distance_km": 0.96},
            {"speed_kmh": 3.6},
            {"timestamp": "Fri Jun 02 06:57:24 UTC 2017"}
        ],
        [
            {"location": [[
                {"latitude": 64.237444},
                {"longitude": 27.728851}
            ]]},
            {"altitude": 203},
            {"distance_km": 0.97},
            {"speed_kmh": 4.5},
            {"timestamp": "Fri Jun 02 06:57:36 UTC 2017"}
        ],
        [
            {"location": [[
                {"latitude": 64.237347},
                {"longitude": 27.728929}
            ]]},
            {"altitude": 204},
            {"distance_km": 0.98},
            {"speed_kmh": 2.7},
            {"timestamp": "Fri Jun 02 06:57:46 UTC 2017"}
        ],
        [
            {"location": [[
                {"latitude": 64.237252},
                {"longitude": 27.7289}
            ]]},
            {"altitude": 205},
            {"distance_km": 0.99},
            {"speed_kmh": 3.6},
            {"timestamp": "Fri Jun 02 06:57:55 UTC 2017"}
        ],
        [
            {"location": [[
                {"latitude": 64.237176},
                {"longitude": 27.728783}
            ]]},
            {"altitude": 202.5},
            {"distance_km": 1},
            {"speed_kmh": 3.6},
            {"timestamp": "Fri Jun 02 06:58:01 UTC 2017"}
        ],
        [
            {"location": [[
                {"latitude": 64.237087},
                {"longitude": 27.728637}
            ]]},
            {"altitude": 206},
            {"distance_km": 1.01},
            {"speed_kmh": 3.6},
            {"timestamp": "Fri Jun 02 06:58:12 UTC 2017"}
        ],
        [
            {"location": [[
                {"latitude": 64.237001},
                {"longitude": 27.728542}
            ]]},
            {"altitude": 203},
            {"distance_km": 1.02},
            {"speed_kmh": 3.6},
            {"timestamp": "Fri Jun 02 06:58:18 UTC 2017"}
        ],
        [
            {"location": [[
                {"latitude": 64.236903},
                {"longitude": 27.728394}
            ]]},
            {"altitude": 202.5},
            {"distance_km": 1.04},
            {"speed_kmh": 3.6},
            {"timestamp": "Fri Jun 02 06:58:26 UTC 2017"}
        ],
        [
            {"location": [[
                {"latitude": 64.236817},
                {"longitude": 27.728333}
            ]]},
            {"altitude": 200.5},
            {"distance_km": 1.05},
            {"speed_kmh": 5.4},
            {"timestamp": "Fri Jun 02 06:58:30 UTC 2017"}
        ],
        [
            {"location": [[
                {"latitude": 64.236715},
                {"longitude": 27.728265}
            ]]},
            {"altitude": 200.5},
            {"distance_km": 1.06},
            {"speed_kmh": 6.3},
            {"timestamp": "Fri Jun 02 06:58:34 UTC 2017"}
        ],
        [
            {"location": [[
                {"latitude": 64.236611},
                {"longitude": 27.728197}
            ]]},
            {"altitude": 202.5},
            {"distance_km": 1.07},
            {"speed_kmh": 5.4},
            {"timestamp": "Fri Jun 02 06:58:40 UTC 2017"}
        ],
        [
            {"location": [[
                {"latitude": 64.236502},
                {"longitude": 27.728237}
            ]]},
            {"altitude": 200},
            {"distance_km": 1.08},
            {"speed_kmh": 5.4},
            {"timestamp": "Fri Jun 02 06:58:46 UTC 2017"}
        ],
        [
            {"location": [[
                {"latitude": 64.236441},
                {"longitude": 27.728404}
            ]]},
            {"altitude": 198},
            {"distance_km": 1.09},
            {"speed_kmh": 5.4},
            {"timestamp": "Fri Jun 02 06:58:50 UTC 2017"}
        ],
        [
            {"location": [[
                {"latitude": 64.236342},
                {"longitude": 27.728429}
            ]]},
            {"altitude": 201.5},
            {"distance_km": 1.1},
            {"speed_kmh": 2.7},
            {"timestamp": "Fri Jun 02 06:59:00 UTC 2017"}
        ],
        [
            {"location": [[
                {"latitude": 64.236237},
                {"longitude": 27.728463}
            ]]},
            {"altitude": 204.5},
            {"distance_km": 1.12},
            {"speed_kmh": 3.6},
            {"timestamp": "Fri Jun 02 06:59:10 UTC 2017"}
        ],
        [
            {"location": [[
                {"latitude": 64.236148},
                {"longitude": 27.728575}
            ]]},
            {"altitude": 202},
            {"distance_km": 1.13},
            {"speed_kmh": 3.6},
            {"timestamp": "Fri Jun 02 06:59:18 UTC 2017"}
        ],
        [
            {"location": [[
                {"latitude": 64.236072},
                {"longitude": 27.728716}
            ]]},
            {"altitude": 201.5},
            {"distance_km": 1.14},
            {"speed_kmh": 3.6},
            {"timestamp": "Fri Jun 02 06:59:26 UTC 2017"}
        ],
        [
            {"location": [[
                {"latitude": 64.235988},
                {"longitude": 27.72884}
            ]]},
            {"altitude": 200.5},
            {"distance_km": 1.15},
            {"speed_kmh": 3.6},
            {"timestamp": "Fri Jun 02 06:59:34 UTC 2017"}
        ],
        [
            {"location": [[
                {"latitude": 64.235881},
                {"longitude": 27.728903}
            ]]},
            {"altitude": 196.5},
            {"distance_km": 1.16},
            {"speed_kmh": 3.6},
            {"timestamp": "Fri Jun 02 06:59:40 UTC 2017"}
        ],
        [
            {"location": [[
                {"latitude": 64.235775},
                {"longitude": 27.728919}
            ]]},
            {"altitude": 194.5},
            {"distance_km": 1.17},
            {"speed_kmh": 4.5},
            {"timestamp": "Fri Jun 02 06:59:46 UTC 2017"}
        ],
        [
            {"location": [[
                {"latitude": 64.235657},
                {"longitude": 27.728875}
            ]]},
            {"altitude": 197.5},
            {"distance_km": 1.19},
            {"speed_kmh": 4.5},
            {"timestamp": "Fri Jun 02 06:59:54 UTC 2017"}
        ],
        [
            {"location": [[
                {"latitude": 64.235557},
                {"longitude": 27.728926}
            ]]},
            {"altitude": 199},
            {"distance_km": 1.2},
            {"speed_kmh": 4.5},
            {"timestamp": "Fri Jun 02 07:00:03 UTC 2017"}
        ],
        [
            {"location": [[
                {"latitude": 64.235463},
                {"longitude": 27.728978}
            ]]},
            {"altitude": 199},
            {"distance_km": 1.21},
            {"speed_kmh": 4.5},
            {"timestamp": "Fri Jun 02 07:00:11 UTC 2017"}
        ],
        [
            {"location": [[
                {"latitude": 64.235347},
                {"longitude": 27.728991}
            ]]},
            {"altitude": 197},
            {"distance_km": 1.22},
            {"speed_kmh": 4.5},
            {"timestamp": "Fri Jun 02 07:00:20 UTC 2017"}
        ],
        [
            {"location": [[
                {"latitude": 64.235283},
                {"longitude": 27.729166}
            ]]},
            {"altitude": 196.5},
            {"distance_km": 1.23},
            {"speed_kmh": 4.5},
            {"timestamp": "Fri Jun 02 07:00:26 UTC 2017"}
        ],
        [
            {"location": [[
                {"latitude": 64.23522},
                {"longitude": 27.729324}
            ]]},
            {"altitude": 195},
            {"distance_km": 1.24},
            {"speed_kmh": 2.7},
            {"timestamp": "Fri Jun 02 07:00:34 UTC 2017"}
        ],
        [
            {"location": [[
                {"latitude": 64.235233},
                {"longitude": 27.729595}
            ]]},
            {"altitude": 193},
            {"distance_km": 1.26},
            {"speed_kmh": 5.4},
            {"timestamp": "Fri Jun 02 07:00:48 UTC 2017"}
        ],
        [
            {"location": [[
                {"latitude": 64.235265},
                {"longitude": 27.729801}
            ]]},
            {"altitude": 193.5},
            {"distance_km": 1.27},
            {"speed_kmh": 4.5},
            {"timestamp": "Fri Jun 02 07:00:54 UTC 2017"}
        ],
        [
            {"location": [[
                {"latitude": 64.235285},
                {"longitude": 27.730005}
            ]]},
            {"altitude": 189},
            {"distance_km": 1.28},
            {"speed_kmh": 4.5},
            {"timestamp": "Fri Jun 02 07:01:00 UTC 2017"}
        ],
        [
            {"location": [[
                {"latitude": 64.235324},
                {"longitude": 27.730264}
            ]]},
            {"altitude": 188.5},
            {"distance_km": 1.29},
            {"speed_kmh": 4.5},
            {"timestamp": "Fri Jun 02 07:01:08 UTC 2017"}
        ],
        [
            {"location": [[
                {"latitude": 64.235353},
                {"longitude": 27.730506}
            ]]},
            {"altitude": 189.5},
            {"distance_km": 1.3},
            {"speed_kmh": 6.3},
            {"timestamp": "Fri Jun 02 07:01:16 UTC 2017"}
        ],
        [
            {"location": [[
                {"latitude": 64.235406},
                {"longitude": 27.730745}
            ]]},
            {"altitude": 192},
            {"distance_km": 1.32},
            {"speed_kmh": 5.4},
            {"timestamp": "Fri Jun 02 07:01:22 UTC 2017"}
        ],
        [
            {"location": [[
                {"latitude": 64.235402},
                {"longitude": 27.730972}
            ]]},
            {"altitude": 193},
            {"distance_km": 1.33},
            {"speed_kmh": 3.6},
            {"timestamp": "Fri Jun 02 07:01:30 UTC 2017"}
        ],
        [
            {"location": [[
                {"latitude": 64.235406},
                {"longitude": 27.731227}
            ]]},
            {"altitude": 195},
            {"distance_km": 1.34},
            {"speed_kmh": 3.6},
            {"timestamp": "Fri Jun 02 07:01:38 UTC 2017"}
        ],
        [
            {"location": [[
                {"latitude": 64.235452},
                {"longitude": 27.731454}
            ]]},
            {"altitude": 191},
            {"distance_km": 1.35},
            {"speed_kmh": 3.6},
            {"timestamp": "Fri Jun 02 07:01:46 UTC 2017"}
        ],
        [
            {"location": [[
                {"latitude": 64.235478},
                {"longitude": 27.731659}
            ]]},
            {"altitude": 191.5},
            {"distance_km": 1.36},
            {"speed_kmh": 4.5},
            {"timestamp": "Fri Jun 02 07:01:52 UTC 2017"}
        ],
        [
            {"location": [[
                {"latitude": 64.235415},
                {"longitude": 27.731872}
            ]]},
            {"altitude": 194},
            {"distance_km": 1.37},
            {"speed_kmh": 4.5},
            {"timestamp": "Fri Jun 02 07:01:58 UTC 2017"}
        ],
        [
            {"location": [[
                {"latitude": 64.235313},
                {"longitude": 27.731942}
            ]]},
            {"altitude": 194},
            {"distance_km": 1.39},
            {"speed_kmh": 4.5},
            {"timestamp": "Fri Jun 02 07:02:08 UTC 2017"}
        ],
        [
            {"location": [[
                {"latitude": 64.235218},
                {"longitude": 27.731891}
            ]]},
            {"altitude": 195},
            {"distance_km": 1.4},
            {"speed_kmh": 4.5},
            {"timestamp": "Fri Jun 02 07:02:15 UTC 2017"}
        ],
        [
            {"location": [[
                {"latitude": 64.235212},
                {"longitude": 27.732142}
            ]]},
            {"altitude": 201},
            {"distance_km": 1.41},
            {"speed_kmh": 3.6},
            {"timestamp": "Fri Jun 02 07:02:23 UTC 2017"}
        ],
        [
            {"location": [[
                {"latitude": 64.235252},
                {"longitude": 27.732386}
            ]]},
            {"altitude": 199},
            {"distance_km": 1.42},
            {"speed_kmh": 4.5},
            {"timestamp": "Fri Jun 02 07:02:30 UTC 2017"}
        ],
        [
            {"location": [[
                {"latitude": 64.23525},
                {"longitude": 27.732607}
            ]]},
            {"altitude": 202.5},
            {"distance_km": 1.43},
            {"speed_kmh": 4.5},
            {"timestamp": "Fri Jun 02 07:02:36 UTC 2017"}
        ],
        [
            {"location": [[
                {"latitude": 64.23517},
                {"longitude": 27.732764}
            ]]},
            {"altitude": 196.5},
            {"distance_km": 1.44},
            {"speed_kmh": 2.7},
            {"timestamp": "Fri Jun 02 07:02:46 UTC 2017"}
        ],
        [
            {"location": [[
                {"latitude": 64.235138},
                {"longitude": 27.732964}
            ]]},
            {"altitude": 194.5},
            {"distance_km": 1.45},
            {"speed_kmh": 2.7},
            {"timestamp": "Fri Jun 02 07:02:54 UTC 2017"}
        ],
        [
            {"location": [[
                {"latitude": 64.235117},
                {"longitude": 27.733195}
            ]]},
            {"altitude": 191},
            {"distance_km": 1.47},
            {"speed_kmh": 1.8},
            {"timestamp": "Fri Jun 02 07:03:00 UTC 2017"}
        ],
        [
            {"location": [[
                {"latitude": 64.235054},
                {"longitude": 27.733419}
            ]]},
            {"altitude": 190.5},
            {"distance_km": 1.48},
            {"speed_kmh": 3.6},
            {"timestamp": "Fri Jun 02 07:03:08 UTC 2017"}
        ],
        [
            {"location": [[
                {"latitude": 64.23505},
                {"longitude": 27.733628}
            ]]},
            {"altitude": 191},
            {"distance_km": 1.49},
            {"speed_kmh": 3.6},
            {"timestamp": "Fri Jun 02 07:03:14 UTC 2017"}
        ],
        [
            {"location": [[
                {"latitude": 64.235061},
                {"longitude": 27.733866}
            ]]},
            {"altitude": 191},
            {"distance_km": 1.5},
            {"speed_kmh": 3.6},
            {"timestamp": "Fri Jun 02 07:03:22 UTC 2017"}
        ],
        [
            {"location": [[
                {"latitude": 64.235026},
                {"longitude": 27.734085}
            ]]},
            {"altitude": 187.5},
            {"distance_km": 1.51},
            {"speed_kmh": 3.6},
            {"timestamp": "Fri Jun 02 07:03:30 UTC 2017"}
        ],
        [
            {"location": [[
                {"latitude": 64.234988},
                {"longitude": 27.734313}
            ]]},
            {"altitude": 187},
            {"distance_km": 1.52},
            {"speed_kmh": 4.5},
            {"timestamp": "Fri Jun 02 07:03:38 UTC 2017"}
        ],
        [
            {"location": [[
                {"latitude": 64.234935},
                {"longitude": 27.734545}
            ]]},
            {"altitude": 182},
            {"distance_km": 1.54},
            {"speed_kmh": 1.8},
            {"timestamp": "Fri Jun 02 07:03:45 UTC 2017"}
        ],
        [
            {"location": [[
                {"latitude": 64.234907},
                {"longitude": 27.734782}
            ]]},
            {"altitude": 182.5},
            {"distance_km": 1.55},
            {"speed_kmh": 5.4},
            {"timestamp": "Fri Jun 02 07:03:55 UTC 2017"}
        ],
        [
            {"location": [[
                {"latitude": 64.23485},
                {"longitude": 27.734969}
            ]]},
            {"altitude": 185},
            {"distance_km": 1.56},
            {"speed_kmh": 4.5},
            {"timestamp": "Fri Jun 02 07:04:02 UTC 2017"}
        ],
        [
            {"location": [[
                {"latitude": 64.234818},
                {"longitude": 27.735166}
            ]]},
            {"altitude": 183.5},
            {"distance_km": 1.57},
            {"speed_kmh": 2.7},
            {"timestamp": "Fri Jun 02 07:04:12 UTC 2017"}
        ],
        [
            {"location": [[
                {"latitude": 64.234726},
                {"longitude": 27.735169}
            ]]},
            {"altitude": 184.5},
            {"distance_km": 1.58},
            {"speed_kmh": 5.4},
            {"timestamp": "Fri Jun 02 07:04:34 UTC 2017"}
        ],
        [
            {"location": [[
                {"latitude": 64.234647},
                {"longitude": 27.735051}
            ]]},
            {"altitude": 187.5},
            {"distance_km": 1.59},
            {"speed_kmh": 5.4},
            {"timestamp": "Fri Jun 02 07:04:40 UTC 2017"}
        ],
        [
            {"location": [[
                {"latitude": 64.234557},
                {"longitude": 27.734877}
            ]]},
            {"altitude": 187.5},
            {"distance_km": 1.6},
            {"speed_kmh": 3.6},
            {"timestamp": "Fri Jun 02 07:04:50 UTC 2017"}
        ],
        [
            {"location": [[
                {"latitude": 64.234484},
                {"longitude": 27.734741}
            ]]},
            {"altitude": 189.5},
            {"distance_km": 1.61},
            {"speed_kmh": 3.6},
            {"timestamp": "Fri Jun 02 07:04:56 UTC 2017"}
        ],
        [
            {"location": [[
                {"latitude": 64.234378},
                {"longitude": 27.734633}
            ]]},
            {"altitude": 187},
            {"distance_km": 1.63},
            {"speed_kmh": 3.6},
            {"timestamp": "Fri Jun 02 07:05:04 UTC 2017"}
        ],
        [
            {"location": [[
                {"latitude": 64.234294},
                {"longitude": 27.734517}
            ]]},
            {"altitude": 184.5},
            {"distance_km": 1.64},
            {"speed_kmh": 0},
            {"timestamp": "Fri Jun 02 07:05:18 UTC 2017"}
        ],
        [
            {"location": [[
                {"latitude": 64.234188},
                {"longitude": 27.734396}
            ]]},
            {"altitude": 185.5},
            {"distance_km": 1.65},
            {"speed_kmh": 3.6},
            {"timestamp": "Fri Jun 02 07:05:28 UTC 2017"}
        ],
        [
            {"location": [[
                {"latitude": 64.234109},
                {"longitude": 27.734291}
            ]]},
            {"altitude": 184},
            {"distance_km": 1.66},
            {"speed_kmh": 4.5},
            {"timestamp": "Fri Jun 02 07:05:32 UTC 2017"}
        ],
        [
            {"location": [[
                {"latitude": 64.233982},
                {"longitude": 27.734177}
            ]]},
            {"altitude": 182.5},
            {"distance_km": 1.68},
            {"speed_kmh": 4.5},
            {"timestamp": "Fri Jun 02 07:05:38 UTC 2017"}
        ],
        [
            {"location": [[
                {"latitude": 64.233896},
                {"longitude": 27.734092}
            ]]},
            {"altitude": 186},
            {"distance_km": 1.69},
            {"speed_kmh": 4.5},
            {"timestamp": "Fri Jun 02 07:05:42 UTC 2017"}
        ],
        [
            {"location": [[
                {"latitude": 64.23381},
                {"longitude": 27.734005}
            ]]},
            {"altitude": 185.5},
            {"distance_km": 1.7},
            {"speed_kmh": 5.4},
            {"timestamp": "Fri Jun 02 07:05:46 UTC 2017"}
        ],
        [
            {"location": [[
                {"latitude": 64.233712},
                {"longitude": 27.733891}
            ]]},
            {"altitude": 185},
            {"distance_km": 1.71},
            {"speed_kmh": 4.5},
            {"timestamp": "Fri Jun 02 07:05:52 UTC 2017"}
        ],
        [
            {"location": [[
                {"latitude": 64.233609},
                {"longitude": 27.733813}
            ]]},
            {"altitude": 181},
            {"distance_km": 1.72},
            {"speed_kmh": 4.5},
            {"timestamp": "Fri Jun 02 07:05:59 UTC 2017"}
        ],
        [
            {"location": [[
                {"latitude": 64.233514},
                {"longitude": 27.733771}
            ]]},
            {"altitude": 178},
            {"distance_km": 1.73},
            {"speed_kmh": 3.6},
            {"timestamp": "Fri Jun 02 07:06:07 UTC 2017"}
        ],
        [
            {"location": [[
                {"latitude": 64.233433},
                {"longitude": 27.733678}
            ]]},
            {"altitude": 172.5},
            {"distance_km": 1.74},
            {"speed_kmh": 0},
            {"timestamp": "Fri Jun 02 07:06:15 UTC 2017"}
        ],
        [
            {"location": [[
                {"latitude": 64.233337},
                {"longitude": 27.733652}
            ]]},
            {"altitude": 169.5},
            {"distance_km": 1.75},
            {"speed_kmh": 5.4},
            {"timestamp": "Fri Jun 02 07:06:24 UTC 2017"}
        ],
        [
            {"location": [[
                {"latitude": 64.233234},
                {"longitude": 27.733617}
            ]]},
            {"altitude": 169},
            {"distance_km": 1.76},
            {"speed_kmh": 4.5},
            {"timestamp": "Fri Jun 02 07:06:30 UTC 2017"}
        ],
        [
            {"location": [[
                {"latitude": 64.233136},
                {"longitude": 27.733588}
            ]]},
            {"altitude": 166.5},
            {"distance_km": 1.77},
            {"speed_kmh": 0},
            {"timestamp": "Fri Jun 02 07:06:38 UTC 2017"}
        ],
        [
            {"location": [[
                {"latitude": 64.23305},
                {"longitude": 27.73342}
            ]]},
            {"altitude": 165},
            {"distance_km": 1.79},
            {"speed_kmh": 4.5},
            {"timestamp": "Fri Jun 02 07:06:48 UTC 2017"}
        ],
        [
            {"location": [[
                {"latitude": 64.232978},
                {"longitude": 27.733204}
            ]]},
            {"altitude": 155.5},
            {"distance_km": 1.8},
            {"speed_kmh": 4.5},
            {"timestamp": "Fri Jun 02 07:06:56 UTC 2017"}
        ],
        [
            {"location": [[
                {"latitude": 64.232935},
                {"longitude": 27.732945}
            ]]},
            {"altitude": 153.5},
            {"distance_km": 1.81},
            {"speed_kmh": 5.4},
            {"timestamp": "Fri Jun 02 07:07:02 UTC 2017"}
        ],
        [
            {"location": [[
                {"latitude": 64.23289},
                {"longitude": 27.732758}
            ]]},
            {"altitude": 158.5},
            {"distance_km": 1.82},
            {"speed_kmh": 5.4},
            {"timestamp": "Fri Jun 02 07:07:08 UTC 2017"}
        ],
        [
            {"location": [[
                {"latitude": 64.232903},
                {"longitude": 27.73251}
            ]]},
            {"altitude": 161},
            {"distance_km": 1.84},
            {"speed_kmh": 5.4},
            {"timestamp": "Fri Jun 02 07:07:16 UTC 2017"}
        ],
        [
            {"location": [[
                {"latitude": 64.23296},
                {"longitude": 27.732348}
            ]]},
            {"altitude": 161.5},
            {"distance_km": 1.85},
            {"speed_kmh": 5.4},
            {"timestamp": "Fri Jun 02 07:07:22 UTC 2017"}
        ],
        [
            {"location": [[
                {"latitude": 64.232986},
                {"longitude": 27.732103}
            ]]},
            {"altitude": 161},
            {"distance_km": 1.86},
            {"speed_kmh": 4.5},
            {"timestamp": "Fri Jun 02 07:07:32 UTC 2017"}
        ],
        [
            {"location": [[
                {"latitude": 64.233006},
                {"longitude": 27.731899}
            ]]},
            {"altitude": 160},
            {"distance_km": 1.87},
            {"speed_kmh": 5.4},
            {"timestamp": "Fri Jun 02 07:07:38 UTC 2017"}
        ],
        [
            {"location": [[
                {"latitude": 64.233052},
                {"longitude": 27.731665}
            ]]},
            {"altitude": 160.5},
            {"distance_km": 1.88},
            {"speed_kmh": 4.5},
            {"timestamp": "Fri Jun 02 07:07:45 UTC 2017"}
        ],
        [
            {"location": [[
                {"latitude": 64.23295},
                {"longitude": 27.731577}
            ]]},
            {"altitude": 158.5},
            {"distance_km": 1.89},
            {"speed_kmh": 5.4},
            {"timestamp": "Fri Jun 02 07:07:53 UTC 2017"}
        ],
        [
            {"location": [[
                {"latitude": 64.232849},
                {"longitude": 27.73148}
            ]]},
            {"altitude": 159.5},
            {"distance_km": 1.91},
            {"speed_kmh": 4.5},
            {"timestamp": "Fri Jun 02 07:08:01 UTC 2017"}
        ],
        [
            {"location": [[
                {"latitude": 64.23277},
                {"longitude": 27.731364}
            ]]},
            {"altitude": 160.5},
            {"distance_km": 1.92},
            {"speed_kmh": 4.5},
            {"timestamp": "Fri Jun 02 07:08:14 UTC 2017"}
        ],
        [
            {"location": [[
                {"latitude": 64.232662},
                {"longitude": 27.731264}
            ]]},
            {"altitude": 149},
            {"distance_km": 1.93},
            {"speed_kmh": 5.4},
            {"timestamp": "Fri Jun 02 07:08:22 UTC 2017"}
        ],
        [
            {"location": [[
                {"latitude": 64.232561},
                {"longitude": 27.731199}
            ]]},
            {"altitude": 148},
            {"distance_km": 1.94},
            {"speed_kmh": 5.4},
            {"timestamp": "Fri Jun 02 07:08:28 UTC 2017"}
        ],
        [
            {"location": [[
                {"latitude": 64.232445},
                {"longitude": 27.731153}
            ]]},
            {"altitude": 146},
            {"distance_km": 1.95},
            {"speed_kmh": 5.4},
            {"timestamp": "Fri Jun 02 07:08:36 UTC 2017"}
        ],
        [
            {"location": [[
                {"latitude": 64.232346},
                {"longitude": 27.731065}
            ]]},
            {"altitude": 144.5},
            {"distance_km": 1.97},
            {"speed_kmh": 5.4},
            {"timestamp": "Fri Jun 02 07:08:42 UTC 2017"}
        ],
        [
            {"location": [[
                {"latitude": 64.232242},
                {"longitude": 27.730911}
            ]]},
            {"altitude": 143},
            {"distance_km": 1.98},
            {"speed_kmh": 5.4},
            {"timestamp": "Fri Jun 02 07:08:48 UTC 2017"}
        ],
        [
            {"location": [[
                {"latitude": 64.232154},
                {"longitude": 27.730767}
            ]]},
            {"altitude": 144},
            {"distance_km": 1.99},
            {"speed_kmh": 5.4},
            {"timestamp": "Fri Jun 02 07:08:56 UTC 2017"}
        ],
        [
            {"location": [[
                {"latitude": 64.232074},
                {"longitude": 27.730648}
            ]]},
            {"altitude": 147},
            {"distance_km": 2},
            {"speed_kmh": 5.4},
            {"timestamp": "Fri Jun 02 07:09:02 UTC 2017"}
        ],
        [
            {"location": [[
                {"latitude": 64.231987},
                {"longitude": 27.730505}
            ]]},
            {"altitude": 146},
            {"distance_km": 2.01},
            {"speed_kmh": 5.4},
            {"timestamp": "Fri Jun 02 07:09:08 UTC 2017"}
        ],
        [
            {"location": [[
                {"latitude": 64.231913},
                {"longitude": 27.730377}
            ]]},
            {"altitude": 146},
            {"distance_km": 2.02},
            {"speed_kmh": 5.4},
            {"timestamp": "Fri Jun 02 07:09:14 UTC 2017"}
        ],
        [
            {"location": [[
                {"latitude": 64.231833},
                {"longitude": 27.730262}
            ]]},
            {"altitude": 145.5},
            {"distance_km": 2.03},
            {"speed_kmh": 5.4},
            {"timestamp": "Fri Jun 02 07:09:20 UTC 2017"}
        ],
        [
            {"location": [[
                {"latitude": 64.231759},
                {"longitude": 27.730136}
            ]]},
            {"altitude": 145},
            {"distance_km": 2.04},
            {"speed_kmh": 5.4},
            {"timestamp": "Fri Jun 02 07:09:26 UTC 2017"}
        ],
        [
            {"location": [[
                {"latitude": 64.231698},
                {"longitude": 27.72992}
            ]]},
            {"altitude": 147.5},
            {"distance_km": 2.06},
            {"speed_kmh": 4.5},
            {"timestamp": "Fri Jun 02 07:09:34 UTC 2017"}
        ],
        [
            {"location": [[
                {"latitude": 64.23168},
                {"longitude": 27.729676}
            ]]},
            {"altitude": 147.5},
            {"distance_km": 2.07},
            {"speed_kmh": 4.5},
            {"timestamp": "Fri Jun 02 07:09:42 UTC 2017"}
        ],
        [
            {"location": [[
                {"latitude": 64.231776},
                {"longitude": 27.729647}
            ]]},
            {"altitude": 150.5},
            {"distance_km": 2.08},
            {"speed_kmh": 1.8},
            {"timestamp": "Fri Jun 02 07:10:00 UTC 2017"}
        ],
        [
            {"location": [[
                {"latitude": 64.231774},
                {"longitude": 27.729648}
            ]]},
            {"altitude": 152},
            {"distance_km": 2.08},
            {"speed_kmh": 1.8},
            {"timestamp": "Fri Jun 02 07:10:02 UTC 2017"}
        ],
        [
            {"location": [[
                {"latitude": 64.231774},
                {"longitude": 27.729648}
            ]]},
            {"altitude": 152},
            {"distance_km": 2.08},
            {"speed_kmh": 1.8},
            {"timestamp": "Fri Jun 02 07:10:03 UTC 2017"}
        ]
    ]}
]