[
    {"sport": "WEIGHT_TRAINING"},
    {"source": "INPUT_MANUAL_MOBILE"},
    {"created_date": "2017-01-23 15:28:36.0"},
    {"start_time": "2017-01-23 14:28:00.0"},
    {"end_time": "2017-01-23 15:18:00.0"},
    {"duration_s": 3000},
    {"distance_km": 0},
    {"calories_kcal": 491.667},
    {"speed_avg_kmh": 0},
    {"points": [
        [
            {"distance_km": 0},
            {"timestamp": "Mon Jan 23 14:28:00 UTC 2017"}
        ],
        [
            {"distance_km": 0},
            {"timestamp": "Mon Jan 23 15:18:00 UTC 2017"}
        ]
    ]}
]