[
    {"sport": "WALKING"},
    {"source": "TRACK_MOBILE"},
    {"created_date": "2017-05-28 13:27:12.0"},
    {"start_time": "2017-05-28 13:24:33.0"},
    {"end_time": "2017-05-28 13:57:18.0"},
    {"duration_s": 1964},
    {"distance_km": 2.45},
    {"calories_kcal": 180.508},
    {"altitude_min_m": 107.5},
    {"altitude_max_m": 187.5},
    {"speed_avg_kmh": 4.490835030549898},
    {"speed_max_kmh": 8.1},
    {"ascend_m": 139.5},
    {"descend_m": 112.5},
    {"points": [
        [
            {"location": [[
                {"latitude": 64.231999},
                {"longitude": 27.729547}
            ]]},
            {"distance_km": 0},
            {"timestamp": "Sun May 28 13:24:33 UTC 2017"}
        ],
        [
            {"location": [[
                {"latitude": 64.231999},
                {"longitude": 27.729547}
            ]]},
            {"altitude": 120.5},
            {"distance_km": 0},
            {"speed_kmh": 0},
            {"timestamp": "Sun May 28 13:24:45 UTC 2017"}
        ],
        [
            {"location": [[
                {"latitude": 64.231851},
                {"longitude": 27.72935}
            ]]},
            {"altitude": 128.5},
            {"distance_km": 0.02},
            {"speed_kmh": 2.7},
            {"timestamp": "Sun May 28 13:24:57 UTC 2017"}
        ],
        [
            {"location": [[
                {"latitude": 64.231682},
                {"longitude": 27.729265}
            ]]},
            {"altitude": 130.5},
            {"distance_km": 0.04},
            {"speed_kmh": 5.4},
            {"timestamp": "Sun May 28 13:25:23 UTC 2017"}
        ],
        [
            {"location": [[
                {"latitude": 64.231737},
                {"longitude": 27.729514}
            ]]},
            {"altitude": 126.5},
            {"distance_km": 0.05},
            {"speed_kmh": 4.5},
            {"timestamp": "Sun May 28 13:25:27 UTC 2017"}
        ],
        [
            {"location": [[
                {"latitude": 64.23174},
                {"longitude": 27.729737}
            ]]},
            {"altitude": 117.5},
            {"distance_km": 0.06},
            {"speed_kmh": 4.5},
            {"timestamp": "Sun May 28 13:25:35 UTC 2017"}
        ],
        [
            {"location": [[
                {"latitude": 64.2318},
                {"longitude": 27.729893}
            ]]},
            {"altitude": 113},
            {"distance_km": 0.07},
            {"speed_kmh": 4.5},
            {"timestamp": "Sun May 28 13:25:43 UTC 2017"}
        ],
        [
            {"location": [[
                {"latitude": 64.231863},
                {"longitude": 27.730113}
            ]]},
            {"altitude": 113.5},
            {"distance_km": 0.09},
            {"speed_kmh": 6.3},
            {"timestamp": "Sun May 28 13:25:55 UTC 2017"}
        ],
        [
            {"location": [[
                {"latitude": 64.231919},
                {"longitude": 27.730277}
            ]]},
            {"altitude": 118.5},
            {"distance_km": 0.1},
            {"speed_kmh": 3.6},
            {"timestamp": "Sun May 28 13:26:01 UTC 2017"}
        ],
        [
            {"location": [[
                {"latitude": 64.231999},
                {"longitude": 27.73039}
            ]]},
            {"altitude": 112.5},
            {"distance_km": 0.11},
            {"speed_kmh": 4.5},
            {"timestamp": "Sun May 28 13:26:10 UTC 2017"}
        ],
        [
            {"location": [[
                {"latitude": 64.232102},
                {"longitude": 27.730522}
            ]]},
            {"altitude": 114.5},
            {"distance_km": 0.12},
            {"speed_kmh": 4.5},
            {"timestamp": "Sun May 28 13:26:19 UTC 2017"}
        ],
        [
            {"location": [[
                {"latitude": 64.232199},
                {"longitude": 27.730652}
            ]]},
            {"altitude": 113.5},
            {"distance_km": 0.13},
            {"speed_kmh": 4.5},
            {"timestamp": "Sun May 28 13:26:27 UTC 2017"}
        ],
        [
            {"location": [[
                {"latitude": 64.232269},
                {"longitude": 27.730786}
            ]]},
            {"altitude": 113},
            {"distance_km": 0.14},
            {"speed_kmh": 5.4},
            {"timestamp": "Sun May 28 13:26:33 UTC 2017"}
        ],
        [
            {"location": [[
                {"latitude": 64.23239},
                {"longitude": 27.730915}
            ]]},
            {"altitude": 107.5},
            {"distance_km": 0.16},
            {"speed_kmh": 5.4},
            {"timestamp": "Sun May 28 13:26:41 UTC 2017"}
        ],
        [
            {"location": [[
                {"latitude": 64.23249},
                {"longitude": 27.730975}
            ]]},
            {"altitude": 114},
            {"distance_km": 0.17},
            {"speed_kmh": 5.4},
            {"timestamp": "Sun May 28 13:26:49 UTC 2017"}
        ],
        [
            {"location": [[
                {"latitude": 64.232548},
                {"longitude": 27.731143}
            ]]},
            {"altitude": 114.5},
            {"distance_km": 0.18},
            {"speed_kmh": 4.5},
            {"timestamp": "Sun May 28 13:26:57 UTC 2017"}
        ],
        [
            {"location": [[
                {"latitude": 64.232636},
                {"longitude": 27.731204}
            ]]},
            {"altitude": 118},
            {"distance_km": 0.19},
            {"speed_kmh": 5.4},
            {"timestamp": "Sun May 28 13:27:09 UTC 2017"}
        ],
        [
            {"location": [[
                {"latitude": 64.232735},
                {"longitude": 27.731266}
            ]]},
            {"altitude": 117.5},
            {"distance_km": 0.2},
            {"speed_kmh": 4.5},
            {"timestamp": "Sun May 28 13:27:17 UTC 2017"}
        ],
        [
            {"location": [[
                {"latitude": 64.232829},
                {"longitude": 27.73132}
            ]]},
            {"altitude": 117.5},
            {"distance_km": 0.21},
            {"speed_kmh": 8.1},
            {"timestamp": "Sun May 28 13:27:23 UTC 2017"}
        ],
        [
            {"location": [[
                {"latitude": 64.232919},
                {"longitude": 27.731347}
            ]]},
            {"altitude": 117},
            {"distance_km": 0.22},
            {"speed_kmh": 5.4},
            {"timestamp": "Sun May 28 13:27:29 UTC 2017"}
        ],
        [
            {"location": [[
                {"latitude": 64.233017},
                {"longitude": 27.731379}
            ]]},
            {"altitude": 117.5},
            {"distance_km": 0.23},
            {"speed_kmh": 4.5},
            {"timestamp": "Sun May 28 13:27:38 UTC 2017"}
        ],
        [
            {"location": [[
                {"latitude": 64.233111},
                {"longitude": 27.731452}
            ]]},
            {"altitude": 120},
            {"distance_km": 0.24},
            {"speed_kmh": 5.4},
            {"timestamp": "Sun May 28 13:27:45 UTC 2017"}
        ],
        [
            {"location": [[
                {"latitude": 64.233208},
                {"longitude": 27.731437}
            ]]},
            {"altitude": 127.5},
            {"distance_km": 0.25},
            {"speed_kmh": 0},
            {"timestamp": "Sun May 28 13:27:57 UTC 2017"}
        ],
        [
            {"location": [[
                {"latitude": 64.233304},
                {"longitude": 27.731466}
            ]]},
            {"altitude": 134.5},
            {"distance_km": 0.26},
            {"speed_kmh": 2.7},
            {"timestamp": "Sun May 28 13:28:17 UTC 2017"}
        ],
        [
            {"location": [[
                {"latitude": 64.233413},
                {"longitude": 27.731527}
            ]]},
            {"altitude": 139},
            {"distance_km": 0.28},
            {"speed_kmh": 3.6},
            {"timestamp": "Sun May 28 13:28:25 UTC 2017"}
        ],
        [
            {"location": [[
                {"latitude": 64.233525},
                {"longitude": 27.731393}
            ]]},
            {"altitude": 142.5},
            {"distance_km": 0.29},
            {"speed_kmh": 5.4},
            {"timestamp": "Sun May 28 13:28:31 UTC 2017"}
        ],
        [
            {"location": [[
                {"latitude": 64.233626},
                {"longitude": 27.731326}
            ]]},
            {"altitude": 149},
            {"distance_km": 0.3},
            {"speed_kmh": 2.7},
            {"timestamp": "Sun May 28 13:28:39 UTC 2017"}
        ],
        [
            {"location": [[
                {"latitude": 64.233734},
                {"longitude": 27.731316}
            ]]},
            {"altitude": 155},
            {"distance_km": 0.31},
            {"speed_kmh": 3.6},
            {"timestamp": "Sun May 28 13:28:47 UTC 2017"}
        ],
        [
            {"location": [[
                {"latitude": 64.233832},
                {"longitude": 27.731243}
            ]]},
            {"altitude": 157},
            {"distance_km": 0.33},
            {"speed_kmh": 3.6},
            {"timestamp": "Sun May 28 13:28:55 UTC 2017"}
        ],
        [
            {"location": [[
                {"latitude": 64.233921},
                {"longitude": 27.731151}
            ]]},
            {"altitude": 165.5},
            {"distance_km": 0.34},
            {"speed_kmh": 1.8},
            {"timestamp": "Sun May 28 13:29:19 UTC 2017"}
        ],
        [
            {"location": [[
                {"latitude": 64.23398},
                {"longitude": 27.730944}
            ]]},
            {"altitude": 164},
            {"distance_km": 0.35},
            {"speed_kmh": 1.8},
            {"timestamp": "Sun May 28 13:29:27 UTC 2017"}
        ],
        [
            {"location": [[
                {"latitude": 64.234014},
                {"longitude": 27.730728}
            ]]},
            {"altitude": 163.5},
            {"distance_km": 0.36},
            {"speed_kmh": 2.7},
            {"timestamp": "Sun May 28 13:29:35 UTC 2017"}
        ],
        [
            {"location": [[
                {"latitude": 64.234005},
                {"longitude": 27.730515}
            ]]},
            {"altitude": 168.5},
            {"distance_km": 0.37},
            {"speed_kmh": 0},
            {"timestamp": "Sun May 28 13:29:43 UTC 2017"}
        ],
        [
            {"location": [[
                {"latitude": 64.233979},
                {"longitude": 27.730283}
            ]]},
            {"altitude": 168},
            {"distance_km": 0.38},
            {"speed_kmh": 3.6},
            {"timestamp": "Sun May 28 13:29:55 UTC 2017"}
        ],
        [
            {"location": [[
                {"latitude": 64.233954},
                {"longitude": 27.730061}
            ]]},
            {"altitude": 172},
            {"distance_km": 0.39},
            {"speed_kmh": 3.6},
            {"timestamp": "Sun May 28 13:30:01 UTC 2017"}
        ],
        [
            {"location": [[
                {"latitude": 64.233926},
                {"longitude": 27.729826}
            ]]},
            {"altitude": 169},
            {"distance_km": 0.41},
            {"speed_kmh": 3.6},
            {"timestamp": "Sun May 28 13:30:07 UTC 2017"}
        ],
        [
            {"location": [[
                {"latitude": 64.233951},
                {"longitude": 27.72959}
            ]]},
            {"altitude": 169.5},
            {"distance_km": 0.42},
            {"speed_kmh": 3.6},
            {"timestamp": "Sun May 28 13:30:15 UTC 2017"}
        ],
        [
            {"location": [[
                {"latitude": 64.23402},
                {"longitude": 27.729426}
            ]]},
            {"altitude": 169.5},
            {"distance_km": 0.43},
            {"speed_kmh": 2.7},
            {"timestamp": "Sun May 28 13:30:25 UTC 2017"}
        ],
        [
            {"location": [[
                {"latitude": 64.23405},
                {"longitude": 27.729179}
            ]]},
            {"altitude": 167.5},
            {"distance_km": 0.44},
            {"speed_kmh": 2.7},
            {"timestamp": "Sun May 28 13:30:35 UTC 2017"}
        ],
        [
            {"location": [[
                {"latitude": 64.234123},
                {"longitude": 27.728966}
            ]]},
            {"altitude": 167.5},
            {"distance_km": 0.45},
            {"speed_kmh": 4.5},
            {"timestamp": "Sun May 28 13:30:45 UTC 2017"}
        ],
        [
            {"location": [[
                {"latitude": 64.234181},
                {"longitude": 27.728805}
            ]]},
            {"altitude": 170.5},
            {"distance_km": 0.46},
            {"speed_kmh": 0},
            {"timestamp": "Sun May 28 13:31:01 UTC 2017"}
        ],
        [
            {"location": [[
                {"latitude": 64.234192},
                {"longitude": 27.728542}
            ]]},
            {"altitude": 172},
            {"distance_km": 0.48},
            {"speed_kmh": 3.6},
            {"timestamp": "Sun May 28 13:31:12 UTC 2017"}
        ],
        [
            {"location": [[
                {"latitude": 64.234232},
                {"longitude": 27.728317}
            ]]},
            {"altitude": 174.5},
            {"distance_km": 0.49},
            {"speed_kmh": 0},
            {"timestamp": "Sun May 28 13:31:17 UTC 2017"}
        ],
        [
            {"location": [[
                {"latitude": 64.234238},
                {"longitude": 27.728055}
            ]]},
            {"altitude": 181.5},
            {"distance_km": 0.5},
            {"speed_kmh": 2.7},
            {"timestamp": "Sun May 28 13:31:37 UTC 2017"}
        ],
        [
            {"location": [[
                {"latitude": 64.234245},
                {"longitude": 27.727832}
            ]]},
            {"altitude": 181},
            {"distance_km": 0.51},
            {"speed_kmh": 0},
            {"timestamp": "Sun May 28 13:31:45 UTC 2017"}
        ],
        [
            {"location": [[
                {"latitude": 64.234243},
                {"longitude": 27.727592}
            ]]},
            {"altitude": 180.5},
            {"distance_km": 0.52},
            {"speed_kmh": 1.8},
            {"timestamp": "Sun May 28 13:31:57 UTC 2017"}
        ],
        [
            {"location": [[
                {"latitude": 64.234203},
                {"longitude": 27.727342}
            ]]},
            {"altitude": 177},
            {"distance_km": 0.54},
            {"speed_kmh": 2.7},
            {"timestamp": "Sun May 28 13:32:05 UTC 2017"}
        ],
        [
            {"location": [[
                {"latitude": 64.234173},
                {"longitude": 27.727143}
            ]]},
            {"altitude": 172},
            {"distance_km": 0.55},
            {"speed_kmh": 2.7},
            {"timestamp": "Sun May 28 13:32:11 UTC 2017"}
        ],
        [
            {"location": [[
                {"latitude": 64.234197},
                {"longitude": 27.72692}
            ]]},
            {"altitude": 170},
            {"distance_km": 0.56},
            {"speed_kmh": 2.7},
            {"timestamp": "Sun May 28 13:32:19 UTC 2017"}
        ],
        [
            {"location": [[
                {"latitude": 64.234234},
                {"longitude": 27.726703}
            ]]},
            {"altitude": 171},
            {"distance_km": 0.57},
            {"speed_kmh": 1.8},
            {"timestamp": "Sun May 28 13:32:31 UTC 2017"}
        ],
        [
            {"location": [[
                {"latitude": 64.2343},
                {"longitude": 27.72653}
            ]]},
            {"altitude": 172},
            {"distance_km": 0.58},
            {"speed_kmh": 2.7},
            {"timestamp": "Sun May 28 13:32:39 UTC 2017"}
        ],
        [
            {"location": [[
                {"latitude": 64.234361},
                {"longitude": 27.726347}
            ]]},
            {"altitude": 173.5},
            {"distance_km": 0.59},
            {"speed_kmh": 2.7},
            {"timestamp": "Sun May 28 13:32:47 UTC 2017"}
        ],
        [
            {"location": [[
                {"latitude": 64.234435},
                {"longitude": 27.726162}
            ]]},
            {"altitude": 176.5},
            {"distance_km": 0.6},
            {"speed_kmh": 2.7},
            {"timestamp": "Sun May 28 13:32:59 UTC 2017"}
        ],
        [
            {"location": [[
                {"latitude": 64.234526},
                {"longitude": 27.726045}
            ]]},
            {"altitude": 174.5},
            {"distance_km": 0.61},
            {"speed_kmh": 2.7},
            {"timestamp": "Sun May 28 13:33:10 UTC 2017"}
        ],
        [
            {"location": [[
                {"latitude": 64.23458},
                {"longitude": 27.725848}
            ]]},
            {"altitude": 162},
            {"distance_km": 0.63},
            {"speed_kmh": 2.7},
            {"timestamp": "Sun May 28 13:33:21 UTC 2017"}
        ],
        [
            {"location": [[
                {"latitude": 64.234641},
                {"longitude": 27.725657}
            ]]},
            {"altitude": 164.5},
            {"distance_km": 0.64},
            {"speed_kmh": 2.7},
            {"timestamp": "Sun May 28 13:33:31 UTC 2017"}
        ],
        [
            {"location": [[
                {"latitude": 64.234755},
                {"longitude": 27.725633}
            ]]},
            {"altitude": 171},
            {"distance_km": 0.65},
            {"speed_kmh": 4.5},
            {"timestamp": "Sun May 28 13:33:37 UTC 2017"}
        ],
        [
            {"location": [[
                {"latitude": 64.234863},
                {"longitude": 27.725571}
            ]]},
            {"altitude": 171.5},
            {"distance_km": 0.66},
            {"speed_kmh": 4.5},
            {"timestamp": "Sun May 28 13:33:43 UTC 2017"}
        ],
        [
            {"location": [[
                {"latitude": 64.234962},
                {"longitude": 27.725541}
            ]]},
            {"altitude": 179},
            {"distance_km": 0.67},
            {"speed_kmh": 2.7},
            {"timestamp": "Sun May 28 13:33:55 UTC 2017"}
        ],
        [
            {"location": [[
                {"latitude": 64.235053},
                {"longitude": 27.725461}
            ]]},
            {"altitude": 184.5},
            {"distance_km": 0.68},
            {"speed_kmh": 2.7},
            {"timestamp": "Sun May 28 13:34:05 UTC 2017"}
        ],
        [
            {"location": [[
                {"latitude": 64.235155},
                {"longitude": 27.72541}
            ]]},
            {"altitude": 187.5},
            {"distance_km": 0.7},
            {"speed_kmh": 5.4},
            {"timestamp": "Sun May 28 13:34:13 UTC 2017"}
        ],
        [
            {"location": [[
                {"latitude": 64.235266},
                {"longitude": 27.725391}
            ]]},
            {"altitude": 181.5},
            {"distance_km": 0.71},
            {"speed_kmh": 3.6},
            {"timestamp": "Sun May 28 13:34:23 UTC 2017"}
        ],
        [
            {"location": [[
                {"latitude": 64.235354},
                {"longitude": 27.725291}
            ]]},
            {"altitude": 176.5},
            {"distance_km": 0.72},
            {"speed_kmh": 3.6},
            {"timestamp": "Sun May 28 13:34:31 UTC 2017"}
        ],
        [
            {"location": [[
                {"latitude": 64.235456},
                {"longitude": 27.725191}
            ]]},
            {"altitude": 181.5},
            {"distance_km": 0.73},
            {"speed_kmh": 3.6},
            {"timestamp": "Sun May 28 13:34:39 UTC 2017"}
        ],
        [
            {"location": [[
                {"latitude": 64.235548},
                {"longitude": 27.72523}
            ]]},
            {"altitude": 179.5},
            {"distance_km": 0.74},
            {"speed_kmh": 3.6},
            {"timestamp": "Sun May 28 13:34:47 UTC 2017"}
        ],
        [
            {"location": [[
                {"latitude": 64.235648},
                {"longitude": 27.725353}
            ]]},
            {"altitude": 178},
            {"distance_km": 0.75},
            {"speed_kmh": 3.6},
            {"timestamp": "Sun May 28 13:34:55 UTC 2017"}
        ],
        [
            {"location": [[
                {"latitude": 64.235742},
                {"longitude": 27.725372}
            ]]},
            {"altitude": 179.5},
            {"distance_km": 0.77},
            {"speed_kmh": 3.6},
            {"timestamp": "Sun May 28 13:35:06 UTC 2017"}
        ],
        [
            {"location": [[
                {"latitude": 64.235842},
                {"longitude": 27.725419}
            ]]},
            {"altitude": 171.5},
            {"distance_km": 0.78},
            {"speed_kmh": 1.8},
            {"timestamp": "Sun May 28 13:35:25 UTC 2017"}
        ],
        [
            {"location": [[
                {"latitude": 64.235931},
                {"longitude": 27.725525}
            ]]},
            {"altitude": 174},
            {"distance_km": 0.79},
            {"speed_kmh": 3.6},
            {"timestamp": "Sun May 28 13:35:37 UTC 2017"}
        ],
        [
            {"location": [[
                {"latitude": 64.236035},
                {"longitude": 27.725651}
            ]]},
            {"altitude": 177.5},
            {"distance_km": 0.8},
            {"speed_kmh": 3.6},
            {"timestamp": "Sun May 28 13:35:45 UTC 2017"}
        ],
        [
            {"location": [[
                {"latitude": 64.23613},
                {"longitude": 27.725711}
            ]]},
            {"altitude": 179.5},
            {"distance_km": 0.81},
            {"speed_kmh": 1.8},
            {"timestamp": "Sun May 28 13:35:57 UTC 2017"}
        ],
        [
            {"location": [[
                {"latitude": 64.236227},
                {"longitude": 27.725652}
            ]]},
            {"altitude": 180},
            {"distance_km": 0.82},
            {"speed_kmh": 2.7},
            {"timestamp": "Sun May 28 13:36:05 UTC 2017"}
        ],
        [
            {"location": [[
                {"latitude": 64.236329},
                {"longitude": 27.725554}
            ]]},
            {"altitude": 182.5},
            {"distance_km": 0.84},
            {"speed_kmh": 2.7},
            {"timestamp": "Sun May 28 13:36:15 UTC 2017"}
        ],
        [
            {"location": [[
                {"latitude": 64.236395},
                {"longitude": 27.725413}
            ]]},
            {"altitude": 177},
            {"distance_km": 0.85},
            {"speed_kmh": 2.7},
            {"timestamp": "Sun May 28 13:36:21 UTC 2017"}
        ],
        [
            {"location": [[
                {"latitude": 64.23647},
                {"longitude": 27.725264}
            ]]},
            {"altitude": 179.5},
            {"distance_km": 0.86},
            {"speed_kmh": 1.8},
            {"timestamp": "Sun May 28 13:36:37 UTC 2017"}
        ],
        [
            {"location": [[
                {"latitude": 64.236573},
                {"longitude": 27.725222}
            ]]},
            {"altitude": 179.5},
            {"distance_km": 0.87},
            {"speed_kmh": 0},
            {"timestamp": "Sun May 28 13:36:46 UTC 2017"}
        ],
        [
            {"location": [[
                {"latitude": 64.236677},
                {"longitude": 27.725155}
            ]]},
            {"altitude": 182},
            {"distance_km": 0.88},
            {"speed_kmh": 5.4},
            {"timestamp": "Sun May 28 13:36:57 UTC 2017"}
        ],
        [
            {"location": [[
                {"latitude": 64.236783},
                {"longitude": 27.725145}
            ]]},
            {"altitude": 180},
            {"distance_km": 0.89},
            {"speed_kmh": 4.5},
            {"timestamp": "Sun May 28 13:37:03 UTC 2017"}
        ],
        [
            {"location": [[
                {"latitude": 64.236891},
                {"longitude": 27.725152}
            ]]},
            {"altitude": 184.5},
            {"distance_km": 0.9},
            {"speed_kmh": 3.6},
            {"timestamp": "Sun May 28 13:37:09 UTC 2017"}
        ],
        [
            {"location": [[
                {"latitude": 64.236984},
                {"longitude": 27.725149}
            ]]},
            {"altitude": 182},
            {"distance_km": 0.91},
            {"speed_kmh": 1.8},
            {"timestamp": "Sun May 28 13:37:27 UTC 2017"}
        ],
        [
            {"location": [[
                {"latitude": 64.237042},
                {"longitude": 27.72531}
            ]]},
            {"altitude": 178.5},
            {"distance_km": 0.92},
            {"speed_kmh": 2.7},
            {"timestamp": "Sun May 28 13:37:39 UTC 2017"}
        ],
        [
            {"location": [[
                {"latitude": 64.237142},
                {"longitude": 27.725403}
            ]]},
            {"altitude": 178},
            {"distance_km": 0.94},
            {"speed_kmh": 3.6},
            {"timestamp": "Sun May 28 13:37:47 UTC 2017"}
        ],
        [
            {"location": [[
                {"latitude": 64.23723},
                {"longitude": 27.725453}
            ]]},
            {"altitude": 172},
            {"distance_km": 0.95},
            {"speed_kmh": 3.6},
            {"timestamp": "Sun May 28 13:37:55 UTC 2017"}
        ],
        [
            {"location": [[
                {"latitude": 64.237307},
                {"longitude": 27.725602}
            ]]},
            {"altitude": 170.5},
            {"distance_km": 0.96},
            {"speed_kmh": 2.7},
            {"timestamp": "Sun May 28 13:38:09 UTC 2017"}
        ],
        [
            {"location": [[
                {"latitude": 64.237397},
                {"longitude": 27.725774}
            ]]},
            {"altitude": 173},
            {"distance_km": 0.97},
            {"speed_kmh": 0},
            {"timestamp": "Sun May 28 13:38:17 UTC 2017"}
        ],
        [
            {"location": [[
                {"latitude": 64.23748},
                {"longitude": 27.725921}
            ]]},
            {"altitude": 172.5},
            {"distance_km": 0.98},
            {"speed_kmh": 2.7},
            {"timestamp": "Sun May 28 13:38:28 UTC 2017"}
        ],
        [
            {"location": [[
                {"latitude": 64.237578},
                {"longitude": 27.726054}
            ]]},
            {"altitude": 171},
            {"distance_km": 0.99},
            {"speed_kmh": 3.6},
            {"timestamp": "Sun May 28 13:38:37 UTC 2017"}
        ],
        [
            {"location": [[
                {"latitude": 64.237688},
                {"longitude": 27.726139}
            ]]},
            {"altitude": 172.5},
            {"distance_km": 1.01},
            {"speed_kmh": 3.6},
            {"timestamp": "Sun May 28 13:38:45 UTC 2017"}
        ],
        [
            {"location": [[
                {"latitude": 64.237801},
                {"longitude": 27.726235}
            ]]},
            {"altitude": 175},
            {"distance_km": 1.02},
            {"speed_kmh": 3.6},
            {"timestamp": "Sun May 28 13:38:53 UTC 2017"}
        ],
        [
            {"location": [[
                {"latitude": 64.237902},
                {"longitude": 27.726354}
            ]]},
            {"altitude": 172.5},
            {"distance_km": 1.03},
            {"speed_kmh": 3.6},
            {"timestamp": "Sun May 28 13:39:01 UTC 2017"}
        ],
        [
            {"location": [[
                {"latitude": 64.237989},
                {"longitude": 27.726456}
            ]]},
            {"altitude": 172},
            {"distance_km": 1.04},
            {"speed_kmh": 3.6},
            {"timestamp": "Sun May 28 13:39:09 UTC 2017"}
        ],
        [
            {"location": [[
                {"latitude": 64.238082},
                {"longitude": 27.726531}
            ]]},
            {"altitude": 174},
            {"distance_km": 1.06},
            {"speed_kmh": 4.5},
            {"timestamp": "Sun May 28 13:39:17 UTC 2017"}
        ],
        [
            {"location": [[
                {"latitude": 64.23817},
                {"longitude": 27.72666}
            ]]},
            {"altitude": 172.5},
            {"distance_km": 1.07},
            {"speed_kmh": 2.7},
            {"timestamp": "Sun May 28 13:39:27 UTC 2017"}
        ],
        [
            {"location": [[
                {"latitude": 64.238255},
                {"longitude": 27.726777}
            ]]},
            {"altitude": 173},
            {"distance_km": 1.08},
            {"speed_kmh": 2.7},
            {"timestamp": "Sun May 28 13:39:35 UTC 2017"}
        ],
        [
            {"location": [[
                {"latitude": 64.238345},
                {"longitude": 27.726861}
            ]]},
            {"altitude": 171},
            {"distance_km": 1.09},
            {"speed_kmh": 3.6},
            {"timestamp": "Sun May 28 13:39:43 UTC 2017"}
        ],
        [
            {"location": [[
                {"latitude": 64.238439},
                {"longitude": 27.726952}
            ]]},
            {"altitude": 174},
            {"distance_km": 1.1},
            {"speed_kmh": 3.6},
            {"timestamp": "Sun May 28 13:39:51 UTC 2017"}
        ],
        [
            {"location": [[
                {"latitude": 64.238547},
                {"longitude": 27.726954}
            ]]},
            {"altitude": 177.5},
            {"distance_km": 1.11},
            {"speed_kmh": 3.6},
            {"timestamp": "Sun May 28 13:40:03 UTC 2017"}
        ],
        [
            {"location": [[
                {"latitude": 64.23865},
                {"longitude": 27.726993}
            ]]},
            {"altitude": 177},
            {"distance_km": 1.12},
            {"speed_kmh": 3.6},
            {"timestamp": "Sun May 28 13:40:13 UTC 2017"}
        ],
        [
            {"location": [[
                {"latitude": 64.238745},
                {"longitude": 27.727079}
            ]]},
            {"altitude": 178},
            {"distance_km": 1.14},
            {"speed_kmh": 3.6},
            {"timestamp": "Sun May 28 13:40:22 UTC 2017"}
        ],
        [
            {"location": [[
                {"latitude": 64.238795},
                {"longitude": 27.727288}
            ]]},
            {"altitude": 175},
            {"distance_km": 1.15},
            {"speed_kmh": 3.6},
            {"timestamp": "Sun May 28 13:40:33 UTC 2017"}
        ],
        [
            {"location": [[
                {"latitude": 64.238817},
                {"longitude": 27.727501}
            ]]},
            {"altitude": 173.5},
            {"distance_km": 1.16},
            {"speed_kmh": 3.6},
            {"timestamp": "Sun May 28 13:40:41 UTC 2017"}
        ],
        [
            {"location": [[
                {"latitude": 64.238863},
                {"longitude": 27.727695}
            ]]},
            {"altitude": 172},
            {"distance_km": 1.17},
            {"speed_kmh": 3.6},
            {"timestamp": "Sun May 28 13:40:49 UTC 2017"}
        ],
        [
            {"location": [[
                {"latitude": 64.238934},
                {"longitude": 27.727823}
            ]]},
            {"altitude": 163.5},
            {"distance_km": 1.18},
            {"speed_kmh": 3.6},
            {"timestamp": "Sun May 28 13:40:57 UTC 2017"}
        ],
        [
            {"location": [[
                {"latitude": 64.239009},
                {"longitude": 27.727977}
            ]]},
            {"altitude": 164.5},
            {"distance_km": 1.19},
            {"speed_kmh": 3.6},
            {"timestamp": "Sun May 28 13:41:07 UTC 2017"}
        ],
        [
            {"location": [[
                {"latitude": 64.239065},
                {"longitude": 27.728158}
            ]]},
            {"altitude": 161},
            {"distance_km": 1.2},
            {"speed_kmh": 3.6},
            {"timestamp": "Sun May 28 13:41:15 UTC 2017"}
        ],
        [
            {"location": [[
                {"latitude": 64.239094},
                {"longitude": 27.728388}
            ]]},
            {"altitude": 157.5},
            {"distance_km": 1.21},
            {"speed_kmh": 2.7},
            {"timestamp": "Sun May 28 13:41:25 UTC 2017"}
        ],
        [
            {"location": [[
                {"latitude": 64.239078},
                {"longitude": 27.728609}
            ]]},
            {"altitude": 149.5},
            {"distance_km": 1.22},
            {"speed_kmh": 2.7},
            {"timestamp": "Sun May 28 13:41:39 UTC 2017"}
        ],
        [
            {"location": [[
                {"latitude": 64.239087},
                {"longitude": 27.728862}
            ]]},
            {"altitude": 156.5},
            {"distance_km": 1.24},
            {"speed_kmh": 2.7},
            {"timestamp": "Sun May 28 13:41:49 UTC 2017"}
        ],
        [
            {"location": [[
                {"latitude": 64.239049},
                {"longitude": 27.729093}
            ]]},
            {"altitude": 156.5},
            {"distance_km": 1.25},
            {"speed_kmh": 2.7},
            {"timestamp": "Sun May 28 13:42:03 UTC 2017"}
        ],
        [
            {"location": [[
                {"latitude": 64.238994},
                {"longitude": 27.729268}
            ]]},
            {"altitude": 158},
            {"distance_km": 1.26},
            {"speed_kmh": 2.7},
            {"timestamp": "Sun May 28 13:42:10 UTC 2017"}
        ],
        [
            {"location": [[
                {"latitude": 64.238965},
                {"longitude": 27.72947}
            ]]},
            {"altitude": 157.5},
            {"distance_km": 1.27},
            {"speed_kmh": 2.7},
            {"timestamp": "Sun May 28 13:42:16 UTC 2017"}
        ],
        [
            {"location": [[
                {"latitude": 64.238929},
                {"longitude": 27.72971}
            ]]},
            {"altitude": 168.5},
            {"distance_km": 1.28},
            {"speed_kmh": 2.7},
            {"timestamp": "Sun May 28 13:42:23 UTC 2017"}
        ],
        [
            {"location": [[
                {"latitude": 64.238871},
                {"longitude": 27.729909}
            ]]},
            {"altitude": 168.5},
            {"distance_km": 1.29},
            {"speed_kmh": 2.7},
            {"timestamp": "Sun May 28 13:42:31 UTC 2017"}
        ],
        [
            {"location": [[
                {"latitude": 64.238855},
                {"longitude": 27.730137}
            ]]},
            {"altitude": 170.5},
            {"distance_km": 1.3},
            {"speed_kmh": 2.7},
            {"timestamp": "Sun May 28 13:42:37 UTC 2017"}
        ],
        [
            {"location": [[
                {"latitude": 64.238812},
                {"longitude": 27.730356}
            ]]},
            {"altitude": 175},
            {"distance_km": 1.31},
            {"speed_kmh": 2.7},
            {"timestamp": "Sun May 28 13:42:45 UTC 2017"}
        ],
        [
            {"location": [[
                {"latitude": 64.238769},
                {"longitude": 27.730573}
            ]]},
            {"altitude": 179.5},
            {"distance_km": 1.33},
            {"speed_kmh": 2.7},
            {"timestamp": "Sun May 28 13:42:53 UTC 2017"}
        ],
        [
            {"location": [[
                {"latitude": 64.238744},
                {"longitude": 27.730818}
            ]]},
            {"altitude": 182.5},
            {"distance_km": 1.34},
            {"speed_kmh": 2.7},
            {"timestamp": "Sun May 28 13:43:03 UTC 2017"}
        ],
        [
            {"location": [[
                {"latitude": 64.238789},
                {"longitude": 27.73103}
            ]]},
            {"altitude": 184.5},
            {"distance_km": 1.35},
            {"speed_kmh": 2.7},
            {"timestamp": "Sun May 28 13:43:11 UTC 2017"}
        ],
        [
            {"location": [[
                {"latitude": 64.238806},
                {"longitude": 27.731233}
            ]]},
            {"altitude": 184.5},
            {"distance_km": 1.36},
            {"speed_kmh": 1.8},
            {"timestamp": "Sun May 28 13:43:19 UTC 2017"}
        ],
        [
            {"location": [[
                {"latitude": 64.238786},
                {"longitude": 27.731474}
            ]]},
            {"altitude": 182.5},
            {"distance_km": 1.37},
            {"speed_kmh": 2.7},
            {"timestamp": "Sun May 28 13:43:29 UTC 2017"}
        ],
        [
            {"location": [[
                {"latitude": 64.238797},
                {"longitude": 27.731738}
            ]]},
            {"altitude": 178},
            {"distance_km": 1.38},
            {"speed_kmh": 2.7},
            {"timestamp": "Sun May 28 13:43:37 UTC 2017"}
        ],
        [
            {"location": [[
                {"latitude": 64.238798},
                {"longitude": 27.732026}
            ]]},
            {"altitude": 178.5},
            {"distance_km": 1.4},
            {"speed_kmh": 3.6},
            {"timestamp": "Sun May 28 13:43:45 UTC 2017"}
        ],
        [
            {"location": [[
                {"latitude": 64.238814},
                {"longitude": 27.732235}
            ]]},
            {"altitude": 178.5},
            {"distance_km": 1.41},
            {"speed_kmh": 2.7},
            {"timestamp": "Sun May 28 13:43:53 UTC 2017"}
        ],
        [
            {"location": [[
                {"latitude": 64.238802},
                {"longitude": 27.732444}
            ]]},
            {"altitude": 181},
            {"distance_km": 1.42},
            {"speed_kmh": 2.7},
            {"timestamp": "Sun May 28 13:44:02 UTC 2017"}
        ],
        [
            {"location": [[
                {"latitude": 64.238749},
                {"longitude": 27.732619}
            ]]},
            {"altitude": 177.5},
            {"distance_km": 1.43},
            {"speed_kmh": 3.6},
            {"timestamp": "Sun May 28 13:44:11 UTC 2017"}
        ],
        [
            {"location": [[
                {"latitude": 64.238688},
                {"longitude": 27.732822}
            ]]},
            {"altitude": 180},
            {"distance_km": 1.44},
            {"speed_kmh": 2.7},
            {"timestamp": "Sun May 28 13:44:23 UTC 2017"}
        ],
        [
            {"location": [[
                {"latitude": 64.238632},
                {"longitude": 27.732996}
            ]]},
            {"altitude": 183.5},
            {"distance_km": 1.45},
            {"speed_kmh": 2.7},
            {"timestamp": "Sun May 28 13:44:33 UTC 2017"}
        ],
        [
            {"location": [[
                {"latitude": 64.238565},
                {"longitude": 27.733158}
            ]]},
            {"altitude": 181.5},
            {"distance_km": 1.46},
            {"speed_kmh": 4.5},
            {"timestamp": "Sun May 28 13:44:39 UTC 2017"}
        ],
        [
            {"location": [[
                {"latitude": 64.238478},
                {"longitude": 27.733272}
            ]]},
            {"altitude": 179},
            {"distance_km": 1.47},
            {"speed_kmh": 4.5},
            {"timestamp": "Sun May 28 13:44:47 UTC 2017"}
        ],
        [
            {"location": [[
                {"latitude": 64.238384},
                {"longitude": 27.733267}
            ]]},
            {"altitude": 176},
            {"distance_km": 1.48},
            {"speed_kmh": 4.5},
            {"timestamp": "Sun May 28 13:44:57 UTC 2017"}
        ],
        [
            {"location": [[
                {"latitude": 64.238275},
                {"longitude": 27.733291}
            ]]},
            {"altitude": 177.5},
            {"distance_km": 1.5},
            {"speed_kmh": 4.5},
            {"timestamp": "Sun May 28 13:45:09 UTC 2017"}
        ],
        [
            {"location": [[
                {"latitude": 64.238163},
                {"longitude": 27.733309}
            ]]},
            {"altitude": 172.5},
            {"distance_km": 1.51},
            {"speed_kmh": 4.5},
            {"timestamp": "Sun May 28 13:45:19 UTC 2017"}
        ],
        [
            {"location": [[
                {"latitude": 64.238069},
                {"longitude": 27.733368}
            ]]},
            {"altitude": 174},
            {"distance_km": 1.52},
            {"speed_kmh": 4.5},
            {"timestamp": "Sun May 28 13:45:27 UTC 2017"}
        ],
        [
            {"location": [[
                {"latitude": 64.237974},
                {"longitude": 27.733433}
            ]]},
            {"altitude": 175},
            {"distance_km": 1.53},
            {"speed_kmh": 4.5},
            {"timestamp": "Sun May 28 13:45:35 UTC 2017"}
        ],
        [
            {"location": [[
                {"latitude": 64.237856},
                {"longitude": 27.733423}
            ]]},
            {"altitude": 175.5},
            {"distance_km": 1.54},
            {"speed_kmh": 4.5},
            {"timestamp": "Sun May 28 13:45:43 UTC 2017"}
        ],
        [
            {"location": [[
                {"latitude": 64.237761},
                {"longitude": 27.733443}
            ]]},
            {"altitude": 176.5},
            {"distance_km": 1.55},
            {"speed_kmh": 4.5},
            {"timestamp": "Sun May 28 13:45:49 UTC 2017"}
        ],
        [
            {"location": [[
                {"latitude": 64.237656},
                {"longitude": 27.733529}
            ]]},
            {"altitude": 175},
            {"distance_km": 1.57},
            {"speed_kmh": 4.5},
            {"timestamp": "Sun May 28 13:45:57 UTC 2017"}
        ],
        [
            {"location": [[
                {"latitude": 64.23755},
                {"longitude": 27.73355}
            ]]},
            {"altitude": 177},
            {"distance_km": 1.58},
            {"speed_kmh": 4.5},
            {"timestamp": "Sun May 28 13:46:05 UTC 2017"}
        ],
        [
            {"location": [[
                {"latitude": 64.23744},
                {"longitude": 27.7336}
            ]]},
            {"altitude": 181.5},
            {"distance_km": 1.59},
            {"speed_kmh": 4.5},
            {"timestamp": "Sun May 28 13:46:13 UTC 2017"}
        ],
        [
            {"location": [[
                {"latitude": 64.237342},
                {"longitude": 27.733671}
            ]]},
            {"altitude": 180.5},
            {"distance_km": 1.6},
            {"speed_kmh": 4.5},
            {"timestamp": "Sun May 28 13:46:22 UTC 2017"}
        ],
        [
            {"location": [[
                {"latitude": 64.237242},
                {"longitude": 27.733756}
            ]]},
            {"altitude": 179.5},
            {"distance_km": 1.61},
            {"speed_kmh": 4.5},
            {"timestamp": "Sun May 28 13:46:29 UTC 2017"}
        ],
        [
            {"location": [[
                {"latitude": 64.237153},
                {"longitude": 27.733819}
            ]]},
            {"altitude": 178.5},
            {"distance_km": 1.62},
            {"speed_kmh": 4.5},
            {"timestamp": "Sun May 28 13:46:35 UTC 2017"}
        ],
        [
            {"location": [[
                {"latitude": 64.237065},
                {"longitude": 27.733868}
            ]]},
            {"altitude": 177},
            {"distance_km": 1.63},
            {"speed_kmh": 4.5},
            {"timestamp": "Sun May 28 13:46:41 UTC 2017"}
        ],
        [
            {"location": [[
                {"latitude": 64.236971},
                {"longitude": 27.733968}
            ]]},
            {"altitude": 174},
            {"distance_km": 1.65},
            {"speed_kmh": 4.5},
            {"timestamp": "Sun May 28 13:46:47 UTC 2017"}
        ],
        [
            {"location": [[
                {"latitude": 64.236871},
                {"longitude": 27.734093}
            ]]},
            {"altitude": 172.5},
            {"distance_km": 1.66},
            {"speed_kmh": 4.5},
            {"timestamp": "Sun May 28 13:46:55 UTC 2017"}
        ],
        [
            {"location": [[
                {"latitude": 64.236765},
                {"longitude": 27.734157}
            ]]},
            {"altitude": 171},
            {"distance_km": 1.67},
            {"speed_kmh": 4.5},
            {"timestamp": "Sun May 28 13:47:03 UTC 2017"}
        ],
        [
            {"location": [[
                {"latitude": 64.236666},
                {"longitude": 27.734307}
            ]]},
            {"altitude": 170},
            {"distance_km": 1.68},
            {"speed_kmh": 4.5},
            {"timestamp": "Sun May 28 13:47:11 UTC 2017"}
        ],
        [
            {"location": [[
                {"latitude": 64.236565},
                {"longitude": 27.734386}
            ]]},
            {"altitude": 171},
            {"distance_km": 1.7},
            {"speed_kmh": 4.5},
            {"timestamp": "Sun May 28 13:47:17 UTC 2017"}
        ],
        [
            {"location": [[
                {"latitude": 64.236477},
                {"longitude": 27.734478}
            ]]},
            {"altitude": 169.5},
            {"distance_km": 1.71},
            {"speed_kmh": 5.4},
            {"timestamp": "Sun May 28 13:47:23 UTC 2017"}
        ],
        [
            {"location": [[
                {"latitude": 64.236376},
                {"longitude": 27.734621}
            ]]},
            {"altitude": 169},
            {"distance_km": 1.72},
            {"speed_kmh": 5.4},
            {"timestamp": "Sun May 28 13:47:31 UTC 2017"}
        ],
        [
            {"location": [[
                {"latitude": 64.236281},
                {"longitude": 27.734716}
            ]]},
            {"altitude": 169.5},
            {"distance_km": 1.73},
            {"speed_kmh": 5.4},
            {"timestamp": "Sun May 28 13:47:37 UTC 2017"}
        ],
        [
            {"location": [[
                {"latitude": 64.236199},
                {"longitude": 27.734845}
            ]]},
            {"altitude": 169.5},
            {"distance_km": 1.74},
            {"speed_kmh": 5.4},
            {"timestamp": "Sun May 28 13:47:43 UTC 2017"}
        ],
        [
            {"location": [[
                {"latitude": 64.236109},
                {"longitude": 27.734942}
            ]]},
            {"altitude": 171},
            {"distance_km": 1.75},
            {"speed_kmh": 5.4},
            {"timestamp": "Sun May 28 13:47:49 UTC 2017"}
        ],
        [
            {"location": [[
                {"latitude": 64.236028},
                {"longitude": 27.735095}
            ]]},
            {"altitude": 169},
            {"distance_km": 1.77},
            {"speed_kmh": 3.6},
            {"timestamp": "Sun May 28 13:47:57 UTC 2017"}
        ],
        [
            {"location": [[
                {"latitude": 64.235945},
                {"longitude": 27.735254}
            ]]},
            {"altitude": 169},
            {"distance_km": 1.78},
            {"speed_kmh": 5.4},
            {"timestamp": "Sun May 28 13:48:05 UTC 2017"}
        ],
        [
            {"location": [[
                {"latitude": 64.235883},
                {"longitude": 27.735423}
            ]]},
            {"altitude": 170.5},
            {"distance_km": 1.79},
            {"speed_kmh": 4.5},
            {"timestamp": "Sun May 28 13:48:13 UTC 2017"}
        ],
        [
            {"location": [[
                {"latitude": 64.235855},
                {"longitude": 27.735667}
            ]]},
            {"altitude": 168.5},
            {"distance_km": 1.8},
            {"speed_kmh": 4.5},
            {"timestamp": "Sun May 28 13:48:23 UTC 2017"}
        ],
        [
            {"location": [[
                {"latitude": 64.235791},
                {"longitude": 27.735847}
            ]]},
            {"altitude": 169},
            {"distance_km": 1.81},
            {"speed_kmh": 5.4},
            {"timestamp": "Sun May 28 13:48:32 UTC 2017"}
        ],
        [
            {"location": [[
                {"latitude": 64.235704},
                {"longitude": 27.735982}
            ]]},
            {"altitude": 167.5},
            {"distance_km": 1.82},
            {"speed_kmh": 5.4},
            {"timestamp": "Sun May 28 13:48:39 UTC 2017"}
        ],
        [
            {"location": [[
                {"latitude": 64.235622},
                {"longitude": 27.736181}
            ]]},
            {"altitude": 168},
            {"distance_km": 1.84},
            {"speed_kmh": 4.5},
            {"timestamp": "Sun May 28 13:48:49 UTC 2017"}
        ],
        [
            {"location": [[
                {"latitude": 64.235532},
                {"longitude": 27.736221}
            ]]},
            {"altitude": 165},
            {"distance_km": 1.85},
            {"speed_kmh": 2.7},
            {"timestamp": "Sun May 28 13:48:59 UTC 2017"}
        ],
        [
            {"location": [[
                {"latitude": 64.235469},
                {"longitude": 27.736048}
            ]]},
            {"altitude": 165},
            {"distance_km": 1.86},
            {"speed_kmh": 3.6},
            {"timestamp": "Sun May 28 13:49:11 UTC 2017"}
        ],
        [
            {"location": [[
                {"latitude": 64.235395},
                {"longitude": 27.735929}
            ]]},
            {"altitude": 164.5},
            {"distance_km": 1.87},
            {"speed_kmh": 3.6},
            {"timestamp": "Sun May 28 13:49:19 UTC 2017"}
        ],
        [
            {"location": [[
                {"latitude": 64.235318},
                {"longitude": 27.735797}
            ]]},
            {"altitude": 163},
            {"distance_km": 1.88},
            {"speed_kmh": 2.7},
            {"timestamp": "Sun May 28 13:49:29 UTC 2017"}
        ],
        [
            {"location": [[
                {"latitude": 64.235236},
                {"longitude": 27.735671}
            ]]},
            {"altitude": 167.5},
            {"distance_km": 1.89},
            {"speed_kmh": 2.7},
            {"timestamp": "Sun May 28 13:49:45 UTC 2017"}
        ],
        [
            {"location": [[
                {"latitude": 64.235151},
                {"longitude": 27.735521}
            ]]},
            {"altitude": 166},
            {"distance_km": 1.9},
            {"speed_kmh": 2.7},
            {"timestamp": "Sun May 28 13:50:05 UTC 2017"}
        ],
        [
            {"location": [[
                {"latitude": 64.235054},
                {"longitude": 27.735412}
            ]]},
            {"altitude": 164},
            {"distance_km": 1.91},
            {"speed_kmh": 2.7},
            {"timestamp": "Sun May 28 13:50:13 UTC 2017"}
        ],
        [
            {"location": [[
                {"latitude": 64.234954},
                {"longitude": 27.735261}
            ]]},
            {"altitude": 167.5},
            {"distance_km": 1.93},
            {"speed_kmh": 4.5},
            {"timestamp": "Sun May 28 13:50:22 UTC 2017"}
        ],
        [
            {"location": [[
                {"latitude": 64.234868},
                {"longitude": 27.735148}
            ]]},
            {"altitude": 170},
            {"distance_km": 1.94},
            {"speed_kmh": 3.6},
            {"timestamp": "Sun May 28 13:50:28 UTC 2017"}
        ],
        [
            {"location": [[
                {"latitude": 64.234797},
                {"longitude": 27.734978}
            ]]},
            {"altitude": 168.5},
            {"distance_km": 1.95},
            {"speed_kmh": 3.6},
            {"timestamp": "Sun May 28 13:50:35 UTC 2017"}
        ],
        [
            {"location": [[
                {"latitude": 64.234714},
                {"longitude": 27.734825}
            ]]},
            {"altitude": 170},
            {"distance_km": 1.96},
            {"speed_kmh": 2.7},
            {"timestamp": "Sun May 28 13:50:45 UTC 2017"}
        ],
        [
            {"location": [[
                {"latitude": 64.234609},
                {"longitude": 27.734748}
            ]]},
            {"altitude": 166},
            {"distance_km": 1.97},
            {"speed_kmh": 3.6},
            {"timestamp": "Sun May 28 13:50:51 UTC 2017"}
        ],
        [
            {"location": [[
                {"latitude": 64.234517},
                {"longitude": 27.734668}
            ]]},
            {"altitude": 167.5},
            {"distance_km": 1.98},
            {"speed_kmh": 1.8},
            {"timestamp": "Sun May 28 13:50:59 UTC 2017"}
        ],
        [
            {"location": [[
                {"latitude": 64.23445},
                {"longitude": 27.734525}
            ]]},
            {"altitude": 167.5},
            {"distance_km": 1.99},
            {"speed_kmh": 0.9},
            {"timestamp": "Sun May 28 13:51:07 UTC 2017"}
        ],
        [
            {"location": [[
                {"latitude": 64.234347},
                {"longitude": 27.734393}
            ]]},
            {"altitude": 168},
            {"distance_km": 2.01},
            {"speed_kmh": 2.7},
            {"timestamp": "Sun May 28 13:51:17 UTC 2017"}
        ],
        [
            {"location": [[
                {"latitude": 64.234243},
                {"longitude": 27.734244}
            ]]},
            {"altitude": 164},
            {"distance_km": 2.02},
            {"speed_kmh": 0},
            {"timestamp": "Sun May 28 13:51:25 UTC 2017"}
        ],
        [
            {"location": [[
                {"latitude": 64.234158},
                {"longitude": 27.734119}
            ]]},
            {"altitude": 163},
            {"distance_km": 2.03},
            {"speed_kmh": 1.8},
            {"timestamp": "Sun May 28 13:51:37 UTC 2017"}
        ],
        [
            {"location": [[
                {"latitude": 64.23406},
                {"longitude": 27.734052}
            ]]},
            {"altitude": 159.5},
            {"distance_km": 2.04},
            {"speed_kmh": 2.7},
            {"timestamp": "Sun May 28 13:51:45 UTC 2017"}
        ],
        [
            {"location": [[
                {"latitude": 64.233971},
                {"longitude": 27.73398}
            ]]},
            {"altitude": 158},
            {"distance_km": 2.05},
            {"speed_kmh": 2.7},
            {"timestamp": "Sun May 28 13:51:51 UTC 2017"}
        ],
        [
            {"location": [[
                {"latitude": 64.233867},
                {"longitude": 27.733921}
            ]]},
            {"altitude": 158},
            {"distance_km": 2.07},
            {"speed_kmh": 2.7},
            {"timestamp": "Sun May 28 13:51:57 UTC 2017"}
        ],
        [
            {"location": [[
                {"latitude": 64.233777},
                {"longitude": 27.733837}
            ]]},
            {"altitude": 160.5},
            {"distance_km": 2.08},
            {"speed_kmh": 2.7},
            {"timestamp": "Sun May 28 13:52:03 UTC 2017"}
        ],
        [
            {"location": [[
                {"latitude": 64.233673},
                {"longitude": 27.733755}
            ]]},
            {"altitude": 160.5},
            {"distance_km": 2.09},
            {"speed_kmh": 2.7},
            {"timestamp": "Sun May 28 13:52:12 UTC 2017"}
        ],
        [
            {"location": [[
                {"latitude": 64.233565},
                {"longitude": 27.733729}
            ]]},
            {"altitude": 157.5},
            {"distance_km": 2.1},
            {"speed_kmh": 2.7},
            {"timestamp": "Sun May 28 13:52:21 UTC 2017"}
        ],
        [
            {"location": [[
                {"latitude": 64.233445},
                {"longitude": 27.733675}
            ]]},
            {"altitude": 155},
            {"distance_km": 2.11},
            {"speed_kmh": 4.5},
            {"timestamp": "Sun May 28 13:52:29 UTC 2017"}
        ],
        [
            {"location": [[
                {"latitude": 64.233356},
                {"longitude": 27.733633}
            ]]},
            {"altitude": 153},
            {"distance_km": 2.12},
            {"speed_kmh": 4.5},
            {"timestamp": "Sun May 28 13:52:33 UTC 2017"}
        ],
        [
            {"location": [[
                {"latitude": 64.233246},
                {"longitude": 27.73359}
            ]]},
            {"altitude": 151.5},
            {"distance_km": 2.14},
            {"speed_kmh": 4.5},
            {"timestamp": "Sun May 28 13:52:39 UTC 2017"}
        ],
        [
            {"location": [[
                {"latitude": 64.233163},
                {"longitude": 27.733487}
            ]]},
            {"altitude": 150.5},
            {"distance_km": 2.15},
            {"speed_kmh": 4.5},
            {"timestamp": "Sun May 28 13:52:45 UTC 2017"}
        ],
        [
            {"location": [[
                {"latitude": 64.233089},
                {"longitude": 27.733348}
            ]]},
            {"altitude": 153.5},
            {"distance_km": 2.16},
            {"speed_kmh": 3.6},
            {"timestamp": "Sun May 28 13:52:53 UTC 2017"}
        ],
        [
            {"location": [[
                {"latitude": 64.233014},
                {"longitude": 27.73319}
            ]]},
            {"altitude": 157.5},
            {"distance_km": 2.17},
            {"speed_kmh": 2.7},
            {"timestamp": "Sun May 28 13:53:01 UTC 2017"}
        ],
        [
            {"location": [[
                {"latitude": 64.233009},
                {"longitude": 27.732982}
            ]]},
            {"altitude": 156},
            {"distance_km": 2.18},
            {"speed_kmh": 2.7},
            {"timestamp": "Sun May 28 13:53:11 UTC 2017"}
        ],
        [
            {"location": [[
                {"latitude": 64.233017},
                {"longitude": 27.732724}
            ]]},
            {"altitude": 154.5},
            {"distance_km": 2.19},
            {"speed_kmh": 3.6},
            {"timestamp": "Sun May 28 13:53:19 UTC 2017"}
        ],
        [
            {"location": [[
                {"latitude": 64.233003},
                {"longitude": 27.732486}
            ]]},
            {"altitude": 153.5},
            {"distance_km": 2.2},
            {"speed_kmh": 3.6},
            {"timestamp": "Sun May 28 13:53:27 UTC 2017"}
        ],
        [
            {"location": [[
                {"latitude": 64.233035},
                {"longitude": 27.732273}
            ]]},
            {"altitude": 156.5},
            {"distance_km": 2.21},
            {"speed_kmh": 3.6},
            {"timestamp": "Sun May 28 13:53:35 UTC 2017"}
        ],
        [
            {"location": [[
                {"latitude": 64.233012},
                {"longitude": 27.73202}
            ]]},
            {"altitude": 152.5},
            {"distance_km": 2.23},
            {"speed_kmh": 3.6},
            {"timestamp": "Sun May 28 13:53:43 UTC 2017"}
        ],
        [
            {"location": [[
                {"latitude": 64.23305},
                {"longitude": 27.731829}
            ]]},
            {"altitude": 147.5},
            {"distance_km": 2.24},
            {"speed_kmh": 3.6},
            {"timestamp": "Sun May 28 13:53:49 UTC 2017"}
        ],
        [
            {"location": [[
                {"latitude": 64.233084},
                {"longitude": 27.731621}
            ]]},
            {"altitude": 148},
            {"distance_km": 2.25},
            {"speed_kmh": 4.5},
            {"timestamp": "Sun May 28 13:53:55 UTC 2017"}
        ],
        [
            {"location": [[
                {"latitude": 64.233041},
                {"longitude": 27.731438}
            ]]},
            {"altitude": 148.5},
            {"distance_km": 2.26},
            {"speed_kmh": 4.5},
            {"timestamp": "Sun May 28 13:54:04 UTC 2017"}
        ],
        [
            {"location": [[
                {"latitude": 64.232932},
                {"longitude": 27.731361}
            ]]},
            {"altitude": 148},
            {"distance_km": 2.27},
            {"speed_kmh": 4.5},
            {"timestamp": "Sun May 28 13:54:13 UTC 2017"}
        ],
        [
            {"location": [[
                {"latitude": 64.232835},
                {"longitude": 27.731313}
            ]]},
            {"altitude": 149.5},
            {"distance_km": 2.28},
            {"speed_kmh": 4.5},
            {"timestamp": "Sun May 28 13:54:21 UTC 2017"}
        ],
        [
            {"location": [[
                {"latitude": 64.232757},
                {"longitude": 27.731202}
            ]]},
            {"altitude": 150.5},
            {"distance_km": 2.29},
            {"speed_kmh": 4.5},
            {"timestamp": "Sun May 28 13:54:33 UTC 2017"}
        ],
        [
            {"location": [[
                {"latitude": 64.232662},
                {"longitude": 27.731075}
            ]]},
            {"altitude": 151},
            {"distance_km": 2.3},
            {"speed_kmh": 5.4},
            {"timestamp": "Sun May 28 13:54:39 UTC 2017"}
        ],
        [
            {"location": [[
                {"latitude": 64.232562},
                {"longitude": 27.730994}
            ]]},
            {"altitude": 150.5},
            {"distance_km": 2.32},
            {"speed_kmh": 5.4},
            {"timestamp": "Sun May 28 13:54:45 UTC 2017"}
        ],
        [
            {"location": [[
                {"latitude": 64.232475},
                {"longitude": 27.730918}
            ]]},
            {"altitude": 149},
            {"distance_km": 2.33},
            {"speed_kmh": 5.4},
            {"timestamp": "Sun May 28 13:54:51 UTC 2017"}
        ],
        [
            {"location": [[
                {"latitude": 64.232376},
                {"longitude": 27.730805}
            ]]},
            {"altitude": 149},
            {"distance_km": 2.34},
            {"speed_kmh": 2.7},
            {"timestamp": "Sun May 28 13:55:03 UTC 2017"}
        ],
        [
            {"location": [[
                {"latitude": 64.232288},
                {"longitude": 27.73072}
            ]]},
            {"altitude": 152},
            {"distance_km": 2.35},
            {"speed_kmh": 3.6},
            {"timestamp": "Sun May 28 13:55:09 UTC 2017"}
        ],
        [
            {"location": [[
                {"latitude": 64.232194},
                {"longitude": 27.730607}
            ]]},
            {"altitude": 150.5},
            {"distance_km": 2.36},
            {"speed_kmh": 3.6},
            {"timestamp": "Sun May 28 13:55:17 UTC 2017"}
        ],
        [
            {"location": [[
                {"latitude": 64.232098},
                {"longitude": 27.730468}
            ]]},
            {"altitude": 148.5},
            {"distance_km": 2.37},
            {"speed_kmh": 3.6},
            {"timestamp": "Sun May 28 13:55:25 UTC 2017"}
        ],
        [
            {"location": [[
                {"latitude": 64.23202},
                {"longitude": 27.730362}
            ]]},
            {"altitude": 148},
            {"distance_km": 2.38},
            {"speed_kmh": 3.6},
            {"timestamp": "Sun May 28 13:55:31 UTC 2017"}
        ],
        [
            {"location": [[
                {"latitude": 64.231925},
                {"longitude": 27.73023}
            ]]},
            {"altitude": 150},
            {"distance_km": 2.4},
            {"speed_kmh": 3.6},
            {"timestamp": "Sun May 28 13:55:39 UTC 2017"}
        ],
        [
            {"location": [[
                {"latitude": 64.23184},
                {"longitude": 27.730144}
            ]]},
            {"altitude": 151.5},
            {"distance_km": 2.41},
            {"speed_kmh": 3.6},
            {"timestamp": "Sun May 28 13:55:47 UTC 2017"}
        ],
        [
            {"location": [[
                {"latitude": 64.231773},
                {"longitude": 27.729983}
            ]]},
            {"altitude": 148},
            {"distance_km": 2.42},
            {"speed_kmh": 3.6},
            {"timestamp": "Sun May 28 13:55:56 UTC 2017"}
        ],
        [
            {"location": [[
                {"latitude": 64.231725},
                {"longitude": 27.729798}
            ]]},
            {"altitude": 142},
            {"distance_km": 2.43},
            {"speed_kmh": 3.6},
            {"timestamp": "Sun May 28 13:56:03 UTC 2017"}
        ],
        [
            {"location": [[
                {"latitude": 64.231696},
                {"longitude": 27.729592}
            ]]},
            {"altitude": 146.5},
            {"distance_km": 2.44},
            {"speed_kmh": 3.6},
            {"timestamp": "Sun May 28 13:56:09 UTC 2017"}
        ],
        [
            {"location": [[
                {"latitude": 64.231788},
                {"longitude": 27.729605}
            ]]},
            {"altitude": 148.5},
            {"distance_km": 2.45},
            {"speed_kmh": 1.8},
            {"timestamp": "Sun May 28 13:56:33 UTC 2017"}
        ],
        [
            {"location": [[
                {"latitude": 64.231791},
                {"longitude": 27.729642}
            ]]},
            {"altitude": 149},
            {"distance_km": 2.45},
            {"speed_kmh": 0},
            {"timestamp": "Sun May 28 13:57:18 UTC 2017"}
        ],
        [
            {"location": [[
                {"latitude": 64.231792},
                {"longitude": 27.729642}
            ]]},
            {"altitude": 149},
            {"distance_km": 2.45},
            {"speed_kmh": 0},
            {"timestamp": "Sun May 28 13:57:19 UTC 2017"}
        ]
    ]}
]