[
    {"sport": "WALKING"},
    {"source": "TRACK_MOBILE"},
    {"created_date": "2017-01-03 17:54:10.0"},
    {"start_time": "2017-01-03 17:52:29.0"},
    {"end_time": "2017-01-03 18:24:36.0"},
    {"duration_s": 1927},
    {"distance_km": 2.46},
    {"calories_kcal": 178.907},
    {"altitude_min_m": 127},
    {"altitude_max_m": 169},
    {"speed_avg_kmh": 4.595744680851063},
    {"speed_max_kmh": 5.4},
    {"ascend_m": 44},
    {"descend_m": 56.5},
    {"points": [
        [
            {"location": [[
                {"latitude": 64.231801},
                {"longitude": 27.729599}
            ]]},
            {"altitude": 169},
            {"distance_km": 0},
            {"speed_kmh": 0},
            {"timestamp": "Tue Jan 03 17:52:29 UTC 2017"}
        ],
        [
            {"location": [[
                {"latitude": 64.231964},
                {"longitude": 27.729594}
            ]]},
            {"altitude": 135},
            {"distance_km": 0.02},
            {"speed_kmh": 0},
            {"timestamp": "Tue Jan 03 17:52:33 UTC 2017"}
        ],
        [
            {"location": [[
                {"latitude": 64.231861},
                {"longitude": 27.729558}
            ]]},
            {"altitude": 137.5},
            {"distance_km": 0.03},
            {"speed_kmh": 0},
            {"timestamp": "Tue Jan 03 17:52:41 UTC 2017"}
        ],
        [
            {"location": [[
                {"latitude": 64.231753},
                {"longitude": 27.729586}
            ]]},
            {"altitude": 147.5},
            {"distance_km": 0.04},
            {"speed_kmh": 2.7},
            {"timestamp": "Tue Jan 03 17:53:01 UTC 2017"}
        ],
        [
            {"location": [[
                {"latitude": 64.231705},
                {"longitude": 27.729832}
            ]]},
            {"altitude": 150.5},
            {"distance_km": 0.05},
            {"speed_kmh": 3.6},
            {"timestamp": "Tue Jan 03 17:53:09 UTC 2017"}
        ],
        [
            {"location": [[
                {"latitude": 64.231724},
                {"longitude": 27.730046}
            ]]},
            {"altitude": 150},
            {"distance_km": 0.07},
            {"speed_kmh": 3.6},
            {"timestamp": "Tue Jan 03 17:53:25 UTC 2017"}
        ],
        [
            {"location": [[
                {"latitude": 64.231781},
                {"longitude": 27.730215}
            ]]},
            {"altitude": 154.5},
            {"distance_km": 0.08},
            {"speed_kmh": 3.6},
            {"timestamp": "Tue Jan 03 17:53:32 UTC 2017"}
        ],
        [
            {"location": [[
                {"latitude": 64.231862},
                {"longitude": 27.730322}
            ]]},
            {"altitude": 154.5},
            {"distance_km": 0.09},
            {"speed_kmh": 4.5},
            {"timestamp": "Tue Jan 03 17:53:40 UTC 2017"}
        ],
        [
            {"location": [[
                {"latitude": 64.23194},
                {"longitude": 27.730454}
            ]]},
            {"altitude": 153},
            {"distance_km": 0.1},
            {"speed_kmh": 4.5},
            {"timestamp": "Tue Jan 03 17:53:48 UTC 2017"}
        ],
        [
            {"location": [[
                {"latitude": 64.232032},
                {"longitude": 27.730552}
            ]]},
            {"altitude": 153},
            {"distance_km": 0.11},
            {"speed_kmh": 4.5},
            {"timestamp": "Tue Jan 03 17:53:56 UTC 2017"}
        ],
        [
            {"location": [[
                {"latitude": 64.232113},
                {"longitude": 27.73068}
            ]]},
            {"altitude": 154},
            {"distance_km": 0.12},
            {"speed_kmh": 4.5},
            {"timestamp": "Tue Jan 03 17:54:05 UTC 2017"}
        ],
        [
            {"location": [[
                {"latitude": 64.2322},
                {"longitude": 27.730837}
            ]]},
            {"altitude": 155},
            {"distance_km": 0.13},
            {"speed_kmh": 4.5},
            {"timestamp": "Tue Jan 03 17:54:15 UTC 2017"}
        ],
        [
            {"location": [[
                {"latitude": 64.232287},
                {"longitude": 27.730965}
            ]]},
            {"altitude": 157},
            {"distance_km": 0.14},
            {"speed_kmh": 4.5},
            {"timestamp": "Tue Jan 03 17:54:23 UTC 2017"}
        ],
        [
            {"location": [[
                {"latitude": 64.232383},
                {"longitude": 27.731088}
            ]]},
            {"altitude": 158},
            {"distance_km": 0.16},
            {"speed_kmh": 4.5},
            {"timestamp": "Tue Jan 03 17:54:31 UTC 2017"}
        ],
        [
            {"location": [[
                {"latitude": 64.232473},
                {"longitude": 27.731194}
            ]]},
            {"altitude": 156.5},
            {"distance_km": 0.17},
            {"speed_kmh": 4.5},
            {"timestamp": "Tue Jan 03 17:54:39 UTC 2017"}
        ],
        [
            {"location": [[
                {"latitude": 64.232535},
                {"longitude": 27.731343}
            ]]},
            {"altitude": 156.5},
            {"distance_km": 0.18},
            {"speed_kmh": 2.7},
            {"timestamp": "Tue Jan 03 17:54:51 UTC 2017"}
        ],
        [
            {"location": [[
                {"latitude": 64.23256},
                {"longitude": 27.731555}
            ]]},
            {"altitude": 157},
            {"distance_km": 0.19},
            {"speed_kmh": 3.6},
            {"timestamp": "Tue Jan 03 17:55:01 UTC 2017"}
        ],
        [
            {"location": [[
                {"latitude": 64.232518},
                {"longitude": 27.731803}
            ]]},
            {"altitude": 156},
            {"distance_km": 0.2},
            {"speed_kmh": 3.6},
            {"timestamp": "Tue Jan 03 17:55:10 UTC 2017"}
        ],
        [
            {"location": [[
                {"latitude": 64.232489},
                {"longitude": 27.732034}
            ]]},
            {"altitude": 156},
            {"distance_km": 0.21},
            {"speed_kmh": 4.5},
            {"timestamp": "Tue Jan 03 17:55:18 UTC 2017"}
        ],
        [
            {"location": [[
                {"latitude": 64.232457},
                {"longitude": 27.732275}
            ]]},
            {"altitude": 156.5},
            {"distance_km": 0.22},
            {"speed_kmh": 4.5},
            {"timestamp": "Tue Jan 03 17:55:26 UTC 2017"}
        ],
        [
            {"location": [[
                {"latitude": 64.232453},
                {"longitude": 27.732508}
            ]]},
            {"altitude": 158},
            {"distance_km": 0.24},
            {"speed_kmh": 4.5},
            {"timestamp": "Tue Jan 03 17:55:34 UTC 2017"}
        ],
        [
            {"location": [[
                {"latitude": 64.232424},
                {"longitude": 27.732738}
            ]]},
            {"altitude": 156.5},
            {"distance_km": 0.25},
            {"speed_kmh": 4.5},
            {"timestamp": "Tue Jan 03 17:55:43 UTC 2017"}
        ],
        [
            {"location": [[
                {"latitude": 64.232384},
                {"longitude": 27.732955}
            ]]},
            {"altitude": 157},
            {"distance_km": 0.26},
            {"speed_kmh": 4.5},
            {"timestamp": "Tue Jan 03 17:55:51 UTC 2017"}
        ],
        [
            {"location": [[
                {"latitude": 64.232332},
                {"longitude": 27.733153}
            ]]},
            {"altitude": 156.5},
            {"distance_km": 0.27},
            {"speed_kmh": 5.4},
            {"timestamp": "Tue Jan 03 17:55:59 UTC 2017"}
        ],
        [
            {"location": [[
                {"latitude": 64.232258},
                {"longitude": 27.733316}
            ]]},
            {"altitude": 155.5},
            {"distance_km": 0.28},
            {"speed_kmh": 5.4},
            {"timestamp": "Tue Jan 03 17:56:07 UTC 2017"}
        ],
        [
            {"location": [[
                {"latitude": 64.232193},
                {"longitude": 27.733489}
            ]]},
            {"altitude": 155},
            {"distance_km": 0.29},
            {"speed_kmh": 2.7},
            {"timestamp": "Tue Jan 03 17:56:17 UTC 2017"}
        ],
        [
            {"location": [[
                {"latitude": 64.232172},
                {"longitude": 27.733715}
            ]]},
            {"altitude": 156},
            {"distance_km": 0.3},
            {"speed_kmh": 4.5},
            {"timestamp": "Tue Jan 03 17:56:27 UTC 2017"}
        ],
        [
            {"location": [[
                {"latitude": 64.232164},
                {"longitude": 27.733959}
            ]]},
            {"altitude": 156},
            {"distance_km": 0.31},
            {"speed_kmh": 4.5},
            {"timestamp": "Tue Jan 03 17:56:35 UTC 2017"}
        ],
        [
            {"location": [[
                {"latitude": 64.232221},
                {"longitude": 27.734164}
            ]]},
            {"altitude": 156},
            {"distance_km": 0.33},
            {"speed_kmh": 3.6},
            {"timestamp": "Tue Jan 03 17:56:47 UTC 2017"}
        ],
        [
            {"location": [[
                {"latitude": 64.232278},
                {"longitude": 27.734428}
            ]]},
            {"altitude": 156.5},
            {"distance_km": 0.34},
            {"speed_kmh": 5.4},
            {"timestamp": "Tue Jan 03 17:56:57 UTC 2017"}
        ],
        [
            {"location": [[
                {"latitude": 64.232277},
                {"longitude": 27.734639}
            ]]},
            {"altitude": 156.5},
            {"distance_km": 0.35},
            {"speed_kmh": 5.4},
            {"timestamp": "Tue Jan 03 17:57:04 UTC 2017"}
        ],
        [
            {"location": [[
                {"latitude": 64.232259},
                {"longitude": 27.734875}
            ]]},
            {"altitude": 157},
            {"distance_km": 0.36},
            {"speed_kmh": 5.4},
            {"timestamp": "Tue Jan 03 17:57:12 UTC 2017"}
        ],
        [
            {"location": [[
                {"latitude": 64.23223},
                {"longitude": 27.735093}
            ]]},
            {"altitude": 156.5},
            {"distance_km": 0.37},
            {"speed_kmh": 4.5},
            {"timestamp": "Tue Jan 03 17:57:20 UTC 2017"}
        ],
        [
            {"location": [[
                {"latitude": 64.232205},
                {"longitude": 27.735319}
            ]]},
            {"altitude": 155},
            {"distance_km": 0.38},
            {"speed_kmh": 4.5},
            {"timestamp": "Tue Jan 03 17:57:28 UTC 2017"}
        ],
        [
            {"location": [[
                {"latitude": 64.23217},
                {"longitude": 27.735513}
            ]]},
            {"altitude": 155},
            {"distance_km": 0.4},
            {"speed_kmh": 4.5},
            {"timestamp": "Tue Jan 03 17:57:37 UTC 2017"}
        ],
        [
            {"location": [[
                {"latitude": 64.232141},
                {"longitude": 27.735722}
            ]]},
            {"altitude": 155},
            {"distance_km": 0.41},
            {"speed_kmh": 4.5},
            {"timestamp": "Tue Jan 03 17:57:45 UTC 2017"}
        ],
        [
            {"location": [[
                {"latitude": 64.232108},
                {"longitude": 27.735941}
            ]]},
            {"altitude": 155},
            {"distance_km": 0.42},
            {"speed_kmh": 4.5},
            {"timestamp": "Tue Jan 03 17:57:53 UTC 2017"}
        ],
        [
            {"location": [[
                {"latitude": 64.23208},
                {"longitude": 27.736197}
            ]]},
            {"altitude": 152.5},
            {"distance_km": 0.43},
            {"speed_kmh": 4.5},
            {"timestamp": "Tue Jan 03 17:58:27 UTC 2017"}
        ],
        [
            {"location": [[
                {"latitude": 64.232048},
                {"longitude": 27.736427}
            ]]},
            {"altitude": 151.5},
            {"distance_km": 0.44},
            {"speed_kmh": 5.4},
            {"timestamp": "Tue Jan 03 17:58:35 UTC 2017"}
        ],
        [
            {"location": [[
                {"latitude": 64.232021},
                {"longitude": 27.736681}
            ]]},
            {"altitude": 152.5},
            {"distance_km": 0.45},
            {"speed_kmh": 5.4},
            {"timestamp": "Tue Jan 03 17:58:43 UTC 2017"}
        ],
        [
            {"location": [[
                {"latitude": 64.232003},
                {"longitude": 27.736884}
            ]]},
            {"altitude": 152.5},
            {"distance_km": 0.46},
            {"speed_kmh": 5.4},
            {"timestamp": "Tue Jan 03 17:58:49 UTC 2017"}
        ],
        [
            {"location": [[
                {"latitude": 64.231975},
                {"longitude": 27.737105}
            ]]},
            {"altitude": 153},
            {"distance_km": 0.48},
            {"speed_kmh": 5.4},
            {"timestamp": "Tue Jan 03 17:58:57 UTC 2017"}
        ],
        [
            {"location": [[
                {"latitude": 64.231863},
                {"longitude": 27.73704}
            ]]},
            {"altitude": 152},
            {"distance_km": 0.49},
            {"speed_kmh": 4.5},
            {"timestamp": "Tue Jan 03 17:59:10 UTC 2017"}
        ],
        [
            {"location": [[
                {"latitude": 64.231761},
                {"longitude": 27.736957}
            ]]},
            {"altitude": 146.5},
            {"distance_km": 0.5},
            {"speed_kmh": 4.5},
            {"timestamp": "Tue Jan 03 17:59:18 UTC 2017"}
        ],
        [
            {"location": [[
                {"latitude": 64.231648},
                {"longitude": 27.736921}
            ]]},
            {"altitude": 145},
            {"distance_km": 0.51},
            {"speed_kmh": 4.5},
            {"timestamp": "Tue Jan 03 17:59:26 UTC 2017"}
        ],
        [
            {"location": [[
                {"latitude": 64.231545},
                {"longitude": 27.736872}
            ]]},
            {"altitude": 145},
            {"distance_km": 0.52},
            {"speed_kmh": 4.5},
            {"timestamp": "Tue Jan 03 17:59:34 UTC 2017"}
        ],
        [
            {"location": [[
                {"latitude": 64.231437},
                {"longitude": 27.736814}
            ]]},
            {"altitude": 144.5},
            {"distance_km": 0.54},
            {"speed_kmh": 5.4},
            {"timestamp": "Tue Jan 03 17:59:43 UTC 2017"}
        ],
        [
            {"location": [[
                {"latitude": 64.231337},
                {"longitude": 27.736755}
            ]]},
            {"altitude": 142.5},
            {"distance_km": 0.55},
            {"speed_kmh": 4.5},
            {"timestamp": "Tue Jan 03 17:59:51 UTC 2017"}
        ],
        [
            {"location": [[
                {"latitude": 64.231246},
                {"longitude": 27.736716}
            ]]},
            {"altitude": 141.5},
            {"distance_km": 0.56},
            {"speed_kmh": 4.5},
            {"timestamp": "Tue Jan 03 17:59:59 UTC 2017"}
        ],
        [
            {"location": [[
                {"latitude": 64.231152},
                {"longitude": 27.736682}
            ]]},
            {"altitude": 144},
            {"distance_km": 0.57},
            {"speed_kmh": 4.5},
            {"timestamp": "Tue Jan 03 18:00:07 UTC 2017"}
        ],
        [
            {"location": [[
                {"latitude": 64.231048},
                {"longitude": 27.736568}
            ]]},
            {"altitude": 144.5},
            {"distance_km": 0.58},
            {"speed_kmh": 4.5},
            {"timestamp": "Tue Jan 03 18:00:17 UTC 2017"}
        ],
        [
            {"location": [[
                {"latitude": 64.23094},
                {"longitude": 27.736506}
            ]]},
            {"altitude": 145},
            {"distance_km": 0.59},
            {"speed_kmh": 4.5},
            {"timestamp": "Tue Jan 03 18:00:25 UTC 2017"}
        ],
        [
            {"location": [[
                {"latitude": 64.230836},
                {"longitude": 27.736457}
            ]]},
            {"altitude": 143.5},
            {"distance_km": 0.61},
            {"speed_kmh": 4.5},
            {"timestamp": "Tue Jan 03 18:00:33 UTC 2017"}
        ],
        [
            {"location": [[
                {"latitude": 64.230744},
                {"longitude": 27.736415}
            ]]},
            {"altitude": 143},
            {"distance_km": 0.62},
            {"speed_kmh": 4.5},
            {"timestamp": "Tue Jan 03 18:00:41 UTC 2017"}
        ],
        [
            {"location": [[
                {"latitude": 64.230638},
                {"longitude": 27.736363}
            ]]},
            {"altitude": 142.5},
            {"distance_km": 0.63},
            {"speed_kmh": 4.5},
            {"timestamp": "Tue Jan 03 18:00:49 UTC 2017"}
        ],
        [
            {"location": [[
                {"latitude": 64.230538},
                {"longitude": 27.736364}
            ]]},
            {"altitude": 144},
            {"distance_km": 0.64},
            {"speed_kmh": 0.9},
            {"timestamp": "Tue Jan 03 18:01:08 UTC 2017"}
        ],
        [
            {"location": [[
                {"latitude": 64.230451},
                {"longitude": 27.736501}
            ]]},
            {"altitude": 142.5},
            {"distance_km": 0.65},
            {"speed_kmh": 1.8},
            {"timestamp": "Tue Jan 03 18:01:16 UTC 2017"}
        ],
        [
            {"location": [[
                {"latitude": 64.230389},
                {"longitude": 27.736727}
            ]]},
            {"altitude": 143.5},
            {"distance_km": 0.66},
            {"speed_kmh": 4.5},
            {"timestamp": "Tue Jan 03 18:01:22 UTC 2017"}
        ],
        [
            {"location": [[
                {"latitude": 64.230353},
                {"longitude": 27.736925}
            ]]},
            {"altitude": 144.5},
            {"distance_km": 0.67},
            {"speed_kmh": 5.4},
            {"timestamp": "Tue Jan 03 18:01:29 UTC 2017"}
        ],
        [
            {"location": [[
                {"latitude": 64.230326},
                {"longitude": 27.737189}
            ]]},
            {"altitude": 146},
            {"distance_km": 0.69},
            {"speed_kmh": 4.5},
            {"timestamp": "Tue Jan 03 18:01:39 UTC 2017"}
        ],
        [
            {"location": [[
                {"latitude": 64.230284},
                {"longitude": 27.737435}
            ]]},
            {"altitude": 145},
            {"distance_km": 0.7},
            {"speed_kmh": 5.4},
            {"timestamp": "Tue Jan 03 18:01:47 UTC 2017"}
        ],
        [
            {"location": [[
                {"latitude": 64.230259},
                {"longitude": 27.737689}
            ]]},
            {"altitude": 146.5},
            {"distance_km": 0.71},
            {"speed_kmh": 5.4},
            {"timestamp": "Tue Jan 03 18:01:55 UTC 2017"}
        ],
        [
            {"location": [[
                {"latitude": 64.230217},
                {"longitude": 27.737942}
            ]]},
            {"altitude": 148.5},
            {"distance_km": 0.73},
            {"speed_kmh": 5.4},
            {"timestamp": "Tue Jan 03 18:02:03 UTC 2017"}
        ],
        [
            {"location": [[
                {"latitude": 64.230187},
                {"longitude": 27.738139}
            ]]},
            {"altitude": 148},
            {"distance_km": 0.74},
            {"speed_kmh": 5.4},
            {"timestamp": "Tue Jan 03 18:02:09 UTC 2017"}
        ],
        [
            {"location": [[
                {"latitude": 64.23016},
                {"longitude": 27.738377}
            ]]},
            {"altitude": 147},
            {"distance_km": 0.75},
            {"speed_kmh": 5.4},
            {"timestamp": "Tue Jan 03 18:02:17 UTC 2017"}
        ],
        [
            {"location": [[
                {"latitude": 64.230134},
                {"longitude": 27.73858}
            ]]},
            {"altitude": 146},
            {"distance_km": 0.76},
            {"speed_kmh": 5.4},
            {"timestamp": "Tue Jan 03 18:02:25 UTC 2017"}
        ],
        [
            {"location": [[
                {"latitude": 64.230035},
                {"longitude": 27.738594}
            ]]},
            {"altitude": 145.5},
            {"distance_km": 0.77},
            {"speed_kmh": 5.4},
            {"timestamp": "Tue Jan 03 18:02:31 UTC 2017"}
        ],
        [
            {"location": [[
                {"latitude": 64.229921},
                {"longitude": 27.738553}
            ]]},
            {"altitude": 143.5},
            {"distance_km": 0.78},
            {"speed_kmh": 5.4},
            {"timestamp": "Tue Jan 03 18:02:39 UTC 2017"}
        ],
        [
            {"location": [[
                {"latitude": 64.229826},
                {"longitude": 27.738582}
            ]]},
            {"altitude": 143.5},
            {"distance_km": 0.79},
            {"speed_kmh": 5.4},
            {"timestamp": "Tue Jan 03 18:02:45 UTC 2017"}
        ],
        [
            {"location": [[
                {"latitude": 64.229723},
                {"longitude": 27.738675}
            ]]},
            {"altitude": 148},
            {"distance_km": 0.81},
            {"speed_kmh": 5.4},
            {"timestamp": "Tue Jan 03 18:02:52 UTC 2017"}
        ],
        [
            {"location": [[
                {"latitude": 64.229617},
                {"longitude": 27.738769}
            ]]},
            {"altitude": 148.5},
            {"distance_km": 0.82},
            {"speed_kmh": 5.4},
            {"timestamp": "Tue Jan 03 18:03:00 UTC 2017"}
        ],
        [
            {"location": [[
                {"latitude": 64.229518},
                {"longitude": 27.738837}
            ]]},
            {"altitude": 147},
            {"distance_km": 0.83},
            {"speed_kmh": 5.4},
            {"timestamp": "Tue Jan 03 18:03:08 UTC 2017"}
        ],
        [
            {"location": [[
                {"latitude": 64.229423},
                {"longitude": 27.738915}
            ]]},
            {"altitude": 146.5},
            {"distance_km": 0.84},
            {"speed_kmh": 5.4},
            {"timestamp": "Tue Jan 03 18:03:16 UTC 2017"}
        ],
        [
            {"location": [[
                {"latitude": 64.229334},
                {"longitude": 27.73897}
            ]]},
            {"altitude": 147},
            {"distance_km": 0.85},
            {"speed_kmh": 5.4},
            {"timestamp": "Tue Jan 03 18:03:25 UTC 2017"}
        ],
        [
            {"location": [[
                {"latitude": 64.229249},
                {"longitude": 27.739057}
            ]]},
            {"altitude": 146.5},
            {"distance_km": 0.86},
            {"speed_kmh": 4.5},
            {"timestamp": "Tue Jan 03 18:03:35 UTC 2017"}
        ],
        [
            {"location": [[
                {"latitude": 64.229155},
                {"longitude": 27.739173}
            ]]},
            {"altitude": 148.5},
            {"distance_km": 0.87},
            {"speed_kmh": 5.4},
            {"timestamp": "Tue Jan 03 18:03:43 UTC 2017"}
        ],
        [
            {"location": [[
                {"latitude": 64.229063},
                {"longitude": 27.739262}
            ]]},
            {"altitude": 149},
            {"distance_km": 0.88},
            {"speed_kmh": 5.4},
            {"timestamp": "Tue Jan 03 18:03:51 UTC 2017"}
        ],
        [
            {"location": [[
                {"latitude": 64.228958},
                {"longitude": 27.739365}
            ]]},
            {"altitude": 149.5},
            {"distance_km": 0.9},
            {"speed_kmh": 5.4},
            {"timestamp": "Tue Jan 03 18:03:59 UTC 2017"}
        ],
        [
            {"location": [[
                {"latitude": 64.228856},
                {"longitude": 27.739445}
            ]]},
            {"altitude": 150},
            {"distance_km": 0.91},
            {"speed_kmh": 5.4},
            {"timestamp": "Tue Jan 03 18:04:07 UTC 2017"}
        ],
        [
            {"location": [[
                {"latitude": 64.228759},
                {"longitude": 27.739505}
            ]]},
            {"altitude": 152},
            {"distance_km": 0.92},
            {"speed_kmh": 5.4},
            {"timestamp": "Tue Jan 03 18:04:15 UTC 2017"}
        ],
        [
            {"location": [[
                {"latitude": 64.228661},
                {"longitude": 27.739465}
            ]]},
            {"altitude": 152.5},
            {"distance_km": 0.93},
            {"speed_kmh": 5.4},
            {"timestamp": "Tue Jan 03 18:04:23 UTC 2017"}
        ],
        [
            {"location": [[
                {"latitude": 64.228567},
                {"longitude": 27.739464}
            ]]},
            {"altitude": 152},
            {"distance_km": 0.94},
            {"speed_kmh": 1.8},
            {"timestamp": "Tue Jan 03 18:04:31 UTC 2017"}
        ],
        [
            {"location": [[
                {"latitude": 64.228468},
                {"longitude": 27.739481}
            ]]},
            {"altitude": 149.5},
            {"distance_km": 0.95},
            {"speed_kmh": 4.5},
            {"timestamp": "Tue Jan 03 18:04:41 UTC 2017"}
        ],
        [
            {"location": [[
                {"latitude": 64.228375},
                {"longitude": 27.73957}
            ]]},
            {"altitude": 153.5},
            {"distance_km": 0.96},
            {"speed_kmh": 4.5},
            {"timestamp": "Tue Jan 03 18:04:48 UTC 2017"}
        ],
        [
            {"location": [[
                {"latitude": 64.228282},
                {"longitude": 27.739609}
            ]]},
            {"altitude": 151},
            {"distance_km": 0.97},
            {"speed_kmh": 4.5},
            {"timestamp": "Tue Jan 03 18:04:56 UTC 2017"}
        ],
        [
            {"location": [[
                {"latitude": 64.228171},
                {"longitude": 27.739603}
            ]]},
            {"altitude": 152.5},
            {"distance_km": 0.99},
            {"speed_kmh": 3.6},
            {"timestamp": "Tue Jan 03 18:05:08 UTC 2017"}
        ],
        [
            {"location": [[
                {"latitude": 64.228111},
                {"longitude": 27.739804}
            ]]},
            {"altitude": 151.5},
            {"distance_km": 1},
            {"speed_kmh": 3.6},
            {"timestamp": "Tue Jan 03 18:05:18 UTC 2017"}
        ],
        [
            {"location": [[
                {"latitude": 64.228113},
                {"longitude": 27.740045}
            ]]},
            {"altitude": 151.5},
            {"distance_km": 1.01},
            {"speed_kmh": 4.5},
            {"timestamp": "Tue Jan 03 18:05:26 UTC 2017"}
        ],
        [
            {"location": [[
                {"latitude": 64.228143},
                {"longitude": 27.74029}
            ]]},
            {"altitude": 151},
            {"distance_km": 1.02},
            {"speed_kmh": 4.5},
            {"timestamp": "Tue Jan 03 18:05:35 UTC 2017"}
        ],
        [
            {"location": [[
                {"latitude": 64.22814},
                {"longitude": 27.74052}
            ]]},
            {"altitude": 152.5},
            {"distance_km": 1.03},
            {"speed_kmh": 4.5},
            {"timestamp": "Tue Jan 03 18:05:43 UTC 2017"}
        ],
        [
            {"location": [[
                {"latitude": 64.228109},
                {"longitude": 27.740769}
            ]]},
            {"altitude": 152},
            {"distance_km": 1.05},
            {"speed_kmh": 4.5},
            {"timestamp": "Tue Jan 03 18:05:53 UTC 2017"}
        ],
        [
            {"location": [[
                {"latitude": 64.228078},
                {"longitude": 27.741004}
            ]]},
            {"altitude": 153},
            {"distance_km": 1.06},
            {"speed_kmh": 4.5},
            {"timestamp": "Tue Jan 03 18:06:01 UTC 2017"}
        ],
        [
            {"location": [[
                {"latitude": 64.228063},
                {"longitude": 27.741269}
            ]]},
            {"altitude": 153},
            {"distance_km": 1.07},
            {"speed_kmh": 5.4},
            {"timestamp": "Tue Jan 03 18:06:09 UTC 2017"}
        ],
        [
            {"location": [[
                {"latitude": 64.228032},
                {"longitude": 27.741519}
            ]]},
            {"altitude": 153.5},
            {"distance_km": 1.08},
            {"speed_kmh": 5.4},
            {"timestamp": "Tue Jan 03 18:06:17 UTC 2017"}
        ],
        [
            {"location": [[
                {"latitude": 64.227999},
                {"longitude": 27.741749}
            ]]},
            {"altitude": 154},
            {"distance_km": 1.1},
            {"speed_kmh": 4.5},
            {"timestamp": "Tue Jan 03 18:06:25 UTC 2017"}
        ],
        [
            {"location": [[
                {"latitude": 64.227954},
                {"longitude": 27.741975}
            ]]},
            {"altitude": 152.5},
            {"distance_km": 1.11},
            {"speed_kmh": 5.4},
            {"timestamp": "Tue Jan 03 18:06:47 UTC 2017"}
        ],
        [
            {"location": [[
                {"latitude": 64.227904},
                {"longitude": 27.742166}
            ]]},
            {"altitude": 151.5},
            {"distance_km": 1.12},
            {"speed_kmh": 5.4},
            {"timestamp": "Tue Jan 03 18:06:54 UTC 2017"}
        ],
        [
            {"location": [[
                {"latitude": 64.227846},
                {"longitude": 27.742369}
            ]]},
            {"altitude": 150},
            {"distance_km": 1.13},
            {"speed_kmh": 5.4},
            {"timestamp": "Tue Jan 03 18:07:02 UTC 2017"}
        ],
        [
            {"location": [[
                {"latitude": 64.227767},
                {"longitude": 27.742505}
            ]]},
            {"altitude": 148},
            {"distance_km": 1.14},
            {"speed_kmh": 5.4},
            {"timestamp": "Tue Jan 03 18:07:10 UTC 2017"}
        ],
        [
            {"location": [[
                {"latitude": 64.227675},
                {"longitude": 27.742383}
            ]]},
            {"altitude": 145},
            {"distance_km": 1.15},
            {"speed_kmh": 5.4},
            {"timestamp": "Tue Jan 03 18:07:18 UTC 2017"}
        ],
        [
            {"location": [[
                {"latitude": 64.227591},
                {"longitude": 27.742259}
            ]]},
            {"altitude": 146},
            {"distance_km": 1.16},
            {"speed_kmh": 5.4},
            {"timestamp": "Tue Jan 03 18:07:27 UTC 2017"}
        ],
        [
            {"location": [[
                {"latitude": 64.227506},
                {"longitude": 27.742127}
            ]]},
            {"altitude": 146},
            {"distance_km": 1.18},
            {"speed_kmh": 5.4},
            {"timestamp": "Tue Jan 03 18:07:35 UTC 2017"}
        ],
        [
            {"location": [[
                {"latitude": 64.227419},
                {"longitude": 27.742007}
            ]]},
            {"altitude": 147.5},
            {"distance_km": 1.19},
            {"speed_kmh": 5.4},
            {"timestamp": "Tue Jan 03 18:07:43 UTC 2017"}
        ],
        [
            {"location": [[
                {"latitude": 64.227343},
                {"longitude": 27.741863}
            ]]},
            {"altitude": 149},
            {"distance_km": 1.2},
            {"speed_kmh": 5.4},
            {"timestamp": "Tue Jan 03 18:07:51 UTC 2017"}
        ],
        [
            {"location": [[
                {"latitude": 64.227277},
                {"longitude": 27.741719}
            ]]},
            {"altitude": 150.5},
            {"distance_km": 1.21},
            {"speed_kmh": 0.9},
            {"timestamp": "Tue Jan 03 18:08:09 UTC 2017"}
        ],
        [
            {"location": [[
                {"latitude": 64.227187},
                {"longitude": 27.741552}
            ]]},
            {"altitude": 149},
            {"distance_km": 1.22},
            {"speed_kmh": 4.5},
            {"timestamp": "Tue Jan 03 18:08:19 UTC 2017"}
        ],
        [
            {"location": [[
                {"latitude": 64.227121},
                {"longitude": 27.741367}
            ]]},
            {"altitude": 150.5},
            {"distance_km": 1.23},
            {"speed_kmh": 3.6},
            {"timestamp": "Tue Jan 03 18:08:27 UTC 2017"}
        ],
        [
            {"location": [[
                {"latitude": 64.227033},
                {"longitude": 27.741236}
            ]]},
            {"altitude": 147.5},
            {"distance_km": 1.24},
            {"speed_kmh": 4.5},
            {"timestamp": "Tue Jan 03 18:08:35 UTC 2017"}
        ],
        [
            {"location": [[
                {"latitude": 64.226956},
                {"longitude": 27.741078}
            ]]},
            {"altitude": 146},
            {"distance_km": 1.26},
            {"speed_kmh": 5.4},
            {"timestamp": "Tue Jan 03 18:08:42 UTC 2017"}
        ],
        [
            {"location": [[
                {"latitude": 64.226861},
                {"longitude": 27.740916}
            ]]},
            {"altitude": 147},
            {"distance_km": 1.27},
            {"speed_kmh": 5.4},
            {"timestamp": "Tue Jan 03 18:08:50 UTC 2017"}
        ],
        [
            {"location": [[
                {"latitude": 64.226776},
                {"longitude": 27.74074}
            ]]},
            {"altitude": 145.5},
            {"distance_km": 1.28},
            {"speed_kmh": 5.4},
            {"timestamp": "Tue Jan 03 18:08:58 UTC 2017"}
        ],
        [
            {"location": [[
                {"latitude": 64.226697},
                {"longitude": 27.740551}
            ]]},
            {"altitude": 146.5},
            {"distance_km": 1.29},
            {"speed_kmh": 5.4},
            {"timestamp": "Tue Jan 03 18:09:06 UTC 2017"}
        ],
        [
            {"location": [[
                {"latitude": 64.226631},
                {"longitude": 27.74034}
            ]]},
            {"altitude": 145.5},
            {"distance_km": 1.31},
            {"speed_kmh": 5.4},
            {"timestamp": "Tue Jan 03 18:09:14 UTC 2017"}
        ],
        [
            {"location": [[
                {"latitude": 64.226564},
                {"longitude": 27.740147}
            ]]},
            {"altitude": 142.5},
            {"distance_km": 1.32},
            {"speed_kmh": 5.4},
            {"timestamp": "Tue Jan 03 18:09:22 UTC 2017"}
        ],
        [
            {"location": [[
                {"latitude": 64.226503},
                {"longitude": 27.739943}
            ]]},
            {"altitude": 140},
            {"distance_km": 1.33},
            {"speed_kmh": 5.4},
            {"timestamp": "Tue Jan 03 18:09:31 UTC 2017"}
        ],
        [
            {"location": [[
                {"latitude": 64.226477},
                {"longitude": 27.73972}
            ]]},
            {"altitude": 138},
            {"distance_km": 1.34},
            {"speed_kmh": 5.4},
            {"timestamp": "Tue Jan 03 18:09:43 UTC 2017"}
        ],
        [
            {"location": [[
                {"latitude": 64.226447},
                {"longitude": 27.739499}
            ]]},
            {"altitude": 137},
            {"distance_km": 1.35},
            {"speed_kmh": 4.5},
            {"timestamp": "Tue Jan 03 18:09:51 UTC 2017"}
        ],
        [
            {"location": [[
                {"latitude": 64.22646},
                {"longitude": 27.73929}
            ]]},
            {"altitude": 135.5},
            {"distance_km": 1.36},
            {"speed_kmh": 4.5},
            {"timestamp": "Tue Jan 03 18:09:59 UTC 2017"}
        ],
        [
            {"location": [[
                {"latitude": 64.226471},
                {"longitude": 27.739078}
            ]]},
            {"altitude": 132.5},
            {"distance_km": 1.37},
            {"speed_kmh": 4.5},
            {"timestamp": "Tue Jan 03 18:10:07 UTC 2017"}
        ],
        [
            {"location": [[
                {"latitude": 64.226532},
                {"longitude": 27.738887}
            ]]},
            {"altitude": 135.5},
            {"distance_km": 1.38},
            {"speed_kmh": 4.5},
            {"timestamp": "Tue Jan 03 18:10:17 UTC 2017"}
        ],
        [
            {"location": [[
                {"latitude": 64.226621},
                {"longitude": 27.73879}
            ]]},
            {"altitude": 136.5},
            {"distance_km": 1.4},
            {"speed_kmh": 4.5},
            {"timestamp": "Tue Jan 03 18:10:25 UTC 2017"}
        ],
        [
            {"location": [[
                {"latitude": 64.226718},
                {"longitude": 27.738723}
            ]]},
            {"altitude": 138},
            {"distance_km": 1.41},
            {"speed_kmh": 4.5},
            {"timestamp": "Tue Jan 03 18:10:33 UTC 2017"}
        ],
        [
            {"location": [[
                {"latitude": 64.226818},
                {"longitude": 27.738651}
            ]]},
            {"altitude": 141},
            {"distance_km": 1.42},
            {"speed_kmh": 4.5},
            {"timestamp": "Tue Jan 03 18:10:43 UTC 2017"}
        ],
        [
            {"location": [[
                {"latitude": 64.226904},
                {"longitude": 27.738575}
            ]]},
            {"altitude": 137.5},
            {"distance_km": 1.43},
            {"speed_kmh": 4.5},
            {"timestamp": "Tue Jan 03 18:10:51 UTC 2017"}
        ],
        [
            {"location": [[
                {"latitude": 64.226998},
                {"longitude": 27.738521}
            ]]},
            {"altitude": 135},
            {"distance_km": 1.44},
            {"speed_kmh": 4.5},
            {"timestamp": "Tue Jan 03 18:10:59 UTC 2017"}
        ],
        [
            {"location": [[
                {"latitude": 64.227081},
                {"longitude": 27.738443}
            ]]},
            {"altitude": 135},
            {"distance_km": 1.45},
            {"speed_kmh": 4.5},
            {"timestamp": "Tue Jan 03 18:11:06 UTC 2017"}
        ],
        [
            {"location": [[
                {"latitude": 64.227196},
                {"longitude": 27.738355}
            ]]},
            {"altitude": 135.5},
            {"distance_km": 1.46},
            {"speed_kmh": 4.5},
            {"timestamp": "Tue Jan 03 18:11:14 UTC 2017"}
        ],
        [
            {"location": [[
                {"latitude": 64.2273},
                {"longitude": 27.738278}
            ]]},
            {"altitude": 133.5},
            {"distance_km": 1.48},
            {"speed_kmh": 4.5},
            {"timestamp": "Tue Jan 03 18:11:22 UTC 2017"}
        ],
        [
            {"location": [[
                {"latitude": 64.227403},
                {"longitude": 27.738198}
            ]]},
            {"altitude": 134.5},
            {"distance_km": 1.49},
            {"speed_kmh": 4.5},
            {"timestamp": "Tue Jan 03 18:11:32 UTC 2017"}
        ],
        [
            {"location": [[
                {"latitude": 64.227507},
                {"longitude": 27.738161}
            ]]},
            {"altitude": 133},
            {"distance_km": 1.5},
            {"speed_kmh": 5.4},
            {"timestamp": "Tue Jan 03 18:11:41 UTC 2017"}
        ],
        [
            {"location": [[
                {"latitude": 64.2276},
                {"longitude": 27.738119}
            ]]},
            {"altitude": 136},
            {"distance_km": 1.51},
            {"speed_kmh": 5.4},
            {"timestamp": "Tue Jan 03 18:11:47 UTC 2017"}
        ],
        [
            {"location": [[
                {"latitude": 64.227712},
                {"longitude": 27.738089}
            ]]},
            {"altitude": 135},
            {"distance_km": 1.52},
            {"speed_kmh": 5.4},
            {"timestamp": "Tue Jan 03 18:11:55 UTC 2017"}
        ],
        [
            {"location": [[
                {"latitude": 64.227815},
                {"longitude": 27.738045}
            ]]},
            {"altitude": 138.5},
            {"distance_km": 1.53},
            {"speed_kmh": 5.4},
            {"timestamp": "Tue Jan 03 18:12:03 UTC 2017"}
        ],
        [
            {"location": [[
                {"latitude": 64.227918},
                {"longitude": 27.738012}
            ]]},
            {"altitude": 141},
            {"distance_km": 1.55},
            {"speed_kmh": 4.5},
            {"timestamp": "Tue Jan 03 18:12:11 UTC 2017"}
        ],
        [
            {"location": [[
                {"latitude": 64.228026},
                {"longitude": 27.737935}
            ]]},
            {"altitude": 138},
            {"distance_km": 1.56},
            {"speed_kmh": 5.4},
            {"timestamp": "Tue Jan 03 18:12:19 UTC 2017"}
        ],
        [
            {"location": [[
                {"latitude": 64.228129},
                {"longitude": 27.73786}
            ]]},
            {"altitude": 135.5},
            {"distance_km": 1.57},
            {"speed_kmh": 4.5},
            {"timestamp": "Tue Jan 03 18:12:27 UTC 2017"}
        ],
        [
            {"location": [[
                {"latitude": 64.228218},
                {"longitude": 27.737792}
            ]]},
            {"altitude": 135.5},
            {"distance_km": 1.58},
            {"speed_kmh": 4.5},
            {"timestamp": "Tue Jan 03 18:12:35 UTC 2017"}
        ],
        [
            {"location": [[
                {"latitude": 64.228324},
                {"longitude": 27.737722}
            ]]},
            {"altitude": 131},
            {"distance_km": 1.59},
            {"speed_kmh": 4.5},
            {"timestamp": "Tue Jan 03 18:12:43 UTC 2017"}
        ],
        [
            {"location": [[
                {"latitude": 64.228409},
                {"longitude": 27.737623}
            ]]},
            {"altitude": 127},
            {"distance_km": 1.6},
            {"speed_kmh": 4.5},
            {"timestamp": "Tue Jan 03 18:12:51 UTC 2017"}
        ],
        [
            {"location": [[
                {"latitude": 64.228517},
                {"longitude": 27.737565}
            ]]},
            {"altitude": 127.5},
            {"distance_km": 1.62},
            {"speed_kmh": 4.5},
            {"timestamp": "Tue Jan 03 18:13:00 UTC 2017"}
        ],
        [
            {"location": [[
                {"latitude": 64.228604},
                {"longitude": 27.737484}
            ]]},
            {"altitude": 127.5},
            {"distance_km": 1.63},
            {"speed_kmh": 4.5},
            {"timestamp": "Tue Jan 03 18:13:08 UTC 2017"}
        ],
        [
            {"location": [[
                {"latitude": 64.228681},
                {"longitude": 27.737328}
            ]]},
            {"altitude": 133.5},
            {"distance_km": 1.64},
            {"speed_kmh": 4.5},
            {"timestamp": "Tue Jan 03 18:13:20 UTC 2017"}
        ],
        [
            {"location": [[
                {"latitude": 64.228716},
                {"longitude": 27.737133}
            ]]},
            {"altitude": 132},
            {"distance_km": 1.65},
            {"speed_kmh": 4.5},
            {"timestamp": "Tue Jan 03 18:13:28 UTC 2017"}
        ],
        [
            {"location": [[
                {"latitude": 64.228757},
                {"longitude": 27.736926}
            ]]},
            {"altitude": 130.5},
            {"distance_km": 1.66},
            {"speed_kmh": 4.5},
            {"timestamp": "Tue Jan 03 18:13:38 UTC 2017"}
        ],
        [
            {"location": [[
                {"latitude": 64.228803},
                {"longitude": 27.736741}
            ]]},
            {"altitude": 132.5},
            {"distance_km": 1.67},
            {"speed_kmh": 4.5},
            {"timestamp": "Tue Jan 03 18:13:47 UTC 2017"}
        ],
        [
            {"location": [[
                {"latitude": 64.228876},
                {"longitude": 27.736596}
            ]]},
            {"altitude": 132},
            {"distance_km": 1.68},
            {"speed_kmh": 2.7},
            {"timestamp": "Tue Jan 03 18:14:01 UTC 2017"}
        ],
        [
            {"location": [[
                {"latitude": 64.228859},
                {"longitude": 27.736334}
            ]]},
            {"altitude": 134},
            {"distance_km": 1.69},
            {"speed_kmh": 4.5},
            {"timestamp": "Tue Jan 03 18:14:09 UTC 2017"}
        ],
        [
            {"location": [[
                {"latitude": 64.228873},
                {"longitude": 27.736099}
            ]]},
            {"altitude": 137.5},
            {"distance_km": 1.7},
            {"speed_kmh": 4.5},
            {"timestamp": "Tue Jan 03 18:14:19 UTC 2017"}
        ],
        [
            {"location": [[
                {"latitude": 64.228937},
                {"longitude": 27.735905}
            ]]},
            {"altitude": 137},
            {"distance_km": 1.72},
            {"speed_kmh": 4.5},
            {"timestamp": "Tue Jan 03 18:14:27 UTC 2017"}
        ],
        [
            {"location": [[
                {"latitude": 64.228996},
                {"longitude": 27.735742}
            ]]},
            {"altitude": 135.5},
            {"distance_km": 1.73},
            {"speed_kmh": 4.5},
            {"timestamp": "Tue Jan 03 18:14:35 UTC 2017"}
        ],
        [
            {"location": [[
                {"latitude": 64.229072},
                {"longitude": 27.735579}
            ]]},
            {"altitude": 131},
            {"distance_km": 1.74},
            {"speed_kmh": 4.5},
            {"timestamp": "Tue Jan 03 18:14:43 UTC 2017"}
        ],
        [
            {"location": [[
                {"latitude": 64.229146},
                {"longitude": 27.735442}
            ]]},
            {"altitude": 131.5},
            {"distance_km": 1.75},
            {"speed_kmh": 4.5},
            {"timestamp": "Tue Jan 03 18:14:51 UTC 2017"}
        ],
        [
            {"location": [[
                {"latitude": 64.229219},
                {"longitude": 27.735313}
            ]]},
            {"altitude": 132},
            {"distance_km": 1.76},
            {"speed_kmh": 4.5},
            {"timestamp": "Tue Jan 03 18:14:58 UTC 2017"}
        ],
        [
            {"location": [[
                {"latitude": 64.229294},
                {"longitude": 27.735157}
            ]]},
            {"altitude": 131},
            {"distance_km": 1.77},
            {"speed_kmh": 4.5},
            {"timestamp": "Tue Jan 03 18:15:06 UTC 2017"}
        ],
        [
            {"location": [[
                {"latitude": 64.229362},
                {"longitude": 27.734955}
            ]]},
            {"altitude": 131.5},
            {"distance_km": 1.78},
            {"speed_kmh": 4.5},
            {"timestamp": "Tue Jan 03 18:15:14 UTC 2017"}
        ],
        [
            {"location": [[
                {"latitude": 64.229437},
                {"longitude": 27.734799}
            ]]},
            {"altitude": 131.5},
            {"distance_km": 1.79},
            {"speed_kmh": 4.5},
            {"timestamp": "Tue Jan 03 18:15:22 UTC 2017"}
        ],
        [
            {"location": [[
                {"latitude": 64.229507},
                {"longitude": 27.734628}
            ]]},
            {"altitude": 133},
            {"distance_km": 1.8},
            {"speed_kmh": 5.4},
            {"timestamp": "Tue Jan 03 18:15:30 UTC 2017"}
        ],
        [
            {"location": [[
                {"latitude": 64.229576},
                {"longitude": 27.734445}
            ]]},
            {"altitude": 133},
            {"distance_km": 1.82},
            {"speed_kmh": 5.4},
            {"timestamp": "Tue Jan 03 18:15:39 UTC 2017"}
        ],
        [
            {"location": [[
                {"latitude": 64.22966},
                {"longitude": 27.734279}
            ]]},
            {"altitude": 131.5},
            {"distance_km": 1.83},
            {"speed_kmh": 5.4},
            {"timestamp": "Tue Jan 03 18:15:47 UTC 2017"}
        ],
        [
            {"location": [[
                {"latitude": 64.229714},
                {"longitude": 27.73407}
            ]]},
            {"altitude": 136},
            {"distance_km": 1.84},
            {"speed_kmh": 5.4},
            {"timestamp": "Tue Jan 03 18:15:55 UTC 2017"}
        ],
        [
            {"location": [[
                {"latitude": 64.229755},
                {"longitude": 27.733831}
            ]]},
            {"altitude": 135},
            {"distance_km": 1.85},
            {"speed_kmh": 4.5},
            {"timestamp": "Tue Jan 03 18:16:05 UTC 2017"}
        ],
        [
            {"location": [[
                {"latitude": 64.229801},
                {"longitude": 27.733604}
            ]]},
            {"altitude": 132.5},
            {"distance_km": 1.87},
            {"speed_kmh": 4.5},
            {"timestamp": "Tue Jan 03 18:16:15 UTC 2017"}
        ],
        [
            {"location": [[
                {"latitude": 64.229852},
                {"longitude": 27.733407}
            ]]},
            {"altitude": 133},
            {"distance_km": 1.88},
            {"speed_kmh": 2.7},
            {"timestamp": "Tue Jan 03 18:16:33 UTC 2017"}
        ],
        [
            {"location": [[
                {"latitude": 64.229915},
                {"longitude": 27.733209}
            ]]},
            {"altitude": 131.5},
            {"distance_km": 1.89},
            {"speed_kmh": 3.6},
            {"timestamp": "Tue Jan 03 18:16:43 UTC 2017"}
        ],
        [
            {"location": [[
                {"latitude": 64.229985},
                {"longitude": 27.733046}
            ]]},
            {"altitude": 131.5},
            {"distance_km": 1.9},
            {"speed_kmh": 5.4},
            {"timestamp": "Tue Jan 03 18:16:53 UTC 2017"}
        ],
        [
            {"location": [[
                {"latitude": 64.23001},
                {"longitude": 27.732798}
            ]]},
            {"altitude": 130.5},
            {"distance_km": 1.91},
            {"speed_kmh": 5.4},
            {"timestamp": "Tue Jan 03 18:17:01 UTC 2017"}
        ],
        [
            {"location": [[
                {"latitude": 64.230036},
                {"longitude": 27.732592}
            ]]},
            {"altitude": 130.5},
            {"distance_km": 1.92},
            {"speed_kmh": 5.4},
            {"timestamp": "Tue Jan 03 18:17:08 UTC 2017"}
        ],
        [
            {"location": [[
                {"latitude": 64.230063},
                {"longitude": 27.73234}
            ]]},
            {"altitude": 131},
            {"distance_km": 1.93},
            {"speed_kmh": 5.4},
            {"timestamp": "Tue Jan 03 18:17:16 UTC 2017"}
        ],
        [
            {"location": [[
                {"latitude": 64.230093},
                {"longitude": 27.732097}
            ]]},
            {"altitude": 131},
            {"distance_km": 1.95},
            {"speed_kmh": 5.4},
            {"timestamp": "Tue Jan 03 18:17:24 UTC 2017"}
        ],
        [
            {"location": [[
                {"latitude": 64.23015},
                {"longitude": 27.731875}
            ]]},
            {"altitude": 131},
            {"distance_km": 1.96},
            {"speed_kmh": 5.4},
            {"timestamp": "Tue Jan 03 18:17:32 UTC 2017"}
        ],
        [
            {"location": [[
                {"latitude": 64.230205},
                {"longitude": 27.731665}
            ]]},
            {"altitude": 133.5},
            {"distance_km": 1.97},
            {"speed_kmh": 5.4},
            {"timestamp": "Tue Jan 03 18:17:41 UTC 2017"}
        ],
        [
            {"location": [[
                {"latitude": 64.230252},
                {"longitude": 27.731464}
            ]]},
            {"altitude": 134},
            {"distance_km": 1.98},
            {"speed_kmh": 5.4},
            {"timestamp": "Tue Jan 03 18:17:49 UTC 2017"}
        ],
        [
            {"location": [[
                {"latitude": 64.230302},
                {"longitude": 27.731274}
            ]]},
            {"altitude": 136.5},
            {"distance_km": 1.99},
            {"speed_kmh": 3.6},
            {"timestamp": "Tue Jan 03 18:18:01 UTC 2017"}
        ],
        [
            {"location": [[
                {"latitude": 64.230359},
                {"longitude": 27.73105}
            ]]},
            {"altitude": 135.5},
            {"distance_km": 2.01},
            {"speed_kmh": 4.5},
            {"timestamp": "Tue Jan 03 18:18:11 UTC 2017"}
        ],
        [
            {"location": [[
                {"latitude": 64.230404},
                {"longitude": 27.730834}
            ]]},
            {"altitude": 135.5},
            {"distance_km": 2.02},
            {"speed_kmh": 4.5},
            {"timestamp": "Tue Jan 03 18:18:19 UTC 2017"}
        ],
        [
            {"location": [[
                {"latitude": 64.230454},
                {"longitude": 27.730641}
            ]]},
            {"altitude": 134.5},
            {"distance_km": 2.03},
            {"speed_kmh": 4.5},
            {"timestamp": "Tue Jan 03 18:18:27 UTC 2017"}
        ],
        [
            {"location": [[
                {"latitude": 64.230516},
                {"longitude": 27.730399}
            ]]},
            {"altitude": 134},
            {"distance_km": 2.04},
            {"speed_kmh": 4.5},
            {"timestamp": "Tue Jan 03 18:18:35 UTC 2017"}
        ],
        [
            {"location": [[
                {"latitude": 64.230573},
                {"longitude": 27.730184}
            ]]},
            {"altitude": 133.5},
            {"distance_km": 2.05},
            {"speed_kmh": 5.4},
            {"timestamp": "Tue Jan 03 18:18:43 UTC 2017"}
        ],
        [
            {"location": [[
                {"latitude": 64.230634},
                {"longitude": 27.729993}
            ]]},
            {"altitude": 132},
            {"distance_km": 2.07},
            {"speed_kmh": 4.5},
            {"timestamp": "Tue Jan 03 18:18:51 UTC 2017"}
        ],
        [
            {"location": [[
                {"latitude": 64.230699},
                {"longitude": 27.72979}
            ]]},
            {"altitude": 131.5},
            {"distance_km": 2.08},
            {"speed_kmh": 4.5},
            {"timestamp": "Tue Jan 03 18:19:00 UTC 2017"}
        ],
        [
            {"location": [[
                {"latitude": 64.230758},
                {"longitude": 27.729586}
            ]]},
            {"altitude": 130.5},
            {"distance_km": 2.09},
            {"speed_kmh": 4.5},
            {"timestamp": "Tue Jan 03 18:19:08 UTC 2017"}
        ],
        [
            {"location": [[
                {"latitude": 64.230817},
                {"longitude": 27.729389}
            ]]},
            {"altitude": 131},
            {"distance_km": 2.1},
            {"speed_kmh": 4.5},
            {"timestamp": "Tue Jan 03 18:19:16 UTC 2017"}
        ],
        [
            {"location": [[
                {"latitude": 64.230861},
                {"longitude": 27.729205}
            ]]},
            {"altitude": 131},
            {"distance_km": 2.11},
            {"speed_kmh": 5.4},
            {"timestamp": "Tue Jan 03 18:19:22 UTC 2017"}
        ],
        [
            {"location": [[
                {"latitude": 64.23093},
                {"longitude": 27.728982}
            ]]},
            {"altitude": 132.5},
            {"distance_km": 2.12},
            {"speed_kmh": 5.4},
            {"timestamp": "Tue Jan 03 18:19:30 UTC 2017"}
        ],
        [
            {"location": [[
                {"latitude": 64.230982},
                {"longitude": 27.728739}
            ]]},
            {"altitude": 134},
            {"distance_km": 2.14},
            {"speed_kmh": 5.4},
            {"timestamp": "Tue Jan 03 18:19:38 UTC 2017"}
        ],
        [
            {"location": [[
                {"latitude": 64.231018},
                {"longitude": 27.72852}
            ]]},
            {"altitude": 133.5},
            {"distance_km": 2.15},
            {"speed_kmh": 5.4},
            {"timestamp": "Tue Jan 03 18:19:45 UTC 2017"}
        ],
        [
            {"location": [[
                {"latitude": 64.231043},
                {"longitude": 27.728298}
            ]]},
            {"altitude": 134.5},
            {"distance_km": 2.16},
            {"speed_kmh": 2.7},
            {"timestamp": "Tue Jan 03 18:19:53 UTC 2017"}
        ],
        [
            {"location": [[
                {"latitude": 64.231085},
                {"longitude": 27.728082}
            ]]},
            {"altitude": 135},
            {"distance_km": 2.17},
            {"speed_kmh": 4.5},
            {"timestamp": "Tue Jan 03 18:20:01 UTC 2017"}
        ],
        [
            {"location": [[
                {"latitude": 64.231112},
                {"longitude": 27.727872}
            ]]},
            {"altitude": 135},
            {"distance_km": 2.18},
            {"speed_kmh": 4.5},
            {"timestamp": "Tue Jan 03 18:20:07 UTC 2017"}
        ],
        [
            {"location": [[
                {"latitude": 64.231153},
                {"longitude": 27.727626}
            ]]},
            {"altitude": 134},
            {"distance_km": 2.19},
            {"speed_kmh": 4.5},
            {"timestamp": "Tue Jan 03 18:20:15 UTC 2017"}
        ],
        [
            {"location": [[
                {"latitude": 64.231199},
                {"longitude": 27.727426}
            ]]},
            {"altitude": 130.5},
            {"distance_km": 2.21},
            {"speed_kmh": 4.5},
            {"timestamp": "Tue Jan 03 18:20:23 UTC 2017"}
        ],
        [
            {"location": [[
                {"latitude": 64.231253},
                {"longitude": 27.727245}
            ]]},
            {"altitude": 129.5},
            {"distance_km": 2.22},
            {"speed_kmh": 4.5},
            {"timestamp": "Tue Jan 03 18:20:31 UTC 2017"}
        ],
        [
            {"location": [[
                {"latitude": 64.231297},
                {"longitude": 27.727016}
            ]]},
            {"altitude": 127.5},
            {"distance_km": 2.23},
            {"speed_kmh": 4.5},
            {"timestamp": "Tue Jan 03 18:20:39 UTC 2017"}
        ],
        [
            {"location": [[
                {"latitude": 64.231345},
                {"longitude": 27.726791}
            ]]},
            {"altitude": 129.5},
            {"distance_km": 2.24},
            {"speed_kmh": 4.5},
            {"timestamp": "Tue Jan 03 18:20:47 UTC 2017"}
        ],
        [
            {"location": [[
                {"latitude": 64.231401},
                {"longitude": 27.726576}
            ]]},
            {"altitude": 134},
            {"distance_km": 2.25},
            {"speed_kmh": 4.5},
            {"timestamp": "Tue Jan 03 18:20:55 UTC 2017"}
        ],
        [
            {"location": [[
                {"latitude": 64.231459},
                {"longitude": 27.726402}
            ]]},
            {"altitude": 137.5},
            {"distance_km": 2.26},
            {"speed_kmh": 3.6},
            {"timestamp": "Tue Jan 03 18:21:12 UTC 2017"}
        ],
        [
            {"location": [[
                {"latitude": 64.23154},
                {"longitude": 27.726234}
            ]]},
            {"altitude": 139.5},
            {"distance_km": 2.28},
            {"speed_kmh": 4.5},
            {"timestamp": "Tue Jan 03 18:21:22 UTC 2017"}
        ],
        [
            {"location": [[
                {"latitude": 64.231623},
                {"longitude": 27.726087}
            ]]},
            {"altitude": 140.5},
            {"distance_km": 2.29},
            {"speed_kmh": 4.5},
            {"timestamp": "Tue Jan 03 18:21:33 UTC 2017"}
        ],
        [
            {"location": [[
                {"latitude": 64.23168},
                {"longitude": 27.726254}
            ]]},
            {"altitude": 144},
            {"distance_km": 2.3},
            {"speed_kmh": 0},
            {"timestamp": "Tue Jan 03 18:21:49 UTC 2017"}
        ],
        [
            {"location": [[
                {"latitude": 64.231697},
                {"longitude": 27.726467}
            ]]},
            {"altitude": 145.5},
            {"distance_km": 2.31},
            {"speed_kmh": 3.6},
            {"timestamp": "Tue Jan 03 18:21:59 UTC 2017"}
        ],
        [
            {"location": [[
                {"latitude": 64.231703},
                {"longitude": 27.726695}
            ]]},
            {"altitude": 148},
            {"distance_km": 2.32},
            {"speed_kmh": 2.7},
            {"timestamp": "Tue Jan 03 18:22:07 UTC 2017"}
        ],
        [
            {"location": [[
                {"latitude": 64.231711},
                {"longitude": 27.726927}
            ]]},
            {"altitude": 149.5},
            {"distance_km": 2.33},
            {"speed_kmh": 2.7},
            {"timestamp": "Tue Jan 03 18:22:17 UTC 2017"}
        ],
        [
            {"location": [[
                {"latitude": 64.231704},
                {"longitude": 27.727147}
            ]]},
            {"altitude": 147.5},
            {"distance_km": 2.34},
            {"speed_kmh": 2.7},
            {"timestamp": "Tue Jan 03 18:22:27 UTC 2017"}
        ],
        [
            {"location": [[
                {"latitude": 64.231717},
                {"longitude": 27.727413}
            ]]},
            {"altitude": 150.5},
            {"distance_km": 2.35},
            {"speed_kmh": 4.5},
            {"timestamp": "Tue Jan 03 18:22:35 UTC 2017"}
        ],
        [
            {"location": [[
                {"latitude": 64.231714},
                {"longitude": 27.727663}
            ]]},
            {"altitude": 151},
            {"distance_km": 2.37},
            {"speed_kmh": 4.5},
            {"timestamp": "Tue Jan 03 18:22:43 UTC 2017"}
        ],
        [
            {"location": [[
                {"latitude": 64.231715},
                {"longitude": 27.727877}
            ]]},
            {"altitude": 151.5},
            {"distance_km": 2.38},
            {"speed_kmh": 4.5},
            {"timestamp": "Tue Jan 03 18:22:50 UTC 2017"}
        ],
        [
            {"location": [[
                {"latitude": 64.231711},
                {"longitude": 27.728119}
            ]]},
            {"altitude": 153},
            {"distance_km": 2.39},
            {"speed_kmh": 4.5},
            {"timestamp": "Tue Jan 03 18:22:58 UTC 2017"}
        ],
        [
            {"location": [[
                {"latitude": 64.231706},
                {"longitude": 27.728352}
            ]]},
            {"altitude": 153},
            {"distance_km": 2.4},
            {"speed_kmh": 4.5},
            {"timestamp": "Tue Jan 03 18:23:06 UTC 2017"}
        ],
        [
            {"location": [[
                {"latitude": 64.231694},
                {"longitude": 27.728616}
            ]]},
            {"altitude": 153.5},
            {"distance_km": 2.41},
            {"speed_kmh": 4.5},
            {"timestamp": "Tue Jan 03 18:23:16 UTC 2017"}
        ],
        [
            {"location": [[
                {"latitude": 64.2317},
                {"longitude": 27.728858}
            ]]},
            {"altitude": 154.5},
            {"distance_km": 2.42},
            {"speed_kmh": 4.5},
            {"timestamp": "Tue Jan 03 18:23:25 UTC 2017"}
        ],
        [
            {"location": [[
                {"latitude": 64.2317},
                {"longitude": 27.729079}
            ]]},
            {"altitude": 154},
            {"distance_km": 2.43},
            {"speed_kmh": 2.7},
            {"timestamp": "Tue Jan 03 18:23:41 UTC 2017"}
        ],
        [
            {"location": [[
                {"latitude": 64.231705},
                {"longitude": 27.729296}
            ]]},
            {"altitude": 153.5},
            {"distance_km": 2.44},
            {"speed_kmh": 3.6},
            {"timestamp": "Tue Jan 03 18:23:51 UTC 2017"}
        ],
        [
            {"location": [[
                {"latitude": 64.231769},
                {"longitude": 27.729476}
            ]]},
            {"altitude": 156.5},
            {"distance_km": 2.46},
            {"speed_kmh": 1.8},
            {"timestamp": "Tue Jan 03 18:24:11 UTC 2017"}
        ],
        [
            {"location": [[
                {"latitude": 64.231801},
                {"longitude": 27.729477}
            ]]},
            {"altitude": 158},
            {"distance_km": 2.46},
            {"speed_kmh": 0},
            {"timestamp": "Tue Jan 03 18:24:36 UTC 2017"}
        ],
        [
            {"location": [[
                {"latitude": 64.231802},
                {"longitude": 27.72948}
            ]]},
            {"altitude": 158},
            {"distance_km": 2.46},
            {"speed_kmh": 0},
            {"timestamp": "Tue Jan 03 18:24:37 UTC 2017"}
        ]
    ]}
]