[
    {"sport": "SWIMMING"},
    {"source": "INPUT_MANUAL_MOBILE"},
    {"created_date": "2017-02-05 15:25:25.0"},
    {"start_time": "2017-02-05 14:24:00.0"},
    {"end_time": "2017-02-05 14:54:00.0"},
    {"duration_s": 1800},
    {"distance_km": 1},
    {"calories_kcal": 355.088},
    {"speed_avg_kmh": 2},
    {"points": [
        [
            {"distance_km": 0},
            {"timestamp": "Sun Feb 05 14:24:00 UTC 2017"}
        ],
        [
            {"distance_km": 1},
            {"timestamp": "Sun Feb 05 14:54:00 UTC 2017"}
        ]
    ]}
]