[
    {"sport": "WALKING"},
    {"source": "TRACK_MOBILE"},
    {"created_date": "2017-02-06 14:20:00.0"},
    {"start_time": "2017-02-06 14:18:54.0"},
    {"end_time": "2017-02-06 14:49:24.0"},
    {"duration_s": 1829},
    {"distance_km": 2.32},
    {"calories_kcal": 169.171},
    {"altitude_min_m": 0},
    {"altitude_max_m": 198},
    {"speed_avg_kmh": 4.566429743028977},
    {"speed_max_kmh": 8.1},
    {"ascend_m": 221.5},
    {"descend_m": 68.5},
    {"points": [
        [
            {"location": [[
                {"latitude": 64.231818},
                {"longitude": 27.72954}
            ]]},
            {"distance_km": 0},
            {"timestamp": "Mon Feb 06 14:18:54 UTC 2017"}
        ],
        [
            {"location": [[
                {"latitude": 64.231818},
                {"longitude": 27.72954}
            ]]},
            {"altitude": 0},
            {"distance_km": 0},
            {"timestamp": "Mon Feb 06 14:19:04 UTC 2017"}
        ],
        [
            {"location": [[
                {"latitude": 64.23152},
                {"longitude": 27.72956}
            ]]},
            {"altitude": 152},
            {"distance_km": 0.03},
            {"speed_kmh": 0},
            {"timestamp": "Mon Feb 06 14:20:15 UTC 2017"}
        ],
        [
            {"location": [[
                {"latitude": 64.231649},
                {"longitude": 27.72955}
            ]]},
            {"altitude": 155.5},
            {"distance_km": 0.05},
            {"speed_kmh": 4.5},
            {"timestamp": "Mon Feb 06 14:20:34 UTC 2017"}
        ],
        [
            {"location": [[
                {"latitude": 64.231614},
                {"longitude": 27.729838}
            ]]},
            {"altitude": 151.5},
            {"distance_km": 0.06},
            {"speed_kmh": 6.3},
            {"timestamp": "Mon Feb 06 14:20:40 UTC 2017"}
        ],
        [
            {"location": [[
                {"latitude": 64.231641},
                {"longitude": 27.730064}
            ]]},
            {"altitude": 143.5},
            {"distance_km": 0.07},
            {"speed_kmh": 5.4},
            {"timestamp": "Mon Feb 06 14:20:48 UTC 2017"}
        ],
        [
            {"location": [[
                {"latitude": 64.23172},
                {"longitude": 27.730168}
            ]]},
            {"altitude": 135},
            {"distance_km": 0.08},
            {"speed_kmh": 5.4},
            {"timestamp": "Mon Feb 06 14:20:58 UTC 2017"}
        ],
        [
            {"location": [[
                {"latitude": 64.231827},
                {"longitude": 27.730266}
            ]]},
            {"altitude": 131.5},
            {"distance_km": 0.1},
            {"speed_kmh": 7.2},
            {"timestamp": "Mon Feb 06 14:21:04 UTC 2017"}
        ],
        [
            {"location": [[
                {"latitude": 64.231916},
                {"longitude": 27.730352}
            ]]},
            {"altitude": 127.5},
            {"distance_km": 0.11},
            {"speed_kmh": 7.2},
            {"timestamp": "Mon Feb 06 14:21:10 UTC 2017"}
        ],
        [
            {"location": [[
                {"latitude": 64.232016},
                {"longitude": 27.730484}
            ]]},
            {"altitude": 124},
            {"distance_km": 0.12},
            {"speed_kmh": 6.3},
            {"timestamp": "Mon Feb 06 14:21:18 UTC 2017"}
        ],
        [
            {"location": [[
                {"latitude": 64.232107},
                {"longitude": 27.730603}
            ]]},
            {"altitude": 123.5},
            {"distance_km": 0.13},
            {"speed_kmh": 6.3},
            {"timestamp": "Mon Feb 06 14:21:26 UTC 2017"}
        ],
        [
            {"location": [[
                {"latitude": 64.232186},
                {"longitude": 27.730711}
            ]]},
            {"altitude": 126},
            {"distance_km": 0.14},
            {"speed_kmh": 6.3},
            {"timestamp": "Mon Feb 06 14:21:32 UTC 2017"}
        ],
        [
            {"location": [[
                {"latitude": 64.232276},
                {"longitude": 27.730836}
            ]]},
            {"altitude": 127.5},
            {"distance_km": 0.15},
            {"speed_kmh": 6.3},
            {"timestamp": "Mon Feb 06 14:21:38 UTC 2017"}
        ],
        [
            {"location": [[
                {"latitude": 64.232358},
                {"longitude": 27.730949}
            ]]},
            {"altitude": 125.5},
            {"distance_km": 0.16},
            {"speed_kmh": 6.3},
            {"timestamp": "Mon Feb 06 14:21:44 UTC 2017"}
        ],
        [
            {"location": [[
                {"latitude": 64.232468},
                {"longitude": 27.73104}
            ]]},
            {"altitude": 125.5},
            {"distance_km": 0.18},
            {"speed_kmh": 6.3},
            {"timestamp": "Mon Feb 06 14:21:52 UTC 2017"}
        ],
        [
            {"location": [[
                {"latitude": 64.232584},
                {"longitude": 27.731109}
            ]]},
            {"altitude": 129},
            {"distance_km": 0.19},
            {"speed_kmh": 5.4},
            {"timestamp": "Mon Feb 06 14:22:04 UTC 2017"}
        ],
        [
            {"location": [[
                {"latitude": 64.232691},
                {"longitude": 27.731177}
            ]]},
            {"altitude": 128},
            {"distance_km": 0.2},
            {"speed_kmh": 6.3},
            {"timestamp": "Mon Feb 06 14:22:10 UTC 2017"}
        ],
        [
            {"location": [[
                {"latitude": 64.232793},
                {"longitude": 27.731144}
            ]]},
            {"altitude": 131},
            {"distance_km": 0.21},
            {"speed_kmh": 6.3},
            {"timestamp": "Mon Feb 06 14:22:16 UTC 2017"}
        ],
        [
            {"location": [[
                {"latitude": 64.23289},
                {"longitude": 27.731141}
            ]]},
            {"altitude": 132.5},
            {"distance_km": 0.23},
            {"speed_kmh": 6.3},
            {"timestamp": "Mon Feb 06 14:22:22 UTC 2017"}
        ],
        [
            {"location": [[
                {"latitude": 64.232986},
                {"longitude": 27.731273}
            ]]},
            {"altitude": 133.5},
            {"distance_km": 0.24},
            {"speed_kmh": 5.4},
            {"timestamp": "Mon Feb 06 14:22:30 UTC 2017"}
        ],
        [
            {"location": [[
                {"latitude": 64.233091},
                {"longitude": 27.731339}
            ]]},
            {"altitude": 137.5},
            {"distance_km": 0.25},
            {"speed_kmh": 2.7},
            {"timestamp": "Mon Feb 06 14:22:54 UTC 2017"}
        ],
        [
            {"location": [[
                {"latitude": 64.233181},
                {"longitude": 27.731325}
            ]]},
            {"altitude": 141.5},
            {"distance_km": 0.26},
            {"speed_kmh": 3.6},
            {"timestamp": "Mon Feb 06 14:23:00 UTC 2017"}
        ],
        [
            {"location": [[
                {"latitude": 64.233282},
                {"longitude": 27.731384}
            ]]},
            {"altitude": 146},
            {"distance_km": 0.27},
            {"speed_kmh": 3.6},
            {"timestamp": "Mon Feb 06 14:23:17 UTC 2017"}
        ],
        [
            {"location": [[
                {"latitude": 64.233392},
                {"longitude": 27.731381}
            ]]},
            {"altitude": 147},
            {"distance_km": 0.28},
            {"speed_kmh": 2.7},
            {"timestamp": "Mon Feb 06 14:23:27 UTC 2017"}
        ],
        [
            {"location": [[
                {"latitude": 64.233496},
                {"longitude": 27.731301}
            ]]},
            {"altitude": 147.5},
            {"distance_km": 0.3},
            {"speed_kmh": 2.7},
            {"timestamp": "Mon Feb 06 14:23:37 UTC 2017"}
        ],
        [
            {"location": [[
                {"latitude": 64.233587},
                {"longitude": 27.731276}
            ]]},
            {"altitude": 149.5},
            {"distance_km": 0.31},
            {"speed_kmh": 0},
            {"timestamp": "Mon Feb 06 14:23:51 UTC 2017"}
        ],
        [
            {"location": [[
                {"latitude": 64.233668},
                {"longitude": 27.731178}
            ]]},
            {"altitude": 151.5},
            {"distance_km": 0.32},
            {"speed_kmh": 3.6},
            {"timestamp": "Mon Feb 06 14:23:59 UTC 2017"}
        ],
        [
            {"location": [[
                {"latitude": 64.233745},
                {"longitude": 27.731058}
            ]]},
            {"altitude": 157},
            {"distance_km": 0.33},
            {"speed_kmh": 4.5},
            {"timestamp": "Mon Feb 06 14:24:05 UTC 2017"}
        ],
        [
            {"location": [[
                {"latitude": 64.233848},
                {"longitude": 27.730975}
            ]]},
            {"altitude": 158.5},
            {"distance_km": 0.34},
            {"speed_kmh": 3.6},
            {"timestamp": "Mon Feb 06 14:24:14 UTC 2017"}
        ],
        [
            {"location": [[
                {"latitude": 64.233937},
                {"longitude": 27.730883}
            ]]},
            {"altitude": 161.5},
            {"distance_km": 0.35},
            {"speed_kmh": 3.6},
            {"timestamp": "Mon Feb 06 14:24:22 UTC 2017"}
        ],
        [
            {"location": [[
                {"latitude": 64.234036},
                {"longitude": 27.730807}
            ]]},
            {"altitude": 164.5},
            {"distance_km": 0.36},
            {"speed_kmh": 3.6},
            {"timestamp": "Mon Feb 06 14:24:38 UTC 2017"}
        ],
        [
            {"location": [[
                {"latitude": 64.234114},
                {"longitude": 27.730619}
            ]]},
            {"altitude": 164.5},
            {"distance_km": 0.37},
            {"speed_kmh": 3.6},
            {"timestamp": "Mon Feb 06 14:24:48 UTC 2017"}
        ],
        [
            {"location": [[
                {"latitude": 64.234147},
                {"longitude": 27.730413}
            ]]},
            {"altitude": 165.5},
            {"distance_km": 0.38},
            {"speed_kmh": 3.6},
            {"timestamp": "Mon Feb 06 14:24:56 UTC 2017"}
        ],
        [
            {"location": [[
                {"latitude": 64.234213},
                {"longitude": 27.730212}
            ]]},
            {"altitude": 166.5},
            {"distance_km": 0.4},
            {"speed_kmh": 3.6},
            {"timestamp": "Mon Feb 06 14:25:04 UTC 2017"}
        ],
        [
            {"location": [[
                {"latitude": 64.234294},
                {"longitude": 27.730067}
            ]]},
            {"altitude": 166.5},
            {"distance_km": 0.41},
            {"speed_kmh": 1.8},
            {"timestamp": "Mon Feb 06 14:25:14 UTC 2017"}
        ],
        [
            {"location": [[
                {"latitude": 64.234346},
                {"longitude": 27.729871}
            ]]},
            {"altitude": 167.5},
            {"distance_km": 0.42},
            {"speed_kmh": 2.7},
            {"timestamp": "Mon Feb 06 14:25:24 UTC 2017"}
        ],
        [
            {"location": [[
                {"latitude": 64.234419},
                {"longitude": 27.729743}
            ]]},
            {"altitude": 171},
            {"distance_km": 0.43},
            {"speed_kmh": 2.7},
            {"timestamp": "Mon Feb 06 14:25:34 UTC 2017"}
        ],
        [
            {"location": [[
                {"latitude": 64.234495},
                {"longitude": 27.72962}
            ]]},
            {"altitude": 173},
            {"distance_km": 0.44},
            {"speed_kmh": 2.7},
            {"timestamp": "Mon Feb 06 14:25:46 UTC 2017"}
        ],
        [
            {"location": [[
                {"latitude": 64.234571},
                {"longitude": 27.729467}
            ]]},
            {"altitude": 169.5},
            {"distance_km": 0.45},
            {"speed_kmh": 2.7},
            {"timestamp": "Mon Feb 06 14:25:56 UTC 2017"}
        ],
        [
            {"location": [[
                {"latitude": 64.234647},
                {"longitude": 27.729291}
            ]]},
            {"altitude": 171.5},
            {"distance_km": 0.46},
            {"speed_kmh": 2.7},
            {"timestamp": "Mon Feb 06 14:26:06 UTC 2017"}
        ],
        [
            {"location": [[
                {"latitude": 64.234716},
                {"longitude": 27.729147}
            ]]},
            {"altitude": 172.5},
            {"distance_km": 0.47},
            {"speed_kmh": 2.7},
            {"timestamp": "Mon Feb 06 14:26:18 UTC 2017"}
        ],
        [
            {"location": [[
                {"latitude": 64.234805},
                {"longitude": 27.729079}
            ]]},
            {"altitude": 178},
            {"distance_km": 0.48},
            {"speed_kmh": 1.8},
            {"timestamp": "Mon Feb 06 14:26:38 UTC 2017"}
        ],
        [
            {"location": [[
                {"latitude": 64.234874},
                {"longitude": 27.728926}
            ]]},
            {"altitude": 177.5},
            {"distance_km": 0.49},
            {"speed_kmh": 2.7},
            {"timestamp": "Mon Feb 06 14:26:50 UTC 2017"}
        ],
        [
            {"location": [[
                {"latitude": 64.234958},
                {"longitude": 27.728806}
            ]]},
            {"altitude": 178},
            {"distance_km": 0.51},
            {"speed_kmh": 2.7},
            {"timestamp": "Mon Feb 06 14:27:02 UTC 2017"}
        ],
        [
            {"location": [[
                {"latitude": 64.235067},
                {"longitude": 27.728743}
            ]]},
            {"altitude": 181},
            {"distance_km": 0.52},
            {"speed_kmh": 4.5},
            {"timestamp": "Mon Feb 06 14:27:19 UTC 2017"}
        ],
        [
            {"location": [[
                {"latitude": 64.235148},
                {"longitude": 27.728858}
            ]]},
            {"altitude": 183.5},
            {"distance_km": 0.53},
            {"speed_kmh": 4.5},
            {"timestamp": "Mon Feb 06 14:27:27 UTC 2017"}
        ],
        [
            {"location": [[
                {"latitude": 64.235256},
                {"longitude": 27.728817}
            ]]},
            {"altitude": 182},
            {"distance_km": 0.54},
            {"speed_kmh": 2.7},
            {"timestamp": "Mon Feb 06 14:27:39 UTC 2017"}
        ],
        [
            {"location": [[
                {"latitude": 64.235275},
                {"longitude": 27.72861}
            ]]},
            {"altitude": 183.5},
            {"distance_km": 0.55},
            {"speed_kmh": 0.9},
            {"timestamp": "Mon Feb 06 14:27:55 UTC 2017"}
        ],
        [
            {"location": [[
                {"latitude": 64.235318},
                {"longitude": 27.728423}
            ]]},
            {"altitude": 181},
            {"distance_km": 0.56},
            {"speed_kmh": 3.6},
            {"timestamp": "Mon Feb 06 14:28:05 UTC 2017"}
        ],
        [
            {"location": [[
                {"latitude": 64.235424},
                {"longitude": 27.728351}
            ]]},
            {"altitude": 181.5},
            {"distance_km": 0.57},
            {"speed_kmh": 3.6},
            {"timestamp": "Mon Feb 06 14:28:15 UTC 2017"}
        ],
        [
            {"location": [[
                {"latitude": 64.235515},
                {"longitude": 27.728274}
            ]]},
            {"altitude": 182},
            {"distance_km": 0.58},
            {"speed_kmh": 3.6},
            {"timestamp": "Mon Feb 06 14:28:24 UTC 2017"}
        ],
        [
            {"location": [[
                {"latitude": 64.235599},
                {"longitude": 27.728115}
            ]]},
            {"altitude": 183.5},
            {"distance_km": 0.6},
            {"speed_kmh": 4.5},
            {"timestamp": "Mon Feb 06 14:28:32 UTC 2017"}
        ],
        [
            {"location": [[
                {"latitude": 64.235686},
                {"longitude": 27.728004}
            ]]},
            {"altitude": 182},
            {"distance_km": 0.61},
            {"speed_kmh": 4.5},
            {"timestamp": "Mon Feb 06 14:28:40 UTC 2017"}
        ],
        [
            {"location": [[
                {"latitude": 64.235783},
                {"longitude": 27.727892}
            ]]},
            {"altitude": 180},
            {"distance_km": 0.62},
            {"speed_kmh": 3.6},
            {"timestamp": "Mon Feb 06 14:28:50 UTC 2017"}
        ],
        [
            {"location": [[
                {"latitude": 64.235885},
                {"longitude": 27.727777}
            ]]},
            {"altitude": 181},
            {"distance_km": 0.63},
            {"speed_kmh": 3.6},
            {"timestamp": "Mon Feb 06 14:29:00 UTC 2017"}
        ],
        [
            {"location": [[
                {"latitude": 64.235951},
                {"longitude": 27.727604}
            ]]},
            {"altitude": 180.5},
            {"distance_km": 0.64},
            {"speed_kmh": 3.6},
            {"timestamp": "Mon Feb 06 14:29:08 UTC 2017"}
        ],
        [
            {"location": [[
                {"latitude": 64.235998},
                {"longitude": 27.727396}
            ]]},
            {"altitude": 177.5},
            {"distance_km": 0.65},
            {"speed_kmh": 3.6},
            {"timestamp": "Mon Feb 06 14:29:16 UTC 2017"}
        ],
        [
            {"location": [[
                {"latitude": 64.236012},
                {"longitude": 27.727144}
            ]]},
            {"altitude": 177},
            {"distance_km": 0.67},
            {"speed_kmh": 4.5},
            {"timestamp": "Mon Feb 06 14:29:26 UTC 2017"}
        ],
        [
            {"location": [[
                {"latitude": 64.236042},
                {"longitude": 27.726897}
            ]]},
            {"altitude": 175},
            {"distance_km": 0.68},
            {"speed_kmh": 5.4},
            {"timestamp": "Mon Feb 06 14:29:36 UTC 2017"}
        ],
        [
            {"location": [[
                {"latitude": 64.236087},
                {"longitude": 27.726692}
            ]]},
            {"altitude": 174.5},
            {"distance_km": 0.69},
            {"speed_kmh": 3.6},
            {"timestamp": "Mon Feb 06 14:29:48 UTC 2017"}
        ],
        [
            {"location": [[
                {"latitude": 64.236126},
                {"longitude": 27.726479}
            ]]},
            {"altitude": 174.5},
            {"distance_km": 0.7},
            {"speed_kmh": 3.6},
            {"timestamp": "Mon Feb 06 14:29:56 UTC 2017"}
        ],
        [
            {"location": [[
                {"latitude": 64.236169},
                {"longitude": 27.726275}
            ]]},
            {"altitude": 175.5},
            {"distance_km": 0.71},
            {"speed_kmh": 4.5},
            {"timestamp": "Mon Feb 06 14:30:04 UTC 2017"}
        ],
        [
            {"location": [[
                {"latitude": 64.236202},
                {"longitude": 27.726055}
            ]]},
            {"altitude": 176.5},
            {"distance_km": 0.72},
            {"speed_kmh": 3.6},
            {"timestamp": "Mon Feb 06 14:30:12 UTC 2017"}
        ],
        [
            {"location": [[
                {"latitude": 64.236223},
                {"longitude": 27.725812}
            ]]},
            {"altitude": 176.5},
            {"distance_km": 0.74},
            {"speed_kmh": 3.6},
            {"timestamp": "Mon Feb 06 14:30:22 UTC 2017"}
        ],
        [
            {"location": [[
                {"latitude": 64.236223},
                {"longitude": 27.72558}
            ]]},
            {"altitude": 177.5},
            {"distance_km": 0.75},
            {"speed_kmh": 4.5},
            {"timestamp": "Mon Feb 06 14:30:30 UTC 2017"}
        ],
        [
            {"location": [[
                {"latitude": 64.236304},
                {"longitude": 27.725397}
            ]]},
            {"altitude": 175},
            {"distance_km": 0.76},
            {"speed_kmh": 4.5},
            {"timestamp": "Mon Feb 06 14:30:40 UTC 2017"}
        ],
        [
            {"location": [[
                {"latitude": 64.236393},
                {"longitude": 27.72524}
            ]]},
            {"altitude": 175},
            {"distance_km": 0.77},
            {"speed_kmh": 4.5},
            {"timestamp": "Mon Feb 06 14:30:50 UTC 2017"}
        ],
        [
            {"location": [[
                {"latitude": 64.236499},
                {"longitude": 27.725162}
            ]]},
            {"altitude": 174},
            {"distance_km": 0.78},
            {"speed_kmh": 3.6},
            {"timestamp": "Mon Feb 06 14:31:01 UTC 2017"}
        ],
        [
            {"location": [[
                {"latitude": 64.236611},
                {"longitude": 27.72514}
            ]]},
            {"altitude": 174.5},
            {"distance_km": 0.8},
            {"speed_kmh": 4.5},
            {"timestamp": "Mon Feb 06 14:31:09 UTC 2017"}
        ],
        [
            {"location": [[
                {"latitude": 64.23671},
                {"longitude": 27.725194}
            ]]},
            {"altitude": 174},
            {"distance_km": 0.81},
            {"speed_kmh": 2.7},
            {"timestamp": "Mon Feb 06 14:31:19 UTC 2017"}
        ],
        [
            {"location": [[
                {"latitude": 64.23682},
                {"longitude": 27.725228}
            ]]},
            {"altitude": 173.5},
            {"distance_km": 0.82},
            {"speed_kmh": 3.6},
            {"timestamp": "Mon Feb 06 14:31:29 UTC 2017"}
        ],
        [
            {"location": [[
                {"latitude": 64.236916},
                {"longitude": 27.725259}
            ]]},
            {"altitude": 176},
            {"distance_km": 0.83},
            {"speed_kmh": 4.5},
            {"timestamp": "Mon Feb 06 14:31:35 UTC 2017"}
        ],
        [
            {"location": [[
                {"latitude": 64.237014},
                {"longitude": 27.725283}
            ]]},
            {"altitude": 176},
            {"distance_km": 0.84},
            {"speed_kmh": 4.5},
            {"timestamp": "Mon Feb 06 14:31:43 UTC 2017"}
        ],
        [
            {"location": [[
                {"latitude": 64.237113},
                {"longitude": 27.725359}
            ]]},
            {"altitude": 177},
            {"distance_km": 0.85},
            {"speed_kmh": 3.6},
            {"timestamp": "Mon Feb 06 14:31:51 UTC 2017"}
        ],
        [
            {"location": [[
                {"latitude": 64.237204},
                {"longitude": 27.725479}
            ]]},
            {"altitude": 180},
            {"distance_km": 0.87},
            {"speed_kmh": 4.5},
            {"timestamp": "Mon Feb 06 14:31:59 UTC 2017"}
        ],
        [
            {"location": [[
                {"latitude": 64.237295},
                {"longitude": 27.725589}
            ]]},
            {"altitude": 181},
            {"distance_km": 0.88},
            {"speed_kmh": 3.6},
            {"timestamp": "Mon Feb 06 14:32:08 UTC 2017"}
        ],
        [
            {"location": [[
                {"latitude": 64.237373},
                {"longitude": 27.7257}
            ]]},
            {"altitude": 179},
            {"distance_km": 0.89},
            {"speed_kmh": 3.6},
            {"timestamp": "Mon Feb 06 14:32:16 UTC 2017"}
        ],
        [
            {"location": [[
                {"latitude": 64.237457},
                {"longitude": 27.725857}
            ]]},
            {"altitude": 181.5},
            {"distance_km": 0.9},
            {"speed_kmh": 3.6},
            {"timestamp": "Mon Feb 06 14:32:26 UTC 2017"}
        ],
        [
            {"location": [[
                {"latitude": 64.237546},
                {"longitude": 27.726019}
            ]]},
            {"altitude": 183.5},
            {"distance_km": 0.91},
            {"speed_kmh": 3.6},
            {"timestamp": "Mon Feb 06 14:32:36 UTC 2017"}
        ],
        [
            {"location": [[
                {"latitude": 64.237633},
                {"longitude": 27.726127}
            ]]},
            {"altitude": 182.5},
            {"distance_km": 0.92},
            {"speed_kmh": 4.5},
            {"timestamp": "Mon Feb 06 14:32:44 UTC 2017"}
        ],
        [
            {"location": [[
                {"latitude": 64.23772},
                {"longitude": 27.726217}
            ]]},
            {"altitude": 182},
            {"distance_km": 0.93},
            {"speed_kmh": 4.5},
            {"timestamp": "Mon Feb 06 14:32:50 UTC 2017"}
        ],
        [
            {"location": [[
                {"latitude": 64.237794},
                {"longitude": 27.726375}
            ]]},
            {"altitude": 180.5},
            {"distance_km": 0.94},
            {"speed_kmh": 3.6},
            {"timestamp": "Mon Feb 06 14:33:00 UTC 2017"}
        ],
        [
            {"location": [[
                {"latitude": 64.237897},
                {"longitude": 27.726494}
            ]]},
            {"altitude": 179},
            {"distance_km": 0.96},
            {"speed_kmh": 5.4},
            {"timestamp": "Mon Feb 06 14:33:23 UTC 2017"}
        ],
        [
            {"location": [[
                {"latitude": 64.237992},
                {"longitude": 27.726558}
            ]]},
            {"altitude": 180},
            {"distance_km": 0.97},
            {"speed_kmh": 5.4},
            {"timestamp": "Mon Feb 06 14:33:29 UTC 2017"}
        ],
        [
            {"location": [[
                {"latitude": 64.238101},
                {"longitude": 27.726622}
            ]]},
            {"altitude": 181},
            {"distance_km": 0.98},
            {"speed_kmh": 4.5},
            {"timestamp": "Mon Feb 06 14:33:37 UTC 2017"}
        ],
        [
            {"location": [[
                {"latitude": 64.238184},
                {"longitude": 27.726742}
            ]]},
            {"altitude": 184.5},
            {"distance_km": 0.99},
            {"speed_kmh": 7.2},
            {"timestamp": "Mon Feb 06 14:33:44 UTC 2017"}
        ],
        [
            {"location": [[
                {"latitude": 64.23827},
                {"longitude": 27.726878}
            ]]},
            {"altitude": 185},
            {"distance_km": 1},
            {"speed_kmh": 6.3},
            {"timestamp": "Mon Feb 06 14:33:50 UTC 2017"}
        ],
        [
            {"location": [[
                {"latitude": 64.23835},
                {"longitude": 27.726996}
            ]]},
            {"altitude": 183},
            {"distance_km": 1.01},
            {"speed_kmh": 5.4},
            {"timestamp": "Mon Feb 06 14:33:56 UTC 2017"}
        ],
        [
            {"location": [[
                {"latitude": 64.238458},
                {"longitude": 27.726987}
            ]]},
            {"altitude": 180},
            {"distance_km": 1.03},
            {"speed_kmh": 5.4},
            {"timestamp": "Mon Feb 06 14:34:04 UTC 2017"}
        ],
        [
            {"location": [[
                {"latitude": 64.238549},
                {"longitude": 27.72693}
            ]]},
            {"altitude": 179},
            {"distance_km": 1.04},
            {"speed_kmh": 5.4},
            {"timestamp": "Mon Feb 06 14:34:10 UTC 2017"}
        ],
        [
            {"location": [[
                {"latitude": 64.238639},
                {"longitude": 27.726953}
            ]]},
            {"altitude": 180.5},
            {"distance_km": 1.05},
            {"speed_kmh": 5.4},
            {"timestamp": "Mon Feb 06 14:34:16 UTC 2017"}
        ],
        [
            {"location": [[
                {"latitude": 64.238728},
                {"longitude": 27.727104}
            ]]},
            {"altitude": 181.5},
            {"distance_km": 1.06},
            {"speed_kmh": 5.4},
            {"timestamp": "Mon Feb 06 14:34:24 UTC 2017"}
        ],
        [
            {"location": [[
                {"latitude": 64.238777},
                {"longitude": 27.727327}
            ]]},
            {"altitude": 183.5},
            {"distance_km": 1.07},
            {"speed_kmh": 5.4},
            {"timestamp": "Mon Feb 06 14:34:30 UTC 2017"}
        ],
        [
            {"location": [[
                {"latitude": 64.238787},
                {"longitude": 27.727586}
            ]]},
            {"altitude": 183},
            {"distance_km": 1.08},
            {"speed_kmh": 5.4},
            {"timestamp": "Mon Feb 06 14:34:38 UTC 2017"}
        ],
        [
            {"location": [[
                {"latitude": 64.238832},
                {"longitude": 27.727834}
            ]]},
            {"altitude": 183.5},
            {"distance_km": 1.1},
            {"speed_kmh": 5.4},
            {"timestamp": "Mon Feb 06 14:34:46 UTC 2017"}
        ],
        [
            {"location": [[
                {"latitude": 64.238889},
                {"longitude": 27.728064}
            ]]},
            {"altitude": 182},
            {"distance_km": 1.11},
            {"speed_kmh": 5.4},
            {"timestamp": "Mon Feb 06 14:34:54 UTC 2017"}
        ],
        [
            {"location": [[
                {"latitude": 64.238951},
                {"longitude": 27.728361}
            ]]},
            {"altitude": 183},
            {"distance_km": 1.13},
            {"speed_kmh": 8.1},
            {"timestamp": "Mon Feb 06 14:35:03 UTC 2017"}
        ],
        [
            {"location": [[
                {"latitude": 64.238991},
                {"longitude": 27.728579}
            ]]},
            {"altitude": 185.5},
            {"distance_km": 1.14},
            {"speed_kmh": 4.5},
            {"timestamp": "Mon Feb 06 14:35:11 UTC 2017"}
        ],
        [
            {"location": [[
                {"latitude": 64.23897},
                {"longitude": 27.728829}
            ]]},
            {"altitude": 185.5},
            {"distance_km": 1.15},
            {"speed_kmh": 4.5},
            {"timestamp": "Mon Feb 06 14:35:21 UTC 2017"}
        ],
        [
            {"location": [[
                {"latitude": 64.23898},
                {"longitude": 27.729064}
            ]]},
            {"altitude": 189.5},
            {"distance_km": 1.16},
            {"speed_kmh": 4.5},
            {"timestamp": "Mon Feb 06 14:35:30 UTC 2017"}
        ],
        [
            {"location": [[
                {"latitude": 64.239004},
                {"longitude": 27.729291}
            ]]},
            {"altitude": 193.5},
            {"distance_km": 1.17},
            {"speed_kmh": 4.5},
            {"timestamp": "Mon Feb 06 14:35:38 UTC 2017"}
        ],
        [
            {"location": [[
                {"latitude": 64.23904},
                {"longitude": 27.72952}
            ]]},
            {"altitude": 194},
            {"distance_km": 1.18},
            {"speed_kmh": 4.5},
            {"timestamp": "Mon Feb 06 14:35:46 UTC 2017"}
        ],
        [
            {"location": [[
                {"latitude": 64.239027},
                {"longitude": 27.729741}
            ]]},
            {"altitude": 196},
            {"distance_km": 1.19},
            {"speed_kmh": 4.5},
            {"timestamp": "Mon Feb 06 14:35:54 UTC 2017"}
        ],
        [
            {"location": [[
                {"latitude": 64.239001},
                {"longitude": 27.729975}
            ]]},
            {"altitude": 196},
            {"distance_km": 1.21},
            {"speed_kmh": 4.5},
            {"timestamp": "Mon Feb 06 14:36:02 UTC 2017"}
        ],
        [
            {"location": [[
                {"latitude": 64.238961},
                {"longitude": 27.730192}
            ]]},
            {"altitude": 196.5},
            {"distance_km": 1.22},
            {"speed_kmh": 4.5},
            {"timestamp": "Mon Feb 06 14:36:10 UTC 2017"}
        ],
        [
            {"location": [[
                {"latitude": 64.238944},
                {"longitude": 27.730433}
            ]]},
            {"altitude": 196.5},
            {"distance_km": 1.23},
            {"speed_kmh": 4.5},
            {"timestamp": "Mon Feb 06 14:36:18 UTC 2017"}
        ],
        [
            {"location": [[
                {"latitude": 64.238923},
                {"longitude": 27.730702}
            ]]},
            {"altitude": 197.5},
            {"distance_km": 1.24},
            {"speed_kmh": 4.5},
            {"timestamp": "Mon Feb 06 14:36:28 UTC 2017"}
        ],
        [
            {"location": [[
                {"latitude": 64.238917},
                {"longitude": 27.73092}
            ]]},
            {"altitude": 197},
            {"distance_km": 1.25},
            {"speed_kmh": 4.5},
            {"timestamp": "Mon Feb 06 14:36:36 UTC 2017"}
        ],
        [
            {"location": [[
                {"latitude": 64.238925},
                {"longitude": 27.731206}
            ]]},
            {"altitude": 198},
            {"distance_km": 1.27},
            {"speed_kmh": 4.5},
            {"timestamp": "Mon Feb 06 14:36:45 UTC 2017"}
        ],
        [
            {"location": [[
                {"latitude": 64.238943},
                {"longitude": 27.731459}
            ]]},
            {"altitude": 198},
            {"distance_km": 1.28},
            {"speed_kmh": 4.5},
            {"timestamp": "Mon Feb 06 14:36:53 UTC 2017"}
        ],
        [
            {"location": [[
                {"latitude": 64.238923},
                {"longitude": 27.731713}
            ]]},
            {"altitude": 197},
            {"distance_km": 1.29},
            {"speed_kmh": 4.5},
            {"timestamp": "Mon Feb 06 14:37:01 UTC 2017"}
        ],
        [
            {"location": [[
                {"latitude": 64.238922},
                {"longitude": 27.731947}
            ]]},
            {"altitude": 196.5},
            {"distance_km": 1.3},
            {"speed_kmh": 4.5},
            {"timestamp": "Mon Feb 06 14:37:09 UTC 2017"}
        ],
        [
            {"location": [[
                {"latitude": 64.238925},
                {"longitude": 27.732203}
            ]]},
            {"altitude": 194.5},
            {"distance_km": 1.32},
            {"speed_kmh": 4.5},
            {"timestamp": "Mon Feb 06 14:37:20 UTC 2017"}
        ],
        [
            {"location": [[
                {"latitude": 64.238881},
                {"longitude": 27.73241}
            ]]},
            {"altitude": 190},
            {"distance_km": 1.33},
            {"speed_kmh": 3.6},
            {"timestamp": "Mon Feb 06 14:37:30 UTC 2017"}
        ],
        [
            {"location": [[
                {"latitude": 64.23886},
                {"longitude": 27.732614}
            ]]},
            {"altitude": 192.5},
            {"distance_km": 1.34},
            {"speed_kmh": 1.8},
            {"timestamp": "Mon Feb 06 14:37:38 UTC 2017"}
        ],
        [
            {"location": [[
                {"latitude": 64.238808},
                {"longitude": 27.732852}
            ]]},
            {"altitude": 194},
            {"distance_km": 1.35},
            {"speed_kmh": 3.6},
            {"timestamp": "Mon Feb 06 14:37:46 UTC 2017"}
        ],
        [
            {"location": [[
                {"latitude": 64.238708},
                {"longitude": 27.732962}
            ]]},
            {"altitude": 194.5},
            {"distance_km": 1.36},
            {"speed_kmh": 3.6},
            {"timestamp": "Mon Feb 06 14:37:56 UTC 2017"}
        ],
        [
            {"location": [[
                {"latitude": 64.238619},
                {"longitude": 27.732994}
            ]]},
            {"altitude": 194.5},
            {"distance_km": 1.37},
            {"speed_kmh": 3.6},
            {"timestamp": "Mon Feb 06 14:38:02 UTC 2017"}
        ],
        [
            {"location": [[
                {"latitude": 64.238524},
                {"longitude": 27.733043}
            ]]},
            {"altitude": 194.5},
            {"distance_km": 1.38},
            {"speed_kmh": 3.6},
            {"timestamp": "Mon Feb 06 14:38:10 UTC 2017"}
        ],
        [
            {"location": [[
                {"latitude": 64.23841},
                {"longitude": 27.733077}
            ]]},
            {"altitude": 195.5},
            {"distance_km": 1.4},
            {"speed_kmh": 4.5},
            {"timestamp": "Mon Feb 06 14:38:16 UTC 2017"}
        ],
        [
            {"location": [[
                {"latitude": 64.238319},
                {"longitude": 27.733074}
            ]]},
            {"altitude": 196},
            {"distance_km": 1.41},
            {"speed_kmh": 4.5},
            {"timestamp": "Mon Feb 06 14:38:22 UTC 2017"}
        ],
        [
            {"location": [[
                {"latitude": 64.238226},
                {"longitude": 27.732996}
            ]]},
            {"altitude": 190},
            {"distance_km": 1.42},
            {"speed_kmh": 4.5},
            {"timestamp": "Mon Feb 06 14:38:30 UTC 2017"}
        ],
        [
            {"location": [[
                {"latitude": 64.238135},
                {"longitude": 27.7329}
            ]]},
            {"altitude": 188},
            {"distance_km": 1.43},
            {"speed_kmh": 5.4},
            {"timestamp": "Mon Feb 06 14:38:36 UTC 2017"}
        ],
        [
            {"location": [[
                {"latitude": 64.238029},
                {"longitude": 27.732802}
            ]]},
            {"altitude": 187},
            {"distance_km": 1.44},
            {"speed_kmh": 5.4},
            {"timestamp": "Mon Feb 06 14:38:43 UTC 2017"}
        ],
        [
            {"location": [[
                {"latitude": 64.23793},
                {"longitude": 27.732736}
            ]]},
            {"altitude": 185},
            {"distance_km": 1.45},
            {"speed_kmh": 6.3},
            {"timestamp": "Mon Feb 06 14:38:49 UTC 2017"}
        ],
        [
            {"location": [[
                {"latitude": 64.237836},
                {"longitude": 27.732663}
            ]]},
            {"altitude": 183.5},
            {"distance_km": 1.46},
            {"speed_kmh": 5.4},
            {"timestamp": "Mon Feb 06 14:38:55 UTC 2017"}
        ],
        [
            {"location": [[
                {"latitude": 64.237735},
                {"longitude": 27.732586}
            ]]},
            {"altitude": 184.5},
            {"distance_km": 1.48},
            {"speed_kmh": 5.4},
            {"timestamp": "Mon Feb 06 14:39:03 UTC 2017"}
        ],
        [
            {"location": [[
                {"latitude": 64.237638},
                {"longitude": 27.732529}
            ]]},
            {"altitude": 185},
            {"distance_km": 1.49},
            {"speed_kmh": 6.3},
            {"timestamp": "Mon Feb 06 14:39:12 UTC 2017"}
        ],
        [
            {"location": [[
                {"latitude": 64.237553},
                {"longitude": 27.732452}
            ]]},
            {"altitude": 185.5},
            {"distance_km": 1.5},
            {"speed_kmh": 5.4},
            {"timestamp": "Mon Feb 06 14:39:18 UTC 2017"}
        ],
        [
            {"location": [[
                {"latitude": 64.237467},
                {"longitude": 27.73239}
            ]]},
            {"altitude": 187},
            {"distance_km": 1.51},
            {"speed_kmh": 5.4},
            {"timestamp": "Mon Feb 06 14:39:24 UTC 2017"}
        ],
        [
            {"location": [[
                {"latitude": 64.237364},
                {"longitude": 27.732307}
            ]]},
            {"altitude": 187},
            {"distance_km": 1.52},
            {"speed_kmh": 5.4},
            {"timestamp": "Mon Feb 06 14:39:32 UTC 2017"}
        ],
        [
            {"location": [[
                {"latitude": 64.237259},
                {"longitude": 27.732165}
            ]]},
            {"altitude": 185.5},
            {"distance_km": 1.53},
            {"speed_kmh": 6.3},
            {"timestamp": "Mon Feb 06 14:39:40 UTC 2017"}
        ],
        [
            {"location": [[
                {"latitude": 64.237158},
                {"longitude": 27.732113}
            ]]},
            {"altitude": 185},
            {"distance_km": 1.54},
            {"speed_kmh": 4.5},
            {"timestamp": "Mon Feb 06 14:39:48 UTC 2017"}
        ],
        [
            {"location": [[
                {"latitude": 64.237064},
                {"longitude": 27.732073}
            ]]},
            {"altitude": 187},
            {"distance_km": 1.55},
            {"speed_kmh": 5.4},
            {"timestamp": "Mon Feb 06 14:39:54 UTC 2017"}
        ],
        [
            {"location": [[
                {"latitude": 64.236971},
                {"longitude": 27.732025}
            ]]},
            {"altitude": 185.5},
            {"distance_km": 1.56},
            {"speed_kmh": 5.4},
            {"timestamp": "Mon Feb 06 14:40:00 UTC 2017"}
        ],
        [
            {"location": [[
                {"latitude": 64.236884},
                {"longitude": 27.731969}
            ]]},
            {"altitude": 185},
            {"distance_km": 1.57},
            {"speed_kmh": 5.4},
            {"timestamp": "Mon Feb 06 14:40:06 UTC 2017"}
        ],
        [
            {"location": [[
                {"latitude": 64.23679},
                {"longitude": 27.731962}
            ]]},
            {"altitude": 187},
            {"distance_km": 1.59},
            {"speed_kmh": 5.4},
            {"timestamp": "Mon Feb 06 14:40:12 UTC 2017"}
        ],
        [
            {"location": [[
                {"latitude": 64.236682},
                {"longitude": 27.731954}
            ]]},
            {"altitude": 187},
            {"distance_km": 1.6},
            {"speed_kmh": 5.4},
            {"timestamp": "Mon Feb 06 14:40:19 UTC 2017"}
        ],
        [
            {"location": [[
                {"latitude": 64.236591},
                {"longitude": 27.731951}
            ]]},
            {"altitude": 188.5},
            {"distance_km": 1.61},
            {"speed_kmh": 5.4},
            {"timestamp": "Mon Feb 06 14:40:25 UTC 2017"}
        ],
        [
            {"location": [[
                {"latitude": 64.236478},
                {"longitude": 27.731961}
            ]]},
            {"altitude": 188},
            {"distance_km": 1.62},
            {"speed_kmh": 4.5},
            {"timestamp": "Mon Feb 06 14:40:33 UTC 2017"}
        ],
        [
            {"location": [[
                {"latitude": 64.236364},
                {"longitude": 27.731963}
            ]]},
            {"altitude": 185},
            {"distance_km": 1.63},
            {"speed_kmh": 4.5},
            {"timestamp": "Mon Feb 06 14:40:42 UTC 2017"}
        ],
        [
            {"location": [[
                {"latitude": 64.236272},
                {"longitude": 27.731999}
            ]]},
            {"altitude": 183.5},
            {"distance_km": 1.64},
            {"speed_kmh": 4.5},
            {"timestamp": "Mon Feb 06 14:40:48 UTC 2017"}
        ],
        [
            {"location": [[
                {"latitude": 64.236166},
                {"longitude": 27.732043}
            ]]},
            {"altitude": 183.5},
            {"distance_km": 1.66},
            {"speed_kmh": 4.5},
            {"timestamp": "Mon Feb 06 14:40:56 UTC 2017"}
        ],
        [
            {"location": [[
                {"latitude": 64.236049},
                {"longitude": 27.732048}
            ]]},
            {"altitude": 184.5},
            {"distance_km": 1.67},
            {"speed_kmh": 4.5},
            {"timestamp": "Mon Feb 06 14:41:04 UTC 2017"}
        ],
        [
            {"location": [[
                {"latitude": 64.235947},
                {"longitude": 27.732059}
            ]]},
            {"altitude": 186.5},
            {"distance_km": 1.68},
            {"speed_kmh": 4.5},
            {"timestamp": "Mon Feb 06 14:41:10 UTC 2017"}
        ],
        [
            {"location": [[
                {"latitude": 64.235854},
                {"longitude": 27.732051}
            ]]},
            {"altitude": 185.5},
            {"distance_km": 1.69},
            {"speed_kmh": 4.5},
            {"timestamp": "Mon Feb 06 14:41:16 UTC 2017"}
        ],
        [
            {"location": [[
                {"latitude": 64.235725},
                {"longitude": 27.732061}
            ]]},
            {"altitude": 186},
            {"distance_km": 1.7},
            {"speed_kmh": 4.5},
            {"timestamp": "Mon Feb 06 14:41:24 UTC 2017"}
        ],
        [
            {"location": [[
                {"latitude": 64.235603},
                {"longitude": 27.732064}
            ]]},
            {"altitude": 186.5},
            {"distance_km": 1.72},
            {"speed_kmh": 4.5},
            {"timestamp": "Mon Feb 06 14:41:32 UTC 2017"}
        ],
        [
            {"location": [[
                {"latitude": 64.235506},
                {"longitude": 27.732067}
            ]]},
            {"altitude": 186},
            {"distance_km": 1.73},
            {"speed_kmh": 4.5},
            {"timestamp": "Mon Feb 06 14:41:38 UTC 2017"}
        ],
        [
            {"location": [[
                {"latitude": 64.235413},
                {"longitude": 27.732061}
            ]]},
            {"altitude": 184.5},
            {"distance_km": 1.74},
            {"speed_kmh": 4.5},
            {"timestamp": "Mon Feb 06 14:41:44 UTC 2017"}
        ],
        [
            {"location": [[
                {"latitude": 64.235304},
                {"longitude": 27.732057}
            ]]},
            {"altitude": 183.5},
            {"distance_km": 1.75},
            {"speed_kmh": 4.5},
            {"timestamp": "Mon Feb 06 14:41:52 UTC 2017"}
        ],
        [
            {"location": [[
                {"latitude": 64.235193},
                {"longitude": 27.732088}
            ]]},
            {"altitude": 183.5},
            {"distance_km": 1.76},
            {"speed_kmh": 3.6},
            {"timestamp": "Mon Feb 06 14:42:01 UTC 2017"}
        ],
        [
            {"location": [[
                {"latitude": 64.235093},
                {"longitude": 27.732084}
            ]]},
            {"altitude": 184.5},
            {"distance_km": 1.77},
            {"speed_kmh": 3.6},
            {"timestamp": "Mon Feb 06 14:42:09 UTC 2017"}
        ],
        [
            {"location": [[
                {"latitude": 64.234987},
                {"longitude": 27.732063}
            ]]},
            {"altitude": 181},
            {"distance_km": 1.79},
            {"speed_kmh": 4.5},
            {"timestamp": "Mon Feb 06 14:42:21 UTC 2017"}
        ],
        [
            {"location": [[
                {"latitude": 64.234893},
                {"longitude": 27.732068}
            ]]},
            {"altitude": 181},
            {"distance_km": 1.8},
            {"speed_kmh": 4.5},
            {"timestamp": "Mon Feb 06 14:42:28 UTC 2017"}
        ],
        [
            {"location": [[
                {"latitude": 64.234782},
                {"longitude": 27.73205}
            ]]},
            {"altitude": 178},
            {"distance_km": 1.81},
            {"speed_kmh": 4.5},
            {"timestamp": "Mon Feb 06 14:42:36 UTC 2017"}
        ],
        [
            {"location": [[
                {"latitude": 64.23468},
                {"longitude": 27.732096}
            ]]},
            {"altitude": 180},
            {"distance_km": 1.82},
            {"speed_kmh": 4.5},
            {"timestamp": "Mon Feb 06 14:42:42 UTC 2017"}
        ],
        [
            {"location": [[
                {"latitude": 64.234586},
                {"longitude": 27.732115}
            ]]},
            {"altitude": 179.5},
            {"distance_km": 1.83},
            {"speed_kmh": 4.5},
            {"timestamp": "Mon Feb 06 14:42:48 UTC 2017"}
        ],
        [
            {"location": [[
                {"latitude": 64.234479},
                {"longitude": 27.732111}
            ]]},
            {"altitude": 177},
            {"distance_km": 1.84},
            {"speed_kmh": 4.5},
            {"timestamp": "Mon Feb 06 14:42:56 UTC 2017"}
        ],
        [
            {"location": [[
                {"latitude": 64.234377},
                {"longitude": 27.732158}
            ]]},
            {"altitude": 181.5},
            {"distance_km": 1.86},
            {"speed_kmh": 4.5},
            {"timestamp": "Mon Feb 06 14:43:04 UTC 2017"}
        ],
        [
            {"location": [[
                {"latitude": 64.23428},
                {"longitude": 27.732201}
            ]]},
            {"altitude": 181},
            {"distance_km": 1.87},
            {"speed_kmh": 4.5},
            {"timestamp": "Mon Feb 06 14:43:10 UTC 2017"}
        ],
        [
            {"location": [[
                {"latitude": 64.234187},
                {"longitude": 27.732238}
            ]]},
            {"altitude": 179},
            {"distance_km": 1.88},
            {"speed_kmh": 4.5},
            {"timestamp": "Mon Feb 06 14:43:16 UTC 2017"}
        ],
        [
            {"location": [[
                {"latitude": 64.234081},
                {"longitude": 27.73231}
            ]]},
            {"altitude": 176.5},
            {"distance_km": 1.89},
            {"speed_kmh": 5.4},
            {"timestamp": "Mon Feb 06 14:43:24 UTC 2017"}
        ],
        [
            {"location": [[
                {"latitude": 64.233993},
                {"longitude": 27.732376}
            ]]},
            {"altitude": 176.5},
            {"distance_km": 1.9},
            {"speed_kmh": 0},
            {"timestamp": "Mon Feb 06 14:43:30 UTC 2017"}
        ],
        [
            {"location": [[
                {"latitude": 64.2339},
                {"longitude": 27.732455}
            ]]},
            {"altitude": 174.5},
            {"distance_km": 1.91},
            {"speed_kmh": 6.3},
            {"timestamp": "Mon Feb 06 14:43:38 UTC 2017"}
        ],
        [
            {"location": [[
                {"latitude": 64.233804},
                {"longitude": 27.732572}
            ]]},
            {"altitude": 175},
            {"distance_km": 1.92},
            {"speed_kmh": 5.4},
            {"timestamp": "Mon Feb 06 14:43:44 UTC 2017"}
        ],
        [
            {"location": [[
                {"latitude": 64.233721},
                {"longitude": 27.732671}
            ]]},
            {"altitude": 174},
            {"distance_km": 1.93},
            {"speed_kmh": 4.5},
            {"timestamp": "Mon Feb 06 14:43:50 UTC 2017"}
        ],
        [
            {"location": [[
                {"latitude": 64.233617},
                {"longitude": 27.732797}
            ]]},
            {"altitude": 176.5},
            {"distance_km": 1.95},
            {"speed_kmh": 5.4},
            {"timestamp": "Mon Feb 06 14:43:57 UTC 2017"}
        ],
        [
            {"location": [[
                {"latitude": 64.233525},
                {"longitude": 27.73288}
            ]]},
            {"altitude": 176},
            {"distance_km": 1.96},
            {"speed_kmh": 5.4},
            {"timestamp": "Mon Feb 06 14:44:03 UTC 2017"}
        ],
        [
            {"location": [[
                {"latitude": 64.233426},
                {"longitude": 27.732944}
            ]]},
            {"altitude": 173},
            {"distance_km": 1.97},
            {"speed_kmh": 4.5},
            {"timestamp": "Mon Feb 06 14:44:11 UTC 2017"}
        ],
        [
            {"location": [[
                {"latitude": 64.233343},
                {"longitude": 27.733056}
            ]]},
            {"altitude": 171},
            {"distance_km": 1.98},
            {"speed_kmh": 6.3},
            {"timestamp": "Mon Feb 06 14:44:42 UTC 2017"}
        ],
        [
            {"location": [[
                {"latitude": 64.233251},
                {"longitude": 27.733163}
            ]]},
            {"altitude": 170.5},
            {"distance_km": 1.99},
            {"speed_kmh": 6.3},
            {"timestamp": "Mon Feb 06 14:44:48 UTC 2017"}
        ],
        [
            {"location": [[
                {"latitude": 64.233155},
                {"longitude": 27.733266}
            ]]},
            {"altitude": 168},
            {"distance_km": 2},
            {"speed_kmh": 5.4},
            {"timestamp": "Mon Feb 06 14:44:54 UTC 2017"}
        ],
        [
            {"location": [[
                {"latitude": 64.233061},
                {"longitude": 27.733365}
            ]]},
            {"altitude": 164.5},
            {"distance_km": 2.01},
            {"speed_kmh": 5.4},
            {"timestamp": "Mon Feb 06 14:45:02 UTC 2017"}
        ],
        [
            {"location": [[
                {"latitude": 64.232954},
                {"longitude": 27.733466}
            ]]},
            {"altitude": 166.5},
            {"distance_km": 2.03},
            {"speed_kmh": 5.4},
            {"timestamp": "Mon Feb 06 14:45:10 UTC 2017"}
        ],
        [
            {"location": [[
                {"latitude": 64.232857},
                {"longitude": 27.733427}
            ]]},
            {"altitude": 163.5},
            {"distance_km": 2.04},
            {"speed_kmh": 5.4},
            {"timestamp": "Mon Feb 06 14:45:18 UTC 2017"}
        ],
        [
            {"location": [[
                {"latitude": 64.232843},
                {"longitude": 27.733218}
            ]]},
            {"altitude": 153},
            {"distance_km": 2.05},
            {"speed_kmh": 5.4},
            {"timestamp": "Mon Feb 06 14:45:24 UTC 2017"}
        ],
        [
            {"location": [[
                {"latitude": 64.23275},
                {"longitude": 27.733214}
            ]]},
            {"altitude": 151.5},
            {"distance_km": 2.06},
            {"speed_kmh": 3.6},
            {"timestamp": "Mon Feb 06 14:45:45 UTC 2017"}
        ],
        [
            {"location": [[
                {"latitude": 64.23268},
                {"longitude": 27.733073}
            ]]},
            {"altitude": 149.5},
            {"distance_km": 2.07},
            {"speed_kmh": 3.6},
            {"timestamp": "Mon Feb 06 14:45:57 UTC 2017"}
        ],
        [
            {"location": [[
                {"latitude": 64.232706},
                {"longitude": 27.73287}
            ]]},
            {"altitude": 150},
            {"distance_km": 2.08},
            {"speed_kmh": 5.4},
            {"timestamp": "Mon Feb 06 14:46:08 UTC 2017"}
        ],
        [
            {"location": [[
                {"latitude": 64.232714},
                {"longitude": 27.732628}
            ]]},
            {"altitude": 149.5},
            {"distance_km": 2.09},
            {"speed_kmh": 5.4},
            {"timestamp": "Mon Feb 06 14:46:16 UTC 2017"}
        ],
        [
            {"location": [[
                {"latitude": 64.232736},
                {"longitude": 27.732389}
            ]]},
            {"altitude": 149.5},
            {"distance_km": 2.1},
            {"speed_kmh": 5.4},
            {"timestamp": "Mon Feb 06 14:46:24 UTC 2017"}
        ],
        [
            {"location": [[
                {"latitude": 64.232769},
                {"longitude": 27.732153}
            ]]},
            {"altitude": 151.5},
            {"distance_km": 2.11},
            {"speed_kmh": 5.4},
            {"timestamp": "Mon Feb 06 14:46:32 UTC 2017"}
        ],
        [
            {"location": [[
                {"latitude": 64.23279},
                {"longitude": 27.731941}
            ]]},
            {"altitude": 153},
            {"distance_km": 2.12},
            {"speed_kmh": 4.5},
            {"timestamp": "Mon Feb 06 14:46:40 UTC 2017"}
        ],
        [
            {"location": [[
                {"latitude": 64.232807},
                {"longitude": 27.731736}
            ]]},
            {"altitude": 153},
            {"distance_km": 2.13},
            {"speed_kmh": 5.4},
            {"timestamp": "Mon Feb 06 14:46:46 UTC 2017"}
        ],
        [
            {"location": [[
                {"latitude": 64.23283},
                {"longitude": 27.731497}
            ]]},
            {"altitude": 153.5},
            {"distance_km": 2.15},
            {"speed_kmh": 5.4},
            {"timestamp": "Mon Feb 06 14:46:54 UTC 2017"}
        ],
        [
            {"location": [[
                {"latitude": 64.23274},
                {"longitude": 27.731375}
            ]]},
            {"altitude": 154},
            {"distance_km": 2.16},
            {"speed_kmh": 5.4},
            {"timestamp": "Mon Feb 06 14:47:04 UTC 2017"}
        ],
        [
            {"location": [[
                {"latitude": 64.232645},
                {"longitude": 27.731323}
            ]]},
            {"altitude": 152},
            {"distance_km": 2.17},
            {"speed_kmh": 5.4},
            {"timestamp": "Mon Feb 06 14:47:12 UTC 2017"}
        ],
        [
            {"location": [[
                {"latitude": 64.232554},
                {"longitude": 27.731269}
            ]]},
            {"altitude": 152},
            {"distance_km": 2.18},
            {"speed_kmh": 6.3},
            {"timestamp": "Mon Feb 06 14:47:18 UTC 2017"}
        ],
        [
            {"location": [[
                {"latitude": 64.232428},
                {"longitude": 27.731212}
            ]]},
            {"altitude": 152},
            {"distance_km": 2.19},
            {"speed_kmh": 5.4},
            {"timestamp": "Mon Feb 06 14:47:27 UTC 2017"}
        ],
        [
            {"location": [[
                {"latitude": 64.232348},
                {"longitude": 27.731078}
            ]]},
            {"altitude": 153},
            {"distance_km": 2.21},
            {"speed_kmh": 5.4},
            {"timestamp": "Mon Feb 06 14:47:35 UTC 2017"}
        ],
        [
            {"location": [[
                {"latitude": 64.232267},
                {"longitude": 27.73095}
            ]]},
            {"altitude": 153},
            {"distance_km": 2.22},
            {"speed_kmh": 5.4},
            {"timestamp": "Mon Feb 06 14:47:43 UTC 2017"}
        ],
        [
            {"location": [[
                {"latitude": 64.232168},
                {"longitude": 27.730826}
            ]]},
            {"altitude": 152},
            {"distance_km": 2.23},
            {"speed_kmh": 5.4},
            {"timestamp": "Mon Feb 06 14:47:52 UTC 2017"}
        ],
        [
            {"location": [[
                {"latitude": 64.232069},
                {"longitude": 27.730688}
            ]]},
            {"altitude": 153.5},
            {"distance_km": 2.24},
            {"speed_kmh": 5.4},
            {"timestamp": "Mon Feb 06 14:48:00 UTC 2017"}
        ],
        [
            {"location": [[
                {"latitude": 64.231991},
                {"longitude": 27.730583}
            ]]},
            {"altitude": 153},
            {"distance_km": 2.25},
            {"speed_kmh": 5.4},
            {"timestamp": "Mon Feb 06 14:48:06 UTC 2017"}
        ],
        [
            {"location": [[
                {"latitude": 64.231916},
                {"longitude": 27.730466}
            ]]},
            {"altitude": 152.5},
            {"distance_km": 2.26},
            {"speed_kmh": 6.3},
            {"timestamp": "Mon Feb 06 14:48:12 UTC 2017"}
        ],
        [
            {"location": [[
                {"latitude": 64.231839},
                {"longitude": 27.73032}
            ]]},
            {"altitude": 152.5},
            {"distance_km": 2.27},
            {"speed_kmh": 5.4},
            {"timestamp": "Mon Feb 06 14:48:22 UTC 2017"}
        ],
        [
            {"location": [[
                {"latitude": 64.231766},
                {"longitude": 27.730197}
            ]]},
            {"altitude": 150.5},
            {"distance_km": 2.28},
            {"speed_kmh": 5.4},
            {"timestamp": "Mon Feb 06 14:48:28 UTC 2017"}
        ],
        [
            {"location": [[
                {"latitude": 64.23169},
                {"longitude": 27.729996}
            ]]},
            {"altitude": 148.5},
            {"distance_km": 2.3},
            {"speed_kmh": 5.4},
            {"timestamp": "Mon Feb 06 14:48:36 UTC 2017"}
        ],
        [
            {"location": [[
                {"latitude": 64.231646},
                {"longitude": 27.729755}
            ]]},
            {"altitude": 146.5},
            {"distance_km": 2.31},
            {"speed_kmh": 5.4},
            {"timestamp": "Mon Feb 06 14:48:44 UTC 2017"}
        ],
        [
            {"location": [[
                {"latitude": 64.231718},
                {"longitude": 27.729596}
            ]]},
            {"altitude": 144},
            {"distance_km": 2.32},
            {"speed_kmh": 2.7},
            {"timestamp": "Mon Feb 06 14:48:54 UTC 2017"}
        ],
        [
            {"location": [[
                {"latitude": 64.231766},
                {"longitude": 27.729563}
            ]]},
            {"altitude": 144.5},
            {"distance_km": 2.32},
            {"speed_kmh": 0},
            {"timestamp": "Mon Feb 06 14:49:24 UTC 2017"}
        ],
        [
            {"location": [[
                {"latitude": 64.231766},
                {"longitude": 27.729563}
            ]]},
            {"altitude": 144.5},
            {"distance_km": 2.32},
            {"speed_kmh": 0},
            {"timestamp": "Mon Feb 06 14:49:24 UTC 2017"}
        ]
    ]}
]