[
    {"sport": "WALKING"},
    {"source": "TRACK_MOBILE"},
    {"created_date": "2017-06-01 14:35:12.0"},
    {"start_time": "2017-06-01 14:34:08.0"},
    {"end_time": "2017-06-01 15:09:58.0"},
    {"duration_s": 2149},
    {"distance_km": 2.88},
    {"calories_kcal": 206.061},
    {"altitude_min_m": 145},
    {"altitude_max_m": 191},
    {"speed_avg_kmh": 4.8245695672405775},
    {"speed_max_kmh": 8.1},
    {"ascend_m": 144.5},
    {"descend_m": 160},
    {"points": [
        [
            {"location": [[
                {"latitude": 64.231794},
                {"longitude": 27.729408}
            ]]},
            {"distance_km": 0},
            {"timestamp": "Thu Jun 01 14:34:08 UTC 2017"}
        ],
        [
            {"location": [[
                {"latitude": 64.231794},
                {"longitude": 27.729408}
            ]]},
            {"altitude": 166.5},
            {"distance_km": 0},
            {"speed_kmh": 0},
            {"timestamp": "Thu Jun 01 14:34:20 UTC 2017"}
        ],
        [
            {"location": [[
                {"latitude": 64.231729},
                {"longitude": 27.729564}
            ]]},
            {"altitude": 168},
            {"distance_km": 0.01},
            {"speed_kmh": 4.5},
            {"timestamp": "Thu Jun 01 14:34:52 UTC 2017"}
        ],
        [
            {"location": [[
                {"latitude": 64.231679},
                {"longitude": 27.729753}
            ]]},
            {"altitude": 173},
            {"distance_km": 0.02},
            {"speed_kmh": 4.5},
            {"timestamp": "Thu Jun 01 14:35:00 UTC 2017"}
        ],
        [
            {"location": [[
                {"latitude": 64.231692},
                {"longitude": 27.730003}
            ]]},
            {"altitude": 178},
            {"distance_km": 0.03},
            {"speed_kmh": 3.6},
            {"timestamp": "Thu Jun 01 14:35:08 UTC 2017"}
        ],
        [
            {"location": [[
                {"latitude": 64.231776},
                {"longitude": 27.730105}
            ]]},
            {"altitude": 174},
            {"distance_km": 0.04},
            {"speed_kmh": 3.6},
            {"timestamp": "Thu Jun 01 14:35:16 UTC 2017"}
        ],
        [
            {"location": [[
                {"latitude": 64.231898},
                {"longitude": 27.730118}
            ]]},
            {"altitude": 164.5},
            {"distance_km": 0.06},
            {"speed_kmh": 3.6},
            {"timestamp": "Thu Jun 01 14:35:25 UTC 2017"}
        ],
        [
            {"location": [[
                {"latitude": 64.231997},
                {"longitude": 27.730179}
            ]]},
            {"altitude": 164},
            {"distance_km": 0.07},
            {"speed_kmh": 4.5},
            {"timestamp": "Thu Jun 01 14:35:31 UTC 2017"}
        ],
        [
            {"location": [[
                {"latitude": 64.232092},
                {"longitude": 27.730302}
            ]]},
            {"altitude": 168.5},
            {"distance_km": 0.08},
            {"speed_kmh": 4.5},
            {"timestamp": "Thu Jun 01 14:35:39 UTC 2017"}
        ],
        [
            {"location": [[
                {"latitude": 64.232182},
                {"longitude": 27.730452}
            ]]},
            {"altitude": 160},
            {"distance_km": 0.09},
            {"speed_kmh": 2.7},
            {"timestamp": "Thu Jun 01 14:35:45 UTC 2017"}
        ],
        [
            {"location": [[
                {"latitude": 64.232277},
                {"longitude": 27.730615}
            ]]},
            {"altitude": 154},
            {"distance_km": 0.11},
            {"speed_kmh": 3.6},
            {"timestamp": "Thu Jun 01 14:35:53 UTC 2017"}
        ],
        [
            {"location": [[
                {"latitude": 64.23236},
                {"longitude": 27.730778}
            ]]},
            {"altitude": 150},
            {"distance_km": 0.12},
            {"speed_kmh": 3.6},
            {"timestamp": "Thu Jun 01 14:36:02 UTC 2017"}
        ],
        [
            {"location": [[
                {"latitude": 64.232448},
                {"longitude": 27.730861}
            ]]},
            {"altitude": 149},
            {"distance_km": 0.13},
            {"speed_kmh": 3.6},
            {"timestamp": "Thu Jun 01 14:36:10 UTC 2017"}
        ],
        [
            {"location": [[
                {"latitude": 64.232545},
                {"longitude": 27.730935}
            ]]},
            {"altitude": 148},
            {"distance_km": 0.14},
            {"speed_kmh": 4.5},
            {"timestamp": "Thu Jun 01 14:36:18 UTC 2017"}
        ],
        [
            {"location": [[
                {"latitude": 64.232646},
                {"longitude": 27.730993}
            ]]},
            {"altitude": 148.5},
            {"distance_km": 0.15},
            {"speed_kmh": 4.5},
            {"timestamp": "Thu Jun 01 14:36:26 UTC 2017"}
        ],
        [
            {"location": [[
                {"latitude": 64.232727},
                {"longitude": 27.731092}
            ]]},
            {"altitude": 154.5},
            {"distance_km": 0.16},
            {"speed_kmh": 4.5},
            {"timestamp": "Thu Jun 01 14:36:32 UTC 2017"}
        ],
        [
            {"location": [[
                {"latitude": 64.232827},
                {"longitude": 27.731208}
            ]]},
            {"altitude": 157},
            {"distance_km": 0.18},
            {"speed_kmh": 4.5},
            {"timestamp": "Thu Jun 01 14:36:40 UTC 2017"}
        ],
        [
            {"location": [[
                {"latitude": 64.232923},
                {"longitude": 27.731263}
            ]]},
            {"altitude": 160},
            {"distance_km": 0.19},
            {"speed_kmh": 6.3},
            {"timestamp": "Thu Jun 01 14:36:46 UTC 2017"}
        ],
        [
            {"location": [[
                {"latitude": 64.23302},
                {"longitude": 27.731248}
            ]]},
            {"altitude": 161},
            {"distance_km": 0.2},
            {"speed_kmh": 5.4},
            {"timestamp": "Thu Jun 01 14:36:55 UTC 2017"}
        ],
        [
            {"location": [[
                {"latitude": 64.233066},
                {"longitude": 27.731053}
            ]]},
            {"altitude": 162.5},
            {"distance_km": 0.21},
            {"speed_kmh": 5.4},
            {"timestamp": "Thu Jun 01 14:37:03 UTC 2017"}
        ],
        [
            {"location": [[
                {"latitude": 64.233126},
                {"longitude": 27.730829}
            ]]},
            {"altitude": 160.5},
            {"distance_km": 0.22},
            {"speed_kmh": 5.4},
            {"timestamp": "Thu Jun 01 14:37:11 UTC 2017"}
        ],
        [
            {"location": [[
                {"latitude": 64.23319},
                {"longitude": 27.730682}
            ]]},
            {"altitude": 158.5},
            {"distance_km": 0.23},
            {"speed_kmh": 5.4},
            {"timestamp": "Thu Jun 01 14:37:17 UTC 2017"}
        ],
        [
            {"location": [[
                {"latitude": 64.233245},
                {"longitude": 27.730475}
            ]]},
            {"altitude": 157.5},
            {"distance_km": 0.24},
            {"speed_kmh": 4.5},
            {"timestamp": "Thu Jun 01 14:37:25 UTC 2017"}
        ],
        [
            {"location": [[
                {"latitude": 64.233278},
                {"longitude": 27.73026}
            ]]},
            {"altitude": 156},
            {"distance_km": 0.25},
            {"speed_kmh": 3.6},
            {"timestamp": "Thu Jun 01 14:37:58 UTC 2017"}
        ],
        [
            {"location": [[
                {"latitude": 64.233352},
                {"longitude": 27.730068}
            ]]},
            {"altitude": 155.5},
            {"distance_km": 0.27},
            {"speed_kmh": 4.5},
            {"timestamp": "Thu Jun 01 14:38:24 UTC 2017"}
        ],
        [
            {"location": [[
                {"latitude": 64.233425},
                {"longitude": 27.729838}
            ]]},
            {"altitude": 156.5},
            {"distance_km": 0.28},
            {"speed_kmh": 5.4},
            {"timestamp": "Thu Jun 01 14:38:32 UTC 2017"}
        ],
        [
            {"location": [[
                {"latitude": 64.23348},
                {"longitude": 27.729615}
            ]]},
            {"altitude": 161},
            {"distance_km": 0.29},
            {"speed_kmh": 4.5},
            {"timestamp": "Thu Jun 01 14:38:40 UTC 2017"}
        ],
        [
            {"location": [[
                {"latitude": 64.233588},
                {"longitude": 27.729533}
            ]]},
            {"altitude": 166.5},
            {"distance_km": 0.3},
            {"speed_kmh": 5.4},
            {"timestamp": "Thu Jun 01 14:39:15 UTC 2017"}
        ],
        [
            {"location": [[
                {"latitude": 64.233699},
                {"longitude": 27.729552}
            ]]},
            {"altitude": 164.5},
            {"distance_km": 0.32},
            {"speed_kmh": 4.5},
            {"timestamp": "Thu Jun 01 14:39:23 UTC 2017"}
        ],
        [
            {"location": [[
                {"latitude": 64.233792},
                {"longitude": 27.729454}
            ]]},
            {"altitude": 168},
            {"distance_km": 0.33},
            {"speed_kmh": 2.7},
            {"timestamp": "Thu Jun 01 14:39:33 UTC 2017"}
        ],
        [
            {"location": [[
                {"latitude": 64.233835},
                {"longitude": 27.729267}
            ]]},
            {"altitude": 170},
            {"distance_km": 0.34},
            {"speed_kmh": 3.6},
            {"timestamp": "Thu Jun 01 14:39:41 UTC 2017"}
        ],
        [
            {"location": [[
                {"latitude": 64.233901},
                {"longitude": 27.729017}
            ]]},
            {"altitude": 168},
            {"distance_km": 0.35},
            {"speed_kmh": 3.6},
            {"timestamp": "Thu Jun 01 14:39:50 UTC 2017"}
        ],
        [
            {"location": [[
                {"latitude": 64.233963},
                {"longitude": 27.728845}
            ]]},
            {"altitude": 170},
            {"distance_km": 0.36},
            {"speed_kmh": 3.6},
            {"timestamp": "Thu Jun 01 14:39:58 UTC 2017"}
        ],
        [
            {"location": [[
                {"latitude": 64.234007},
                {"longitude": 27.72863}
            ]]},
            {"altitude": 168},
            {"distance_km": 0.37},
            {"speed_kmh": 3.6},
            {"timestamp": "Thu Jun 01 14:40:06 UTC 2017"}
        ],
        [
            {"location": [[
                {"latitude": 64.234016},
                {"longitude": 27.728367}
            ]]},
            {"altitude": 170.5},
            {"distance_km": 0.39},
            {"speed_kmh": 3.6},
            {"timestamp": "Thu Jun 01 14:40:14 UTC 2017"}
        ],
        [
            {"location": [[
                {"latitude": 64.233975},
                {"longitude": 27.728131}
            ]]},
            {"altitude": 173},
            {"distance_km": 0.4},
            {"speed_kmh": 4.5},
            {"timestamp": "Thu Jun 01 14:40:22 UTC 2017"}
        ],
        [
            {"location": [[
                {"latitude": 64.233944},
                {"longitude": 27.727898}
            ]]},
            {"altitude": 170},
            {"distance_km": 0.41},
            {"speed_kmh": 4.5},
            {"timestamp": "Thu Jun 01 14:40:30 UTC 2017"}
        ],
        [
            {"location": [[
                {"latitude": 64.233884},
                {"longitude": 27.727706}
            ]]},
            {"altitude": 173.5},
            {"distance_km": 0.42},
            {"speed_kmh": 3.6},
            {"timestamp": "Thu Jun 01 14:40:38 UTC 2017"}
        ],
        [
            {"location": [[
                {"latitude": 64.233858},
                {"longitude": 27.72749}
            ]]},
            {"altitude": 171.5},
            {"distance_km": 0.43},
            {"speed_kmh": 3.6},
            {"timestamp": "Thu Jun 01 14:40:46 UTC 2017"}
        ],
        [
            {"location": [[
                {"latitude": 64.233879},
                {"longitude": 27.727263}
            ]]},
            {"altitude": 170.5},
            {"distance_km": 0.45},
            {"speed_kmh": 3.6},
            {"timestamp": "Thu Jun 01 14:40:56 UTC 2017"}
        ],
        [
            {"location": [[
                {"latitude": 64.233946},
                {"longitude": 27.727048}
            ]]},
            {"altitude": 172.5},
            {"distance_km": 0.46},
            {"speed_kmh": 3.6},
            {"timestamp": "Thu Jun 01 14:41:07 UTC 2017"}
        ],
        [
            {"location": [[
                {"latitude": 64.234016},
                {"longitude": 27.726843}
            ]]},
            {"altitude": 174},
            {"distance_km": 0.47},
            {"speed_kmh": 4.5},
            {"timestamp": "Thu Jun 01 14:41:15 UTC 2017"}
        ],
        [
            {"location": [[
                {"latitude": 64.234092},
                {"longitude": 27.726693}
            ]]},
            {"altitude": 173},
            {"distance_km": 0.48},
            {"speed_kmh": 3.6},
            {"timestamp": "Thu Jun 01 14:41:23 UTC 2017"}
        ],
        [
            {"location": [[
                {"latitude": 64.234146},
                {"longitude": 27.726487}
            ]]},
            {"altitude": 174.5},
            {"distance_km": 0.49},
            {"speed_kmh": 4.5},
            {"timestamp": "Thu Jun 01 14:41:31 UTC 2017"}
        ],
        [
            {"location": [[
                {"latitude": 64.234193},
                {"longitude": 27.726279}
            ]]},
            {"altitude": 177.5},
            {"distance_km": 0.5},
            {"speed_kmh": 2.7},
            {"timestamp": "Thu Jun 01 14:41:46 UTC 2017"}
        ],
        [
            {"location": [[
                {"latitude": 64.234275},
                {"longitude": 27.726171}
            ]]},
            {"altitude": 178.5},
            {"distance_km": 0.52},
            {"speed_kmh": 3.6},
            {"timestamp": "Thu Jun 01 14:41:54 UTC 2017"}
        ],
        [
            {"location": [[
                {"latitude": 64.234369},
                {"longitude": 27.726081}
            ]]},
            {"altitude": 180.5},
            {"distance_km": 0.53},
            {"speed_kmh": 3.6},
            {"timestamp": "Thu Jun 01 14:42:04 UTC 2017"}
        ],
        [
            {"location": [[
                {"latitude": 64.234448},
                {"longitude": 27.725954}
            ]]},
            {"altitude": 179.5},
            {"distance_km": 0.54},
            {"speed_kmh": 3.6},
            {"timestamp": "Thu Jun 01 14:42:12 UTC 2017"}
        ],
        [
            {"location": [[
                {"latitude": 64.234522},
                {"longitude": 27.72578}
            ]]},
            {"altitude": 177},
            {"distance_km": 0.55},
            {"speed_kmh": 3.6},
            {"timestamp": "Thu Jun 01 14:42:20 UTC 2017"}
        ],
        [
            {"location": [[
                {"latitude": 64.23461},
                {"longitude": 27.725635}
            ]]},
            {"altitude": 178.5},
            {"distance_km": 0.56},
            {"speed_kmh": 3.6},
            {"timestamp": "Thu Jun 01 14:42:28 UTC 2017"}
        ],
        [
            {"location": [[
                {"latitude": 64.234696},
                {"longitude": 27.72554}
            ]]},
            {"altitude": 178},
            {"distance_km": 0.57},
            {"speed_kmh": 0},
            {"timestamp": "Thu Jun 01 14:42:36 UTC 2017"}
        ],
        [
            {"location": [[
                {"latitude": 64.234783},
                {"longitude": 27.725492}
            ]]},
            {"altitude": 179},
            {"distance_km": 0.58},
            {"speed_kmh": 2.7},
            {"timestamp": "Thu Jun 01 14:42:46 UTC 2017"}
        ],
        [
            {"location": [[
                {"latitude": 64.234893},
                {"longitude": 27.725405}
            ]]},
            {"altitude": 176.5},
            {"distance_km": 0.59},
            {"speed_kmh": 3.6},
            {"timestamp": "Thu Jun 01 14:42:55 UTC 2017"}
        ],
        [
            {"location": [[
                {"latitude": 64.23498},
                {"longitude": 27.725336}
            ]]},
            {"altitude": 177},
            {"distance_km": 0.6},
            {"speed_kmh": 3.6},
            {"timestamp": "Thu Jun 01 14:43:01 UTC 2017"}
        ],
        [
            {"location": [[
                {"latitude": 64.235096},
                {"longitude": 27.725355}
            ]]},
            {"altitude": 165.5},
            {"distance_km": 0.62},
            {"speed_kmh": 3.6},
            {"timestamp": "Thu Jun 01 14:43:11 UTC 2017"}
        ],
        [
            {"location": [[
                {"latitude": 64.235195},
                {"longitude": 27.72533}
            ]]},
            {"altitude": 167.5},
            {"distance_km": 0.63},
            {"speed_kmh": 3.6},
            {"timestamp": "Thu Jun 01 14:43:17 UTC 2017"}
        ],
        [
            {"location": [[
                {"latitude": 64.235302},
                {"longitude": 27.725311}
            ]]},
            {"altitude": 163.5},
            {"distance_km": 0.64},
            {"speed_kmh": 3.6},
            {"timestamp": "Thu Jun 01 14:43:23 UTC 2017"}
        ],
        [
            {"location": [[
                {"latitude": 64.23541},
                {"longitude": 27.725321}
            ]]},
            {"altitude": 163},
            {"distance_km": 0.65},
            {"speed_kmh": 3.6},
            {"timestamp": "Thu Jun 01 14:43:31 UTC 2017"}
        ],
        [
            {"location": [[
                {"latitude": 64.235508},
                {"longitude": 27.725317}
            ]]},
            {"altitude": 162},
            {"distance_km": 0.66},
            {"speed_kmh": 3.6},
            {"timestamp": "Thu Jun 01 14:43:39 UTC 2017"}
        ],
        [
            {"location": [[
                {"latitude": 64.235601},
                {"longitude": 27.725322}
            ]]},
            {"altitude": 170.5},
            {"distance_km": 0.67},
            {"speed_kmh": 3.6},
            {"timestamp": "Thu Jun 01 14:43:47 UTC 2017"}
        ],
        [
            {"location": [[
                {"latitude": 64.235696},
                {"longitude": 27.725443}
            ]]},
            {"altitude": 167.5},
            {"distance_km": 0.69},
            {"speed_kmh": 2.7},
            {"timestamp": "Thu Jun 01 14:43:58 UTC 2017"}
        ],
        [
            {"location": [[
                {"latitude": 64.235794},
                {"longitude": 27.725451}
            ]]},
            {"altitude": 167},
            {"distance_km": 0.7},
            {"speed_kmh": 1.8},
            {"timestamp": "Thu Jun 01 14:44:08 UTC 2017"}
        ],
        [
            {"location": [[
                {"latitude": 64.235872},
                {"longitude": 27.725577}
            ]]},
            {"altitude": 166},
            {"distance_km": 0.71},
            {"speed_kmh": 2.7},
            {"timestamp": "Thu Jun 01 14:44:18 UTC 2017"}
        ],
        [
            {"location": [[
                {"latitude": 64.235945},
                {"longitude": 27.725715}
            ]]},
            {"altitude": 164},
            {"distance_km": 0.72},
            {"speed_kmh": 2.7},
            {"timestamp": "Thu Jun 01 14:44:26 UTC 2017"}
        ],
        [
            {"location": [[
                {"latitude": 64.236046},
                {"longitude": 27.725709}
            ]]},
            {"altitude": 168.5},
            {"distance_km": 0.73},
            {"speed_kmh": 3.6},
            {"timestamp": "Thu Jun 01 14:44:34 UTC 2017"}
        ],
        [
            {"location": [[
                {"latitude": 64.236143},
                {"longitude": 27.725671}
            ]]},
            {"altitude": 172.5},
            {"distance_km": 0.74},
            {"speed_kmh": 3.6},
            {"timestamp": "Thu Jun 01 14:44:42 UTC 2017"}
        ],
        [
            {"location": [[
                {"latitude": 64.236204},
                {"longitude": 27.72549}
            ]]},
            {"altitude": 178.5},
            {"distance_km": 0.75},
            {"speed_kmh": 1.8},
            {"timestamp": "Thu Jun 01 14:44:50 UTC 2017"}
        ],
        [
            {"location": [[
                {"latitude": 64.236298},
                {"longitude": 27.725369}
            ]]},
            {"altitude": 178},
            {"distance_km": 0.76},
            {"speed_kmh": 4.5},
            {"timestamp": "Thu Jun 01 14:44:58 UTC 2017"}
        ],
        [
            {"location": [[
                {"latitude": 64.236384},
                {"longitude": 27.725274}
            ]]},
            {"altitude": 181.5},
            {"distance_km": 0.77},
            {"speed_kmh": 4.5},
            {"timestamp": "Thu Jun 01 14:45:06 UTC 2017"}
        ],
        [
            {"location": [[
                {"latitude": 64.236486},
                {"longitude": 27.725265}
            ]]},
            {"altitude": 180.5},
            {"distance_km": 0.79},
            {"speed_kmh": 4.5},
            {"timestamp": "Thu Jun 01 14:45:14 UTC 2017"}
        ],
        [
            {"location": [[
                {"latitude": 64.236596},
                {"longitude": 27.725274}
            ]]},
            {"altitude": 175},
            {"distance_km": 0.8},
            {"speed_kmh": 4.5},
            {"timestamp": "Thu Jun 01 14:45:23 UTC 2017"}
        ],
        [
            {"location": [[
                {"latitude": 64.236718},
                {"longitude": 27.725278}
            ]]},
            {"altitude": 170},
            {"distance_km": 0.81},
            {"speed_kmh": 3.6},
            {"timestamp": "Thu Jun 01 14:45:31 UTC 2017"}
        ],
        [
            {"location": [[
                {"latitude": 64.236814},
                {"longitude": 27.725289}
            ]]},
            {"altitude": 167},
            {"distance_km": 0.82},
            {"speed_kmh": 3.6},
            {"timestamp": "Thu Jun 01 14:45:39 UTC 2017"}
        ],
        [
            {"location": [[
                {"latitude": 64.236911},
                {"longitude": 27.725257}
            ]]},
            {"altitude": 167},
            {"distance_km": 0.83},
            {"speed_kmh": 4.5},
            {"timestamp": "Thu Jun 01 14:45:45 UTC 2017"}
        ],
        [
            {"location": [[
                {"latitude": 64.237005},
                {"longitude": 27.725307}
            ]]},
            {"altitude": 168},
            {"distance_km": 0.84},
            {"speed_kmh": 4.5},
            {"timestamp": "Thu Jun 01 14:45:53 UTC 2017"}
        ],
        [
            {"location": [[
                {"latitude": 64.237102},
                {"longitude": 27.725361}
            ]]},
            {"altitude": 170},
            {"distance_km": 0.85},
            {"speed_kmh": 4.5},
            {"timestamp": "Thu Jun 01 14:45:59 UTC 2017"}
        ],
        [
            {"location": [[
                {"latitude": 64.237202},
                {"longitude": 27.725496}
            ]]},
            {"altitude": 171},
            {"distance_km": 0.87},
            {"speed_kmh": 4.5},
            {"timestamp": "Thu Jun 01 14:46:05 UTC 2017"}
        ],
        [
            {"location": [[
                {"latitude": 64.237281},
                {"longitude": 27.725597}
            ]]},
            {"altitude": 173},
            {"distance_km": 0.88},
            {"speed_kmh": 4.5},
            {"timestamp": "Thu Jun 01 14:46:11 UTC 2017"}
        ],
        [
            {"location": [[
                {"latitude": 64.237378},
                {"longitude": 27.725709}
            ]]},
            {"altitude": 176},
            {"distance_km": 0.89},
            {"speed_kmh": 3.6},
            {"timestamp": "Thu Jun 01 14:46:20 UTC 2017"}
        ],
        [
            {"location": [[
                {"latitude": 64.237468},
                {"longitude": 27.725834}
            ]]},
            {"altitude": 174.5},
            {"distance_km": 0.9},
            {"speed_kmh": 3.6},
            {"timestamp": "Thu Jun 01 14:46:28 UTC 2017"}
        ],
        [
            {"location": [[
                {"latitude": 64.237548},
                {"longitude": 27.725991}
            ]]},
            {"altitude": 171},
            {"distance_km": 0.91},
            {"speed_kmh": 3.6},
            {"timestamp": "Thu Jun 01 14:46:36 UTC 2017"}
        ],
        [
            {"location": [[
                {"latitude": 64.237643},
                {"longitude": 27.726124}
            ]]},
            {"altitude": 177.5},
            {"distance_km": 0.93},
            {"speed_kmh": 3.6},
            {"timestamp": "Thu Jun 01 14:46:46 UTC 2017"}
        ],
        [
            {"location": [[
                {"latitude": 64.237722},
                {"longitude": 27.72623}
            ]]},
            {"altitude": 182},
            {"distance_km": 0.94},
            {"speed_kmh": 3.6},
            {"timestamp": "Thu Jun 01 14:46:52 UTC 2017"}
        ],
        [
            {"location": [[
                {"latitude": 64.237806},
                {"longitude": 27.726358}
            ]]},
            {"altitude": 179},
            {"distance_km": 0.95},
            {"speed_kmh": 3.6},
            {"timestamp": "Thu Jun 01 14:47:00 UTC 2017"}
        ],
        [
            {"location": [[
                {"latitude": 64.237893},
                {"longitude": 27.726494}
            ]]},
            {"altitude": 174},
            {"distance_km": 0.96},
            {"speed_kmh": 2.7},
            {"timestamp": "Thu Jun 01 14:47:10 UTC 2017"}
        ],
        [
            {"location": [[
                {"latitude": 64.238003},
                {"longitude": 27.726568}
            ]]},
            {"altitude": 182},
            {"distance_km": 0.97},
            {"speed_kmh": 2.7},
            {"timestamp": "Thu Jun 01 14:47:20 UTC 2017"}
        ],
        [
            {"location": [[
                {"latitude": 64.238098},
                {"longitude": 27.726683}
            ]]},
            {"altitude": 180},
            {"distance_km": 0.98},
            {"speed_kmh": 2.7},
            {"timestamp": "Thu Jun 01 14:47:28 UTC 2017"}
        ],
        [
            {"location": [[
                {"latitude": 64.238196},
                {"longitude": 27.726802}
            ]]},
            {"altitude": 184},
            {"distance_km": 1},
            {"speed_kmh": 4.5},
            {"timestamp": "Thu Jun 01 14:47:35 UTC 2017"}
        ],
        [
            {"location": [[
                {"latitude": 64.238278},
                {"longitude": 27.726928}
            ]]},
            {"altitude": 187.5},
            {"distance_km": 1.01},
            {"speed_kmh": 4.5},
            {"timestamp": "Thu Jun 01 14:47:41 UTC 2017"}
        ],
        [
            {"location": [[
                {"latitude": 64.238374},
                {"longitude": 27.726961}
            ]]},
            {"altitude": 180.5},
            {"distance_km": 1.02},
            {"speed_kmh": 4.5},
            {"timestamp": "Thu Jun 01 14:47:47 UTC 2017"}
        ],
        [
            {"location": [[
                {"latitude": 64.238476},
                {"longitude": 27.726987}
            ]]},
            {"altitude": 174.5},
            {"distance_km": 1.03},
            {"speed_kmh": 3.6},
            {"timestamp": "Thu Jun 01 14:47:55 UTC 2017"}
        ],
        [
            {"location": [[
                {"latitude": 64.238574},
                {"longitude": 27.727009}
            ]]},
            {"altitude": 168.5},
            {"distance_km": 1.04},
            {"speed_kmh": 4.5},
            {"timestamp": "Thu Jun 01 14:48:01 UTC 2017"}
        ],
        [
            {"location": [[
                {"latitude": 64.238666},
                {"longitude": 27.72708}
            ]]},
            {"altitude": 167},
            {"distance_km": 1.05},
            {"speed_kmh": 3.6},
            {"timestamp": "Thu Jun 01 14:48:09 UTC 2017"}
        ],
        [
            {"location": [[
                {"latitude": 64.238719},
                {"longitude": 27.72726}
            ]]},
            {"altitude": 168},
            {"distance_km": 1.06},
            {"speed_kmh": 3.6},
            {"timestamp": "Thu Jun 01 14:48:19 UTC 2017"}
        ],
        [
            {"location": [[
                {"latitude": 64.238759},
                {"longitude": 27.727464}
            ]]},
            {"altitude": 169},
            {"distance_km": 1.07},
            {"speed_kmh": 3.6},
            {"timestamp": "Thu Jun 01 14:48:27 UTC 2017"}
        ],
        [
            {"location": [[
                {"latitude": 64.238817},
                {"longitude": 27.727687}
            ]]},
            {"altitude": 170.5},
            {"distance_km": 1.08},
            {"speed_kmh": 3.6},
            {"timestamp": "Thu Jun 01 14:48:35 UTC 2017"}
        ],
        [
            {"location": [[
                {"latitude": 64.238893},
                {"longitude": 27.72787}
            ]]},
            {"altitude": 172},
            {"distance_km": 1.1},
            {"speed_kmh": 4.5},
            {"timestamp": "Thu Jun 01 14:48:41 UTC 2017"}
        ],
        [
            {"location": [[
                {"latitude": 64.238922},
                {"longitude": 27.7281}
            ]]},
            {"altitude": 169.5},
            {"distance_km": 1.11},
            {"speed_kmh": 3.6},
            {"timestamp": "Thu Jun 01 14:48:50 UTC 2017"}
        ],
        [
            {"location": [[
                {"latitude": 64.23896},
                {"longitude": 27.728329}
            ]]},
            {"altitude": 170},
            {"distance_km": 1.12},
            {"speed_kmh": 3.6},
            {"timestamp": "Thu Jun 01 14:48:58 UTC 2017"}
        ],
        [
            {"location": [[
                {"latitude": 64.238985},
                {"longitude": 27.728578}
            ]]},
            {"altitude": 171.5},
            {"distance_km": 1.13},
            {"speed_kmh": 3.6},
            {"timestamp": "Thu Jun 01 14:49:08 UTC 2017"}
        ],
        [
            {"location": [[
                {"latitude": 64.239074},
                {"longitude": 27.728622}
            ]]},
            {"altitude": 175.5},
            {"distance_km": 1.14},
            {"speed_kmh": 3.6},
            {"timestamp": "Thu Jun 01 14:49:16 UTC 2017"}
        ],
        [
            {"location": [[
                {"latitude": 64.239167},
                {"longitude": 27.728652}
            ]]},
            {"altitude": 178.5},
            {"distance_km": 1.15},
            {"speed_kmh": 3.6},
            {"timestamp": "Thu Jun 01 14:49:26 UTC 2017"}
        ],
        [
            {"location": [[
                {"latitude": 64.239272},
                {"longitude": 27.728719}
            ]]},
            {"altitude": 175.5},
            {"distance_km": 1.17},
            {"speed_kmh": 3.6},
            {"timestamp": "Thu Jun 01 14:49:35 UTC 2017"}
        ],
        [
            {"location": [[
                {"latitude": 64.239385},
                {"longitude": 27.72872}
            ]]},
            {"altitude": 177.5},
            {"distance_km": 1.18},
            {"speed_kmh": 3.6},
            {"timestamp": "Thu Jun 01 14:49:45 UTC 2017"}
        ],
        [
            {"location": [[
                {"latitude": 64.239475},
                {"longitude": 27.728791}
            ]]},
            {"altitude": 172.5},
            {"distance_km": 1.19},
            {"speed_kmh": 3.6},
            {"timestamp": "Thu Jun 01 14:49:51 UTC 2017"}
        ],
        [
            {"location": [[
                {"latitude": 64.239564},
                {"longitude": 27.72888}
            ]]},
            {"altitude": 172.5},
            {"distance_km": 1.2},
            {"speed_kmh": 3.6},
            {"timestamp": "Thu Jun 01 14:49:59 UTC 2017"}
        ],
        [
            {"location": [[
                {"latitude": 64.239676},
                {"longitude": 27.728911}
            ]]},
            {"altitude": 174},
            {"distance_km": 1.21},
            {"speed_kmh": 5.4},
            {"timestamp": "Thu Jun 01 14:50:05 UTC 2017"}
        ],
        [
            {"location": [[
                {"latitude": 64.23978},
                {"longitude": 27.728957}
            ]]},
            {"altitude": 172},
            {"distance_km": 1.22},
            {"speed_kmh": 4.5},
            {"timestamp": "Thu Jun 01 14:50:13 UTC 2017"}
        ],
        [
            {"location": [[
                {"latitude": 64.239888},
                {"longitude": 27.729045}
            ]]},
            {"altitude": 167.5},
            {"distance_km": 1.24},
            {"speed_kmh": 4.5},
            {"timestamp": "Thu Jun 01 14:50:21 UTC 2017"}
        ],
        [
            {"location": [[
                {"latitude": 64.239964},
                {"longitude": 27.729169}
            ]]},
            {"altitude": 165},
            {"distance_km": 1.25},
            {"speed_kmh": 4.5},
            {"timestamp": "Thu Jun 01 14:50:28 UTC 2017"}
        ],
        [
            {"location": [[
                {"latitude": 64.240034},
                {"longitude": 27.729302}
            ]]},
            {"altitude": 160},
            {"distance_km": 1.26},
            {"speed_kmh": 3.6},
            {"timestamp": "Thu Jun 01 14:50:36 UTC 2017"}
        ],
        [
            {"location": [[
                {"latitude": 64.240127},
                {"longitude": 27.72938}
            ]]},
            {"altitude": 163},
            {"distance_km": 1.27},
            {"speed_kmh": 0},
            {"timestamp": "Thu Jun 01 14:50:48 UTC 2017"}
        ],
        [
            {"location": [[
                {"latitude": 64.240212},
                {"longitude": 27.729549}
            ]]},
            {"altitude": 164.5},
            {"distance_km": 1.28},
            {"speed_kmh": 2.7},
            {"timestamp": "Thu Jun 01 14:50:58 UTC 2017"}
        ],
        [
            {"location": [[
                {"latitude": 64.240307},
                {"longitude": 27.729786}
            ]]},
            {"altitude": 166.5},
            {"distance_km": 1.3},
            {"speed_kmh": 8.1},
            {"timestamp": "Thu Jun 01 14:51:04 UTC 2017"}
        ],
        [
            {"location": [[
                {"latitude": 64.240367},
                {"longitude": 27.729992}
            ]]},
            {"altitude": 166},
            {"distance_km": 1.31},
            {"speed_kmh": 6.3},
            {"timestamp": "Thu Jun 01 14:51:08 UTC 2017"}
        ],
        [
            {"location": [[
                {"latitude": 64.24043},
                {"longitude": 27.730164}
            ]]},
            {"altitude": 173.5},
            {"distance_km": 1.32},
            {"speed_kmh": 3.6},
            {"timestamp": "Thu Jun 01 14:51:14 UTC 2017"}
        ],
        [
            {"location": [[
                {"latitude": 64.2405},
                {"longitude": 27.730372}
            ]]},
            {"altitude": 171.5},
            {"distance_km": 1.33},
            {"speed_kmh": 3.6},
            {"timestamp": "Thu Jun 01 14:51:22 UTC 2017"}
        ],
        [
            {"location": [[
                {"latitude": 64.240594},
                {"longitude": 27.730473}
            ]]},
            {"altitude": 170},
            {"distance_km": 1.34},
            {"speed_kmh": 3.6},
            {"timestamp": "Thu Jun 01 14:51:32 UTC 2017"}
        ],
        [
            {"location": [[
                {"latitude": 64.24069},
                {"longitude": 27.730542}
            ]]},
            {"altitude": 170.5},
            {"distance_km": 1.35},
            {"speed_kmh": 3.6},
            {"timestamp": "Thu Jun 01 14:51:43 UTC 2017"}
        ],
        [
            {"location": [[
                {"latitude": 64.240735},
                {"longitude": 27.730734}
            ]]},
            {"altitude": 168.5},
            {"distance_km": 1.36},
            {"speed_kmh": 3.6},
            {"timestamp": "Thu Jun 01 14:51:51 UTC 2017"}
        ],
        [
            {"location": [[
                {"latitude": 64.240756},
                {"longitude": 27.730939}
            ]]},
            {"altitude": 165},
            {"distance_km": 1.38},
            {"speed_kmh": 3.6},
            {"timestamp": "Thu Jun 01 14:51:57 UTC 2017"}
        ],
        [
            {"location": [[
                {"latitude": 64.240816},
                {"longitude": 27.731123}
            ]]},
            {"altitude": 167},
            {"distance_km": 1.39},
            {"speed_kmh": 3.6},
            {"timestamp": "Thu Jun 01 14:52:05 UTC 2017"}
        ],
        [
            {"location": [[
                {"latitude": 64.240895},
                {"longitude": 27.731285}
            ]]},
            {"altitude": 169.5},
            {"distance_km": 1.4},
            {"speed_kmh": 3.6},
            {"timestamp": "Thu Jun 01 14:52:15 UTC 2017"}
        ],
        [
            {"location": [[
                {"latitude": 64.240997},
                {"longitude": 27.731359}
            ]]},
            {"altitude": 169.5},
            {"distance_km": 1.41},
            {"speed_kmh": 3.6},
            {"timestamp": "Thu Jun 01 14:52:25 UTC 2017"}
        ],
        [
            {"location": [[
                {"latitude": 64.241074},
                {"longitude": 27.73151}
            ]]},
            {"altitude": 165},
            {"distance_km": 1.42},
            {"speed_kmh": 2.7},
            {"timestamp": "Thu Jun 01 14:52:35 UTC 2017"}
        ],
        [
            {"location": [[
                {"latitude": 64.241161},
                {"longitude": 27.731691}
            ]]},
            {"altitude": 163.5},
            {"distance_km": 1.43},
            {"speed_kmh": 4.5},
            {"timestamp": "Thu Jun 01 14:52:46 UTC 2017"}
        ],
        [
            {"location": [[
                {"latitude": 64.241232},
                {"longitude": 27.731821}
            ]]},
            {"altitude": 161},
            {"distance_km": 1.44},
            {"speed_kmh": 2.7},
            {"timestamp": "Thu Jun 01 14:52:52 UTC 2017"}
        ],
        [
            {"location": [[
                {"latitude": 64.241287},
                {"longitude": 27.732002}
            ]]},
            {"altitude": 161.5},
            {"distance_km": 1.45},
            {"speed_kmh": 2.7},
            {"timestamp": "Thu Jun 01 14:53:00 UTC 2017"}
        ],
        [
            {"location": [[
                {"latitude": 64.24134},
                {"longitude": 27.73221}
            ]]},
            {"altitude": 165},
            {"distance_km": 1.47},
            {"speed_kmh": 3.6},
            {"timestamp": "Thu Jun 01 14:53:08 UTC 2017"}
        ],
        [
            {"location": [[
                {"latitude": 64.241419},
                {"longitude": 27.732329}
            ]]},
            {"altitude": 168.5},
            {"distance_km": 1.48},
            {"speed_kmh": 3.6},
            {"timestamp": "Thu Jun 01 14:53:16 UTC 2017"}
        ],
        [
            {"location": [[
                {"latitude": 64.24152},
                {"longitude": 27.73239}
            ]]},
            {"altitude": 170},
            {"distance_km": 1.49},
            {"speed_kmh": 5.4},
            {"timestamp": "Thu Jun 01 14:53:24 UTC 2017"}
        ],
        [
            {"location": [[
                {"latitude": 64.241554},
                {"longitude": 27.732612}
            ]]},
            {"altitude": 166},
            {"distance_km": 1.5},
            {"speed_kmh": 3.6},
            {"timestamp": "Thu Jun 01 14:53:34 UTC 2017"}
        ],
        [
            {"location": [[
                {"latitude": 64.241618},
                {"longitude": 27.732847}
            ]]},
            {"altitude": 171},
            {"distance_km": 1.51},
            {"speed_kmh": 3.6},
            {"timestamp": "Thu Jun 01 14:53:43 UTC 2017"}
        ],
        [
            {"location": [[
                {"latitude": 64.241661},
                {"longitude": 27.733034}
            ]]},
            {"altitude": 170.5},
            {"distance_km": 1.52},
            {"speed_kmh": 4.5},
            {"timestamp": "Thu Jun 01 14:53:49 UTC 2017"}
        ],
        [
            {"location": [[
                {"latitude": 64.241659},
                {"longitude": 27.733245}
            ]]},
            {"altitude": 174},
            {"distance_km": 1.53},
            {"speed_kmh": 2.7},
            {"timestamp": "Thu Jun 01 14:53:59 UTC 2017"}
        ],
        [
            {"location": [[
                {"latitude": 64.241652},
                {"longitude": 27.733464}
            ]]},
            {"altitude": 174.5},
            {"distance_km": 1.54},
            {"speed_kmh": 2.7},
            {"timestamp": "Thu Jun 01 14:54:09 UTC 2017"}
        ],
        [
            {"location": [[
                {"latitude": 64.241634},
                {"longitude": 27.733679}
            ]]},
            {"altitude": 180},
            {"distance_km": 1.56},
            {"speed_kmh": 2.7},
            {"timestamp": "Thu Jun 01 14:54:26 UTC 2017"}
        ],
        [
            {"location": [[
                {"latitude": 64.241604},
                {"longitude": 27.733901}
            ]]},
            {"altitude": 175.5},
            {"distance_km": 1.57},
            {"speed_kmh": 3.6},
            {"timestamp": "Thu Jun 01 14:54:32 UTC 2017"}
        ],
        [
            {"location": [[
                {"latitude": 64.24152},
                {"longitude": 27.734081}
            ]]},
            {"altitude": 165.5},
            {"distance_km": 1.58},
            {"speed_kmh": 3.6},
            {"timestamp": "Thu Jun 01 14:54:40 UTC 2017"}
        ],
        [
            {"location": [[
                {"latitude": 64.24143},
                {"longitude": 27.734006}
            ]]},
            {"altitude": 163.5},
            {"distance_km": 1.59},
            {"speed_kmh": 4.5},
            {"timestamp": "Thu Jun 01 14:54:46 UTC 2017"}
        ],
        [
            {"location": [[
                {"latitude": 64.241349},
                {"longitude": 27.733914}
            ]]},
            {"altitude": 162},
            {"distance_km": 1.6},
            {"speed_kmh": 4.5},
            {"timestamp": "Thu Jun 01 14:54:52 UTC 2017"}
        ],
        [
            {"location": [[
                {"latitude": 64.241264},
                {"longitude": 27.73379}
            ]]},
            {"altitude": 158},
            {"distance_km": 1.61},
            {"speed_kmh": 4.5},
            {"timestamp": "Thu Jun 01 14:55:00 UTC 2017"}
        ],
        [
            {"location": [[
                {"latitude": 64.241162},
                {"longitude": 27.73371}
            ]]},
            {"altitude": 163},
            {"distance_km": 1.62},
            {"speed_kmh": 4.5},
            {"timestamp": "Thu Jun 01 14:55:08 UTC 2017"}
        ],
        [
            {"location": [[
                {"latitude": 64.241067},
                {"longitude": 27.733647}
            ]]},
            {"altitude": 158.5},
            {"distance_km": 1.63},
            {"speed_kmh": 4.5},
            {"timestamp": "Thu Jun 01 14:55:14 UTC 2017"}
        ],
        [
            {"location": [[
                {"latitude": 64.240984},
                {"longitude": 27.733552}
            ]]},
            {"altitude": 155.5},
            {"distance_km": 1.64},
            {"speed_kmh": 4.5},
            {"timestamp": "Thu Jun 01 14:55:20 UTC 2017"}
        ],
        [
            {"location": [[
                {"latitude": 64.240886},
                {"longitude": 27.7335}
            ]]},
            {"altitude": 154},
            {"distance_km": 1.66},
            {"speed_kmh": 4.5},
            {"timestamp": "Thu Jun 01 14:55:26 UTC 2017"}
        ],
        [
            {"location": [[
                {"latitude": 64.240783},
                {"longitude": 27.733453}
            ]]},
            {"altitude": 158},
            {"distance_km": 1.67},
            {"speed_kmh": 4.5},
            {"timestamp": "Thu Jun 01 14:55:35 UTC 2017"}
        ],
        [
            {"location": [[
                {"latitude": 64.240744},
                {"longitude": 27.733262}
            ]]},
            {"altitude": 172.5},
            {"distance_km": 1.68},
            {"speed_kmh": 2.7},
            {"timestamp": "Thu Jun 01 14:55:49 UTC 2017"}
        ],
        [
            {"location": [[
                {"latitude": 64.240809},
                {"longitude": 27.733088}
            ]]},
            {"altitude": 184.5},
            {"distance_km": 1.69},
            {"speed_kmh": 3.6},
            {"timestamp": "Thu Jun 01 14:56:01 UTC 2017"}
        ],
        [
            {"location": [[
                {"latitude": 64.240854},
                {"longitude": 27.732896}
            ]]},
            {"altitude": 188.5},
            {"distance_km": 1.7},
            {"speed_kmh": 3.6},
            {"timestamp": "Thu Jun 01 14:56:09 UTC 2017"}
        ],
        [
            {"location": [[
                {"latitude": 64.24078},
                {"longitude": 27.732765}
            ]]},
            {"altitude": 191},
            {"distance_km": 1.71},
            {"speed_kmh": 2.7},
            {"timestamp": "Thu Jun 01 14:56:30 UTC 2017"}
        ],
        [
            {"location": [[
                {"latitude": 64.240679},
                {"longitude": 27.732801}
            ]]},
            {"altitude": 188.5},
            {"distance_km": 1.72},
            {"speed_kmh": 2.7},
            {"timestamp": "Thu Jun 01 14:56:38 UTC 2017"}
        ],
        [
            {"location": [[
                {"latitude": 64.240582},
                {"longitude": 27.732782}
            ]]},
            {"altitude": 187},
            {"distance_km": 1.73},
            {"speed_kmh": 2.7},
            {"timestamp": "Thu Jun 01 14:56:44 UTC 2017"}
        ],
        [
            {"location": [[
                {"latitude": 64.240471},
                {"longitude": 27.732765}
            ]]},
            {"altitude": 180.5},
            {"distance_km": 1.74},
            {"speed_kmh": 3.6},
            {"timestamp": "Thu Jun 01 14:56:52 UTC 2017"}
        ],
        [
            {"location": [[
                {"latitude": 64.240375},
                {"longitude": 27.732816}
            ]]},
            {"altitude": 181},
            {"distance_km": 1.76},
            {"speed_kmh": 3.6},
            {"timestamp": "Thu Jun 01 14:56:58 UTC 2017"}
        ],
        [
            {"location": [[
                {"latitude": 64.240259},
                {"longitude": 27.732874}
            ]]},
            {"altitude": 177},
            {"distance_km": 1.77},
            {"speed_kmh": 3.6},
            {"timestamp": "Thu Jun 01 14:57:06 UTC 2017"}
        ],
        [
            {"location": [[
                {"latitude": 64.24017},
                {"longitude": 27.732916}
            ]]},
            {"altitude": 179.5},
            {"distance_km": 1.78},
            {"speed_kmh": 3.6},
            {"timestamp": "Thu Jun 01 14:57:13 UTC 2017"}
        ],
        [
            {"location": [[
                {"latitude": 64.240068},
                {"longitude": 27.733023}
            ]]},
            {"altitude": 177},
            {"distance_km": 1.79},
            {"speed_kmh": 5.4},
            {"timestamp": "Thu Jun 01 14:57:23 UTC 2017"}
        ],
        [
            {"location": [[
                {"latitude": 64.239961},
                {"longitude": 27.733108}
            ]]},
            {"altitude": 173},
            {"distance_km": 1.8},
            {"speed_kmh": 3.6},
            {"timestamp": "Thu Jun 01 14:57:31 UTC 2017"}
        ],
        [
            {"location": [[
                {"latitude": 64.239857},
                {"longitude": 27.733118}
            ]]},
            {"altitude": 168},
            {"distance_km": 1.82},
            {"speed_kmh": 4.5},
            {"timestamp": "Thu Jun 01 14:57:37 UTC 2017"}
        ],
        [
            {"location": [[
                {"latitude": 64.239754},
                {"longitude": 27.733129}
            ]]},
            {"altitude": 165},
            {"distance_km": 1.83},
            {"speed_kmh": 3.6},
            {"timestamp": "Thu Jun 01 14:57:43 UTC 2017"}
        ],
        [
            {"location": [[
                {"latitude": 64.239653},
                {"longitude": 27.733052}
            ]]},
            {"altitude": 164.5},
            {"distance_km": 1.84},
            {"speed_kmh": 3.6},
            {"timestamp": "Thu Jun 01 14:57:51 UTC 2017"}
        ],
        [
            {"location": [[
                {"latitude": 64.239549},
                {"longitude": 27.733077}
            ]]},
            {"altitude": 167.5},
            {"distance_km": 1.85},
            {"speed_kmh": 3.6},
            {"timestamp": "Thu Jun 01 14:57:59 UTC 2017"}
        ],
        [
            {"location": [[
                {"latitude": 64.239456},
                {"longitude": 27.733006}
            ]]},
            {"altitude": 168},
            {"distance_km": 1.86},
            {"speed_kmh": 1.8},
            {"timestamp": "Thu Jun 01 14:58:07 UTC 2017"}
        ],
        [
            {"location": [[
                {"latitude": 64.239365},
                {"longitude": 27.73293}
            ]]},
            {"altitude": 174},
            {"distance_km": 1.87},
            {"speed_kmh": 2.7},
            {"timestamp": "Thu Jun 01 14:58:16 UTC 2017"}
        ],
        [
            {"location": [[
                {"latitude": 64.239268},
                {"longitude": 27.732938}
            ]]},
            {"altitude": 175.5},
            {"distance_km": 1.88},
            {"speed_kmh": 2.7},
            {"timestamp": "Thu Jun 01 14:58:24 UTC 2017"}
        ],
        [
            {"location": [[
                {"latitude": 64.239149},
                {"longitude": 27.732837}
            ]]},
            {"altitude": 176.5},
            {"distance_km": 1.9},
            {"speed_kmh": 4.5},
            {"timestamp": "Thu Jun 01 14:58:32 UTC 2017"}
        ],
        [
            {"location": [[
                {"latitude": 64.23906},
                {"longitude": 27.732796}
            ]]},
            {"altitude": 175.5},
            {"distance_km": 1.91},
            {"speed_kmh": 2.7},
            {"timestamp": "Thu Jun 01 14:58:40 UTC 2017"}
        ],
        [
            {"location": [[
                {"latitude": 64.238955},
                {"longitude": 27.732866}
            ]]},
            {"altitude": 171},
            {"distance_km": 1.92},
            {"speed_kmh": 3.6},
            {"timestamp": "Thu Jun 01 14:58:48 UTC 2017"}
        ],
        [
            {"location": [[
                {"latitude": 64.238867},
                {"longitude": 27.732966}
            ]]},
            {"altitude": 169},
            {"distance_km": 1.93},
            {"speed_kmh": 3.6},
            {"timestamp": "Thu Jun 01 14:58:54 UTC 2017"}
        ],
        [
            {"location": [[
                {"latitude": 64.23876},
                {"longitude": 27.733058}
            ]]},
            {"altitude": 165},
            {"distance_km": 1.94},
            {"speed_kmh": 3.6},
            {"timestamp": "Thu Jun 01 14:59:02 UTC 2017"}
        ],
        [
            {"location": [[
                {"latitude": 64.238683},
                {"longitude": 27.733168}
            ]]},
            {"altitude": 162},
            {"distance_km": 1.95},
            {"speed_kmh": 4.5},
            {"timestamp": "Thu Jun 01 14:59:09 UTC 2017"}
        ],
        [
            {"location": [[
                {"latitude": 64.238598},
                {"longitude": 27.733233}
            ]]},
            {"altitude": 157},
            {"distance_km": 1.96},
            {"speed_kmh": 3.6},
            {"timestamp": "Thu Jun 01 14:59:19 UTC 2017"}
        ],
        [
            {"location": [[
                {"latitude": 64.238477},
                {"longitude": 27.73318}
            ]]},
            {"altitude": 156},
            {"distance_km": 1.98},
            {"speed_kmh": 5.4},
            {"timestamp": "Thu Jun 01 14:59:27 UTC 2017"}
        ],
        [
            {"location": [[
                {"latitude": 64.238373},
                {"longitude": 27.733092}
            ]]},
            {"altitude": 151},
            {"distance_km": 1.99},
            {"speed_kmh": 5.4},
            {"timestamp": "Thu Jun 01 14:59:33 UTC 2017"}
        ],
        [
            {"location": [[
                {"latitude": 64.238292},
                {"longitude": 27.732891}
            ]]},
            {"altitude": 145},
            {"distance_km": 2},
            {"speed_kmh": 5.4},
            {"timestamp": "Thu Jun 01 14:59:41 UTC 2017"}
        ],
        [
            {"location": [[
                {"latitude": 64.238194},
                {"longitude": 27.732743}
            ]]},
            {"altitude": 146.5},
            {"distance_km": 2.01},
            {"speed_kmh": 5.4},
            {"timestamp": "Thu Jun 01 14:59:49 UTC 2017"}
        ],
        [
            {"location": [[
                {"latitude": 64.238084},
                {"longitude": 27.732656}
            ]]},
            {"altitude": 149},
            {"distance_km": 2.03},
            {"speed_kmh": 3.6},
            {"timestamp": "Thu Jun 01 14:59:59 UTC 2017"}
        ],
        [
            {"location": [[
                {"latitude": 64.23799},
                {"longitude": 27.732603}
            ]]},
            {"altitude": 150.5},
            {"distance_km": 2.04},
            {"speed_kmh": 4.5},
            {"timestamp": "Thu Jun 01 15:00:05 UTC 2017"}
        ],
        [
            {"location": [[
                {"latitude": 64.237887},
                {"longitude": 27.732559}
            ]]},
            {"altitude": 152},
            {"distance_km": 2.05},
            {"speed_kmh": 4.5},
            {"timestamp": "Thu Jun 01 15:00:12 UTC 2017"}
        ],
        [
            {"location": [[
                {"latitude": 64.237796},
                {"longitude": 27.732522}
            ]]},
            {"altitude": 153},
            {"distance_km": 2.06},
            {"speed_kmh": 4.5},
            {"timestamp": "Thu Jun 01 15:00:18 UTC 2017"}
        ],
        [
            {"location": [[
                {"latitude": 64.237712},
                {"longitude": 27.732444}
            ]]},
            {"altitude": 154.5},
            {"distance_km": 2.07},
            {"speed_kmh": 4.5},
            {"timestamp": "Thu Jun 01 15:00:24 UTC 2017"}
        ],
        [
            {"location": [[
                {"latitude": 64.237597},
                {"longitude": 27.732338}
            ]]},
            {"altitude": 158},
            {"distance_km": 2.08},
            {"speed_kmh": 4.5},
            {"timestamp": "Thu Jun 01 15:00:32 UTC 2017"}
        ],
        [
            {"location": [[
                {"latitude": 64.237503},
                {"longitude": 27.732264}
            ]]},
            {"altitude": 154.5},
            {"distance_km": 2.1},
            {"speed_kmh": 4.5},
            {"timestamp": "Thu Jun 01 15:00:38 UTC 2017"}
        ],
        [
            {"location": [[
                {"latitude": 64.237414},
                {"longitude": 27.732156}
            ]]},
            {"altitude": 155},
            {"distance_km": 2.11},
            {"speed_kmh": 3.6},
            {"timestamp": "Thu Jun 01 15:00:46 UTC 2017"}
        ],
        [
            {"location": [[
                {"latitude": 64.237303},
                {"longitude": 27.732095}
            ]]},
            {"altitude": 157},
            {"distance_km": 2.12},
            {"speed_kmh": 3.6},
            {"timestamp": "Thu Jun 01 15:00:54 UTC 2017"}
        ],
        [
            {"location": [[
                {"latitude": 64.23718},
                {"longitude": 27.732035}
            ]]},
            {"altitude": 157},
            {"distance_km": 2.13},
            {"speed_kmh": 5.4},
            {"timestamp": "Thu Jun 01 15:01:02 UTC 2017"}
        ],
        [
            {"location": [[
                {"latitude": 64.237095},
                {"longitude": 27.731959}
            ]]},
            {"altitude": 156},
            {"distance_km": 2.14},
            {"speed_kmh": 4.5},
            {"timestamp": "Thu Jun 01 15:01:09 UTC 2017"}
        ],
        [
            {"location": [[
                {"latitude": 64.237},
                {"longitude": 27.731937}
            ]]},
            {"altitude": 157},
            {"distance_km": 2.15},
            {"speed_kmh": 4.5},
            {"timestamp": "Thu Jun 01 15:01:15 UTC 2017"}
        ],
        [
            {"location": [[
                {"latitude": 64.236908},
                {"longitude": 27.731859}
            ]]},
            {"altitude": 156},
            {"distance_km": 2.17},
            {"speed_kmh": 3.6},
            {"timestamp": "Thu Jun 01 15:01:23 UTC 2017"}
        ],
        [
            {"location": [[
                {"latitude": 64.236802},
                {"longitude": 27.731895}
            ]]},
            {"altitude": 157.5},
            {"distance_km": 2.18},
            {"speed_kmh": 4.5},
            {"timestamp": "Thu Jun 01 15:01:31 UTC 2017"}
        ],
        [
            {"location": [[
                {"latitude": 64.2367},
                {"longitude": 27.731909}
            ]]},
            {"altitude": 154.5},
            {"distance_km": 2.19},
            {"speed_kmh": 5.4},
            {"timestamp": "Thu Jun 01 15:01:37 UTC 2017"}
        ],
        [
            {"location": [[
                {"latitude": 64.236587},
                {"longitude": 27.73192}
            ]]},
            {"altitude": 154.5},
            {"distance_km": 2.2},
            {"speed_kmh": 4.5},
            {"timestamp": "Thu Jun 01 15:01:45 UTC 2017"}
        ],
        [
            {"location": [[
                {"latitude": 64.236479},
                {"longitude": 27.731933}
            ]]},
            {"altitude": 152.5},
            {"distance_km": 2.21},
            {"speed_kmh": 4.5},
            {"timestamp": "Thu Jun 01 15:01:53 UTC 2017"}
        ],
        [
            {"location": [[
                {"latitude": 64.236377},
                {"longitude": 27.731919}
            ]]},
            {"altitude": 153.5},
            {"distance_km": 2.22},
            {"speed_kmh": 4.5},
            {"timestamp": "Thu Jun 01 15:02:00 UTC 2017"}
        ],
        [
            {"location": [[
                {"latitude": 64.236284},
                {"longitude": 27.731922}
            ]]},
            {"altitude": 148.5},
            {"distance_km": 2.23},
            {"speed_kmh": 2.7},
            {"timestamp": "Thu Jun 01 15:02:08 UTC 2017"}
        ],
        [
            {"location": [[
                {"latitude": 64.236194},
                {"longitude": 27.73191}
            ]]},
            {"altitude": 147},
            {"distance_km": 2.24},
            {"speed_kmh": 3.6},
            {"timestamp": "Thu Jun 01 15:02:14 UTC 2017"}
        ],
        [
            {"location": [[
                {"latitude": 64.236102},
                {"longitude": 27.731935}
            ]]},
            {"altitude": 151.5},
            {"distance_km": 2.26},
            {"speed_kmh": 3.6},
            {"timestamp": "Thu Jun 01 15:02:20 UTC 2017"}
        ],
        [
            {"location": [[
                {"latitude": 64.236012},
                {"longitude": 27.732002}
            ]]},
            {"altitude": 156.5},
            {"distance_km": 2.27},
            {"speed_kmh": 3.6},
            {"timestamp": "Thu Jun 01 15:02:26 UTC 2017"}
        ],
        [
            {"location": [[
                {"latitude": 64.2359},
                {"longitude": 27.731987}
            ]]},
            {"altitude": 158},
            {"distance_km": 2.28},
            {"speed_kmh": 3.6},
            {"timestamp": "Thu Jun 01 15:02:34 UTC 2017"}
        ],
        [
            {"location": [[
                {"latitude": 64.2358},
                {"longitude": 27.732029}
            ]]},
            {"altitude": 158.5},
            {"distance_km": 2.29},
            {"speed_kmh": 4.5},
            {"timestamp": "Thu Jun 01 15:02:40 UTC 2017"}
        ],
        [
            {"location": [[
                {"latitude": 64.235703},
                {"longitude": 27.732009}
            ]]},
            {"altitude": 161.5},
            {"distance_km": 2.3},
            {"speed_kmh": 5.4},
            {"timestamp": "Thu Jun 01 15:02:44 UTC 2017"}
        ],
        [
            {"location": [[
                {"latitude": 64.235583},
                {"longitude": 27.732008}
            ]]},
            {"altitude": 162.5},
            {"distance_km": 2.31},
            {"speed_kmh": 4.5},
            {"timestamp": "Thu Jun 01 15:02:52 UTC 2017"}
        ],
        [
            {"location": [[
                {"latitude": 64.235481},
                {"longitude": 27.731984}
            ]]},
            {"altitude": 161},
            {"distance_km": 2.33},
            {"speed_kmh": 3.6},
            {"timestamp": "Thu Jun 01 15:03:00 UTC 2017"}
        ],
        [
            {"location": [[
                {"latitude": 64.235365},
                {"longitude": 27.731941}
            ]]},
            {"altitude": 164.5},
            {"distance_km": 2.34},
            {"speed_kmh": 3.6},
            {"timestamp": "Thu Jun 01 15:03:11 UTC 2017"}
        ],
        [
            {"location": [[
                {"latitude": 64.235273},
                {"longitude": 27.731918}
            ]]},
            {"altitude": 168},
            {"distance_km": 2.35},
            {"speed_kmh": 3.6},
            {"timestamp": "Thu Jun 01 15:03:17 UTC 2017"}
        ],
        [
            {"location": [[
                {"latitude": 64.235166},
                {"longitude": 27.731925}
            ]]},
            {"altitude": 172},
            {"distance_km": 2.36},
            {"speed_kmh": 3.6},
            {"timestamp": "Thu Jun 01 15:03:25 UTC 2017"}
        ],
        [
            {"location": [[
                {"latitude": 64.235065},
                {"longitude": 27.731921}
            ]]},
            {"altitude": 175.5},
            {"distance_km": 2.37},
            {"speed_kmh": 2.7},
            {"timestamp": "Thu Jun 01 15:03:33 UTC 2017"}
        ],
        [
            {"location": [[
                {"latitude": 64.234954},
                {"longitude": 27.73196}
            ]]},
            {"altitude": 176.5},
            {"distance_km": 2.38},
            {"speed_kmh": 3.6},
            {"timestamp": "Thu Jun 01 15:03:41 UTC 2017"}
        ],
        [
            {"location": [[
                {"latitude": 64.234846},
                {"longitude": 27.731989}
            ]]},
            {"altitude": 177},
            {"distance_km": 2.4},
            {"speed_kmh": 3.6},
            {"timestamp": "Thu Jun 01 15:03:47 UTC 2017"}
        ],
        [
            {"location": [[
                {"latitude": 64.234731},
                {"longitude": 27.731983}
            ]]},
            {"altitude": 176},
            {"distance_km": 2.41},
            {"speed_kmh": 3.6},
            {"timestamp": "Thu Jun 01 15:03:53 UTC 2017"}
        ],
        [
            {"location": [[
                {"latitude": 64.234618},
                {"longitude": 27.732055}
            ]]},
            {"altitude": 182},
            {"distance_km": 2.42},
            {"speed_kmh": 3.6},
            {"timestamp": "Thu Jun 01 15:03:59 UTC 2017"}
        ],
        [
            {"location": [[
                {"latitude": 64.234519},
                {"longitude": 27.732113}
            ]]},
            {"altitude": 183.5},
            {"distance_km": 2.43},
            {"speed_kmh": 3.6},
            {"timestamp": "Thu Jun 01 15:04:04 UTC 2017"}
        ],
        [
            {"location": [[
                {"latitude": 64.234405},
                {"longitude": 27.732117}
            ]]},
            {"altitude": 180.5},
            {"distance_km": 2.45},
            {"speed_kmh": 3.6},
            {"timestamp": "Thu Jun 01 15:04:10 UTC 2017"}
        ],
        [
            {"location": [[
                {"latitude": 64.234306},
                {"longitude": 27.732165}
            ]]},
            {"altitude": 180},
            {"distance_km": 2.46},
            {"speed_kmh": 3.6},
            {"timestamp": "Thu Jun 01 15:04:16 UTC 2017"}
        ],
        [
            {"location": [[
                {"latitude": 64.234196},
                {"longitude": 27.732225}
            ]]},
            {"altitude": 177.5},
            {"distance_km": 2.47},
            {"speed_kmh": 3.6},
            {"timestamp": "Thu Jun 01 15:04:24 UTC 2017"}
        ],
        [
            {"location": [[
                {"latitude": 64.234087},
                {"longitude": 27.73231}
            ]]},
            {"altitude": 179.5},
            {"distance_km": 2.48},
            {"speed_kmh": 3.6},
            {"timestamp": "Thu Jun 01 15:04:32 UTC 2017"}
        ],
        [
            {"location": [[
                {"latitude": 64.234002},
                {"longitude": 27.732403}
            ]]},
            {"altitude": 184},
            {"distance_km": 2.49},
            {"speed_kmh": 3.6},
            {"timestamp": "Thu Jun 01 15:04:40 UTC 2017"}
        ],
        [
            {"location": [[
                {"latitude": 64.233916},
                {"longitude": 27.732476}
            ]]},
            {"altitude": 185},
            {"distance_km": 2.5},
            {"speed_kmh": 3.6},
            {"timestamp": "Thu Jun 01 15:04:48 UTC 2017"}
        ],
        [
            {"location": [[
                {"latitude": 64.233822},
                {"longitude": 27.732591}
            ]]},
            {"altitude": 182},
            {"distance_km": 2.52},
            {"speed_kmh": 0},
            {"timestamp": "Thu Jun 01 15:04:56 UTC 2017"}
        ],
        [
            {"location": [[
                {"latitude": 64.233737},
                {"longitude": 27.732693}
            ]]},
            {"altitude": 179.5},
            {"distance_km": 2.53},
            {"speed_kmh": 3.6},
            {"timestamp": "Thu Jun 01 15:05:04 UTC 2017"}
        ],
        [
            {"location": [[
                {"latitude": 64.233635},
                {"longitude": 27.732762}
            ]]},
            {"altitude": 173},
            {"distance_km": 2.54},
            {"speed_kmh": 3.6},
            {"timestamp": "Thu Jun 01 15:05:12 UTC 2017"}
        ],
        [
            {"location": [[
                {"latitude": 64.233564},
                {"longitude": 27.73289}
            ]]},
            {"altitude": 172},
            {"distance_km": 2.55},
            {"speed_kmh": 0},
            {"timestamp": "Thu Jun 01 15:05:37 UTC 2017"}
        ],
        [
            {"location": [[
                {"latitude": 64.233473},
                {"longitude": 27.732988}
            ]]},
            {"altitude": 172},
            {"distance_km": 2.56},
            {"speed_kmh": 4.5},
            {"timestamp": "Thu Jun 01 15:05:47 UTC 2017"}
        ],
        [
            {"location": [[
                {"latitude": 64.233373},
                {"longitude": 27.733069}
            ]]},
            {"altitude": 172.5},
            {"distance_km": 2.57},
            {"speed_kmh": 4.5},
            {"timestamp": "Thu Jun 01 15:05:53 UTC 2017"}
        ],
        [
            {"location": [[
                {"latitude": 64.233254},
                {"longitude": 27.733157}
            ]]},
            {"altitude": 172},
            {"distance_km": 2.58},
            {"speed_kmh": 4.5},
            {"timestamp": "Thu Jun 01 15:05:59 UTC 2017"}
        ],
        [
            {"location": [[
                {"latitude": 64.233131},
                {"longitude": 27.733247}
            ]]},
            {"altitude": 171.5},
            {"distance_km": 2.6},
            {"speed_kmh": 5.4},
            {"timestamp": "Thu Jun 01 15:06:05 UTC 2017"}
        ],
        [
            {"location": [[
                {"latitude": 64.233019},
                {"longitude": 27.733204}
            ]]},
            {"altitude": 170},
            {"distance_km": 2.61},
            {"speed_kmh": 5.4},
            {"timestamp": "Thu Jun 01 15:06:11 UTC 2017"}
        ],
        [
            {"location": [[
                {"latitude": 64.232929},
                {"longitude": 27.73317}
            ]]},
            {"altitude": 164.5},
            {"distance_km": 2.62},
            {"speed_kmh": 5.4},
            {"timestamp": "Thu Jun 01 15:06:16 UTC 2017"}
        ],
        [
            {"location": [[
                {"latitude": 64.232814},
                {"longitude": 27.733103}
            ]]},
            {"altitude": 166},
            {"distance_km": 2.64},
            {"speed_kmh": 6.3},
            {"timestamp": "Thu Jun 01 15:06:22 UTC 2017"}
        ],
        [
            {"location": [[
                {"latitude": 64.232737},
                {"longitude": 27.732961}
            ]]},
            {"altitude": 164.5},
            {"distance_km": 2.65},
            {"speed_kmh": 6.3},
            {"timestamp": "Thu Jun 01 15:06:28 UTC 2017"}
        ],
        [
            {"location": [[
                {"latitude": 64.232739},
                {"longitude": 27.732739}
            ]]},
            {"altitude": 164},
            {"distance_km": 2.66},
            {"speed_kmh": 5.4},
            {"timestamp": "Thu Jun 01 15:06:36 UTC 2017"}
        ],
        [
            {"location": [[
                {"latitude": 64.23275},
                {"longitude": 27.732494}
            ]]},
            {"altitude": 161.5},
            {"distance_km": 2.67},
            {"speed_kmh": 5.4},
            {"timestamp": "Thu Jun 01 15:06:44 UTC 2017"}
        ],
        [
            {"location": [[
                {"latitude": 64.23276},
                {"longitude": 27.732231}
            ]]},
            {"altitude": 162.5},
            {"distance_km": 2.68},
            {"speed_kmh": 5.4},
            {"timestamp": "Thu Jun 01 15:06:52 UTC 2017"}
        ],
        [
            {"location": [[
                {"latitude": 64.232782},
                {"longitude": 27.732002}
            ]]},
            {"altitude": 160.5},
            {"distance_km": 2.69},
            {"speed_kmh": 4.5},
            {"timestamp": "Thu Jun 01 15:07:00 UTC 2017"}
        ],
        [
            {"location": [[
                {"latitude": 64.232805},
                {"longitude": 27.731758}
            ]]},
            {"altitude": 163},
            {"distance_km": 2.7},
            {"speed_kmh": 5.4},
            {"timestamp": "Thu Jun 01 15:07:08 UTC 2017"}
        ],
        [
            {"location": [[
                {"latitude": 64.232794},
                {"longitude": 27.731542}
            ]]},
            {"altitude": 164},
            {"distance_km": 2.72},
            {"speed_kmh": 5.4},
            {"timestamp": "Thu Jun 01 15:07:15 UTC 2017"}
        ],
        [
            {"location": [[
                {"latitude": 64.232743},
                {"longitude": 27.73134}
            ]]},
            {"altitude": 163},
            {"distance_km": 2.73},
            {"speed_kmh": 5.4},
            {"timestamp": "Thu Jun 01 15:07:23 UTC 2017"}
        ],
        [
            {"location": [[
                {"latitude": 64.232652},
                {"longitude": 27.73125}
            ]]},
            {"altitude": 162},
            {"distance_km": 2.74},
            {"speed_kmh": 5.4},
            {"timestamp": "Thu Jun 01 15:07:31 UTC 2017"}
        ],
        [
            {"location": [[
                {"latitude": 64.232558},
                {"longitude": 27.731119}
            ]]},
            {"altitude": 163.5},
            {"distance_km": 2.75},
            {"speed_kmh": 5.4},
            {"timestamp": "Thu Jun 01 15:07:39 UTC 2017"}
        ],
        [
            {"location": [[
                {"latitude": 64.232463},
                {"longitude": 27.730984}
            ]]},
            {"altitude": 162},
            {"distance_km": 2.76},
            {"speed_kmh": 5.4},
            {"timestamp": "Thu Jun 01 15:07:47 UTC 2017"}
        ],
        [
            {"location": [[
                {"latitude": 64.232375},
                {"longitude": 27.730789}
            ]]},
            {"altitude": 164.5},
            {"distance_km": 2.78},
            {"speed_kmh": 5.4},
            {"timestamp": "Thu Jun 01 15:07:57 UTC 2017"}
        ],
        [
            {"location": [[
                {"latitude": 64.23228},
                {"longitude": 27.730678}
            ]]},
            {"altitude": 166.5},
            {"distance_km": 2.79},
            {"speed_kmh": 5.4},
            {"timestamp": "Thu Jun 01 15:08:03 UTC 2017"}
        ],
        [
            {"location": [[
                {"latitude": 64.232177},
                {"longitude": 27.7306}
            ]]},
            {"altitude": 165.5},
            {"distance_km": 2.8},
            {"speed_kmh": 5.4},
            {"timestamp": "Thu Jun 01 15:08:09 UTC 2017"}
        ],
        [
            {"location": [[
                {"latitude": 64.232081},
                {"longitude": 27.730487}
            ]]},
            {"altitude": 165},
            {"distance_km": 2.81},
            {"speed_kmh": 5.4},
            {"timestamp": "Thu Jun 01 15:08:15 UTC 2017"}
        ],
        [
            {"location": [[
                {"latitude": 64.23198},
                {"longitude": 27.730396}
            ]]},
            {"altitude": 164.5},
            {"distance_km": 2.82},
            {"speed_kmh": 5.4},
            {"timestamp": "Thu Jun 01 15:08:22 UTC 2017"}
        ],
        [
            {"location": [[
                {"latitude": 64.231884},
                {"longitude": 27.730278}
            ]]},
            {"altitude": 164.5},
            {"distance_km": 2.84},
            {"speed_kmh": 5.4},
            {"timestamp": "Thu Jun 01 15:08:30 UTC 2017"}
        ],
        [
            {"location": [[
                {"latitude": 64.231804},
                {"longitude": 27.730164}
            ]]},
            {"altitude": 164},
            {"distance_km": 2.85},
            {"speed_kmh": 5.4},
            {"timestamp": "Thu Jun 01 15:08:36 UTC 2017"}
        ],
        [
            {"location": [[
                {"latitude": 64.231719},
                {"longitude": 27.73001}
            ]]},
            {"altitude": 160},
            {"distance_km": 2.86},
            {"speed_kmh": 2.7},
            {"timestamp": "Thu Jun 01 15:08:44 UTC 2017"}
        ],
        [
            {"location": [[
                {"latitude": 64.231659},
                {"longitude": 27.729825}
            ]]},
            {"altitude": 160},
            {"distance_km": 2.87},
            {"speed_kmh": 5.4},
            {"timestamp": "Thu Jun 01 15:08:50 UTC 2017"}
        ],
        [
            {"location": [[
                {"latitude": 64.231704},
                {"longitude": 27.729607}
            ]]},
            {"altitude": 156},
            {"distance_km": 2.88},
            {"speed_kmh": 4.5},
            {"timestamp": "Thu Jun 01 15:09:00 UTC 2017"}
        ],
        [
            {"location": [[
                {"latitude": 64.231782},
                {"longitude": 27.729542}
            ]]},
            {"altitude": 151},
            {"distance_km": 2.88},
            {"speed_kmh": 0},
            {"timestamp": "Thu Jun 01 15:09:58 UTC 2017"}
        ],
        [
            {"location": [[
                {"latitude": 64.231782},
                {"longitude": 27.729542}
            ]]},
            {"altitude": 151},
            {"distance_km": 2.88},
            {"speed_kmh": 0},
            {"timestamp": "Thu Jun 01 15:10:00 UTC 2017"}
        ]
    ]}
]