[
    {"sport": "SWIMMING"},
    {"source": "INPUT_MANUAL_MOBILE"},
    {"created_date": "2017-03-03 13:36:58.0"},
    {"start_time": "2017-03-03 12:36:00.0"},
    {"end_time": "2017-03-03 13:06:00.0"},
    {"duration_s": 1800},
    {"distance_km": 1},
    {"calories_kcal": 355.088},
    {"speed_avg_kmh": 2},
    {"points": [
        [
            {"distance_km": 0},
            {"timestamp": "Fri Mar 03 12:36:00 UTC 2017"}
        ],
        [
            {"distance_km": 1},
            {"timestamp": "Fri Mar 03 13:06:00 UTC 2017"}
        ]
    ]}
]