[
    {"sport": "WEIGHT_TRAINING"},
    {"source": "INPUT_MANUAL_MOBILE"},
    {"created_date": "2017-05-15 03:24:04.0"},
    {"start_time": "2017-05-14 07:24:00.0"},
    {"end_time": "2017-05-14 08:09:00.0"},
    {"duration_s": 2700},
    {"distance_km": 0},
    {"calories_kcal": 444.011},
    {"speed_avg_kmh": 0},
    {"points": [
        [
            {"distance_km": 0},
            {"timestamp": "Sun May 14 07:24:00 UTC 2017"}
        ],
        [
            {"distance_km": 0},
            {"timestamp": "Sun May 14 08:09:00 UTC 2017"}
        ]
    ]}
]