[
    {"sport": "WALKING"},
    {"source": "TRACK_MOBILE"},
    {"created_date": "2017-02-10 07:01:28.0"},
    {"start_time": "2017-02-10 07:00:20.0"},
    {"end_time": "2017-02-10 07:33:48.0"},
    {"duration_s": 2007},
    {"distance_km": 2.2},
    {"calories_kcal": 170.845},
    {"altitude_min_m": 144},
    {"altitude_max_m": 193},
    {"speed_avg_kmh": 3.946188340807175},
    {"speed_max_kmh": 5.4},
    {"ascend_m": 54.5},
    {"descend_m": 62.5},
    {"points": [
        [
            {"location": [[
                {"latitude": 64.231845},
                {"longitude": 27.729464}
            ]]},
            {"distance_km": 0},
            {"timestamp": "Fri Feb 10 07:00:20 UTC 2017"}
        ],
        [
            {"location": [[
                {"latitude": 64.231845},
                {"longitude": 27.729464}
            ]]},
            {"altitude": 168.5},
            {"distance_km": 0},
            {"speed_kmh": 0},
            {"timestamp": "Fri Feb 10 07:00:40 UTC 2017"}
        ],
        [
            {"location": [[
                {"latitude": 64.231751},
                {"longitude": 27.729505}
            ]]},
            {"altitude": 147},
            {"distance_km": 0.01},
            {"speed_kmh": 0},
            {"timestamp": "Fri Feb 10 07:02:14 UTC 2017"}
        ],
        [
            {"location": [[
                {"latitude": 64.231681},
                {"longitude": 27.729716}
            ]]},
            {"altitude": 144},
            {"distance_km": 0.02},
            {"speed_kmh": 5.4},
            {"timestamp": "Fri Feb 10 07:02:24 UTC 2017"}
        ],
        [
            {"location": [[
                {"latitude": 64.231667},
                {"longitude": 27.72995}
            ]]},
            {"altitude": 144.5},
            {"distance_km": 0.03},
            {"speed_kmh": 4.5},
            {"timestamp": "Fri Feb 10 07:02:30 UTC 2017"}
        ],
        [
            {"location": [[
                {"latitude": 64.231723},
                {"longitude": 27.730113}
            ]]},
            {"altitude": 147.5},
            {"distance_km": 0.04},
            {"speed_kmh": 4.5},
            {"timestamp": "Fri Feb 10 07:02:36 UTC 2017"}
        ],
        [
            {"location": [[
                {"latitude": 64.231817},
                {"longitude": 27.730275}
            ]]},
            {"altitude": 151},
            {"distance_km": 0.06},
            {"speed_kmh": 5.4},
            {"timestamp": "Fri Feb 10 07:02:44 UTC 2017"}
        ],
        [
            {"location": [[
                {"latitude": 64.231907},
                {"longitude": 27.730398}
            ]]},
            {"altitude": 150.5},
            {"distance_km": 0.07},
            {"speed_kmh": 5.4},
            {"timestamp": "Fri Feb 10 07:02:50 UTC 2017"}
        ],
        [
            {"location": [[
                {"latitude": 64.231999},
                {"longitude": 27.730497}
            ]]},
            {"altitude": 152},
            {"distance_km": 0.08},
            {"speed_kmh": 5.4},
            {"timestamp": "Fri Feb 10 07:02:58 UTC 2017"}
        ],
        [
            {"location": [[
                {"latitude": 64.23209},
                {"longitude": 27.730624}
            ]]},
            {"altitude": 154},
            {"distance_km": 0.09},
            {"speed_kmh": 5.4},
            {"timestamp": "Fri Feb 10 07:03:04 UTC 2017"}
        ],
        [
            {"location": [[
                {"latitude": 64.232166},
                {"longitude": 27.730741}
            ]]},
            {"altitude": 155.5},
            {"distance_km": 0.1},
            {"speed_kmh": 5.4},
            {"timestamp": "Fri Feb 10 07:03:10 UTC 2017"}
        ],
        [
            {"location": [[
                {"latitude": 64.232262},
                {"longitude": 27.730886}
            ]]},
            {"altitude": 156},
            {"distance_km": 0.12},
            {"speed_kmh": 5.4},
            {"timestamp": "Fri Feb 10 07:03:18 UTC 2017"}
        ],
        [
            {"location": [[
                {"latitude": 64.232366},
                {"longitude": 27.731003}
            ]]},
            {"altitude": 158},
            {"distance_km": 0.13},
            {"speed_kmh": 5.4},
            {"timestamp": "Fri Feb 10 07:03:27 UTC 2017"}
        ],
        [
            {"location": [[
                {"latitude": 64.232453},
                {"longitude": 27.731127}
            ]]},
            {"altitude": 157.5},
            {"distance_km": 0.14},
            {"speed_kmh": 5.4},
            {"timestamp": "Fri Feb 10 07:03:34 UTC 2017"}
        ],
        [
            {"location": [[
                {"latitude": 64.232548},
                {"longitude": 27.73125}
            ]]},
            {"altitude": 160},
            {"distance_km": 0.15},
            {"speed_kmh": 5.4},
            {"timestamp": "Fri Feb 10 07:03:42 UTC 2017"}
        ],
        [
            {"location": [[
                {"latitude": 64.23264},
                {"longitude": 27.731296}
            ]]},
            {"altitude": 161.5},
            {"distance_km": 0.16},
            {"speed_kmh": 5.4},
            {"timestamp": "Fri Feb 10 07:04:00 UTC 2017"}
        ],
        [
            {"location": [[
                {"latitude": 64.232723},
                {"longitude": 27.731379}
            ]]},
            {"altitude": 160.5},
            {"distance_km": 0.17},
            {"speed_kmh": 5.4},
            {"timestamp": "Fri Feb 10 07:04:06 UTC 2017"}
        ],
        [
            {"location": [[
                {"latitude": 64.232816},
                {"longitude": 27.731393}
            ]]},
            {"altitude": 159.5},
            {"distance_km": 0.18},
            {"speed_kmh": 5.4},
            {"timestamp": "Fri Feb 10 07:04:12 UTC 2017"}
        ],
        [
            {"location": [[
                {"latitude": 64.232926},
                {"longitude": 27.73138}
            ]]},
            {"altitude": 159.5},
            {"distance_km": 0.2},
            {"speed_kmh": 5.4},
            {"timestamp": "Fri Feb 10 07:04:20 UTC 2017"}
        ],
        [
            {"location": [[
                {"latitude": 64.233032},
                {"longitude": 27.731451}
            ]]},
            {"altitude": 160},
            {"distance_km": 0.21},
            {"speed_kmh": 5.4},
            {"timestamp": "Fri Feb 10 07:04:28 UTC 2017"}
        ],
        [
            {"location": [[
                {"latitude": 64.233116},
                {"longitude": 27.731558}
            ]]},
            {"altitude": 159},
            {"distance_km": 0.22},
            {"speed_kmh": 4.5},
            {"timestamp": "Fri Feb 10 07:04:36 UTC 2017"}
        ],
        [
            {"location": [[
                {"latitude": 64.23321},
                {"longitude": 27.731495}
            ]]},
            {"altitude": 161.5},
            {"distance_km": 0.23},
            {"speed_kmh": 3.6},
            {"timestamp": "Fri Feb 10 07:04:50 UTC 2017"}
        ],
        [
            {"location": [[
                {"latitude": 64.233311},
                {"longitude": 27.731443}
            ]]},
            {"altitude": 161},
            {"distance_km": 0.24},
            {"speed_kmh": 4.5},
            {"timestamp": "Fri Feb 10 07:04:58 UTC 2017"}
        ],
        [
            {"location": [[
                {"latitude": 64.233395},
                {"longitude": 27.731524}
            ]]},
            {"altitude": 159.5},
            {"distance_km": 0.25},
            {"speed_kmh": 4.5},
            {"timestamp": "Fri Feb 10 07:05:06 UTC 2017"}
        ],
        [
            {"location": [[
                {"latitude": 64.233502},
                {"longitude": 27.731572}
            ]]},
            {"altitude": 162.5},
            {"distance_km": 0.26},
            {"speed_kmh": 3.6},
            {"timestamp": "Fri Feb 10 07:05:16 UTC 2017"}
        ],
        [
            {"location": [[
                {"latitude": 64.233591},
                {"longitude": 27.731503}
            ]]},
            {"altitude": 164.5},
            {"distance_km": 0.27},
            {"speed_kmh": 3.6},
            {"timestamp": "Fri Feb 10 07:05:24 UTC 2017"}
        ],
        [
            {"location": [[
                {"latitude": 64.233672},
                {"longitude": 27.731406}
            ]]},
            {"altitude": 167.5},
            {"distance_km": 0.28},
            {"speed_kmh": 0},
            {"timestamp": "Fri Feb 10 07:05:39 UTC 2017"}
        ],
        [
            {"location": [[
                {"latitude": 64.233762},
                {"longitude": 27.731337}
            ]]},
            {"altitude": 167.5},
            {"distance_km": 0.29},
            {"speed_kmh": 3.6},
            {"timestamp": "Fri Feb 10 07:05:52 UTC 2017"}
        ],
        [
            {"location": [[
                {"latitude": 64.233851},
                {"longitude": 27.731197}
            ]]},
            {"altitude": 166},
            {"distance_km": 0.31},
            {"speed_kmh": 3.6},
            {"timestamp": "Fri Feb 10 07:06:02 UTC 2017"}
        ],
        [
            {"location": [[
                {"latitude": 64.233943},
                {"longitude": 27.731052}
            ]]},
            {"altitude": 169},
            {"distance_km": 0.32},
            {"speed_kmh": 3.6},
            {"timestamp": "Fri Feb 10 07:06:12 UTC 2017"}
        ],
        [
            {"location": [[
                {"latitude": 64.234034},
                {"longitude": 27.731002}
            ]]},
            {"altitude": 168},
            {"distance_km": 0.33},
            {"speed_kmh": 3.6},
            {"timestamp": "Fri Feb 10 07:06:22 UTC 2017"}
        ],
        [
            {"location": [[
                {"latitude": 64.234113},
                {"longitude": 27.73088}
            ]]},
            {"altitude": 169},
            {"distance_km": 0.34},
            {"speed_kmh": 3.6},
            {"timestamp": "Fri Feb 10 07:06:32 UTC 2017"}
        ],
        [
            {"location": [[
                {"latitude": 64.234154},
                {"longitude": 27.730644}
            ]]},
            {"altitude": 173.5},
            {"distance_km": 0.35},
            {"speed_kmh": 3.6},
            {"timestamp": "Fri Feb 10 07:06:40 UTC 2017"}
        ],
        [
            {"location": [[
                {"latitude": 64.234207},
                {"longitude": 27.730458}
            ]]},
            {"altitude": 172.5},
            {"distance_km": 0.36},
            {"speed_kmh": 3.6},
            {"timestamp": "Fri Feb 10 07:06:50 UTC 2017"}
        ],
        [
            {"location": [[
                {"latitude": 64.234275},
                {"longitude": 27.730291}
            ]]},
            {"altitude": 170},
            {"distance_km": 0.37},
            {"speed_kmh": 3.6},
            {"timestamp": "Fri Feb 10 07:07:00 UTC 2017"}
        ],
        [
            {"location": [[
                {"latitude": 64.234352},
                {"longitude": 27.730127}
            ]]},
            {"altitude": 172.5},
            {"distance_km": 0.39},
            {"speed_kmh": 2.7},
            {"timestamp": "Fri Feb 10 07:07:16 UTC 2017"}
        ],
        [
            {"location": [[
                {"latitude": 64.2344},
                {"longitude": 27.729947}
            ]]},
            {"altitude": 173.5},
            {"distance_km": 0.4},
            {"speed_kmh": 2.7},
            {"timestamp": "Fri Feb 10 07:07:26 UTC 2017"}
        ],
        [
            {"location": [[
                {"latitude": 64.234471},
                {"longitude": 27.729791}
            ]]},
            {"altitude": 176.5},
            {"distance_km": 0.41},
            {"speed_kmh": 2.7},
            {"timestamp": "Fri Feb 10 07:07:41 UTC 2017"}
        ],
        [
            {"location": [[
                {"latitude": 64.234538},
                {"longitude": 27.72965}
            ]]},
            {"altitude": 176},
            {"distance_km": 0.42},
            {"speed_kmh": 2.7},
            {"timestamp": "Fri Feb 10 07:07:54 UTC 2017"}
        ],
        [
            {"location": [[
                {"latitude": 64.234623},
                {"longitude": 27.729511}
            ]]},
            {"altitude": 178.5},
            {"distance_km": 0.43},
            {"speed_kmh": 2.7},
            {"timestamp": "Fri Feb 10 07:08:06 UTC 2017"}
        ],
        [
            {"location": [[
                {"latitude": 64.234709},
                {"longitude": 27.729397}
            ]]},
            {"altitude": 179.5},
            {"distance_km": 0.44},
            {"speed_kmh": 1.8},
            {"timestamp": "Fri Feb 10 07:08:30 UTC 2017"}
        ],
        [
            {"location": [[
                {"latitude": 64.234763},
                {"longitude": 27.729228}
            ]]},
            {"altitude": 182.5},
            {"distance_km": 0.45},
            {"speed_kmh": 0},
            {"timestamp": "Fri Feb 10 07:08:44 UTC 2017"}
        ],
        [
            {"location": [[
                {"latitude": 64.234848},
                {"longitude": 27.729113}
            ]]},
            {"altitude": 185},
            {"distance_km": 0.46},
            {"speed_kmh": 2.7},
            {"timestamp": "Fri Feb 10 07:09:00 UTC 2017"}
        ],
        [
            {"location": [[
                {"latitude": 64.234925},
                {"longitude": 27.729002}
            ]]},
            {"altitude": 184},
            {"distance_km": 0.47},
            {"speed_kmh": 2.7},
            {"timestamp": "Fri Feb 10 07:09:12 UTC 2017"}
        ],
        [
            {"location": [[
                {"latitude": 64.235005},
                {"longitude": 27.728896}
            ]]},
            {"altitude": 185.5},
            {"distance_km": 0.48},
            {"speed_kmh": 2.7},
            {"timestamp": "Fri Feb 10 07:09:25 UTC 2017"}
        ],
        [
            {"location": [[
                {"latitude": 64.235102},
                {"longitude": 27.728852}
            ]]},
            {"altitude": 188.5},
            {"distance_km": 0.49},
            {"speed_kmh": 3.6},
            {"timestamp": "Fri Feb 10 07:09:34 UTC 2017"}
        ],
        [
            {"location": [[
                {"latitude": 64.235184},
                {"longitude": 27.728943}
            ]]},
            {"altitude": 186.5},
            {"distance_km": 0.5},
            {"speed_kmh": 3.6},
            {"timestamp": "Fri Feb 10 07:09:44 UTC 2017"}
        ],
        [
            {"location": [[
                {"latitude": 64.235277},
                {"longitude": 27.728933}
            ]]},
            {"altitude": 189.5},
            {"distance_km": 0.51},
            {"speed_kmh": 3.6},
            {"timestamp": "Fri Feb 10 07:09:52 UTC 2017"}
        ],
        [
            {"location": [[
                {"latitude": 64.235354},
                {"longitude": 27.728816}
            ]]},
            {"altitude": 190},
            {"distance_km": 0.52},
            {"speed_kmh": 3.6},
            {"timestamp": "Fri Feb 10 07:10:02 UTC 2017"}
        ],
        [
            {"location": [[
                {"latitude": 64.235322},
                {"longitude": 27.728621}
            ]]},
            {"altitude": 191},
            {"distance_km": 0.53},
            {"speed_kmh": 2.7},
            {"timestamp": "Fri Feb 10 07:10:14 UTC 2017"}
        ],
        [
            {"location": [[
                {"latitude": 64.235382},
                {"longitude": 27.728423}
            ]]},
            {"altitude": 190.5},
            {"distance_km": 0.54},
            {"speed_kmh": 3.6},
            {"timestamp": "Fri Feb 10 07:10:26 UTC 2017"}
        ],
        [
            {"location": [[
                {"latitude": 64.235487},
                {"longitude": 27.728385}
            ]]},
            {"altitude": 189.5},
            {"distance_km": 0.56},
            {"speed_kmh": 3.6},
            {"timestamp": "Fri Feb 10 07:10:36 UTC 2017"}
        ],
        [
            {"location": [[
                {"latitude": 64.23558},
                {"longitude": 27.728296}
            ]]},
            {"altitude": 188},
            {"distance_km": 0.57},
            {"speed_kmh": 3.6},
            {"timestamp": "Fri Feb 10 07:10:44 UTC 2017"}
        ],
        [
            {"location": [[
                {"latitude": 64.235658},
                {"longitude": 27.728136}
            ]]},
            {"altitude": 189.5},
            {"distance_km": 0.58},
            {"speed_kmh": 3.6},
            {"timestamp": "Fri Feb 10 07:10:52 UTC 2017"}
        ],
        [
            {"location": [[
                {"latitude": 64.235742},
                {"longitude": 27.728043}
            ]]},
            {"altitude": 189},
            {"distance_km": 0.59},
            {"speed_kmh": 3.6},
            {"timestamp": "Fri Feb 10 07:11:00 UTC 2017"}
        ],
        [
            {"location": [[
                {"latitude": 64.235833},
                {"longitude": 27.727941}
            ]]},
            {"altitude": 186.5},
            {"distance_km": 0.6},
            {"speed_kmh": 3.6},
            {"timestamp": "Fri Feb 10 07:11:10 UTC 2017"}
        ],
        [
            {"location": [[
                {"latitude": 64.235917},
                {"longitude": 27.727844}
            ]]},
            {"altitude": 188},
            {"distance_km": 0.61},
            {"speed_kmh": 3.6},
            {"timestamp": "Fri Feb 10 07:11:18 UTC 2017"}
        ],
        [
            {"location": [[
                {"latitude": 64.236008},
                {"longitude": 27.727692}
            ]]},
            {"altitude": 191},
            {"distance_km": 0.62},
            {"speed_kmh": 3.6},
            {"timestamp": "Fri Feb 10 07:11:28 UTC 2017"}
        ],
        [
            {"location": [[
                {"latitude": 64.23605},
                {"longitude": 27.727502}
            ]]},
            {"altitude": 191.5},
            {"distance_km": 0.63},
            {"speed_kmh": 3.6},
            {"timestamp": "Fri Feb 10 07:11:36 UTC 2017"}
        ],
        [
            {"location": [[
                {"latitude": 64.236061},
                {"longitude": 27.727265}
            ]]},
            {"altitude": 189.5},
            {"distance_km": 0.65},
            {"speed_kmh": 3.6},
            {"timestamp": "Fri Feb 10 07:11:46 UTC 2017"}
        ],
        [
            {"location": [[
                {"latitude": 64.236079},
                {"longitude": 27.727005}
            ]]},
            {"altitude": 191.5},
            {"distance_km": 0.66},
            {"speed_kmh": 5.4},
            {"timestamp": "Fri Feb 10 07:11:54 UTC 2017"}
        ],
        [
            {"location": [[
                {"latitude": 64.236103},
                {"longitude": 27.726794}
            ]]},
            {"altitude": 187.5},
            {"distance_km": 0.67},
            {"speed_kmh": 4.5},
            {"timestamp": "Fri Feb 10 07:12:02 UTC 2017"}
        ],
        [
            {"location": [[
                {"latitude": 64.236162},
                {"longitude": 27.726579}
            ]]},
            {"altitude": 184.5},
            {"distance_km": 0.68},
            {"speed_kmh": 4.5},
            {"timestamp": "Fri Feb 10 07:12:12 UTC 2017"}
        ],
        [
            {"location": [[
                {"latitude": 64.236197},
                {"longitude": 27.726365}
            ]]},
            {"altitude": 183.5},
            {"distance_km": 0.69},
            {"speed_kmh": 4.5},
            {"timestamp": "Fri Feb 10 07:12:20 UTC 2017"}
        ],
        [
            {"location": [[
                {"latitude": 64.236242},
                {"longitude": 27.726131}
            ]]},
            {"altitude": 180.5},
            {"distance_km": 0.7},
            {"speed_kmh": 3.6},
            {"timestamp": "Fri Feb 10 07:12:32 UTC 2017"}
        ],
        [
            {"location": [[
                {"latitude": 64.236238},
                {"longitude": 27.7259}
            ]]},
            {"altitude": 180},
            {"distance_km": 0.72},
            {"speed_kmh": 3.6},
            {"timestamp": "Fri Feb 10 07:12:40 UTC 2017"}
        ],
        [
            {"location": [[
                {"latitude": 64.236241},
                {"longitude": 27.725678}
            ]]},
            {"altitude": 179},
            {"distance_km": 0.73},
            {"speed_kmh": 3.6},
            {"timestamp": "Fri Feb 10 07:12:48 UTC 2017"}
        ],
        [
            {"location": [[
                {"latitude": 64.236288},
                {"longitude": 27.725495}
            ]]},
            {"altitude": 178},
            {"distance_km": 0.74},
            {"speed_kmh": 3.6},
            {"timestamp": "Fri Feb 10 07:12:56 UTC 2017"}
        ],
        [
            {"location": [[
                {"latitude": 64.23635},
                {"longitude": 27.725333}
            ]]},
            {"altitude": 181},
            {"distance_km": 0.75},
            {"speed_kmh": 4.5},
            {"timestamp": "Fri Feb 10 07:13:04 UTC 2017"}
        ],
        [
            {"location": [[
                {"latitude": 64.236425},
                {"longitude": 27.725216}
            ]]},
            {"altitude": 178},
            {"distance_km": 0.76},
            {"speed_kmh": 3.6},
            {"timestamp": "Fri Feb 10 07:13:12 UTC 2017"}
        ],
        [
            {"location": [[
                {"latitude": 64.236524},
                {"longitude": 27.725142}
            ]]},
            {"altitude": 180.5},
            {"distance_km": 0.77},
            {"speed_kmh": 4.5},
            {"timestamp": "Fri Feb 10 07:13:22 UTC 2017"}
        ],
        [
            {"location": [[
                {"latitude": 64.23662},
                {"longitude": 27.725118}
            ]]},
            {"altitude": 182},
            {"distance_km": 0.78},
            {"speed_kmh": 4.5},
            {"timestamp": "Fri Feb 10 07:13:30 UTC 2017"}
        ],
        [
            {"location": [[
                {"latitude": 64.236721},
                {"longitude": 27.725155}
            ]]},
            {"altitude": 180.5},
            {"distance_km": 0.79},
            {"speed_kmh": 3.6},
            {"timestamp": "Fri Feb 10 07:13:38 UTC 2017"}
        ],
        [
            {"location": [[
                {"latitude": 64.23682},
                {"longitude": 27.725211}
            ]]},
            {"altitude": 180.5},
            {"distance_km": 0.8},
            {"speed_kmh": 3.6},
            {"timestamp": "Fri Feb 10 07:13:48 UTC 2017"}
        ],
        [
            {"location": [[
                {"latitude": 64.236928},
                {"longitude": 27.725272}
            ]]},
            {"altitude": 180},
            {"distance_km": 0.81},
            {"speed_kmh": 3.6},
            {"timestamp": "Fri Feb 10 07:13:58 UTC 2017"}
        ],
        [
            {"location": [[
                {"latitude": 64.237042},
                {"longitude": 27.725297}
            ]]},
            {"altitude": 183},
            {"distance_km": 0.83},
            {"speed_kmh": 3.6},
            {"timestamp": "Fri Feb 10 07:14:06 UTC 2017"}
        ],
        [
            {"location": [[
                {"latitude": 64.23715},
                {"longitude": 27.725326}
            ]]},
            {"altitude": 184.5},
            {"distance_km": 0.84},
            {"speed_kmh": 3.6},
            {"timestamp": "Fri Feb 10 07:14:14 UTC 2017"}
        ],
        [
            {"location": [[
                {"latitude": 64.237232},
                {"longitude": 27.725464}
            ]]},
            {"altitude": 180.5},
            {"distance_km": 0.85},
            {"speed_kmh": 0},
            {"timestamp": "Fri Feb 10 07:14:24 UTC 2017"}
        ],
        [
            {"location": [[
                {"latitude": 64.23732},
                {"longitude": 27.725582}
            ]]},
            {"altitude": 182},
            {"distance_km": 0.86},
            {"speed_kmh": 3.6},
            {"timestamp": "Fri Feb 10 07:14:34 UTC 2017"}
        ],
        [
            {"location": [[
                {"latitude": 64.237408},
                {"longitude": 27.725682}
            ]]},
            {"altitude": 183},
            {"distance_km": 0.87},
            {"speed_kmh": 3.6},
            {"timestamp": "Fri Feb 10 07:14:42 UTC 2017"}
        ],
        [
            {"location": [[
                {"latitude": 64.237492},
                {"longitude": 27.725846}
            ]]},
            {"altitude": 182.5},
            {"distance_km": 0.89},
            {"speed_kmh": 3.6},
            {"timestamp": "Fri Feb 10 07:14:52 UTC 2017"}
        ],
        [
            {"location": [[
                {"latitude": 64.237556},
                {"longitude": 27.725992}
            ]]},
            {"altitude": 185},
            {"distance_km": 0.9},
            {"speed_kmh": 3.6},
            {"timestamp": "Fri Feb 10 07:15:00 UTC 2017"}
        ],
        [
            {"location": [[
                {"latitude": 64.237651},
                {"longitude": 27.726122}
            ]]},
            {"altitude": 185.5},
            {"distance_km": 0.91},
            {"speed_kmh": 3.6},
            {"timestamp": "Fri Feb 10 07:15:10 UTC 2017"}
        ],
        [
            {"location": [[
                {"latitude": 64.237732},
                {"longitude": 27.726229}
            ]]},
            {"altitude": 187.5},
            {"distance_km": 0.92},
            {"speed_kmh": 3.6},
            {"timestamp": "Fri Feb 10 07:15:20 UTC 2017"}
        ],
        [
            {"location": [[
                {"latitude": 64.237827},
                {"longitude": 27.726344}
            ]]},
            {"altitude": 191},
            {"distance_km": 0.93},
            {"speed_kmh": 3.6},
            {"timestamp": "Fri Feb 10 07:15:30 UTC 2017"}
        ],
        [
            {"location": [[
                {"latitude": 64.237912},
                {"longitude": 27.726419}
            ]]},
            {"altitude": 191},
            {"distance_km": 0.94},
            {"speed_kmh": 3.6},
            {"timestamp": "Fri Feb 10 07:15:38 UTC 2017"}
        ],
        [
            {"location": [[
                {"latitude": 64.237997},
                {"longitude": 27.726504}
            ]]},
            {"altitude": 188},
            {"distance_km": 0.95},
            {"speed_kmh": 3.6},
            {"timestamp": "Fri Feb 10 07:15:46 UTC 2017"}
        ],
        [
            {"location": [[
                {"latitude": 64.238087},
                {"longitude": 27.726574}
            ]]},
            {"altitude": 187.5},
            {"distance_km": 0.96},
            {"speed_kmh": 3.6},
            {"timestamp": "Fri Feb 10 07:15:54 UTC 2017"}
        ],
        [
            {"location": [[
                {"latitude": 64.238194},
                {"longitude": 27.726664}
            ]]},
            {"altitude": 188},
            {"distance_km": 0.97},
            {"speed_kmh": 3.6},
            {"timestamp": "Fri Feb 10 07:16:02 UTC 2017"}
        ],
        [
            {"location": [[
                {"latitude": 64.238271},
                {"longitude": 27.726784}
            ]]},
            {"altitude": 189.5},
            {"distance_km": 0.98},
            {"speed_kmh": 3.6},
            {"timestamp": "Fri Feb 10 07:16:10 UTC 2017"}
        ],
        [
            {"location": [[
                {"latitude": 64.238345},
                {"longitude": 27.726909}
            ]]},
            {"altitude": 192},
            {"distance_km": 0.99},
            {"speed_kmh": 3.6},
            {"timestamp": "Fri Feb 10 07:16:18 UTC 2017"}
        ],
        [
            {"location": [[
                {"latitude": 64.238446},
                {"longitude": 27.726928}
            ]]},
            {"altitude": 191.5},
            {"distance_km": 1.01},
            {"speed_kmh": 3.6},
            {"timestamp": "Fri Feb 10 07:16:28 UTC 2017"}
        ],
        [
            {"location": [[
                {"latitude": 64.238542},
                {"longitude": 27.726889}
            ]]},
            {"altitude": 191},
            {"distance_km": 1.02},
            {"speed_kmh": 3.6},
            {"timestamp": "Fri Feb 10 07:16:36 UTC 2017"}
        ],
        [
            {"location": [[
                {"latitude": 64.238639},
                {"longitude": 27.726913}
            ]]},
            {"altitude": 192},
            {"distance_km": 1.03},
            {"speed_kmh": 3.6},
            {"timestamp": "Fri Feb 10 07:16:44 UTC 2017"}
        ],
        [
            {"location": [[
                {"latitude": 64.23873},
                {"longitude": 27.727034}
            ]]},
            {"altitude": 190},
            {"distance_km": 1.04},
            {"speed_kmh": 3.6},
            {"timestamp": "Fri Feb 10 07:16:54 UTC 2017"}
        ],
        [
            {"location": [[
                {"latitude": 64.238774},
                {"longitude": 27.727221}
            ]]},
            {"altitude": 191.5},
            {"distance_km": 1.05},
            {"speed_kmh": 0},
            {"timestamp": "Fri Feb 10 07:17:06 UTC 2017"}
        ],
        [
            {"location": [[
                {"latitude": 64.238788},
                {"longitude": 27.727427}
            ]]},
            {"altitude": 189},
            {"distance_km": 1.06},
            {"speed_kmh": 3.6},
            {"timestamp": "Fri Feb 10 07:17:14 UTC 2017"}
        ],
        [
            {"location": [[
                {"latitude": 64.238802},
                {"longitude": 27.727658}
            ]]},
            {"altitude": 187.5},
            {"distance_km": 1.07},
            {"speed_kmh": 3.6},
            {"timestamp": "Fri Feb 10 07:17:22 UTC 2017"}
        ],
        [
            {"location": [[
                {"latitude": 64.23887},
                {"longitude": 27.727882}
            ]]},
            {"altitude": 190.5},
            {"distance_km": 1.08},
            {"speed_kmh": 4.5},
            {"timestamp": "Fri Feb 10 07:17:30 UTC 2017"}
        ],
        [
            {"location": [[
                {"latitude": 64.238912},
                {"longitude": 27.728069}
            ]]},
            {"altitude": 191.5},
            {"distance_km": 1.09},
            {"speed_kmh": 3.6},
            {"timestamp": "Fri Feb 10 07:17:38 UTC 2017"}
        ],
        [
            {"location": [[
                {"latitude": 64.238952},
                {"longitude": 27.728306}
            ]]},
            {"altitude": 190},
            {"distance_km": 1.11},
            {"speed_kmh": 3.6},
            {"timestamp": "Fri Feb 10 07:17:48 UTC 2017"}
        ],
        [
            {"location": [[
                {"latitude": 64.238978},
                {"longitude": 27.728542}
            ]]},
            {"altitude": 189},
            {"distance_km": 1.12},
            {"speed_kmh": 3.6},
            {"timestamp": "Fri Feb 10 07:17:58 UTC 2017"}
        ],
        [
            {"location": [[
                {"latitude": 64.238895},
                {"longitude": 27.728654}
            ]]},
            {"altitude": 186.5},
            {"distance_km": 1.13},
            {"speed_kmh": 4.5},
            {"timestamp": "Fri Feb 10 07:18:06 UTC 2017"}
        ],
        [
            {"location": [[
                {"latitude": 64.238797},
                {"longitude": 27.728675}
            ]]},
            {"altitude": 183.5},
            {"distance_km": 1.14},
            {"speed_kmh": 4.5},
            {"timestamp": "Fri Feb 10 07:18:14 UTC 2017"}
        ],
        [
            {"location": [[
                {"latitude": 64.238701},
                {"longitude": 27.728662}
            ]]},
            {"altitude": 185},
            {"distance_km": 1.15},
            {"speed_kmh": 4.5},
            {"timestamp": "Fri Feb 10 07:18:22 UTC 2017"}
        ],
        [
            {"location": [[
                {"latitude": 64.238609},
                {"longitude": 27.728693}
            ]]},
            {"altitude": 183.5},
            {"distance_km": 1.16},
            {"speed_kmh": 4.5},
            {"timestamp": "Fri Feb 10 07:18:30 UTC 2017"}
        ],
        [
            {"location": [[
                {"latitude": 64.238518},
                {"longitude": 27.728681}
            ]]},
            {"altitude": 184.5},
            {"distance_km": 1.17},
            {"speed_kmh": 4.5},
            {"timestamp": "Fri Feb 10 07:18:38 UTC 2017"}
        ],
        [
            {"location": [[
                {"latitude": 64.238424},
                {"longitude": 27.728669}
            ]]},
            {"altitude": 185},
            {"distance_km": 1.18},
            {"speed_kmh": 4.5},
            {"timestamp": "Fri Feb 10 07:18:46 UTC 2017"}
        ],
        [
            {"location": [[
                {"latitude": 64.238323},
                {"longitude": 27.728595}
            ]]},
            {"altitude": 185},
            {"distance_km": 1.19},
            {"speed_kmh": 3.6},
            {"timestamp": "Fri Feb 10 07:18:56 UTC 2017"}
        ],
        [
            {"location": [[
                {"latitude": 64.238212},
                {"longitude": 27.728584}
            ]]},
            {"altitude": 185},
            {"distance_km": 1.21},
            {"speed_kmh": 3.6},
            {"timestamp": "Fri Feb 10 07:19:06 UTC 2017"}
        ],
        [
            {"location": [[
                {"latitude": 64.238127},
                {"longitude": 27.728508}
            ]]},
            {"altitude": 187.5},
            {"distance_km": 1.22},
            {"speed_kmh": 3.6},
            {"timestamp": "Fri Feb 10 07:19:14 UTC 2017"}
        ],
        [
            {"location": [[
                {"latitude": 64.238025},
                {"longitude": 27.728614}
            ]]},
            {"altitude": 186.5},
            {"distance_km": 1.23},
            {"speed_kmh": 3.6},
            {"timestamp": "Fri Feb 10 07:19:26 UTC 2017"}
        ],
        [
            {"location": [[
                {"latitude": 64.237952},
                {"longitude": 27.728789}
            ]]},
            {"altitude": 186.5},
            {"distance_km": 1.24},
            {"speed_kmh": 3.6},
            {"timestamp": "Fri Feb 10 07:19:40 UTC 2017"}
        ],
        [
            {"location": [[
                {"latitude": 64.237879},
                {"longitude": 27.728949}
            ]]},
            {"altitude": 188.5},
            {"distance_km": 1.25},
            {"speed_kmh": 2.7},
            {"timestamp": "Fri Feb 10 07:19:50 UTC 2017"}
        ],
        [
            {"location": [[
                {"latitude": 64.237784},
                {"longitude": 27.72898}
            ]]},
            {"altitude": 188.5},
            {"distance_km": 1.26},
            {"speed_kmh": 3.6},
            {"timestamp": "Fri Feb 10 07:19:58 UTC 2017"}
        ],
        [
            {"location": [[
                {"latitude": 64.237685},
                {"longitude": 27.728936}
            ]]},
            {"altitude": 185.5},
            {"distance_km": 1.27},
            {"speed_kmh": 3.6},
            {"timestamp": "Fri Feb 10 07:20:08 UTC 2017"}
        ],
        [
            {"location": [[
                {"latitude": 64.237586},
                {"longitude": 27.728863}
            ]]},
            {"altitude": 185.5},
            {"distance_km": 1.28},
            {"speed_kmh": 3.6},
            {"timestamp": "Fri Feb 10 07:20:18 UTC 2017"}
        ],
        [
            {"location": [[
                {"latitude": 64.237493},
                {"longitude": 27.72889}
            ]]},
            {"altitude": 183.5},
            {"distance_km": 1.3},
            {"speed_kmh": 4.5},
            {"timestamp": "Fri Feb 10 07:20:26 UTC 2017"}
        ],
        [
            {"location": [[
                {"latitude": 64.237399},
                {"longitude": 27.728987}
            ]]},
            {"altitude": 187},
            {"distance_km": 1.31},
            {"speed_kmh": 3.6},
            {"timestamp": "Fri Feb 10 07:20:36 UTC 2017"}
        ],
        [
            {"location": [[
                {"latitude": 64.237306},
                {"longitude": 27.729022}
            ]]},
            {"altitude": 189},
            {"distance_km": 1.32},
            {"speed_kmh": 3.6},
            {"timestamp": "Fri Feb 10 07:20:46 UTC 2017"}
        ],
        [
            {"location": [[
                {"latitude": 64.237208},
                {"longitude": 27.728985}
            ]]},
            {"altitude": 188},
            {"distance_km": 1.33},
            {"speed_kmh": 3.6},
            {"timestamp": "Fri Feb 10 07:20:58 UTC 2017"}
        ],
        [
            {"location": [[
                {"latitude": 64.237103},
                {"longitude": 27.728913}
            ]]},
            {"altitude": 189},
            {"distance_km": 1.34},
            {"speed_kmh": 3.6},
            {"timestamp": "Fri Feb 10 07:21:08 UTC 2017"}
        ],
        [
            {"location": [[
                {"latitude": 64.237037},
                {"longitude": 27.728761}
            ]]},
            {"altitude": 188.5},
            {"distance_km": 1.35},
            {"speed_kmh": 3.6},
            {"timestamp": "Fri Feb 10 07:21:18 UTC 2017"}
        ],
        [
            {"location": [[
                {"latitude": 64.237016},
                {"longitude": 27.728552}
            ]]},
            {"altitude": 188},
            {"distance_km": 1.36},
            {"speed_kmh": 3.6},
            {"timestamp": "Fri Feb 10 07:21:26 UTC 2017"}
        ],
        [
            {"location": [[
                {"latitude": 64.236918},
                {"longitude": 27.728627}
            ]]},
            {"altitude": 190},
            {"distance_km": 1.37},
            {"speed_kmh": 3.6},
            {"timestamp": "Fri Feb 10 07:21:36 UTC 2017"}
        ],
        [
            {"location": [[
                {"latitude": 64.23683},
                {"longitude": 27.728508}
            ]]},
            {"altitude": 189.5},
            {"distance_km": 1.38},
            {"speed_kmh": 3.6},
            {"timestamp": "Fri Feb 10 07:21:46 UTC 2017"}
        ],
        [
            {"location": [[
                {"latitude": 64.236731},
                {"longitude": 27.728412}
            ]]},
            {"altitude": 190},
            {"distance_km": 1.4},
            {"speed_kmh": 3.6},
            {"timestamp": "Fri Feb 10 07:21:56 UTC 2017"}
        ],
        [
            {"location": [[
                {"latitude": 64.236634},
                {"longitude": 27.728353}
            ]]},
            {"altitude": 192},
            {"distance_km": 1.41},
            {"speed_kmh": 3.6},
            {"timestamp": "Fri Feb 10 07:22:04 UTC 2017"}
        ],
        [
            {"location": [[
                {"latitude": 64.23653},
                {"longitude": 27.728314}
            ]]},
            {"altitude": 191},
            {"distance_km": 1.42},
            {"speed_kmh": 3.6},
            {"timestamp": "Fri Feb 10 07:22:14 UTC 2017"}
        ],
        [
            {"location": [[
                {"latitude": 64.236442},
                {"longitude": 27.728401}
            ]]},
            {"altitude": 193},
            {"distance_km": 1.43},
            {"speed_kmh": 4.5},
            {"timestamp": "Fri Feb 10 07:22:24 UTC 2017"}
        ],
        [
            {"location": [[
                {"latitude": 64.23635},
                {"longitude": 27.728456}
            ]]},
            {"altitude": 193},
            {"distance_km": 1.44},
            {"speed_kmh": 3.6},
            {"timestamp": "Fri Feb 10 07:22:32 UTC 2017"}
        ],
        [
            {"location": [[
                {"latitude": 64.23625},
                {"longitude": 27.728535}
            ]]},
            {"altitude": 190.5},
            {"distance_km": 1.45},
            {"speed_kmh": 4.5},
            {"timestamp": "Fri Feb 10 07:22:40 UTC 2017"}
        ],
        [
            {"location": [[
                {"latitude": 64.236145},
                {"longitude": 27.728596}
            ]]},
            {"altitude": 192.5},
            {"distance_km": 1.46},
            {"speed_kmh": 4.5},
            {"timestamp": "Fri Feb 10 07:22:48 UTC 2017"}
        ],
        [
            {"location": [[
                {"latitude": 64.236068},
                {"longitude": 27.728708}
            ]]},
            {"altitude": 191},
            {"distance_km": 1.47},
            {"speed_kmh": 3.6},
            {"timestamp": "Fri Feb 10 07:22:56 UTC 2017"}
        ],
        [
            {"location": [[
                {"latitude": 64.235984},
                {"longitude": 27.728821}
            ]]},
            {"altitude": 192.5},
            {"distance_km": 1.48},
            {"speed_kmh": 3.6},
            {"timestamp": "Fri Feb 10 07:23:06 UTC 2017"}
        ],
        [
            {"location": [[
                {"latitude": 64.235878},
                {"longitude": 27.728883}
            ]]},
            {"altitude": 192.5},
            {"distance_km": 1.5},
            {"speed_kmh": 3.6},
            {"timestamp": "Fri Feb 10 07:23:16 UTC 2017"}
        ],
        [
            {"location": [[
                {"latitude": 64.23578},
                {"longitude": 27.72903}
            ]]},
            {"altitude": 191.5},
            {"distance_km": 1.51},
            {"speed_kmh": 4.5},
            {"timestamp": "Fri Feb 10 07:23:24 UTC 2017"}
        ],
        [
            {"location": [[
                {"latitude": 64.235688},
                {"longitude": 27.729032}
            ]]},
            {"altitude": 190},
            {"distance_km": 1.52},
            {"speed_kmh": 3.6},
            {"timestamp": "Fri Feb 10 07:23:32 UTC 2017"}
        ],
        [
            {"location": [[
                {"latitude": 64.235598},
                {"longitude": 27.729008}
            ]]},
            {"altitude": 189.5},
            {"distance_km": 1.53},
            {"speed_kmh": 3.6},
            {"timestamp": "Fri Feb 10 07:23:40 UTC 2017"}
        ],
        [
            {"location": [[
                {"latitude": 64.235504},
                {"longitude": 27.729122}
            ]]},
            {"altitude": 188},
            {"distance_km": 1.54},
            {"speed_kmh": 3.6},
            {"timestamp": "Fri Feb 10 07:23:50 UTC 2017"}
        ],
        [
            {"location": [[
                {"latitude": 64.235395},
                {"longitude": 27.729097}
            ]]},
            {"altitude": 186.5},
            {"distance_km": 1.55},
            {"speed_kmh": 3.6},
            {"timestamp": "Fri Feb 10 07:24:00 UTC 2017"}
        ],
        [
            {"location": [[
                {"latitude": 64.235353},
                {"longitude": 27.729306}
            ]]},
            {"altitude": 187},
            {"distance_km": 1.57},
            {"speed_kmh": 3.6},
            {"timestamp": "Fri Feb 10 07:24:15 UTC 2017"}
        ],
        [
            {"location": [[
                {"latitude": 64.235282},
                {"longitude": 27.729453}
            ]]},
            {"altitude": 186.5},
            {"distance_km": 1.58},
            {"speed_kmh": 3.6},
            {"timestamp": "Fri Feb 10 07:24:24 UTC 2017"}
        ],
        [
            {"location": [[
                {"latitude": 64.235224},
                {"longitude": 27.729635}
            ]]},
            {"altitude": 187.5},
            {"distance_km": 1.59},
            {"speed_kmh": 3.6},
            {"timestamp": "Fri Feb 10 07:24:32 UTC 2017"}
        ],
        [
            {"location": [[
                {"latitude": 64.235144},
                {"longitude": 27.729766}
            ]]},
            {"altitude": 186.5},
            {"distance_km": 1.6},
            {"speed_kmh": 4.5},
            {"timestamp": "Fri Feb 10 07:24:42 UTC 2017"}
        ],
        [
            {"location": [[
                {"latitude": 64.235114},
                {"longitude": 27.730002}
            ]]},
            {"altitude": 183},
            {"distance_km": 1.61},
            {"speed_kmh": 3.6},
            {"timestamp": "Fri Feb 10 07:24:52 UTC 2017"}
        ],
        [
            {"location": [[
                {"latitude": 64.235051},
                {"longitude": 27.730177}
            ]]},
            {"altitude": 182},
            {"distance_km": 1.62},
            {"speed_kmh": 2.7},
            {"timestamp": "Fri Feb 10 07:25:02 UTC 2017"}
        ],
        [
            {"location": [[
                {"latitude": 64.234983},
                {"longitude": 27.730389}
            ]]},
            {"altitude": 182},
            {"distance_km": 1.63},
            {"speed_kmh": 3.6},
            {"timestamp": "Fri Feb 10 07:25:12 UTC 2017"}
        ],
        [
            {"location": [[
                {"latitude": 64.234926},
                {"longitude": 27.730561}
            ]]},
            {"altitude": 182},
            {"distance_km": 1.64},
            {"speed_kmh": 3.6},
            {"timestamp": "Fri Feb 10 07:25:18 UTC 2017"}
        ],
        [
            {"location": [[
                {"latitude": 64.234874},
                {"longitude": 27.730742}
            ]]},
            {"altitude": 182.5},
            {"distance_km": 1.65},
            {"speed_kmh": 3.6},
            {"timestamp": "Fri Feb 10 07:25:26 UTC 2017"}
        ],
        [
            {"location": [[
                {"latitude": 64.234801},
                {"longitude": 27.730917}
            ]]},
            {"altitude": 184},
            {"distance_km": 1.67},
            {"speed_kmh": 4.5},
            {"timestamp": "Fri Feb 10 07:25:34 UTC 2017"}
        ],
        [
            {"location": [[
                {"latitude": 64.234716},
                {"longitude": 27.73109}
            ]]},
            {"altitude": 184},
            {"distance_km": 1.68},
            {"speed_kmh": 4.5},
            {"timestamp": "Fri Feb 10 07:25:42 UTC 2017"}
        ],
        [
            {"location": [[
                {"latitude": 64.23465},
                {"longitude": 27.731247}
            ]]},
            {"altitude": 183},
            {"distance_km": 1.69},
            {"speed_kmh": 3.6},
            {"timestamp": "Fri Feb 10 07:25:48 UTC 2017"}
        ],
        [
            {"location": [[
                {"latitude": 64.234566},
                {"longitude": 27.731395}
            ]]},
            {"altitude": 181},
            {"distance_km": 1.7},
            {"speed_kmh": 3.6},
            {"timestamp": "Fri Feb 10 07:25:58 UTC 2017"}
        ],
        [
            {"location": [[
                {"latitude": 64.234502},
                {"longitude": 27.731572}
            ]]},
            {"altitude": 179.5},
            {"distance_km": 1.71},
            {"speed_kmh": 3.6},
            {"timestamp": "Fri Feb 10 07:26:08 UTC 2017"}
        ],
        [
            {"location": [[
                {"latitude": 64.234433},
                {"longitude": 27.731761}
            ]]},
            {"altitude": 176.5},
            {"distance_km": 1.72},
            {"speed_kmh": 4.5},
            {"timestamp": "Fri Feb 10 07:26:34 UTC 2017"}
        ],
        [
            {"location": [[
                {"latitude": 64.234359},
                {"longitude": 27.731906}
            ]]},
            {"altitude": 177},
            {"distance_km": 1.74},
            {"speed_kmh": 0},
            {"timestamp": "Fri Feb 10 07:26:46 UTC 2017"}
        ],
        [
            {"location": [[
                {"latitude": 64.234305},
                {"longitude": 27.732074}
            ]]},
            {"altitude": 180},
            {"distance_km": 1.75},
            {"speed_kmh": 2.7},
            {"timestamp": "Fri Feb 10 07:26:58 UTC 2017"}
        ],
        [
            {"location": [[
                {"latitude": 64.2342},
                {"longitude": 27.732191}
            ]]},
            {"altitude": 174.5},
            {"distance_km": 1.76},
            {"speed_kmh": 4.5},
            {"timestamp": "Fri Feb 10 07:27:08 UTC 2017"}
        ],
        [
            {"location": [[
                {"latitude": 64.234083},
                {"longitude": 27.732201}
            ]]},
            {"altitude": 172.5},
            {"distance_km": 1.77},
            {"speed_kmh": 3.6},
            {"timestamp": "Fri Feb 10 07:27:16 UTC 2017"}
        ],
        [
            {"location": [[
                {"latitude": 64.233998},
                {"longitude": 27.732285}
            ]]},
            {"altitude": 171},
            {"distance_km": 1.78},
            {"speed_kmh": 4.5},
            {"timestamp": "Fri Feb 10 07:27:24 UTC 2017"}
        ],
        [
            {"location": [[
                {"latitude": 64.23391},
                {"longitude": 27.732369}
            ]]},
            {"altitude": 171},
            {"distance_km": 1.79},
            {"speed_kmh": 4.5},
            {"timestamp": "Fri Feb 10 07:27:30 UTC 2017"}
        ],
        [
            {"location": [[
                {"latitude": 64.233829},
                {"longitude": 27.732459}
            ]]},
            {"altitude": 170.5},
            {"distance_km": 1.8},
            {"speed_kmh": 4.5},
            {"timestamp": "Fri Feb 10 07:27:36 UTC 2017"}
        ],
        [
            {"location": [[
                {"latitude": 64.233736},
                {"longitude": 27.732575}
            ]]},
            {"altitude": 169.5},
            {"distance_km": 1.81},
            {"speed_kmh": 4.5},
            {"timestamp": "Fri Feb 10 07:27:44 UTC 2017"}
        ],
        [
            {"location": [[
                {"latitude": 64.233644},
                {"longitude": 27.732702}
            ]]},
            {"altitude": 167.5},
            {"distance_km": 1.83},
            {"speed_kmh": 4.5},
            {"timestamp": "Fri Feb 10 07:27:52 UTC 2017"}
        ],
        [
            {"location": [[
                {"latitude": 64.233539},
                {"longitude": 27.732823}
            ]]},
            {"altitude": 167},
            {"distance_km": 1.84},
            {"speed_kmh": 4.5},
            {"timestamp": "Fri Feb 10 07:28:00 UTC 2017"}
        ],
        [
            {"location": [[
                {"latitude": 64.233436},
                {"longitude": 27.732915}
            ]]},
            {"altitude": 165},
            {"distance_km": 1.85},
            {"speed_kmh": 4.5},
            {"timestamp": "Fri Feb 10 07:28:08 UTC 2017"}
        ],
        [
            {"location": [[
                {"latitude": 64.23333},
                {"longitude": 27.733032}
            ]]},
            {"altitude": 163.5},
            {"distance_km": 1.86},
            {"speed_kmh": 4.5},
            {"timestamp": "Fri Feb 10 07:28:16 UTC 2017"}
        ],
        [
            {"location": [[
                {"latitude": 64.233241},
                {"longitude": 27.733104}
            ]]},
            {"altitude": 160.5},
            {"distance_km": 1.87},
            {"speed_kmh": 4.5},
            {"timestamp": "Fri Feb 10 07:28:24 UTC 2017"}
        ],
        [
            {"location": [[
                {"latitude": 64.233144},
                {"longitude": 27.733189}
            ]]},
            {"altitude": 160},
            {"distance_km": 1.89},
            {"speed_kmh": 2.7},
            {"timestamp": "Fri Feb 10 07:28:46 UTC 2017"}
        ],
        [
            {"location": [[
                {"latitude": 64.233042},
                {"longitude": 27.733267}
            ]]},
            {"altitude": 158.5},
            {"distance_km": 1.9},
            {"speed_kmh": 4.5},
            {"timestamp": "Fri Feb 10 07:29:30 UTC 2017"}
        ],
        [
            {"location": [[
                {"latitude": 64.232937},
                {"longitude": 27.733272}
            ]]},
            {"altitude": 158},
            {"distance_km": 1.91},
            {"speed_kmh": 5.4},
            {"timestamp": "Fri Feb 10 07:29:38 UTC 2017"}
        ],
        [
            {"location": [[
                {"latitude": 64.232851},
                {"longitude": 27.733209}
            ]]},
            {"altitude": 157.5},
            {"distance_km": 1.92},
            {"speed_kmh": 5.4},
            {"timestamp": "Fri Feb 10 07:29:44 UTC 2017"}
        ],
        [
            {"location": [[
                {"latitude": 64.232748},
                {"longitude": 27.733196}
            ]]},
            {"altitude": 155},
            {"distance_km": 1.93},
            {"speed_kmh": 5.4},
            {"timestamp": "Fri Feb 10 07:29:52 UTC 2017"}
        ],
        [
            {"location": [[
                {"latitude": 64.23266},
                {"longitude": 27.733118}
            ]]},
            {"altitude": 155.5},
            {"distance_km": 1.94},
            {"speed_kmh": 5.4},
            {"timestamp": "Fri Feb 10 07:30:00 UTC 2017"}
        ],
        [
            {"location": [[
                {"latitude": 64.232679},
                {"longitude": 27.73288}
            ]]},
            {"altitude": 156},
            {"distance_km": 1.95},
            {"speed_kmh": 4.5},
            {"timestamp": "Fri Feb 10 07:30:08 UTC 2017"}
        ],
        [
            {"location": [[
                {"latitude": 64.232714},
                {"longitude": 27.732672}
            ]]},
            {"altitude": 156},
            {"distance_km": 1.96},
            {"speed_kmh": 4.5},
            {"timestamp": "Fri Feb 10 07:30:16 UTC 2017"}
        ],
        [
            {"location": [[
                {"latitude": 64.232734},
                {"longitude": 27.732447}
            ]]},
            {"altitude": 158},
            {"distance_km": 1.98},
            {"speed_kmh": 5.4},
            {"timestamp": "Fri Feb 10 07:30:24 UTC 2017"}
        ],
        [
            {"location": [[
                {"latitude": 64.232764},
                {"longitude": 27.732182}
            ]]},
            {"altitude": 157.5},
            {"distance_km": 1.99},
            {"speed_kmh": 5.4},
            {"timestamp": "Fri Feb 10 07:30:32 UTC 2017"}
        ],
        [
            {"location": [[
                {"latitude": 64.232782},
                {"longitude": 27.731932}
            ]]},
            {"altitude": 159},
            {"distance_km": 2},
            {"speed_kmh": 5.4},
            {"timestamp": "Fri Feb 10 07:30:40 UTC 2017"}
        ],
        [
            {"location": [[
                {"latitude": 64.232805},
                {"longitude": 27.731669}
            ]]},
            {"altitude": 159.5},
            {"distance_km": 2.01},
            {"speed_kmh": 5.4},
            {"timestamp": "Fri Feb 10 07:30:48 UTC 2017"}
        ],
        [
            {"location": [[
                {"latitude": 64.232821},
                {"longitude": 27.731442}
            ]]},
            {"altitude": 161.5},
            {"distance_km": 2.03},
            {"speed_kmh": 5.4},
            {"timestamp": "Fri Feb 10 07:30:54 UTC 2017"}
        ],
        [
            {"location": [[
                {"latitude": 64.232739},
                {"longitude": 27.731282}
            ]]},
            {"altitude": 161},
            {"distance_km": 2.04},
            {"speed_kmh": 4.5},
            {"timestamp": "Fri Feb 10 07:31:02 UTC 2017"}
        ],
        [
            {"location": [[
                {"latitude": 64.232647},
                {"longitude": 27.731241}
            ]]},
            {"altitude": 158.5},
            {"distance_km": 2.05},
            {"speed_kmh": 4.5},
            {"timestamp": "Fri Feb 10 07:31:12 UTC 2017"}
        ],
        [
            {"location": [[
                {"latitude": 64.232539},
                {"longitude": 27.731163}
            ]]},
            {"altitude": 160},
            {"distance_km": 2.06},
            {"speed_kmh": 4.5},
            {"timestamp": "Fri Feb 10 07:31:22 UTC 2017"}
        ],
        [
            {"location": [[
                {"latitude": 64.232438},
                {"longitude": 27.73103}
            ]]},
            {"altitude": 160.5},
            {"distance_km": 2.07},
            {"speed_kmh": 4.5},
            {"timestamp": "Fri Feb 10 07:31:30 UTC 2017"}
        ],
        [
            {"location": [[
                {"latitude": 64.232344},
                {"longitude": 27.730942}
            ]]},
            {"altitude": 159},
            {"distance_km": 2.08},
            {"speed_kmh": 5.4},
            {"timestamp": "Fri Feb 10 07:31:38 UTC 2017"}
        ],
        [
            {"location": [[
                {"latitude": 64.232245},
                {"longitude": 27.730799}
            ]]},
            {"altitude": 158.5},
            {"distance_km": 2.1},
            {"speed_kmh": 5.4},
            {"timestamp": "Fri Feb 10 07:31:46 UTC 2017"}
        ],
        [
            {"location": [[
                {"latitude": 64.232159},
                {"longitude": 27.7307}
            ]]},
            {"altitude": 157.5},
            {"distance_km": 2.11},
            {"speed_kmh": 5.4},
            {"timestamp": "Fri Feb 10 07:31:52 UTC 2017"}
        ],
        [
            {"location": [[
                {"latitude": 64.232077},
                {"longitude": 27.730574}
            ]]},
            {"altitude": 157.5},
            {"distance_km": 2.12},
            {"speed_kmh": 5.4},
            {"timestamp": "Fri Feb 10 07:32:00 UTC 2017"}
        ],
        [
            {"location": [[
                {"latitude": 64.231994},
                {"longitude": 27.730472}
            ]]},
            {"altitude": 159.5},
            {"distance_km": 2.13},
            {"speed_kmh": 5.4},
            {"timestamp": "Fri Feb 10 07:32:08 UTC 2017"}
        ],
        [
            {"location": [[
                {"latitude": 64.231902},
                {"longitude": 27.730333}
            ]]},
            {"altitude": 158.5},
            {"distance_km": 2.14},
            {"speed_kmh": 5.4},
            {"timestamp": "Fri Feb 10 07:32:16 UTC 2017"}
        ],
        [
            {"location": [[
                {"latitude": 64.2318},
                {"longitude": 27.730222}
            ]]},
            {"altitude": 157},
            {"distance_km": 2.15},
            {"speed_kmh": 5.4},
            {"timestamp": "Fri Feb 10 07:32:24 UTC 2017"}
        ],
        [
            {"location": [[
                {"latitude": 64.231727},
                {"longitude": 27.730045}
            ]]},
            {"altitude": 156.5},
            {"distance_km": 2.17},
            {"speed_kmh": 5.4},
            {"timestamp": "Fri Feb 10 07:32:32 UTC 2017"}
        ],
        [
            {"location": [[
                {"latitude": 64.23169},
                {"longitude": 27.729814}
            ]]},
            {"altitude": 157},
            {"distance_km": 2.18},
            {"speed_kmh": 5.4},
            {"timestamp": "Fri Feb 10 07:32:40 UTC 2017"}
        ],
        [
            {"location": [[
                {"latitude": 64.231674},
                {"longitude": 27.729591}
            ]]},
            {"altitude": 156},
            {"distance_km": 2.19},
            {"speed_kmh": 5.4},
            {"timestamp": "Fri Feb 10 07:32:46 UTC 2017"}
        ],
        [
            {"location": [[
                {"latitude": 64.23177},
                {"longitude": 27.729596}
            ]]},
            {"altitude": 152},
            {"distance_km": 2.2},
            {"speed_kmh": 1.8},
            {"timestamp": "Fri Feb 10 07:33:00 UTC 2017"}
        ],
        [
            {"location": [[
                {"latitude": 64.231804},
                {"longitude": 27.729597}
            ]]},
            {"altitude": 152.5},
            {"distance_km": 2.2},
            {"speed_kmh": 0},
            {"timestamp": "Fri Feb 10 07:33:48 UTC 2017"}
        ],
        [
            {"location": [[
                {"latitude": 64.231804},
                {"longitude": 27.729597}
            ]]},
            {"altitude": 152.5},
            {"distance_km": 2.2},
            {"speed_kmh": 0},
            {"timestamp": "Fri Feb 10 07:33:50 UTC 2017"}
        ]
    ]}
]