[
    {"sport": "WALKING"},
    {"source": "TRACK_MOBILE"},
    {"created_date": "2017-05-09 03:14:54.0"},
    {"start_time": "2017-05-09 03:10:30.0"},
    {"end_time": "2017-05-09 03:55:47.0"},
    {"duration_s": 2716},
    {"distance_km": 1.53},
    {"calories_kcal": 164.372},
    {"altitude_min_m": 136.5},
    {"altitude_max_m": 191},
    {"speed_avg_kmh": 2.0279823269513995},
    {"speed_max_kmh": 28.8},
    {"ascend_m": 41},
    {"descend_m": 77.5},
    {"points": [
        [
            {"location": [[
                {"latitude": 64.232143},
                {"longitude": 27.729547}
            ]]},
            {"distance_km": 0},
            {"timestamp": "Tue May 09 03:10:30 UTC 2017"}
        ],
        [
            {"location": [[
                {"latitude": 64.232143},
                {"longitude": 27.729547}
            ]]},
            {"altitude": 191},
            {"distance_km": 0},
            {"speed_kmh": 28.8},
            {"timestamp": "Tue May 09 03:10:38 UTC 2017"}
        ],
        [
            {"location": [[
                {"latitude": 64.231978},
                {"longitude": 27.729067}
            ]]},
            {"altitude": 158},
            {"distance_km": 0.03},
            {"speed_kmh": 8.1},
            {"timestamp": "Tue May 09 03:10:40 UTC 2017"}
        ],
        [
            {"location": [[
                {"latitude": 64.231877},
                {"longitude": 27.729432}
            ]]},
            {"altitude": 136.5},
            {"distance_km": 0.05},
            {"speed_kmh": 6.3},
            {"timestamp": "Tue May 09 03:10:46 UTC 2017"}
        ],
        [
            {"location": [[
                {"latitude": 64.23199},
                {"longitude": 27.729162}
            ]]},
            {"altitude": 139.5},
            {"distance_km": 0.07},
            {"speed_kmh": 2.7},
            {"timestamp": "Tue May 09 03:10:48 UTC 2017"}
        ],
        [
            {"location": [[
                {"latitude": 64.231876},
                {"longitude": 27.729726}
            ]]},
            {"altitude": 155},
            {"distance_km": 0.1},
            {"speed_kmh": 1.8},
            {"timestamp": "Tue May 09 03:10:52 UTC 2017"}
        ],
        [
            {"location": [[
                {"latitude": 64.231848},
                {"longitude": 27.729394}
            ]]},
            {"altitude": 151},
            {"distance_km": 0.12},
            {"speed_kmh": 0.9},
            {"timestamp": "Tue May 09 03:10:54 UTC 2017"}
        ],
        [
            {"location": [[
                {"latitude": 64.231751},
                {"longitude": 27.729585}
            ]]},
            {"altitude": 163.5},
            {"distance_km": 0.13},
            {"speed_kmh": 2.7},
            {"timestamp": "Tue May 09 03:10:56 UTC 2017"}
        ],
        [
            {"location": [[
                {"latitude": 64.231725},
                {"longitude": 27.7298}
            ]]},
            {"altitude": 157},
            {"distance_km": 0.14},
            {"speed_kmh": 3.6},
            {"timestamp": "Tue May 09 03:11:24 UTC 2017"}
        ],
        [
            {"location": [[
                {"latitude": 64.231786},
                {"longitude": 27.730008}
            ]]},
            {"altitude": 160},
            {"distance_km": 0.15},
            {"speed_kmh": 3.6},
            {"timestamp": "Tue May 09 03:11:32 UTC 2017"}
        ],
        [
            {"location": [[
                {"latitude": 64.231848},
                {"longitude": 27.730195}
            ]]},
            {"altitude": 159},
            {"distance_km": 0.16},
            {"speed_kmh": 3.6},
            {"timestamp": "Tue May 09 03:11:40 UTC 2017"}
        ],
        [
            {"location": [[
                {"latitude": 64.231928},
                {"longitude": 27.730318}
            ]]},
            {"altitude": 157.5},
            {"distance_km": 0.17},
            {"speed_kmh": 3.6},
            {"timestamp": "Tue May 09 03:11:50 UTC 2017"}
        ],
        [
            {"location": [[
                {"latitude": 64.232008},
                {"longitude": 27.730414}
            ]]},
            {"altitude": 155.5},
            {"distance_km": 0.18},
            {"speed_kmh": 4.5},
            {"timestamp": "Tue May 09 03:11:59 UTC 2017"}
        ],
        [
            {"location": [[
                {"latitude": 64.23209},
                {"longitude": 27.730298}
            ]]},
            {"altitude": 156.5},
            {"distance_km": 0.2},
            {"speed_kmh": 3.6},
            {"timestamp": "Tue May 09 03:12:09 UTC 2017"}
        ],
        [
            {"location": [[
                {"latitude": 64.232109},
                {"longitude": 27.730088}
            ]]},
            {"altitude": 155},
            {"distance_km": 0.21},
            {"speed_kmh": 1.8},
            {"timestamp": "Tue May 09 03:12:26 UTC 2017"}
        ],
        [
            {"location": [[
                {"latitude": 64.232098},
                {"longitude": 27.729833}
            ]]},
            {"altitude": 153},
            {"distance_km": 0.22},
            {"speed_kmh": 4.5},
            {"timestamp": "Tue May 09 03:12:34 UTC 2017"}
        ],
        [
            {"location": [[
                {"latitude": 64.232095},
                {"longitude": 27.729585}
            ]]},
            {"altitude": 153},
            {"distance_km": 0.23},
            {"speed_kmh": 4.5},
            {"timestamp": "Tue May 09 03:12:42 UTC 2017"}
        ],
        [
            {"location": [[
                {"latitude": 64.232004},
                {"longitude": 27.729524}
            ]]},
            {"altitude": 155},
            {"distance_km": 0.24},
            {"speed_kmh": 4.5},
            {"timestamp": "Tue May 09 03:12:52 UTC 2017"}
        ],
        [
            {"location": [[
                {"latitude": 64.231903},
                {"longitude": 27.729541}
            ]]},
            {"altitude": 161.5},
            {"distance_km": 0.25},
            {"speed_kmh": 0},
            {"timestamp": "Tue May 09 03:14:50 UTC 2017"}
        ],
        [
            {"location": [[
                {"latitude": 64.231795},
                {"longitude": 27.729575}
            ]]},
            {"altitude": 158.5},
            {"distance_km": 0.26},
            {"speed_kmh": 4.5},
            {"timestamp": "Tue May 09 03:14:58 UTC 2017"}
        ],
        [
            {"location": [[
                {"latitude": 64.231748},
                {"longitude": 27.729774}
            ]]},
            {"altitude": 156.5},
            {"distance_km": 0.27},
            {"speed_kmh": 4.5},
            {"timestamp": "Tue May 09 03:15:06 UTC 2017"}
        ],
        [
            {"location": [[
                {"latitude": 64.231756},
                {"longitude": 27.729981}
            ]]},
            {"altitude": 154.5},
            {"distance_km": 0.28},
            {"speed_kmh": 4.5},
            {"timestamp": "Tue May 09 03:15:15 UTC 2017"}
        ],
        [
            {"location": [[
                {"latitude": 64.231793},
                {"longitude": 27.730188}
            ]]},
            {"altitude": 152.5},
            {"distance_km": 0.3},
            {"speed_kmh": 3.6},
            {"timestamp": "Tue May 09 03:15:27 UTC 2017"}
        ],
        [
            {"location": [[
                {"latitude": 64.231886},
                {"longitude": 27.730302}
            ]]},
            {"altitude": 156.5},
            {"distance_km": 0.31},
            {"speed_kmh": 3.6},
            {"timestamp": "Tue May 09 03:15:37 UTC 2017"}
        ],
        [
            {"location": [[
                {"latitude": 64.23198},
                {"longitude": 27.730433}
            ]]},
            {"altitude": 155.5},
            {"distance_km": 0.32},
            {"speed_kmh": 4.5},
            {"timestamp": "Tue May 09 03:15:45 UTC 2017"}
        ],
        [
            {"location": [[
                {"latitude": 64.232063},
                {"longitude": 27.730519}
            ]]},
            {"altitude": 155},
            {"distance_km": 0.33},
            {"speed_kmh": 4.5},
            {"timestamp": "Tue May 09 03:15:52 UTC 2017"}
        ],
        [
            {"location": [[
                {"latitude": 64.232179},
                {"longitude": 27.730622}
            ]]},
            {"altitude": 157},
            {"distance_km": 0.34},
            {"speed_kmh": 4.5},
            {"timestamp": "Tue May 09 03:16:00 UTC 2017"}
        ],
        [
            {"location": [[
                {"latitude": 64.232293},
                {"longitude": 27.730732}
            ]]},
            {"altitude": 162.5},
            {"distance_km": 0.36},
            {"speed_kmh": 5.4},
            {"timestamp": "Tue May 09 03:16:06 UTC 2017"}
        ],
        [
            {"location": [[
                {"latitude": 64.232386},
                {"longitude": 27.730817}
            ]]},
            {"altitude": 166.5},
            {"distance_km": 0.37},
            {"speed_kmh": 5.4},
            {"timestamp": "Tue May 09 03:16:12 UTC 2017"}
        ],
        [
            {"location": [[
                {"latitude": 64.232467},
                {"longitude": 27.730964}
            ]]},
            {"altitude": 154},
            {"distance_km": 0.38},
            {"speed_kmh": 4.5},
            {"timestamp": "Tue May 09 03:16:24 UTC 2017"}
        ],
        [
            {"location": [[
                {"latitude": 64.232548},
                {"longitude": 27.731091}
            ]]},
            {"altitude": 157},
            {"distance_km": 0.39},
            {"speed_kmh": 4.5},
            {"timestamp": "Tue May 09 03:16:40 UTC 2017"}
        ],
        [
            {"location": [[
                {"latitude": 64.232668},
                {"longitude": 27.731189}
            ]]},
            {"altitude": 159.5},
            {"distance_km": 0.41},
            {"speed_kmh": 7.2},
            {"timestamp": "Tue May 09 03:16:48 UTC 2017"}
        ],
        [
            {"location": [[
                {"latitude": 64.232766},
                {"longitude": 27.731325}
            ]]},
            {"altitude": 158.5},
            {"distance_km": 0.42},
            {"speed_kmh": 6.3},
            {"timestamp": "Tue May 09 03:16:54 UTC 2017"}
        ],
        [
            {"location": [[
                {"latitude": 64.232865},
                {"longitude": 27.731317}
            ]]},
            {"altitude": 159},
            {"distance_km": 0.43},
            {"speed_kmh": 6.3},
            {"timestamp": "Tue May 09 03:17:01 UTC 2017"}
        ],
        [
            {"location": [[
                {"latitude": 64.232894},
                {"longitude": 27.731089}
            ]]},
            {"altitude": 158},
            {"distance_km": 0.44},
            {"speed_kmh": 5.4},
            {"timestamp": "Tue May 09 03:17:09 UTC 2017"}
        ],
        [
            {"location": [[
                {"latitude": 64.232884},
                {"longitude": 27.730814}
            ]]},
            {"altitude": 157},
            {"distance_km": 0.45},
            {"speed_kmh": 5.4},
            {"timestamp": "Tue May 09 03:17:17 UTC 2017"}
        ],
        [
            {"location": [[
                {"latitude": 64.232857},
                {"longitude": 27.730575}
            ]]},
            {"altitude": 159},
            {"distance_km": 0.47},
            {"speed_kmh": 5.4},
            {"timestamp": "Tue May 09 03:17:24 UTC 2017"}
        ],
        [
            {"location": [[
                {"latitude": 64.232828},
                {"longitude": 27.730333}
            ]]},
            {"altitude": 158.5},
            {"distance_km": 0.48},
            {"speed_kmh": 5.4},
            {"timestamp": "Tue May 09 03:17:32 UTC 2017"}
        ],
        [
            {"location": [[
                {"latitude": 64.23281},
                {"longitude": 27.730111}
            ]]},
            {"altitude": 157.5},
            {"distance_km": 0.49},
            {"speed_kmh": 5.4},
            {"timestamp": "Tue May 09 03:17:50 UTC 2017"}
        ],
        [
            {"location": [[
                {"latitude": 64.232801},
                {"longitude": 27.729881}
            ]]},
            {"altitude": 157.5},
            {"distance_km": 0.5},
            {"speed_kmh": 5.4},
            {"timestamp": "Tue May 09 03:17:56 UTC 2017"}
        ],
        [
            {"location": [[
                {"latitude": 64.2328},
                {"longitude": 27.72965}
            ]]},
            {"altitude": 155},
            {"distance_km": 0.51},
            {"speed_kmh": 4.5},
            {"timestamp": "Tue May 09 03:18:08 UTC 2017"}
        ],
        [
            {"location": [[
                {"latitude": 64.232828},
                {"longitude": 27.729437}
            ]]},
            {"altitude": 155},
            {"distance_km": 0.52},
            {"speed_kmh": 5.4},
            {"timestamp": "Tue May 09 03:18:14 UTC 2017"}
        ],
        [
            {"location": [[
                {"latitude": 64.23284},
                {"longitude": 27.729164}
            ]]},
            {"altitude": 154.5},
            {"distance_km": 0.54},
            {"speed_kmh": 5.4},
            {"timestamp": "Tue May 09 03:18:22 UTC 2017"}
        ],
        [
            {"location": [[
                {"latitude": 64.232847},
                {"longitude": 27.728918}
            ]]},
            {"altitude": 156.5},
            {"distance_km": 0.55},
            {"speed_kmh": 5.4},
            {"timestamp": "Tue May 09 03:18:28 UTC 2017"}
        ],
        [
            {"location": [[
                {"latitude": 64.232852},
                {"longitude": 27.728682}
            ]]},
            {"altitude": 155.5},
            {"distance_km": 0.56},
            {"speed_kmh": 6.3},
            {"timestamp": "Tue May 09 03:18:34 UTC 2017"}
        ],
        [
            {"location": [[
                {"latitude": 64.23283},
                {"longitude": 27.72839}
            ]]},
            {"altitude": 158.5},
            {"distance_km": 0.57},
            {"speed_kmh": 8.1},
            {"timestamp": "Tue May 09 03:18:40 UTC 2017"}
        ],
        [
            {"location": [[
                {"latitude": 64.232813},
                {"longitude": 27.728183}
            ]]},
            {"altitude": 158.5},
            {"distance_km": 0.58},
            {"speed_kmh": 8.1},
            {"timestamp": "Tue May 09 03:18:44 UTC 2017"}
        ],
        [
            {"location": [[
                {"latitude": 64.232808},
                {"longitude": 27.727942}
            ]]},
            {"altitude": 159},
            {"distance_km": 0.59},
            {"speed_kmh": 6.3},
            {"timestamp": "Tue May 09 03:18:51 UTC 2017"}
        ],
        [
            {"location": [[
                {"latitude": 64.232824},
                {"longitude": 27.727716}
            ]]},
            {"altitude": 158},
            {"distance_km": 0.61},
            {"speed_kmh": 6.3},
            {"timestamp": "Tue May 09 03:18:57 UTC 2017"}
        ],
        [
            {"location": [[
                {"latitude": 64.232843},
                {"longitude": 27.727445}
            ]]},
            {"altitude": 157},
            {"distance_km": 0.62},
            {"speed_kmh": 6.3},
            {"timestamp": "Tue May 09 03:19:05 UTC 2017"}
        ],
        [
            {"location": [[
                {"latitude": 64.232834},
                {"longitude": 27.727225}
            ]]},
            {"altitude": 158.5},
            {"distance_km": 0.63},
            {"speed_kmh": 6.3},
            {"timestamp": "Tue May 09 03:19:11 UTC 2017"}
        ],
        [
            {"location": [[
                {"latitude": 64.232846},
                {"longitude": 27.727003}
            ]]},
            {"altitude": 158.5},
            {"distance_km": 0.64},
            {"speed_kmh": 5.4},
            {"timestamp": "Tue May 09 03:19:24 UTC 2017"}
        ],
        [
            {"location": [[
                {"latitude": 64.23285},
                {"longitude": 27.726755}
            ]]},
            {"altitude": 159.5},
            {"distance_km": 0.65},
            {"speed_kmh": 6.3},
            {"timestamp": "Tue May 09 03:19:30 UTC 2017"}
        ],
        [
            {"location": [[
                {"latitude": 64.232884},
                {"longitude": 27.726548}
            ]]},
            {"altitude": 156.5},
            {"distance_km": 0.66},
            {"speed_kmh": 5.4},
            {"timestamp": "Tue May 09 03:19:36 UTC 2017"}
        ],
        [
            {"location": [[
                {"latitude": 64.232898},
                {"longitude": 27.72631}
            ]]},
            {"altitude": 154.5},
            {"distance_km": 0.67},
            {"speed_kmh": 6.3},
            {"timestamp": "Tue May 09 03:19:42 UTC 2017"}
        ],
        [
            {"location": [[
                {"latitude": 64.232906},
                {"longitude": 27.726101}
            ]]},
            {"altitude": 154},
            {"distance_km": 0.69},
            {"speed_kmh": 6.3},
            {"timestamp": "Tue May 09 03:19:46 UTC 2017"}
        ],
        [
            {"location": [[
                {"latitude": 64.232923},
                {"longitude": 27.725874}
            ]]},
            {"altitude": 153},
            {"distance_km": 0.7},
            {"speed_kmh": 6.3},
            {"timestamp": "Tue May 09 03:19:52 UTC 2017"}
        ],
        [
            {"location": [[
                {"latitude": 64.232944},
                {"longitude": 27.725643}
            ]]},
            {"altitude": 154},
            {"distance_km": 0.71},
            {"speed_kmh": 6.3},
            {"timestamp": "Tue May 09 03:19:58 UTC 2017"}
        ],
        [
            {"location": [[
                {"latitude": 64.232962},
                {"longitude": 27.725418}
            ]]},
            {"altitude": 153.5},
            {"distance_km": 0.72},
            {"speed_kmh": 6.3},
            {"timestamp": "Tue May 09 03:20:04 UTC 2017"}
        ],
        [
            {"location": [[
                {"latitude": 64.23299},
                {"longitude": 27.725211}
            ]]},
            {"altitude": 153},
            {"distance_km": 0.73},
            {"speed_kmh": 6.3},
            {"timestamp": "Tue May 09 03:20:10 UTC 2017"}
        ],
        [
            {"location": [[
                {"latitude": 64.23301},
                {"longitude": 27.724981}
            ]]},
            {"altitude": 153},
            {"distance_km": 0.74},
            {"speed_kmh": 6.3},
            {"timestamp": "Tue May 09 03:20:16 UTC 2017"}
        ],
        [
            {"location": [[
                {"latitude": 64.233047},
                {"longitude": 27.72479}
            ]]},
            {"altitude": 153},
            {"distance_km": 0.75},
            {"speed_kmh": 6.3},
            {"timestamp": "Tue May 09 03:20:22 UTC 2017"}
        ],
        [
            {"location": [[
                {"latitude": 64.233066},
                {"longitude": 27.724516}
            ]]},
            {"altitude": 153},
            {"distance_km": 0.76},
            {"speed_kmh": 6.3},
            {"timestamp": "Tue May 09 03:20:30 UTC 2017"}
        ],
        [
            {"location": [[
                {"latitude": 64.233105},
                {"longitude": 27.72431}
            ]]},
            {"altitude": 152},
            {"distance_km": 0.78},
            {"speed_kmh": 6.3},
            {"timestamp": "Tue May 09 03:20:36 UTC 2017"}
        ],
        [
            {"location": [[
                {"latitude": 64.23314},
                {"longitude": 27.724106}
            ]]},
            {"altitude": 151.5},
            {"distance_km": 0.79},
            {"speed_kmh": 6.3},
            {"timestamp": "Tue May 09 03:20:42 UTC 2017"}
        ],
        [
            {"location": [[
                {"latitude": 64.23318},
                {"longitude": 27.723839}
            ]]},
            {"altitude": 152.5},
            {"distance_km": 0.8},
            {"speed_kmh": 6.3},
            {"timestamp": "Tue May 09 03:20:50 UTC 2017"}
        ],
        [
            {"location": [[
                {"latitude": 64.233211},
                {"longitude": 27.723622}
            ]]},
            {"altitude": 153.5},
            {"distance_km": 0.81},
            {"speed_kmh": 6.3},
            {"timestamp": "Tue May 09 03:20:56 UTC 2017"}
        ],
        [
            {"location": [[
                {"latitude": 64.233259},
                {"longitude": 27.723426}
            ]]},
            {"altitude": 151.5},
            {"distance_km": 0.82},
            {"speed_kmh": 6.3},
            {"timestamp": "Tue May 09 03:21:03 UTC 2017"}
        ],
        [
            {"location": [[
                {"latitude": 64.233309},
                {"longitude": 27.723225}
            ]]},
            {"altitude": 150.5},
            {"distance_km": 0.83},
            {"speed_kmh": 6.3},
            {"timestamp": "Tue May 09 03:21:09 UTC 2017"}
        ],
        [
            {"location": [[
                {"latitude": 64.233353},
                {"longitude": 27.723029}
            ]]},
            {"altitude": 150.5},
            {"distance_km": 0.84},
            {"speed_kmh": 6.3},
            {"timestamp": "Tue May 09 03:21:15 UTC 2017"}
        ],
        [
            {"location": [[
                {"latitude": 64.233403},
                {"longitude": 27.722848}
            ]]},
            {"altitude": 149.5},
            {"distance_km": 0.85},
            {"speed_kmh": 6.3},
            {"timestamp": "Tue May 09 03:21:21 UTC 2017"}
        ],
        [
            {"location": [[
                {"latitude": 64.233473},
                {"longitude": 27.722682}
            ]]},
            {"altitude": 146.5},
            {"distance_km": 0.86},
            {"speed_kmh": 6.3},
            {"timestamp": "Tue May 09 03:21:28 UTC 2017"}
        ],
        [
            {"location": [[
                {"latitude": 64.233537},
                {"longitude": 27.722528}
            ]]},
            {"altitude": 143.5},
            {"distance_km": 0.87},
            {"speed_kmh": 5.4},
            {"timestamp": "Tue May 09 03:21:34 UTC 2017"}
        ],
        [
            {"location": [[
                {"latitude": 64.233611},
                {"longitude": 27.722363}
            ]]},
            {"altitude": 143.5},
            {"distance_km": 0.89},
            {"speed_kmh": 4.5},
            {"timestamp": "Tue May 09 03:21:46 UTC 2017"}
        ],
        [
            {"location": [[
                {"latitude": 64.233687},
                {"longitude": 27.722249}
            ]]},
            {"altitude": 141.5},
            {"distance_km": 0.9},
            {"speed_kmh": 8.1},
            {"timestamp": "Tue May 09 03:21:50 UTC 2017"}
        ],
        [
            {"location": [[
                {"latitude": 64.233778},
                {"longitude": 27.722042}
            ]]},
            {"altitude": 138},
            {"distance_km": 0.91},
            {"speed_kmh": 7.2},
            {"timestamp": "Tue May 09 03:21:56 UTC 2017"}
        ],
        [
            {"location": [[
                {"latitude": 64.233849},
                {"longitude": 27.72186}
            ]]},
            {"altitude": 139},
            {"distance_km": 0.92},
            {"speed_kmh": 6.3},
            {"timestamp": "Tue May 09 03:22:02 UTC 2017"}
        ],
        [
            {"location": [[
                {"latitude": 64.233843},
                {"longitude": 27.721598}
            ]]},
            {"altitude": 139.5},
            {"distance_km": 0.94},
            {"speed_kmh": 5.4},
            {"timestamp": "Tue May 09 03:22:12 UTC 2017"}
        ],
        [
            {"location": [[
                {"latitude": 64.233742},
                {"longitude": 27.721435}
            ]]},
            {"altitude": 141.5},
            {"distance_km": 0.95},
            {"speed_kmh": 7.2},
            {"timestamp": "Tue May 09 03:22:18 UTC 2017"}
        ],
        [
            {"location": [[
                {"latitude": 64.233655},
                {"longitude": 27.721365}
            ]]},
            {"altitude": 144.5},
            {"distance_km": 0.96},
            {"speed_kmh": 6.3},
            {"timestamp": "Tue May 09 03:22:24 UTC 2017"}
        ],
        [
            {"location": [[
                {"latitude": 64.233556},
                {"longitude": 27.721264}
            ]]},
            {"altitude": 145},
            {"distance_km": 0.97},
            {"speed_kmh": 6.3},
            {"timestamp": "Tue May 09 03:22:30 UTC 2017"}
        ],
        [
            {"location": [[
                {"latitude": 64.233478},
                {"longitude": 27.721056}
            ]]},
            {"altitude": 143.5},
            {"distance_km": 0.98},
            {"speed_kmh": 6.3},
            {"timestamp": "Tue May 09 03:22:38 UTC 2017"}
        ],
        [
            {"location": [[
                {"latitude": 64.233386},
                {"longitude": 27.720888}
            ]]},
            {"altitude": 143},
            {"distance_km": 1},
            {"speed_kmh": 6.3},
            {"timestamp": "Tue May 09 03:22:47 UTC 2017"}
        ],
        [
            {"location": [[
                {"latitude": 64.23332},
                {"longitude": 27.721061}
            ]]},
            {"altitude": 141.5},
            {"distance_km": 1.01},
            {"speed_kmh": 5.4},
            {"timestamp": "Tue May 09 03:22:55 UTC 2017"}
        ],
        [
            {"location": [[
                {"latitude": 64.233291},
                {"longitude": 27.721279}
            ]]},
            {"altitude": 142},
            {"distance_km": 1.02},
            {"speed_kmh": 6.3},
            {"timestamp": "Tue May 09 03:23:01 UTC 2017"}
        ],
        [
            {"location": [[
                {"latitude": 64.233281},
                {"longitude": 27.721548}
            ]]},
            {"altitude": 144.5},
            {"distance_km": 1.03},
            {"speed_kmh": 5.4},
            {"timestamp": "Tue May 09 03:23:09 UTC 2017"}
        ],
        [
            {"location": [[
                {"latitude": 64.233218},
                {"longitude": 27.721737}
            ]]},
            {"altitude": 145},
            {"distance_km": 1.04},
            {"speed_kmh": 5.4},
            {"timestamp": "Tue May 09 03:23:15 UTC 2017"}
        ],
        [
            {"location": [[
                {"latitude": 64.233124},
                {"longitude": 27.721877}
            ]]},
            {"altitude": 143},
            {"distance_km": 1.06},
            {"speed_kmh": 4.5},
            {"timestamp": "Tue May 09 03:23:23 UTC 2017"}
        ],
        [
            {"location": [[
                {"latitude": 64.232997},
                {"longitude": 27.721889}
            ]]},
            {"altitude": 143.5},
            {"distance_km": 1.07},
            {"speed_kmh": 5.4},
            {"timestamp": "Tue May 09 03:23:30 UTC 2017"}
        ],
        [
            {"location": [[
                {"latitude": 64.232898},
                {"longitude": 27.721849}
            ]]},
            {"altitude": 143},
            {"distance_km": 1.08},
            {"speed_kmh": 3.6},
            {"timestamp": "Tue May 09 03:23:42 UTC 2017"}
        ],
        [
            {"location": [[
                {"latitude": 64.232795},
                {"longitude": 27.721907}
            ]]},
            {"altitude": 142.5},
            {"distance_km": 1.09},
            {"speed_kmh": 3.6},
            {"timestamp": "Tue May 09 03:23:54 UTC 2017"}
        ],
        [
            {"location": [[
                {"latitude": 64.232696},
                {"longitude": 27.721878}
            ]]},
            {"altitude": 141.5},
            {"distance_km": 1.11},
            {"speed_kmh": 4.5},
            {"timestamp": "Tue May 09 03:24:00 UTC 2017"}
        ],
        [
            {"location": [[
                {"latitude": 64.232604},
                {"longitude": 27.721882}
            ]]},
            {"altitude": 144},
            {"distance_km": 1.12},
            {"speed_kmh": 5.4},
            {"timestamp": "Tue May 09 03:24:04 UTC 2017"}
        ],
        [
            {"location": [[
                {"latitude": 64.232519},
                {"longitude": 27.72203}
            ]]},
            {"altitude": 141},
            {"distance_km": 1.13},
            {"speed_kmh": 5.4},
            {"timestamp": "Tue May 09 03:24:14 UTC 2017"}
        ],
        [
            {"location": [[
                {"latitude": 64.232445},
                {"longitude": 27.72222}
            ]]},
            {"altitude": 143.5},
            {"distance_km": 1.14},
            {"speed_kmh": 5.4},
            {"timestamp": "Tue May 09 03:24:22 UTC 2017"}
        ],
        [
            {"location": [[
                {"latitude": 64.232392},
                {"longitude": 27.722416}
            ]]},
            {"altitude": 142.5},
            {"distance_km": 1.15},
            {"speed_kmh": 6.3},
            {"timestamp": "Tue May 09 03:24:28 UTC 2017"}
        ],
        [
            {"location": [[
                {"latitude": 64.23235},
                {"longitude": 27.722648}
            ]]},
            {"altitude": 145.5},
            {"distance_km": 1.16},
            {"speed_kmh": 6.3},
            {"timestamp": "Tue May 09 03:24:34 UTC 2017"}
        ],
        [
            {"location": [[
                {"latitude": 64.232286},
                {"longitude": 27.722848}
            ]]},
            {"altitude": 148},
            {"distance_km": 1.17},
            {"speed_kmh": 6.3},
            {"timestamp": "Tue May 09 03:24:41 UTC 2017"}
        ],
        [
            {"location": [[
                {"latitude": 64.232213},
                {"longitude": 27.723028}
            ]]},
            {"altitude": 149.5},
            {"distance_km": 1.19},
            {"speed_kmh": 6.3},
            {"timestamp": "Tue May 09 03:24:49 UTC 2017"}
        ],
        [
            {"location": [[
                {"latitude": 64.232172},
                {"longitude": 27.723223}
            ]]},
            {"altitude": 147.5},
            {"distance_km": 1.2},
            {"speed_kmh": 6.3},
            {"timestamp": "Tue May 09 03:24:56 UTC 2017"}
        ],
        [
            {"location": [[
                {"latitude": 64.232121},
                {"longitude": 27.723435}
            ]]},
            {"altitude": 149.5},
            {"distance_km": 1.21},
            {"speed_kmh": 6.3},
            {"timestamp": "Tue May 09 03:25:04 UTC 2017"}
        ],
        [
            {"location": [[
                {"latitude": 64.232053},
                {"longitude": 27.723646}
            ]]},
            {"altitude": 150.5},
            {"distance_km": 1.22},
            {"speed_kmh": 6.3},
            {"timestamp": "Tue May 09 03:25:12 UTC 2017"}
        ],
        [
            {"location": [[
                {"latitude": 64.232017},
                {"longitude": 27.723848}
            ]]},
            {"altitude": 148},
            {"distance_km": 1.23},
            {"speed_kmh": 5.4},
            {"timestamp": "Tue May 09 03:25:20 UTC 2017"}
        ],
        [
            {"location": [[
                {"latitude": 64.231975},
                {"longitude": 27.724033}
            ]]},
            {"altitude": 149.5},
            {"distance_km": 1.24},
            {"speed_kmh": 5.4},
            {"timestamp": "Tue May 09 03:25:26 UTC 2017"}
        ],
        [
            {"location": [[
                {"latitude": 64.23193},
                {"longitude": 27.724217}
            ]]},
            {"altitude": 151.5},
            {"distance_km": 1.25},
            {"speed_kmh": 6.3},
            {"timestamp": "Tue May 09 03:25:32 UTC 2017"}
        ],
        [
            {"location": [[
                {"latitude": 64.231911},
                {"longitude": 27.724459}
            ]]},
            {"altitude": 150.5},
            {"distance_km": 1.26},
            {"speed_kmh": 6.3},
            {"timestamp": "Tue May 09 03:25:40 UTC 2017"}
        ],
        [
            {"location": [[
                {"latitude": 64.231842},
                {"longitude": 27.724599}
            ]]},
            {"altitude": 144},
            {"distance_km": 1.27},
            {"speed_kmh": 5.4},
            {"timestamp": "Tue May 09 03:25:46 UTC 2017"}
        ],
        [
            {"location": [[
                {"latitude": 64.231778},
                {"longitude": 27.724805}
            ]]},
            {"altitude": 147},
            {"distance_km": 1.29},
            {"speed_kmh": 6.3},
            {"timestamp": "Tue May 09 03:25:52 UTC 2017"}
        ],
        [
            {"location": [[
                {"latitude": 64.231747},
                {"longitude": 27.725006}
            ]]},
            {"altitude": 147.5},
            {"distance_km": 1.3},
            {"speed_kmh": 6.3},
            {"timestamp": "Tue May 09 03:25:59 UTC 2017"}
        ],
        [
            {"location": [[
                {"latitude": 64.231705},
                {"longitude": 27.725249}
            ]]},
            {"altitude": 146},
            {"distance_km": 1.31},
            {"speed_kmh": 6.3},
            {"timestamp": "Tue May 09 03:26:05 UTC 2017"}
        ],
        [
            {"location": [[
                {"latitude": 64.231692},
                {"longitude": 27.725496}
            ]]},
            {"altitude": 144},
            {"distance_km": 1.32},
            {"speed_kmh": 5.4},
            {"timestamp": "Tue May 09 03:26:13 UTC 2017"}
        ],
        [
            {"location": [[
                {"latitude": 64.231691},
                {"longitude": 27.725715}
            ]]},
            {"altitude": 144.5},
            {"distance_km": 1.33},
            {"speed_kmh": 5.4},
            {"timestamp": "Tue May 09 03:26:22 UTC 2017"}
        ],
        [
            {"location": [[
                {"latitude": 64.231669},
                {"longitude": 27.72593}
            ]]},
            {"altitude": 145.5},
            {"distance_km": 1.34},
            {"speed_kmh": 5.4},
            {"timestamp": "Tue May 09 03:26:30 UTC 2017"}
        ],
        [
            {"location": [[
                {"latitude": 64.231673},
                {"longitude": 27.726145}
            ]]},
            {"altitude": 145.5},
            {"distance_km": 1.35},
            {"speed_kmh": 4.5},
            {"timestamp": "Tue May 09 03:26:40 UTC 2017"}
        ],
        [
            {"location": [[
                {"latitude": 64.231673},
                {"longitude": 27.726393}
            ]]},
            {"altitude": 146.5},
            {"distance_km": 1.37},
            {"speed_kmh": 4.5},
            {"timestamp": "Tue May 09 03:26:48 UTC 2017"}
        ],
        [
            {"location": [[
                {"latitude": 64.231678},
                {"longitude": 27.726615}
            ]]},
            {"altitude": 145},
            {"distance_km": 1.38},
            {"speed_kmh": 4.5},
            {"timestamp": "Tue May 09 03:26:56 UTC 2017"}
        ],
        [
            {"location": [[
                {"latitude": 64.231698},
                {"longitude": 27.726867}
            ]]},
            {"altitude": 145},
            {"distance_km": 1.39},
            {"speed_kmh": 4.5},
            {"timestamp": "Tue May 09 03:27:04 UTC 2017"}
        ],
        [
            {"location": [[
                {"latitude": 64.2317},
                {"longitude": 27.727141}
            ]]},
            {"altitude": 146},
            {"distance_km": 1.4},
            {"speed_kmh": 4.5},
            {"timestamp": "Tue May 09 03:27:12 UTC 2017"}
        ],
        [
            {"location": [[
                {"latitude": 64.23171},
                {"longitude": 27.727437}
            ]]},
            {"altitude": 151.5},
            {"distance_km": 1.42},
            {"speed_kmh": 5.4},
            {"timestamp": "Tue May 09 03:27:20 UTC 2017"}
        ],
        [
            {"location": [[
                {"latitude": 64.231721},
                {"longitude": 27.727705}
            ]]},
            {"altitude": 152},
            {"distance_km": 1.43},
            {"speed_kmh": 5.4},
            {"timestamp": "Tue May 09 03:27:26 UTC 2017"}
        ],
        [
            {"location": [[
                {"latitude": 64.231728},
                {"longitude": 27.727914}
            ]]},
            {"altitude": 152},
            {"distance_km": 1.44},
            {"speed_kmh": 5.4},
            {"timestamp": "Tue May 09 03:27:33 UTC 2017"}
        ],
        [
            {"location": [[
                {"latitude": 64.231715},
                {"longitude": 27.72817}
            ]]},
            {"altitude": 147},
            {"distance_km": 1.45},
            {"speed_kmh": 5.4},
            {"timestamp": "Tue May 09 03:27:41 UTC 2017"}
        ],
        [
            {"location": [[
                {"latitude": 64.231725},
                {"longitude": 27.728429}
            ]]},
            {"altitude": 154.5},
            {"distance_km": 1.46},
            {"speed_kmh": 5.4},
            {"timestamp": "Tue May 09 03:27:49 UTC 2017"}
        ],
        [
            {"location": [[
                {"latitude": 64.23172},
                {"longitude": 27.728658}
            ]]},
            {"altitude": 157},
            {"distance_km": 1.48},
            {"speed_kmh": 5.4},
            {"timestamp": "Tue May 09 03:27:55 UTC 2017"}
        ],
        [
            {"location": [[
                {"latitude": 64.231725},
                {"longitude": 27.728903}
            ]]},
            {"altitude": 154},
            {"distance_km": 1.49},
            {"speed_kmh": 5.4},
            {"timestamp": "Tue May 09 03:28:02 UTC 2017"}
        ],
        [
            {"location": [[
                {"latitude": 64.231715},
                {"longitude": 27.729114}
            ]]},
            {"altitude": 155.5},
            {"distance_km": 1.5},
            {"speed_kmh": 5.4},
            {"timestamp": "Tue May 09 03:28:10 UTC 2017"}
        ],
        [
            {"location": [[
                {"latitude": 64.231686},
                {"longitude": 27.729365}
            ]]},
            {"altitude": 152},
            {"distance_km": 1.51},
            {"speed_kmh": 5.4},
            {"timestamp": "Tue May 09 03:28:42 UTC 2017"}
        ],
        [
            {"location": [[
                {"latitude": 64.231772},
                {"longitude": 27.729469}
            ]]},
            {"altitude": 153.5},
            {"distance_km": 1.52},
            {"speed_kmh": 3.6},
            {"timestamp": "Tue May 09 03:29:25 UTC 2017"}
        ],
        [
            {"location": [[
                {"latitude": 64.23188},
                {"longitude": 27.729464}
            ]]},
            {"altitude": 150},
            {"distance_km": 1.53},
            {"speed_kmh": 1.8},
            {"timestamp": "Tue May 09 03:31:04 UTC 2017"}
        ],
        [
            {"location": [[
                {"latitude": 64.231958},
                {"longitude": 27.729507}
            ]]},
            {"altitude": 154.5},
            {"distance_km": 1.53},
            {"speed_kmh": 0},
            {"timestamp": "Tue May 09 03:55:47 UTC 2017"}
        ],
        [
            {"location": [[
                {"latitude": 64.231958},
                {"longitude": 27.729507}
            ]]},
            {"altitude": 154.5},
            {"distance_km": 1.53},
            {"speed_kmh": 0},
            {"timestamp": "Tue May 09 03:55:48 UTC 2017"}
        ]
    ]}
]