[
    {"sport": "WALKING"},
    {"source": "TRACK_MOBILE"},
    {"created_date": "2017-06-28 03:26:26.0"},
    {"start_time": "2017-06-28 03:23:06.0"},
    {"end_time": "2017-06-28 03:43:54.0"},
    {"duration_s": 1248},
    {"distance_km": 1.4},
    {"calories_kcal": 107.971},
    {"altitude_min_m": 132.5},
    {"altitude_max_m": 165.5},
    {"speed_avg_kmh": 4.038461538461538},
    {"speed_max_kmh": 9.9},
    {"ascend_m": 21.5},
    {"descend_m": 33.5},
    {"points": [
        [
            {"location": [[
                {"latitude": 64.231881},
                {"longitude": 27.729534}
            ]]},
            {"distance_km": 0},
            {"timestamp": "Wed Jun 28 03:23:06 UTC 2017"}
        ],
        [
            {"location": [[
                {"latitude": 64.231881},
                {"longitude": 27.729534}
            ]]},
            {"altitude": 163},
            {"distance_km": 0},
            {"speed_kmh": 0},
            {"timestamp": "Wed Jun 28 03:23:11 UTC 2017"}
        ],
        [
            {"location": [[
                {"latitude": 64.231972},
                {"longitude": 27.729592}
            ]]},
            {"altitude": 152.5},
            {"distance_km": 0.01},
            {"speed_kmh": 3.6},
            {"timestamp": "Wed Jun 28 03:23:38 UTC 2017"}
        ],
        [
            {"location": [[
                {"latitude": 64.23208},
                {"longitude": 27.729651}
            ]]},
            {"altitude": 157},
            {"distance_km": 0.02},
            {"speed_kmh": 3.6},
            {"timestamp": "Wed Jun 28 03:23:46 UTC 2017"}
        ],
        [
            {"location": [[
                {"latitude": 64.232137},
                {"longitude": 27.729832}
            ]]},
            {"altitude": 158},
            {"distance_km": 0.03},
            {"speed_kmh": 3.6},
            {"timestamp": "Wed Jun 28 03:23:54 UTC 2017"}
        ],
        [
            {"location": [[
                {"latitude": 64.232118},
                {"longitude": 27.730044}
            ]]},
            {"altitude": 155.5},
            {"distance_km": 0.04},
            {"speed_kmh": 0},
            {"timestamp": "Wed Jun 28 03:24:02 UTC 2017"}
        ],
        [
            {"location": [[
                {"latitude": 64.232078},
                {"longitude": 27.730243}
            ]]},
            {"altitude": 155},
            {"distance_km": 0.05},
            {"speed_kmh": 4.5},
            {"timestamp": "Wed Jun 28 03:24:21 UTC 2017"}
        ],
        [
            {"location": [[
                {"latitude": 64.231993},
                {"longitude": 27.730326}
            ]]},
            {"altitude": 154.5},
            {"distance_km": 0.07},
            {"speed_kmh": 4.5},
            {"timestamp": "Wed Jun 28 03:24:31 UTC 2017"}
        ],
        [
            {"location": [[
                {"latitude": 64.231881},
                {"longitude": 27.730268}
            ]]},
            {"altitude": 152.5},
            {"distance_km": 0.08},
            {"speed_kmh": 5.4},
            {"timestamp": "Wed Jun 28 03:24:39 UTC 2017"}
        ],
        [
            {"location": [[
                {"latitude": 64.23179},
                {"longitude": 27.730151}
            ]]},
            {"altitude": 156},
            {"distance_km": 0.09},
            {"speed_kmh": 4.5},
            {"timestamp": "Wed Jun 28 03:24:47 UTC 2017"}
        ],
        [
            {"location": [[
                {"latitude": 64.231734},
                {"longitude": 27.72999}
            ]]},
            {"altitude": 156.5},
            {"distance_km": 0.1},
            {"speed_kmh": 5.4},
            {"timestamp": "Wed Jun 28 03:25:11 UTC 2017"}
        ],
        [
            {"location": [[
                {"latitude": 64.231672},
                {"longitude": 27.729824}
            ]]},
            {"altitude": 156},
            {"distance_km": 0.11},
            {"speed_kmh": 5.4},
            {"timestamp": "Wed Jun 28 03:25:23 UTC 2017"}
        ],
        [
            {"location": [[
                {"latitude": 64.231663},
                {"longitude": 27.729592}
            ]]},
            {"altitude": 156.5},
            {"distance_km": 0.12},
            {"speed_kmh": 1.8},
            {"timestamp": "Wed Jun 28 03:25:33 UTC 2017"}
        ],
        [
            {"location": [[
                {"latitude": 64.231734},
                {"longitude": 27.729456}
            ]]},
            {"altitude": 153.5},
            {"distance_km": 0.13},
            {"speed_kmh": 0},
            {"timestamp": "Wed Jun 28 03:25:46 UTC 2017"}
        ],
        [
            {"location": [[
                {"latitude": 64.231696},
                {"longitude": 27.72966}
            ]]},
            {"altitude": 155.5},
            {"distance_km": 0.14},
            {"speed_kmh": 0},
            {"timestamp": "Wed Jun 28 03:27:22 UTC 2017"}
        ],
        [
            {"location": [[
                {"latitude": 64.23172},
                {"longitude": 27.729866}
            ]]},
            {"altitude": 156},
            {"distance_km": 0.15},
            {"speed_kmh": 3.6},
            {"timestamp": "Wed Jun 28 03:27:40 UTC 2017"}
        ],
        [
            {"location": [[
                {"latitude": 64.231787},
                {"longitude": 27.73004}
            ]]},
            {"altitude": 154},
            {"distance_km": 0.16},
            {"speed_kmh": 3.6},
            {"timestamp": "Wed Jun 28 03:27:46 UTC 2017"}
        ],
        [
            {"location": [[
                {"latitude": 64.231887},
                {"longitude": 27.730182}
            ]]},
            {"altitude": 154},
            {"distance_km": 0.18},
            {"speed_kmh": 4.5},
            {"timestamp": "Wed Jun 28 03:27:54 UTC 2017"}
        ],
        [
            {"location": [[
                {"latitude": 64.231984},
                {"longitude": 27.730303}
            ]]},
            {"altitude": 149.5},
            {"distance_km": 0.19},
            {"speed_kmh": 3.6},
            {"timestamp": "Wed Jun 28 03:28:11 UTC 2017"}
        ],
        [
            {"location": [[
                {"latitude": 64.23207},
                {"longitude": 27.730399}
            ]]},
            {"altitude": 152.5},
            {"distance_km": 0.2},
            {"speed_kmh": 4.5},
            {"timestamp": "Wed Jun 28 03:28:17 UTC 2017"}
        ],
        [
            {"location": [[
                {"latitude": 64.23217},
                {"longitude": 27.730527}
            ]]},
            {"altitude": 155.5},
            {"distance_km": 0.21},
            {"speed_kmh": 5.4},
            {"timestamp": "Wed Jun 28 03:28:25 UTC 2017"}
        ],
        [
            {"location": [[
                {"latitude": 64.232249},
                {"longitude": 27.73063}
            ]]},
            {"altitude": 159},
            {"distance_km": 0.22},
            {"speed_kmh": 5.4},
            {"timestamp": "Wed Jun 28 03:28:31 UTC 2017"}
        ],
        [
            {"location": [[
                {"latitude": 64.232341},
                {"longitude": 27.730797}
            ]]},
            {"altitude": 164},
            {"distance_km": 0.24},
            {"speed_kmh": 5.4},
            {"timestamp": "Wed Jun 28 03:28:39 UTC 2017"}
        ],
        [
            {"location": [[
                {"latitude": 64.232426},
                {"longitude": 27.730947}
            ]]},
            {"altitude": 165},
            {"distance_km": 0.25},
            {"speed_kmh": 5.4},
            {"timestamp": "Wed Jun 28 03:28:47 UTC 2017"}
        ],
        [
            {"location": [[
                {"latitude": 64.232515},
                {"longitude": 27.731037}
            ]]},
            {"altitude": 163.5},
            {"distance_km": 0.26},
            {"speed_kmh": 5.4},
            {"timestamp": "Wed Jun 28 03:28:55 UTC 2017"}
        ],
        [
            {"location": [[
                {"latitude": 64.23261},
                {"longitude": 27.731112}
            ]]},
            {"altitude": 165.5},
            {"distance_km": 0.27},
            {"speed_kmh": 5.4},
            {"timestamp": "Wed Jun 28 03:29:03 UTC 2017"}
        ],
        [
            {"location": [[
                {"latitude": 64.232703},
                {"longitude": 27.731194}
            ]]},
            {"altitude": 164},
            {"distance_km": 0.28},
            {"speed_kmh": 5.4},
            {"timestamp": "Wed Jun 28 03:29:11 UTC 2017"}
        ],
        [
            {"location": [[
                {"latitude": 64.232817},
                {"longitude": 27.731245}
            ]]},
            {"altitude": 163.5},
            {"distance_km": 0.29},
            {"speed_kmh": 5.4},
            {"timestamp": "Wed Jun 28 03:29:20 UTC 2017"}
        ],
        [
            {"location": [[
                {"latitude": 64.232913},
                {"longitude": 27.731199}
            ]]},
            {"altitude": 163},
            {"distance_km": 0.3},
            {"speed_kmh": 5.4},
            {"timestamp": "Wed Jun 28 03:29:28 UTC 2017"}
        ],
        [
            {"location": [[
                {"latitude": 64.232888},
                {"longitude": 27.730976}
            ]]},
            {"altitude": 161.5},
            {"distance_km": 0.32},
            {"speed_kmh": 5.4},
            {"timestamp": "Wed Jun 28 03:29:43 UTC 2017"}
        ],
        [
            {"location": [[
                {"latitude": 64.232877},
                {"longitude": 27.730728}
            ]]},
            {"altitude": 162.5},
            {"distance_km": 0.33},
            {"speed_kmh": 5.4},
            {"timestamp": "Wed Jun 28 03:29:49 UTC 2017"}
        ],
        [
            {"location": [[
                {"latitude": 64.232845},
                {"longitude": 27.730519}
            ]]},
            {"altitude": 162},
            {"distance_km": 0.34},
            {"speed_kmh": 5.4},
            {"timestamp": "Wed Jun 28 03:29:55 UTC 2017"}
        ],
        [
            {"location": [[
                {"latitude": 64.232821},
                {"longitude": 27.730316}
            ]]},
            {"altitude": 160},
            {"distance_km": 0.35},
            {"speed_kmh": 5.4},
            {"timestamp": "Wed Jun 28 03:30:01 UTC 2017"}
        ],
        [
            {"location": [[
                {"latitude": 64.23282},
                {"longitude": 27.730093}
            ]]},
            {"altitude": 158},
            {"distance_km": 0.36},
            {"speed_kmh": 5.4},
            {"timestamp": "Wed Jun 28 03:30:07 UTC 2017"}
        ],
        [
            {"location": [[
                {"latitude": 64.232802},
                {"longitude": 27.729888}
            ]]},
            {"altitude": 160},
            {"distance_km": 0.37},
            {"speed_kmh": 5.4},
            {"timestamp": "Wed Jun 28 03:30:13 UTC 2017"}
        ],
        [
            {"location": [[
                {"latitude": 64.232788},
                {"longitude": 27.72967}
            ]]},
            {"altitude": 161},
            {"distance_km": 0.38},
            {"speed_kmh": 6.3},
            {"timestamp": "Wed Jun 28 03:30:19 UTC 2017"}
        ],
        [
            {"location": [[
                {"latitude": 64.232765},
                {"longitude": 27.729454}
            ]]},
            {"altitude": 160},
            {"distance_km": 0.39},
            {"speed_kmh": 6.3},
            {"timestamp": "Wed Jun 28 03:30:25 UTC 2017"}
        ],
        [
            {"location": [[
                {"latitude": 64.232768},
                {"longitude": 27.729239}
            ]]},
            {"altitude": 158.5},
            {"distance_km": 0.4},
            {"speed_kmh": 6.3},
            {"timestamp": "Wed Jun 28 03:30:31 UTC 2017"}
        ],
        [
            {"location": [[
                {"latitude": 64.232778},
                {"longitude": 27.729029}
            ]]},
            {"altitude": 158},
            {"distance_km": 0.41},
            {"speed_kmh": 0},
            {"timestamp": "Wed Jun 28 03:30:47 UTC 2017"}
        ],
        [
            {"location": [[
                {"latitude": 64.232779},
                {"longitude": 27.728799}
            ]]},
            {"altitude": 157.5},
            {"distance_km": 0.42},
            {"speed_kmh": 4.5},
            {"timestamp": "Wed Jun 28 03:31:02 UTC 2017"}
        ],
        [
            {"location": [[
                {"latitude": 64.232803},
                {"longitude": 27.728551}
            ]]},
            {"altitude": 151},
            {"distance_km": 0.43},
            {"speed_kmh": 5.4},
            {"timestamp": "Wed Jun 28 03:31:08 UTC 2017"}
        ],
        [
            {"location": [[
                {"latitude": 64.23283},
                {"longitude": 27.7283}
            ]]},
            {"altitude": 152},
            {"distance_km": 0.45},
            {"speed_kmh": 5.4},
            {"timestamp": "Wed Jun 28 03:31:14 UTC 2017"}
        ],
        [
            {"location": [[
                {"latitude": 64.232854},
                {"longitude": 27.727997}
            ]]},
            {"altitude": 158},
            {"distance_km": 0.46},
            {"speed_kmh": 5.4},
            {"timestamp": "Wed Jun 28 03:31:22 UTC 2017"}
        ],
        [
            {"location": [[
                {"latitude": 64.232859},
                {"longitude": 27.727742}
            ]]},
            {"altitude": 155},
            {"distance_km": 0.47},
            {"speed_kmh": 5.4},
            {"timestamp": "Wed Jun 28 03:31:31 UTC 2017"}
        ],
        [
            {"location": [[
                {"latitude": 64.23287},
                {"longitude": 27.727493}
            ]]},
            {"altitude": 151},
            {"distance_km": 0.49},
            {"speed_kmh": 5.4},
            {"timestamp": "Wed Jun 28 03:31:37 UTC 2017"}
        ],
        [
            {"location": [[
                {"latitude": 64.232896},
                {"longitude": 27.727241}
            ]]},
            {"altitude": 150.5},
            {"distance_km": 0.5},
            {"speed_kmh": 3.6},
            {"timestamp": "Wed Jun 28 03:31:45 UTC 2017"}
        ],
        [
            {"location": [[
                {"latitude": 64.23291},
                {"longitude": 27.726956}
            ]]},
            {"altitude": 148.5},
            {"distance_km": 0.51},
            {"speed_kmh": 4.5},
            {"timestamp": "Wed Jun 28 03:31:53 UTC 2017"}
        ],
        [
            {"location": [[
                {"latitude": 64.23291},
                {"longitude": 27.726691}
            ]]},
            {"altitude": 149},
            {"distance_km": 0.53},
            {"speed_kmh": 4.5},
            {"timestamp": "Wed Jun 28 03:31:59 UTC 2017"}
        ],
        [
            {"location": [[
                {"latitude": 64.232895},
                {"longitude": 27.726474}
            ]]},
            {"altitude": 149},
            {"distance_km": 0.54},
            {"speed_kmh": 6.3},
            {"timestamp": "Wed Jun 28 03:32:03 UTC 2017"}
        ],
        [
            {"location": [[
                {"latitude": 64.232907},
                {"longitude": 27.726183}
            ]]},
            {"altitude": 150},
            {"distance_km": 0.55},
            {"speed_kmh": 6.3},
            {"timestamp": "Wed Jun 28 03:32:09 UTC 2017"}
        ],
        [
            {"location": [[
                {"latitude": 64.232924},
                {"longitude": 27.725922}
            ]]},
            {"altitude": 148.5},
            {"distance_km": 0.56},
            {"speed_kmh": 5.4},
            {"timestamp": "Wed Jun 28 03:32:15 UTC 2017"}
        ],
        [
            {"location": [[
                {"latitude": 64.232929},
                {"longitude": 27.725681}
            ]]},
            {"altitude": 154.5},
            {"distance_km": 0.58},
            {"speed_kmh": 6.3},
            {"timestamp": "Wed Jun 28 03:32:21 UTC 2017"}
        ],
        [
            {"location": [[
                {"latitude": 64.232953},
                {"longitude": 27.725459}
            ]]},
            {"altitude": 153.5},
            {"distance_km": 0.59},
            {"speed_kmh": 6.3},
            {"timestamp": "Wed Jun 28 03:32:27 UTC 2017"}
        ],
        [
            {"location": [[
                {"latitude": 64.232985},
                {"longitude": 27.72521}
            ]]},
            {"altitude": 157.5},
            {"distance_km": 0.6},
            {"speed_kmh": 5.4},
            {"timestamp": "Wed Jun 28 03:32:33 UTC 2017"}
        ],
        [
            {"location": [[
                {"latitude": 64.233004},
                {"longitude": 27.724965}
            ]]},
            {"altitude": 155.5},
            {"distance_km": 0.61},
            {"speed_kmh": 5.4},
            {"timestamp": "Wed Jun 28 03:32:39 UTC 2017"}
        ],
        [
            {"location": [[
                {"latitude": 64.23302},
                {"longitude": 27.724747}
            ]]},
            {"altitude": 155},
            {"distance_km": 0.62},
            {"speed_kmh": 5.4},
            {"timestamp": "Wed Jun 28 03:32:45 UTC 2017"}
        ],
        [
            {"location": [[
                {"latitude": 64.233035},
                {"longitude": 27.724536}
            ]]},
            {"altitude": 157},
            {"distance_km": 0.63},
            {"speed_kmh": 5.4},
            {"timestamp": "Wed Jun 28 03:32:58 UTC 2017"}
        ],
        [
            {"location": [[
                {"latitude": 64.233045},
                {"longitude": 27.724324}
            ]]},
            {"altitude": 159},
            {"distance_km": 0.64},
            {"speed_kmh": 5.4},
            {"timestamp": "Wed Jun 28 03:33:04 UTC 2017"}
        ],
        [
            {"location": [[
                {"latitude": 64.233133},
                {"longitude": 27.724193}
            ]]},
            {"altitude": 151.5},
            {"distance_km": 0.65},
            {"speed_kmh": 4.5},
            {"timestamp": "Wed Jun 28 03:33:23 UTC 2017"}
        ],
        [
            {"location": [[
                {"latitude": 64.233153},
                {"longitude": 27.723944}
            ]]},
            {"altitude": 151},
            {"distance_km": 0.67},
            {"speed_kmh": 9.9},
            {"timestamp": "Wed Jun 28 03:33:27 UTC 2017"}
        ],
        [
            {"location": [[
                {"latitude": 64.233186},
                {"longitude": 27.723722}
            ]]},
            {"altitude": 151},
            {"distance_km": 0.68},
            {"speed_kmh": 6.3},
            {"timestamp": "Wed Jun 28 03:33:33 UTC 2017"}
        ],
        [
            {"location": [[
                {"latitude": 64.233241},
                {"longitude": 27.723527}
            ]]},
            {"altitude": 149},
            {"distance_km": 0.69},
            {"speed_kmh": 5.4},
            {"timestamp": "Wed Jun 28 03:33:39 UTC 2017"}
        ],
        [
            {"location": [[
                {"latitude": 64.233309},
                {"longitude": 27.723347}
            ]]},
            {"altitude": 147.5},
            {"distance_km": 0.7},
            {"speed_kmh": 5.4},
            {"timestamp": "Wed Jun 28 03:33:47 UTC 2017"}
        ],
        [
            {"location": [[
                {"latitude": 64.233378},
                {"longitude": 27.72315}
            ]]},
            {"altitude": 144.5},
            {"distance_km": 0.71},
            {"speed_kmh": 5.4},
            {"timestamp": "Wed Jun 28 03:33:57 UTC 2017"}
        ],
        [
            {"location": [[
                {"latitude": 64.233431},
                {"longitude": 27.722926}
            ]]},
            {"altitude": 144.5},
            {"distance_km": 0.72},
            {"speed_kmh": 6.3},
            {"timestamp": "Wed Jun 28 03:34:03 UTC 2017"}
        ],
        [
            {"location": [[
                {"latitude": 64.233481},
                {"longitude": 27.722695}
            ]]},
            {"altitude": 143},
            {"distance_km": 0.74},
            {"speed_kmh": 6.3},
            {"timestamp": "Wed Jun 28 03:34:09 UTC 2017"}
        ],
        [
            {"location": [[
                {"latitude": 64.233536},
                {"longitude": 27.72252}
            ]]},
            {"altitude": 141},
            {"distance_km": 0.75},
            {"speed_kmh": 6.3},
            {"timestamp": "Wed Jun 28 03:34:15 UTC 2017"}
        ],
        [
            {"location": [[
                {"latitude": 64.23362},
                {"longitude": 27.722442}
            ]]},
            {"altitude": 142.5},
            {"distance_km": 0.76},
            {"speed_kmh": 6.3},
            {"timestamp": "Wed Jun 28 03:34:21 UTC 2017"}
        ],
        [
            {"location": [[
                {"latitude": 64.233691},
                {"longitude": 27.72225}
            ]]},
            {"altitude": 143},
            {"distance_km": 0.77},
            {"speed_kmh": 5.4},
            {"timestamp": "Wed Jun 28 03:34:27 UTC 2017"}
        ],
        [
            {"location": [[
                {"latitude": 64.23376},
                {"longitude": 27.722102}
            ]]},
            {"altitude": 142},
            {"distance_km": 0.78},
            {"speed_kmh": 6.3},
            {"timestamp": "Wed Jun 28 03:34:33 UTC 2017"}
        ],
        [
            {"location": [[
                {"latitude": 64.23385},
                {"longitude": 27.721962}
            ]]},
            {"altitude": 141},
            {"distance_km": 0.79},
            {"speed_kmh": 5.4},
            {"timestamp": "Wed Jun 28 03:34:41 UTC 2017"}
        ],
        [
            {"location": [[
                {"latitude": 64.23387},
                {"longitude": 27.721712}
            ]]},
            {"altitude": 142},
            {"distance_km": 0.81},
            {"speed_kmh": 5.4},
            {"timestamp": "Wed Jun 28 03:34:48 UTC 2017"}
        ],
        [
            {"location": [[
                {"latitude": 64.233807},
                {"longitude": 27.721528}
            ]]},
            {"altitude": 141},
            {"distance_km": 0.82},
            {"speed_kmh": 5.4},
            {"timestamp": "Wed Jun 28 03:34:54 UTC 2017"}
        ],
        [
            {"location": [[
                {"latitude": 64.233718},
                {"longitude": 27.721363}
            ]]},
            {"altitude": 141},
            {"distance_km": 0.83},
            {"speed_kmh": 5.4},
            {"timestamp": "Wed Jun 28 03:35:02 UTC 2017"}
        ],
        [
            {"location": [[
                {"latitude": 64.233629},
                {"longitude": 27.721306}
            ]]},
            {"altitude": 138.5},
            {"distance_km": 0.84},
            {"speed_kmh": 3.6},
            {"timestamp": "Wed Jun 28 03:35:10 UTC 2017"}
        ],
        [
            {"location": [[
                {"latitude": 64.233557},
                {"longitude": 27.721134}
            ]]},
            {"altitude": 133.5},
            {"distance_km": 0.85},
            {"speed_kmh": 4.5},
            {"timestamp": "Wed Jun 28 03:35:19 UTC 2017"}
        ],
        [
            {"location": [[
                {"latitude": 64.233459},
                {"longitude": 27.721011}
            ]]},
            {"altitude": 132.5},
            {"distance_km": 0.86},
            {"speed_kmh": 4.5},
            {"timestamp": "Wed Jun 28 03:35:27 UTC 2017"}
        ],
        [
            {"location": [[
                {"latitude": 64.233349},
                {"longitude": 27.721077}
            ]]},
            {"altitude": 138.5},
            {"distance_km": 0.88},
            {"speed_kmh": 6.3},
            {"timestamp": "Wed Jun 28 03:35:37 UTC 2017"}
        ],
        [
            {"location": [[
                {"latitude": 64.233297},
                {"longitude": 27.721315}
            ]]},
            {"altitude": 139},
            {"distance_km": 0.89},
            {"speed_kmh": 5.4},
            {"timestamp": "Wed Jun 28 03:35:45 UTC 2017"}
        ],
        [
            {"location": [[
                {"latitude": 64.233249},
                {"longitude": 27.721494}
            ]]},
            {"altitude": 143},
            {"distance_km": 0.9},
            {"speed_kmh": 5.4},
            {"timestamp": "Wed Jun 28 03:35:51 UTC 2017"}
        ],
        [
            {"location": [[
                {"latitude": 64.233189},
                {"longitude": 27.721704}
            ]]},
            {"altitude": 144},
            {"distance_km": 0.91},
            {"speed_kmh": 5.4},
            {"timestamp": "Wed Jun 28 03:35:59 UTC 2017"}
        ],
        [
            {"location": [[
                {"latitude": 64.233084},
                {"longitude": 27.721859}
            ]]},
            {"altitude": 145.5},
            {"distance_km": 0.93},
            {"speed_kmh": 5.4},
            {"timestamp": "Wed Jun 28 03:36:07 UTC 2017"}
        ],
        [
            {"location": [[
                {"latitude": 64.232972},
                {"longitude": 27.721891}
            ]]},
            {"altitude": 143},
            {"distance_km": 0.94},
            {"speed_kmh": 5.4},
            {"timestamp": "Wed Jun 28 03:36:15 UTC 2017"}
        ],
        [
            {"location": [[
                {"latitude": 64.232881},
                {"longitude": 27.721888}
            ]]},
            {"altitude": 144.5},
            {"distance_km": 0.95},
            {"speed_kmh": 5.4},
            {"timestamp": "Wed Jun 28 03:36:21 UTC 2017"}
        ],
        [
            {"location": [[
                {"latitude": 64.232784},
                {"longitude": 27.721843}
            ]]},
            {"altitude": 147.5},
            {"distance_km": 0.96},
            {"speed_kmh": 4.5},
            {"timestamp": "Wed Jun 28 03:36:29 UTC 2017"}
        ],
        [
            {"location": [[
                {"latitude": 64.232683},
                {"longitude": 27.721862}
            ]]},
            {"altitude": 147.5},
            {"distance_km": 0.97},
            {"speed_kmh": 2.7},
            {"timestamp": "Wed Jun 28 03:36:41 UTC 2017"}
        ],
        [
            {"location": [[
                {"latitude": 64.232568},
                {"longitude": 27.72193}
            ]]},
            {"altitude": 148},
            {"distance_km": 0.98},
            {"speed_kmh": 4.5},
            {"timestamp": "Wed Jun 28 03:36:50 UTC 2017"}
        ],
        [
            {"location": [[
                {"latitude": 64.232465},
                {"longitude": 27.722053}
            ]]},
            {"altitude": 147},
            {"distance_km": 1},
            {"speed_kmh": 4.5},
            {"timestamp": "Wed Jun 28 03:36:58 UTC 2017"}
        ],
        [
            {"location": [[
                {"latitude": 64.232414},
                {"longitude": 27.722268}
            ]]},
            {"altitude": 145},
            {"distance_km": 1.01},
            {"speed_kmh": 4.5},
            {"timestamp": "Wed Jun 28 03:37:06 UTC 2017"}
        ],
        [
            {"location": [[
                {"latitude": 64.23236},
                {"longitude": 27.722454}
            ]]},
            {"altitude": 146},
            {"distance_km": 1.02},
            {"speed_kmh": 0},
            {"timestamp": "Wed Jun 28 03:37:15 UTC 2017"}
        ],
        [
            {"location": [[
                {"latitude": 64.232306},
                {"longitude": 27.722635}
            ]]},
            {"altitude": 148},
            {"distance_km": 1.03},
            {"speed_kmh": 5.4},
            {"timestamp": "Wed Jun 28 03:37:23 UTC 2017"}
        ],
        [
            {"location": [[
                {"latitude": 64.232247},
                {"longitude": 27.72285}
            ]]},
            {"altitude": 151},
            {"distance_km": 1.04},
            {"speed_kmh": 4.5},
            {"timestamp": "Wed Jun 28 03:37:31 UTC 2017"}
        ],
        [
            {"location": [[
                {"latitude": 64.232196},
                {"longitude": 27.723038}
            ]]},
            {"altitude": 150.5},
            {"distance_km": 1.05},
            {"speed_kmh": 4.5},
            {"timestamp": "Wed Jun 28 03:37:39 UTC 2017"}
        ],
        [
            {"location": [[
                {"latitude": 64.232178},
                {"longitude": 27.723245}
            ]]},
            {"altitude": 152},
            {"distance_km": 1.06},
            {"speed_kmh": 4.5},
            {"timestamp": "Wed Jun 28 03:37:47 UTC 2017"}
        ],
        [
            {"location": [[
                {"latitude": 64.232114},
                {"longitude": 27.723391}
            ]]},
            {"altitude": 149.5},
            {"distance_km": 1.07},
            {"speed_kmh": 2.7},
            {"timestamp": "Wed Jun 28 03:38:05 UTC 2017"}
        ],
        [
            {"location": [[
                {"latitude": 64.232048},
                {"longitude": 27.723548}
            ]]},
            {"altitude": 148},
            {"distance_km": 1.08},
            {"speed_kmh": 1.8},
            {"timestamp": "Wed Jun 28 03:38:39 UTC 2017"}
        ],
        [
            {"location": [[
                {"latitude": 64.231977},
                {"longitude": 27.723766}
            ]]},
            {"altitude": 146.5},
            {"distance_km": 1.1},
            {"speed_kmh": 5.4},
            {"timestamp": "Wed Jun 28 03:38:48 UTC 2017"}
        ],
        [
            {"location": [[
                {"latitude": 64.231922},
                {"longitude": 27.724028}
            ]]},
            {"altitude": 148},
            {"distance_km": 1.11},
            {"speed_kmh": 5.4},
            {"timestamp": "Wed Jun 28 03:39:00 UTC 2017"}
        ],
        [
            {"location": [[
                {"latitude": 64.23187},
                {"longitude": 27.724218}
            ]]},
            {"altitude": 147},
            {"distance_km": 1.12},
            {"speed_kmh": 4.5},
            {"timestamp": "Wed Jun 28 03:39:06 UTC 2017"}
        ],
        [
            {"location": [[
                {"latitude": 64.231819},
                {"longitude": 27.724459}
            ]]},
            {"altitude": 145.5},
            {"distance_km": 1.13},
            {"speed_kmh": 5.4},
            {"timestamp": "Wed Jun 28 03:39:12 UTC 2017"}
        ],
        [
            {"location": [[
                {"latitude": 64.231781},
                {"longitude": 27.724667}
            ]]},
            {"altitude": 146.5},
            {"distance_km": 1.15},
            {"speed_kmh": 5.4},
            {"timestamp": "Wed Jun 28 03:39:19 UTC 2017"}
        ],
        [
            {"location": [[
                {"latitude": 64.231752},
                {"longitude": 27.724886}
            ]]},
            {"altitude": 146.5},
            {"distance_km": 1.16},
            {"speed_kmh": 5.4},
            {"timestamp": "Wed Jun 28 03:39:25 UTC 2017"}
        ],
        [
            {"location": [[
                {"latitude": 64.231725},
                {"longitude": 27.725094}
            ]]},
            {"altitude": 145.5},
            {"distance_km": 1.17},
            {"speed_kmh": 5.4},
            {"timestamp": "Wed Jun 28 03:39:31 UTC 2017"}
        ],
        [
            {"location": [[
                {"latitude": 64.231696},
                {"longitude": 27.725291}
            ]]},
            {"altitude": 143.5},
            {"distance_km": 1.18},
            {"speed_kmh": 5.4},
            {"timestamp": "Wed Jun 28 03:39:37 UTC 2017"}
        ],
        [
            {"location": [[
                {"latitude": 64.231657},
                {"longitude": 27.725494}
            ]]},
            {"altitude": 143},
            {"distance_km": 1.19},
            {"speed_kmh": 6.3},
            {"timestamp": "Wed Jun 28 03:39:43 UTC 2017"}
        ],
        [
            {"location": [[
                {"latitude": 64.231668},
                {"longitude": 27.725763}
            ]]},
            {"altitude": 143.5},
            {"distance_km": 1.2},
            {"speed_kmh": 5.4},
            {"timestamp": "Wed Jun 28 03:39:51 UTC 2017"}
        ],
        [
            {"location": [[
                {"latitude": 64.231705},
                {"longitude": 27.725968}
            ]]},
            {"altitude": 147.5},
            {"distance_km": 1.21},
            {"speed_kmh": 5.4},
            {"timestamp": "Wed Jun 28 03:39:57 UTC 2017"}
        ],
        [
            {"location": [[
                {"latitude": 64.231708},
                {"longitude": 27.726203}
            ]]},
            {"altitude": 146.5},
            {"distance_km": 1.22},
            {"speed_kmh": 5.4},
            {"timestamp": "Wed Jun 28 03:40:05 UTC 2017"}
        ],
        [
            {"location": [[
                {"latitude": 64.231698},
                {"longitude": 27.726456}
            ]]},
            {"altitude": 147.5},
            {"distance_km": 1.24},
            {"speed_kmh": 4.5},
            {"timestamp": "Wed Jun 28 03:40:15 UTC 2017"}
        ],
        [
            {"location": [[
                {"latitude": 64.231694},
                {"longitude": 27.726676}
            ]]},
            {"altitude": 147.5},
            {"distance_km": 1.25},
            {"speed_kmh": 4.5},
            {"timestamp": "Wed Jun 28 03:40:23 UTC 2017"}
        ],
        [
            {"location": [[
                {"latitude": 64.231706},
                {"longitude": 27.726891}
            ]]},
            {"altitude": 148.5},
            {"distance_km": 1.26},
            {"speed_kmh": 2.7},
            {"timestamp": "Wed Jun 28 03:40:33 UTC 2017"}
        ],
        [
            {"location": [[
                {"latitude": 64.231695},
                {"longitude": 27.727137}
            ]]},
            {"altitude": 148},
            {"distance_km": 1.27},
            {"speed_kmh": 5.4},
            {"timestamp": "Wed Jun 28 03:40:40 UTC 2017"}
        ],
        [
            {"location": [[
                {"latitude": 64.231682},
                {"longitude": 27.7274}
            ]]},
            {"altitude": 148},
            {"distance_km": 1.28},
            {"speed_kmh": 5.4},
            {"timestamp": "Wed Jun 28 03:40:48 UTC 2017"}
        ],
        [
            {"location": [[
                {"latitude": 64.231672},
                {"longitude": 27.72764}
            ]]},
            {"altitude": 148},
            {"distance_km": 1.29},
            {"speed_kmh": 5.4},
            {"timestamp": "Wed Jun 28 03:40:56 UTC 2017"}
        ],
        [
            {"location": [[
                {"latitude": 64.23166},
                {"longitude": 27.727853}
            ]]},
            {"altitude": 148.5},
            {"distance_km": 1.3},
            {"speed_kmh": 5.4},
            {"timestamp": "Wed Jun 28 03:41:02 UTC 2017"}
        ],
        [
            {"location": [[
                {"latitude": 64.231661},
                {"longitude": 27.728073}
            ]]},
            {"altitude": 150.5},
            {"distance_km": 1.31},
            {"speed_kmh": 5.4},
            {"timestamp": "Wed Jun 28 03:41:09 UTC 2017"}
        ],
        [
            {"location": [[
                {"latitude": 64.231647},
                {"longitude": 27.728337}
            ]]},
            {"altitude": 148},
            {"distance_km": 1.33},
            {"speed_kmh": 5.4},
            {"timestamp": "Wed Jun 28 03:41:17 UTC 2017"}
        ],
        [
            {"location": [[
                {"latitude": 64.231662},
                {"longitude": 27.728589}
            ]]},
            {"altitude": 149},
            {"distance_km": 1.34},
            {"speed_kmh": 5.4},
            {"timestamp": "Wed Jun 28 03:41:25 UTC 2017"}
        ],
        [
            {"location": [[
                {"latitude": 64.231662},
                {"longitude": 27.728811}
            ]]},
            {"altitude": 148},
            {"distance_km": 1.35},
            {"speed_kmh": 4.5},
            {"timestamp": "Wed Jun 28 03:41:33 UTC 2017"}
        ],
        [
            {"location": [[
                {"latitude": 64.231669},
                {"longitude": 27.729046}
            ]]},
            {"altitude": 148},
            {"distance_km": 1.36},
            {"speed_kmh": 4.5},
            {"timestamp": "Wed Jun 28 03:41:41 UTC 2017"}
        ],
        [
            {"location": [[
                {"latitude": 64.231669},
                {"longitude": 27.729299}
            ]]},
            {"altitude": 149.5},
            {"distance_km": 1.37},
            {"speed_kmh": 4.5},
            {"timestamp": "Wed Jun 28 03:41:51 UTC 2017"}
        ],
        [
            {"location": [[
                {"latitude": 64.231643},
                {"longitude": 27.72954}
            ]]},
            {"altitude": 144},
            {"distance_km": 1.39},
            {"speed_kmh": 4.5},
            {"timestamp": "Wed Jun 28 03:42:01 UTC 2017"}
        ],
        [
            {"location": [[
                {"latitude": 64.231737},
                {"longitude": 27.729557}
            ]]},
            {"altitude": 145.5},
            {"distance_km": 1.4},
            {"speed_kmh": 2.7},
            {"timestamp": "Wed Jun 28 03:42:11 UTC 2017"}
        ],
        [
            {"location": [[
                {"latitude": 64.231787},
                {"longitude": 27.729498}
            ]]},
            {"altitude": 150.5},
            {"distance_km": 1.4},
            {"speed_kmh": 0},
            {"timestamp": "Wed Jun 28 03:43:53 UTC 2017"}
        ],
        [
            {"location": [[
                {"latitude": 64.231787},
                {"longitude": 27.729498}
            ]]},
            {"altitude": 150.5},
            {"distance_km": 1.4},
            {"speed_kmh": 0},
            {"timestamp": "Wed Jun 28 03:43:54 UTC 2017"}
        ]
    ]}
]