[
    {"sport": "WALKING"},
    {"source": "TRACK_MOBILE"},
    {"created_date": "2017-04-08 06:04:20.0"},
    {"start_time": "2017-04-08 06:03:06.0"},
    {"end_time": "2017-04-08 06:34:16.0"},
    {"duration_s": 1869},
    {"distance_km": 2.18},
    {"calories_kcal": 164.713},
    {"altitude_min_m": 150.5},
    {"altitude_max_m": 207.5},
    {"speed_avg_kmh": 4.199036918138042},
    {"speed_max_kmh": 9},
    {"ascend_m": 72},
    {"descend_m": 81},
    {"points": [
        [
            {"location": [[
                {"latitude": 64.231602},
                {"longitude": 27.729631}
            ]]},
            {"distance_km": 0},
            {"timestamp": "Sat Apr 08 06:03:06 UTC 2017"}
        ],
        [
            {"location": [[
                {"latitude": 64.231602},
                {"longitude": 27.729631}
            ]]},
            {"altitude": 164.5},
            {"distance_km": 0},
            {"speed_kmh": 9},
            {"timestamp": "Sat Apr 08 06:04:00 UTC 2017"}
        ],
        [
            {"location": [[
                {"latitude": 64.231721},
                {"longitude": 27.729602}
            ]]},
            {"altitude": 159},
            {"distance_km": 0.01},
            {"speed_kmh": 0},
            {"timestamp": "Sat Apr 08 06:04:06 UTC 2017"}
        ],
        [
            {"location": [[
                {"latitude": 64.231682},
                {"longitude": 27.729819}
            ]]},
            {"altitude": 158.5},
            {"distance_km": 0.02},
            {"speed_kmh": 4.5},
            {"timestamp": "Sat Apr 08 06:04:51 UTC 2017"}
        ],
        [
            {"location": [[
                {"latitude": 64.23175},
                {"longitude": 27.730022}
            ]]},
            {"altitude": 155},
            {"distance_km": 0.04},
            {"speed_kmh": 4.5},
            {"timestamp": "Sat Apr 08 06:05:01 UTC 2017"}
        ],
        [
            {"location": [[
                {"latitude": 64.231831},
                {"longitude": 27.730177}
            ]]},
            {"altitude": 157},
            {"distance_km": 0.05},
            {"speed_kmh": 4.5},
            {"timestamp": "Sat Apr 08 06:05:09 UTC 2017"}
        ],
        [
            {"location": [[
                {"latitude": 64.231937},
                {"longitude": 27.730281}
            ]]},
            {"altitude": 158.5},
            {"distance_km": 0.06},
            {"speed_kmh": 4.5},
            {"timestamp": "Sat Apr 08 06:05:17 UTC 2017"}
        ],
        [
            {"location": [[
                {"latitude": 64.232039},
                {"longitude": 27.730424}
            ]]},
            {"altitude": 157.5},
            {"distance_km": 0.07},
            {"speed_kmh": 5.4},
            {"timestamp": "Sat Apr 08 06:05:26 UTC 2017"}
        ],
        [
            {"location": [[
                {"latitude": 64.232124},
                {"longitude": 27.730557}
            ]]},
            {"altitude": 157.5},
            {"distance_km": 0.09},
            {"speed_kmh": 5.4},
            {"timestamp": "Sat Apr 08 06:05:32 UTC 2017"}
        ],
        [
            {"location": [[
                {"latitude": 64.232198},
                {"longitude": 27.73068}
            ]]},
            {"altitude": 155},
            {"distance_km": 0.1},
            {"speed_kmh": 5.4},
            {"timestamp": "Sat Apr 08 06:05:38 UTC 2017"}
        ],
        [
            {"location": [[
                {"latitude": 64.232298},
                {"longitude": 27.730804}
            ]]},
            {"altitude": 156},
            {"distance_km": 0.11},
            {"speed_kmh": 5.4},
            {"timestamp": "Sat Apr 08 06:05:46 UTC 2017"}
        ],
        [
            {"location": [[
                {"latitude": 64.232398},
                {"longitude": 27.730953}
            ]]},
            {"altitude": 157},
            {"distance_km": 0.12},
            {"speed_kmh": 5.4},
            {"timestamp": "Sat Apr 08 06:05:54 UTC 2017"}
        ],
        [
            {"location": [[
                {"latitude": 64.232502},
                {"longitude": 27.731077}
            ]]},
            {"altitude": 158},
            {"distance_km": 0.14},
            {"speed_kmh": 5.4},
            {"timestamp": "Sat Apr 08 06:06:02 UTC 2017"}
        ],
        [
            {"location": [[
                {"latitude": 64.232597},
                {"longitude": 27.731177}
            ]]},
            {"altitude": 156},
            {"distance_km": 0.15},
            {"speed_kmh": 6.3},
            {"timestamp": "Sat Apr 08 06:06:47 UTC 2017"}
        ],
        [
            {"location": [[
                {"latitude": 64.232686},
                {"longitude": 27.73127}
            ]]},
            {"altitude": 157},
            {"distance_km": 0.16},
            {"speed_kmh": 6.3},
            {"timestamp": "Sat Apr 08 06:06:53 UTC 2017"}
        ],
        [
            {"location": [[
                {"latitude": 64.232797},
                {"longitude": 27.731334}
            ]]},
            {"altitude": 155},
            {"distance_km": 0.17},
            {"speed_kmh": 6.3},
            {"timestamp": "Sat Apr 08 06:07:01 UTC 2017"}
        ],
        [
            {"location": [[
                {"latitude": 64.232884},
                {"longitude": 27.731386}
            ]]},
            {"altitude": 153.5},
            {"distance_km": 0.18},
            {"speed_kmh": 6.3},
            {"timestamp": "Sat Apr 08 06:07:07 UTC 2017"}
        ],
        [
            {"location": [[
                {"latitude": 64.232985},
                {"longitude": 27.731436}
            ]]},
            {"altitude": 150.5},
            {"distance_km": 0.19},
            {"speed_kmh": 5.4},
            {"timestamp": "Sat Apr 08 06:07:14 UTC 2017"}
        ],
        [
            {"location": [[
                {"latitude": 64.233086},
                {"longitude": 27.731535}
            ]]},
            {"altitude": 155.5},
            {"distance_km": 0.2},
            {"speed_kmh": 5.4},
            {"timestamp": "Sat Apr 08 06:07:22 UTC 2017"}
        ],
        [
            {"location": [[
                {"latitude": 64.233176},
                {"longitude": 27.731492}
            ]]},
            {"altitude": 159},
            {"distance_km": 0.21},
            {"speed_kmh": 4.5},
            {"timestamp": "Sat Apr 08 06:07:30 UTC 2017"}
        ],
        [
            {"location": [[
                {"latitude": 64.233246},
                {"longitude": 27.731325}
            ]]},
            {"altitude": 166},
            {"distance_km": 0.23},
            {"speed_kmh": 2.7},
            {"timestamp": "Sat Apr 08 06:07:44 UTC 2017"}
        ],
        [
            {"location": [[
                {"latitude": 64.233354},
                {"longitude": 27.731413}
            ]]},
            {"altitude": 170},
            {"distance_km": 0.24},
            {"speed_kmh": 3.6},
            {"timestamp": "Sat Apr 08 06:07:54 UTC 2017"}
        ],
        [
            {"location": [[
                {"latitude": 64.233463},
                {"longitude": 27.731414}
            ]]},
            {"altitude": 171},
            {"distance_km": 0.25},
            {"speed_kmh": 3.6},
            {"timestamp": "Sat Apr 08 06:08:02 UTC 2017"}
        ],
        [
            {"location": [[
                {"latitude": 64.233546},
                {"longitude": 27.731332}
            ]]},
            {"altitude": 172},
            {"distance_km": 0.26},
            {"speed_kmh": 3.6},
            {"timestamp": "Sat Apr 08 06:08:10 UTC 2017"}
        ],
        [
            {"location": [[
                {"latitude": 64.233658},
                {"longitude": 27.731265}
            ]]},
            {"altitude": 175},
            {"distance_km": 0.27},
            {"speed_kmh": 4.5},
            {"timestamp": "Sat Apr 08 06:08:18 UTC 2017"}
        ],
        [
            {"location": [[
                {"latitude": 64.233739},
                {"longitude": 27.731101}
            ]]},
            {"altitude": 180.5},
            {"distance_km": 0.29},
            {"speed_kmh": 4.5},
            {"timestamp": "Sat Apr 08 06:08:28 UTC 2017"}
        ],
        [
            {"location": [[
                {"latitude": 64.233818},
                {"longitude": 27.730961}
            ]]},
            {"altitude": 180.5},
            {"distance_km": 0.3},
            {"speed_kmh": 3.6},
            {"timestamp": "Sat Apr 08 06:08:36 UTC 2017"}
        ],
        [
            {"location": [[
                {"latitude": 64.233907},
                {"longitude": 27.730902}
            ]]},
            {"altitude": 179.5},
            {"distance_km": 0.31},
            {"speed_kmh": 3.6},
            {"timestamp": "Sat Apr 08 06:08:45 UTC 2017"}
        ],
        [
            {"location": [[
                {"latitude": 64.234005},
                {"longitude": 27.730781}
            ]]},
            {"altitude": 180.5},
            {"distance_km": 0.32},
            {"speed_kmh": 3.6},
            {"timestamp": "Sat Apr 08 06:08:55 UTC 2017"}
        ],
        [
            {"location": [[
                {"latitude": 64.234073},
                {"longitude": 27.730586}
            ]]},
            {"altitude": 181.5},
            {"distance_km": 0.33},
            {"speed_kmh": 4.5},
            {"timestamp": "Sat Apr 08 06:09:03 UTC 2017"}
        ],
        [
            {"location": [[
                {"latitude": 64.23411},
                {"longitude": 27.730389}
            ]]},
            {"altitude": 185},
            {"distance_km": 0.34},
            {"speed_kmh": 4.5},
            {"timestamp": "Sat Apr 08 06:09:11 UTC 2017"}
        ],
        [
            {"location": [[
                {"latitude": 64.234166},
                {"longitude": 27.73019}
            ]]},
            {"altitude": 186},
            {"distance_km": 0.35},
            {"speed_kmh": 4.5},
            {"timestamp": "Sat Apr 08 06:09:19 UTC 2017"}
        ],
        [
            {"location": [[
                {"latitude": 64.234251},
                {"longitude": 27.730065}
            ]]},
            {"altitude": 187},
            {"distance_km": 0.36},
            {"speed_kmh": 3.6},
            {"timestamp": "Sat Apr 08 06:09:28 UTC 2017"}
        ],
        [
            {"location": [[
                {"latitude": 64.234324},
                {"longitude": 27.729877}
            ]]},
            {"altitude": 188.5},
            {"distance_km": 0.38},
            {"speed_kmh": 3.6},
            {"timestamp": "Sat Apr 08 06:09:38 UTC 2017"}
        ],
        [
            {"location": [[
                {"latitude": 64.234409},
                {"longitude": 27.729752}
            ]]},
            {"altitude": 186.5},
            {"distance_km": 0.39},
            {"speed_kmh": 3.6},
            {"timestamp": "Sat Apr 08 06:09:48 UTC 2017"}
        ],
        [
            {"location": [[
                {"latitude": 64.234475},
                {"longitude": 27.729594}
            ]]},
            {"altitude": 188.5},
            {"distance_km": 0.4},
            {"speed_kmh": 2.7},
            {"timestamp": "Sat Apr 08 06:10:10 UTC 2017"}
        ],
        [
            {"location": [[
                {"latitude": 64.234553},
                {"longitude": 27.729424}
            ]]},
            {"altitude": 191},
            {"distance_km": 0.41},
            {"speed_kmh": 2.7},
            {"timestamp": "Sat Apr 08 06:10:22 UTC 2017"}
        ],
        [
            {"location": [[
                {"latitude": 64.234632},
                {"longitude": 27.729283}
            ]]},
            {"altitude": 190.5},
            {"distance_km": 0.42},
            {"speed_kmh": 2.7},
            {"timestamp": "Sat Apr 08 06:10:34 UTC 2017"}
        ],
        [
            {"location": [[
                {"latitude": 64.234715},
                {"longitude": 27.729115}
            ]]},
            {"altitude": 193},
            {"distance_km": 0.43},
            {"speed_kmh": 3.6},
            {"timestamp": "Sat Apr 08 06:10:58 UTC 2017"}
        ],
        [
            {"location": [[
                {"latitude": 64.234783},
                {"longitude": 27.728961}
            ]]},
            {"altitude": 193.5},
            {"distance_km": 0.44},
            {"speed_kmh": 3.6},
            {"timestamp": "Sat Apr 08 06:11:11 UTC 2017"}
        ],
        [
            {"location": [[
                {"latitude": 64.234874},
                {"longitude": 27.728919}
            ]]},
            {"altitude": 196},
            {"distance_km": 0.45},
            {"speed_kmh": 3.6},
            {"timestamp": "Sat Apr 08 06:11:19 UTC 2017"}
        ],
        [
            {"location": [[
                {"latitude": 64.234952},
                {"longitude": 27.728787}
            ]]},
            {"altitude": 197.5},
            {"distance_km": 0.47},
            {"speed_kmh": 0},
            {"timestamp": "Sat Apr 08 06:11:27 UTC 2017"}
        ],
        [
            {"location": [[
                {"latitude": 64.235055},
                {"longitude": 27.728725}
            ]]},
            {"altitude": 199},
            {"distance_km": 0.48},
            {"speed_kmh": 3.6},
            {"timestamp": "Sat Apr 08 06:11:38 UTC 2017"}
        ],
        [
            {"location": [[
                {"latitude": 64.235146},
                {"longitude": 27.728823}
            ]]},
            {"altitude": 198},
            {"distance_km": 0.49},
            {"speed_kmh": 4.5},
            {"timestamp": "Sat Apr 08 06:11:44 UTC 2017"}
        ],
        [
            {"location": [[
                {"latitude": 64.235258},
                {"longitude": 27.728831}
            ]]},
            {"altitude": 198},
            {"distance_km": 0.5},
            {"speed_kmh": 3.6},
            {"timestamp": "Sat Apr 08 06:11:52 UTC 2017"}
        ],
        [
            {"location": [[
                {"latitude": 64.235339},
                {"longitude": 27.728702}
            ]]},
            {"altitude": 198.5},
            {"distance_km": 0.51},
            {"speed_kmh": 2.7},
            {"timestamp": "Sat Apr 08 06:12:02 UTC 2017"}
        ],
        [
            {"location": [[
                {"latitude": 64.235304},
                {"longitude": 27.728478}
            ]]},
            {"altitude": 199.5},
            {"distance_km": 0.52},
            {"speed_kmh": 3.6},
            {"timestamp": "Sat Apr 08 06:12:16 UTC 2017"}
        ],
        [
            {"location": [[
                {"latitude": 64.235389},
                {"longitude": 27.728367}
            ]]},
            {"altitude": 200},
            {"distance_km": 0.53},
            {"speed_kmh": 4.5},
            {"timestamp": "Sat Apr 08 06:12:24 UTC 2017"}
        ],
        [
            {"location": [[
                {"latitude": 64.235504},
                {"longitude": 27.728308}
            ]]},
            {"altitude": 203.5},
            {"distance_km": 0.55},
            {"speed_kmh": 4.5},
            {"timestamp": "Sat Apr 08 06:12:32 UTC 2017"}
        ],
        [
            {"location": [[
                {"latitude": 64.235599},
                {"longitude": 27.728196}
            ]]},
            {"altitude": 203.5},
            {"distance_km": 0.56},
            {"speed_kmh": 4.5},
            {"timestamp": "Sat Apr 08 06:12:40 UTC 2017"}
        ],
        [
            {"location": [[
                {"latitude": 64.235675},
                {"longitude": 27.728034}
            ]]},
            {"altitude": 204},
            {"distance_km": 0.57},
            {"speed_kmh": 4.5},
            {"timestamp": "Sat Apr 08 06:12:48 UTC 2017"}
        ],
        [
            {"location": [[
                {"latitude": 64.23576},
                {"longitude": 27.727871}
            ]]},
            {"altitude": 202.5},
            {"distance_km": 0.58},
            {"speed_kmh": 4.5},
            {"timestamp": "Sat Apr 08 06:12:56 UTC 2017"}
        ],
        [
            {"location": [[
                {"latitude": 64.235846},
                {"longitude": 27.727715}
            ]]},
            {"altitude": 205},
            {"distance_km": 0.6},
            {"speed_kmh": 5.4},
            {"timestamp": "Sat Apr 08 06:13:05 UTC 2017"}
        ],
        [
            {"location": [[
                {"latitude": 64.235922},
                {"longitude": 27.727545}
            ]]},
            {"altitude": 205.5},
            {"distance_km": 0.61},
            {"speed_kmh": 4.5},
            {"timestamp": "Sat Apr 08 06:13:13 UTC 2017"}
        ],
        [
            {"location": [[
                {"latitude": 64.235993},
                {"longitude": 27.727365}
            ]]},
            {"altitude": 205},
            {"distance_km": 0.62},
            {"speed_kmh": 4.5},
            {"timestamp": "Sat Apr 08 06:13:21 UTC 2017"}
        ],
        [
            {"location": [[
                {"latitude": 64.236021},
                {"longitude": 27.727145}
            ]]},
            {"altitude": 202.5},
            {"distance_km": 0.63},
            {"speed_kmh": 4.5},
            {"timestamp": "Sat Apr 08 06:13:31 UTC 2017"}
        ],
        [
            {"location": [[
                {"latitude": 64.236043},
                {"longitude": 27.726908}
            ]]},
            {"altitude": 200.5},
            {"distance_km": 0.64},
            {"speed_kmh": 4.5},
            {"timestamp": "Sat Apr 08 06:13:39 UTC 2017"}
        ],
        [
            {"location": [[
                {"latitude": 64.236044},
                {"longitude": 27.72664}
            ]]},
            {"altitude": 199.5},
            {"distance_km": 0.65},
            {"speed_kmh": 4.5},
            {"timestamp": "Sat Apr 08 06:13:46 UTC 2017"}
        ],
        [
            {"location": [[
                {"latitude": 64.236102},
                {"longitude": 27.726432}
            ]]},
            {"altitude": 200},
            {"distance_km": 0.67},
            {"speed_kmh": 5.4},
            {"timestamp": "Sat Apr 08 06:13:52 UTC 2017"}
        ],
        [
            {"location": [[
                {"latitude": 64.236143},
                {"longitude": 27.726235}
            ]]},
            {"altitude": 198},
            {"distance_km": 0.68},
            {"speed_kmh": 4.5},
            {"timestamp": "Sat Apr 08 06:13:58 UTC 2017"}
        ],
        [
            {"location": [[
                {"latitude": 64.23617},
                {"longitude": 27.726025}
            ]]},
            {"altitude": 197},
            {"distance_km": 0.69},
            {"speed_kmh": 4.5},
            {"timestamp": "Sat Apr 08 06:14:06 UTC 2017"}
        ],
        [
            {"location": [[
                {"latitude": 64.236199},
                {"longitude": 27.725812}
            ]]},
            {"altitude": 197.5},
            {"distance_km": 0.7},
            {"speed_kmh": 4.5},
            {"timestamp": "Sat Apr 08 06:14:14 UTC 2017"}
        ],
        [
            {"location": [[
                {"latitude": 64.236197},
                {"longitude": 27.725544}
            ]]},
            {"altitude": 198},
            {"distance_km": 0.71},
            {"speed_kmh": 4.5},
            {"timestamp": "Sat Apr 08 06:14:22 UTC 2017"}
        ],
        [
            {"location": [[
                {"latitude": 64.236252},
                {"longitude": 27.725317}
            ]]},
            {"altitude": 197.5},
            {"distance_km": 0.72},
            {"speed_kmh": 4.5},
            {"timestamp": "Sat Apr 08 06:14:30 UTC 2017"}
        ],
        [
            {"location": [[
                {"latitude": 64.236338},
                {"longitude": 27.725129}
            ]]},
            {"altitude": 196.5},
            {"distance_km": 0.74},
            {"speed_kmh": 5.4},
            {"timestamp": "Sat Apr 08 06:14:38 UTC 2017"}
        ],
        [
            {"location": [[
                {"latitude": 64.236441},
                {"longitude": 27.724992}
            ]]},
            {"altitude": 195.5},
            {"distance_km": 0.75},
            {"speed_kmh": 5.4},
            {"timestamp": "Sat Apr 08 06:14:47 UTC 2017"}
        ],
        [
            {"location": [[
                {"latitude": 64.23656},
                {"longitude": 27.724986}
            ]]},
            {"altitude": 193.5},
            {"distance_km": 0.76},
            {"speed_kmh": 5.4},
            {"timestamp": "Sat Apr 08 06:14:55 UTC 2017"}
        ],
        [
            {"location": [[
                {"latitude": 64.236652},
                {"longitude": 27.724985}
            ]]},
            {"altitude": 190},
            {"distance_km": 0.77},
            {"speed_kmh": 5.4},
            {"timestamp": "Sat Apr 08 06:15:01 UTC 2017"}
        ],
        [
            {"location": [[
                {"latitude": 64.23676},
                {"longitude": 27.725065}
            ]]},
            {"altitude": 189},
            {"distance_km": 0.79},
            {"speed_kmh": 4.5},
            {"timestamp": "Sat Apr 08 06:15:09 UTC 2017"}
        ],
        [
            {"location": [[
                {"latitude": 64.236867},
                {"longitude": 27.725115}
            ]]},
            {"altitude": 186.5},
            {"distance_km": 0.8},
            {"speed_kmh": 4.5},
            {"timestamp": "Sat Apr 08 06:15:18 UTC 2017"}
        ],
        [
            {"location": [[
                {"latitude": 64.236958},
                {"longitude": 27.725142}
            ]]},
            {"altitude": 182.5},
            {"distance_km": 0.81},
            {"speed_kmh": 4.5},
            {"timestamp": "Sat Apr 08 06:15:24 UTC 2017"}
        ],
        [
            {"location": [[
                {"latitude": 64.237055},
                {"longitude": 27.725209}
            ]]},
            {"altitude": 182.5},
            {"distance_km": 0.82},
            {"speed_kmh": 4.5},
            {"timestamp": "Sat Apr 08 06:15:32 UTC 2017"}
        ],
        [
            {"location": [[
                {"latitude": 64.237146},
                {"longitude": 27.725324}
            ]]},
            {"altitude": 183},
            {"distance_km": 0.83},
            {"speed_kmh": 4.5},
            {"timestamp": "Sat Apr 08 06:15:38 UTC 2017"}
        ],
        [
            {"location": [[
                {"latitude": 64.237221},
                {"longitude": 27.725475}
            ]]},
            {"altitude": 181},
            {"distance_km": 0.84},
            {"speed_kmh": 4.5},
            {"timestamp": "Sat Apr 08 06:15:44 UTC 2017"}
        ],
        [
            {"location": [[
                {"latitude": 64.23732},
                {"longitude": 27.725587}
            ]]},
            {"altitude": 182.5},
            {"distance_km": 0.86},
            {"speed_kmh": 4.5},
            {"timestamp": "Sat Apr 08 06:15:52 UTC 2017"}
        ],
        [
            {"location": [[
                {"latitude": 64.237404},
                {"longitude": 27.725702}
            ]]},
            {"altitude": 184},
            {"distance_km": 0.87},
            {"speed_kmh": 4.5},
            {"timestamp": "Sat Apr 08 06:16:00 UTC 2017"}
        ],
        [
            {"location": [[
                {"latitude": 64.237486},
                {"longitude": 27.725862}
            ]]},
            {"altitude": 184.5},
            {"distance_km": 0.88},
            {"speed_kmh": 4.5},
            {"timestamp": "Sat Apr 08 06:16:08 UTC 2017"}
        ],
        [
            {"location": [[
                {"latitude": 64.237555},
                {"longitude": 27.72603}
            ]]},
            {"altitude": 183.5},
            {"distance_km": 0.89},
            {"speed_kmh": 4.5},
            {"timestamp": "Sat Apr 08 06:16:16 UTC 2017"}
        ],
        [
            {"location": [[
                {"latitude": 64.237647},
                {"longitude": 27.726162}
            ]]},
            {"altitude": 184},
            {"distance_km": 0.9},
            {"speed_kmh": 4.5},
            {"timestamp": "Sat Apr 08 06:16:24 UTC 2017"}
        ],
        [
            {"location": [[
                {"latitude": 64.237737},
                {"longitude": 27.7262}
            ]]},
            {"altitude": 188.5},
            {"distance_km": 0.91},
            {"speed_kmh": 4.5},
            {"timestamp": "Sat Apr 08 06:16:30 UTC 2017"}
        ],
        [
            {"location": [[
                {"latitude": 64.237829},
                {"longitude": 27.726338}
            ]]},
            {"altitude": 189},
            {"distance_km": 0.92},
            {"speed_kmh": 4.5},
            {"timestamp": "Sat Apr 08 06:16:38 UTC 2017"}
        ],
        [
            {"location": [[
                {"latitude": 64.23792},
                {"longitude": 27.726427}
            ]]},
            {"altitude": 187.5},
            {"distance_km": 0.93},
            {"speed_kmh": 4.5},
            {"timestamp": "Sat Apr 08 06:16:46 UTC 2017"}
        ],
        [
            {"location": [[
                {"latitude": 64.238013},
                {"longitude": 27.72649}
            ]]},
            {"altitude": 189.5},
            {"distance_km": 0.95},
            {"speed_kmh": 4.5},
            {"timestamp": "Sat Apr 08 06:16:54 UTC 2017"}
        ],
        [
            {"location": [[
                {"latitude": 64.238119},
                {"longitude": 27.726567}
            ]]},
            {"altitude": 190.5},
            {"distance_km": 0.96},
            {"speed_kmh": 4.5},
            {"timestamp": "Sat Apr 08 06:17:03 UTC 2017"}
        ],
        [
            {"location": [[
                {"latitude": 64.238194},
                {"longitude": 27.72673}
            ]]},
            {"altitude": 188.5},
            {"distance_km": 0.97},
            {"speed_kmh": 4.5},
            {"timestamp": "Sat Apr 08 06:17:11 UTC 2017"}
        ],
        [
            {"location": [[
                {"latitude": 64.238297},
                {"longitude": 27.726858}
            ]]},
            {"altitude": 193},
            {"distance_km": 0.98},
            {"speed_kmh": 4.5},
            {"timestamp": "Sat Apr 08 06:17:19 UTC 2017"}
        ],
        [
            {"location": [[
                {"latitude": 64.238405},
                {"longitude": 27.726874}
            ]]},
            {"altitude": 191.5},
            {"distance_km": 0.99},
            {"speed_kmh": 4.5},
            {"timestamp": "Sat Apr 08 06:17:27 UTC 2017"}
        ],
        [
            {"location": [[
                {"latitude": 64.238493},
                {"longitude": 27.726809}
            ]]},
            {"altitude": 194.5},
            {"distance_km": 1},
            {"speed_kmh": 4.5},
            {"timestamp": "Sat Apr 08 06:17:34 UTC 2017"}
        ],
        [
            {"location": [[
                {"latitude": 64.238602},
                {"longitude": 27.726784}
            ]]},
            {"altitude": 194.5},
            {"distance_km": 1.02},
            {"speed_kmh": 4.5},
            {"timestamp": "Sat Apr 08 06:17:42 UTC 2017"}
        ],
        [
            {"location": [[
                {"latitude": 64.23869},
                {"longitude": 27.726939}
            ]]},
            {"altitude": 190},
            {"distance_km": 1.03},
            {"speed_kmh": 4.5},
            {"timestamp": "Sat Apr 08 06:17:50 UTC 2017"}
        ],
        [
            {"location": [[
                {"latitude": 64.238755},
                {"longitude": 27.727135}
            ]]},
            {"altitude": 190},
            {"distance_km": 1.04},
            {"speed_kmh": 4.5},
            {"timestamp": "Sat Apr 08 06:17:58 UTC 2017"}
        ],
        [
            {"location": [[
                {"latitude": 64.238785},
                {"longitude": 27.727403}
            ]]},
            {"altitude": 190},
            {"distance_km": 1.05},
            {"speed_kmh": 4.5},
            {"timestamp": "Sat Apr 08 06:18:06 UTC 2017"}
        ],
        [
            {"location": [[
                {"latitude": 64.238796},
                {"longitude": 27.727611}
            ]]},
            {"altitude": 188.5},
            {"distance_km": 1.06},
            {"speed_kmh": 4.5},
            {"timestamp": "Sat Apr 08 06:18:12 UTC 2017"}
        ],
        [
            {"location": [[
                {"latitude": 64.238854},
                {"longitude": 27.727841}
            ]]},
            {"altitude": 191.5},
            {"distance_km": 1.08},
            {"speed_kmh": 4.5},
            {"timestamp": "Sat Apr 08 06:18:20 UTC 2017"}
        ],
        [
            {"location": [[
                {"latitude": 64.238904},
                {"longitude": 27.728036}
            ]]},
            {"altitude": 192.5},
            {"distance_km": 1.09},
            {"speed_kmh": 4.5},
            {"timestamp": "Sat Apr 08 06:18:28 UTC 2017"}
        ],
        [
            {"location": [[
                {"latitude": 64.238926},
                {"longitude": 27.728245}
            ]]},
            {"altitude": 194},
            {"distance_km": 1.1},
            {"speed_kmh": 4.5},
            {"timestamp": "Sat Apr 08 06:18:36 UTC 2017"}
        ],
        [
            {"location": [[
                {"latitude": 64.238968},
                {"longitude": 27.728469}
            ]]},
            {"altitude": 195.5},
            {"distance_km": 1.11},
            {"speed_kmh": 4.5},
            {"timestamp": "Sat Apr 08 06:18:44 UTC 2017"}
        ],
        [
            {"location": [[
                {"latitude": 64.238905},
                {"longitude": 27.728619}
            ]]},
            {"altitude": 193.5},
            {"distance_km": 1.12},
            {"speed_kmh": 3.6},
            {"timestamp": "Sat Apr 08 06:18:57 UTC 2017"}
        ],
        [
            {"location": [[
                {"latitude": 64.238808},
                {"longitude": 27.728625}
            ]]},
            {"altitude": 192},
            {"distance_km": 1.13},
            {"speed_kmh": 4.5},
            {"timestamp": "Sat Apr 08 06:19:05 UTC 2017"}
        ],
        [
            {"location": [[
                {"latitude": 64.238701},
                {"longitude": 27.728636}
            ]]},
            {"altitude": 189.5},
            {"distance_km": 1.14},
            {"speed_kmh": 4.5},
            {"timestamp": "Sat Apr 08 06:19:13 UTC 2017"}
        ],
        [
            {"location": [[
                {"latitude": 64.238571},
                {"longitude": 27.728693}
            ]]},
            {"altitude": 191},
            {"distance_km": 1.16},
            {"speed_kmh": 4.5},
            {"timestamp": "Sat Apr 08 06:19:22 UTC 2017"}
        ],
        [
            {"location": [[
                {"latitude": 64.238482},
                {"longitude": 27.72862}
            ]]},
            {"altitude": 189.5},
            {"distance_km": 1.17},
            {"speed_kmh": 4.5},
            {"timestamp": "Sat Apr 08 06:19:28 UTC 2017"}
        ],
        [
            {"location": [[
                {"latitude": 64.238392},
                {"longitude": 27.728517}
            ]]},
            {"altitude": 188.5},
            {"distance_km": 1.18},
            {"speed_kmh": 5.4},
            {"timestamp": "Sat Apr 08 06:19:36 UTC 2017"}
        ],
        [
            {"location": [[
                {"latitude": 64.238291},
                {"longitude": 27.728493}
            ]]},
            {"altitude": 191},
            {"distance_km": 1.19},
            {"speed_kmh": 4.5},
            {"timestamp": "Sat Apr 08 06:19:44 UTC 2017"}
        ],
        [
            {"location": [[
                {"latitude": 64.238185},
                {"longitude": 27.728493}
            ]]},
            {"altitude": 192.5},
            {"distance_km": 1.2},
            {"speed_kmh": 4.5},
            {"timestamp": "Sat Apr 08 06:19:52 UTC 2017"}
        ],
        [
            {"location": [[
                {"latitude": 64.238079},
                {"longitude": 27.728514}
            ]]},
            {"altitude": 193.5},
            {"distance_km": 1.21},
            {"speed_kmh": 3.6},
            {"timestamp": "Sat Apr 08 06:20:00 UTC 2017"}
        ],
        [
            {"location": [[
                {"latitude": 64.238013},
                {"longitude": 27.728659}
            ]]},
            {"altitude": 194.5},
            {"distance_km": 1.23},
            {"speed_kmh": 3.6},
            {"timestamp": "Sat Apr 08 06:20:08 UTC 2017"}
        ],
        [
            {"location": [[
                {"latitude": 64.237945},
                {"longitude": 27.728842}
            ]]},
            {"altitude": 195.5},
            {"distance_km": 1.24},
            {"speed_kmh": 3.6},
            {"timestamp": "Sat Apr 08 06:20:18 UTC 2017"}
        ],
        [
            {"location": [[
                {"latitude": 64.237847},
                {"longitude": 27.728958}
            ]]},
            {"altitude": 195.5},
            {"distance_km": 1.25},
            {"speed_kmh": 4.5},
            {"timestamp": "Sat Apr 08 06:20:28 UTC 2017"}
        ],
        [
            {"location": [[
                {"latitude": 64.23774},
                {"longitude": 27.728929}
            ]]},
            {"altitude": 194},
            {"distance_km": 1.26},
            {"speed_kmh": 4.5},
            {"timestamp": "Sat Apr 08 06:20:36 UTC 2017"}
        ],
        [
            {"location": [[
                {"latitude": 64.237642},
                {"longitude": 27.728913}
            ]]},
            {"altitude": 194.5},
            {"distance_km": 1.27},
            {"speed_kmh": 5.4},
            {"timestamp": "Sat Apr 08 06:20:42 UTC 2017"}
        ],
        [
            {"location": [[
                {"latitude": 64.237552},
                {"longitude": 27.728871}
            ]]},
            {"altitude": 198},
            {"distance_km": 1.28},
            {"speed_kmh": 4.5},
            {"timestamp": "Sat Apr 08 06:20:50 UTC 2017"}
        ],
        [
            {"location": [[
                {"latitude": 64.237458},
                {"longitude": 27.728959}
            ]]},
            {"altitude": 197},
            {"distance_km": 1.29},
            {"speed_kmh": 4.5},
            {"timestamp": "Sat Apr 08 06:20:58 UTC 2017"}
        ],
        [
            {"location": [[
                {"latitude": 64.237359},
                {"longitude": 27.729021}
            ]]},
            {"altitude": 197},
            {"distance_km": 1.3},
            {"speed_kmh": 4.5},
            {"timestamp": "Sat Apr 08 06:21:07 UTC 2017"}
        ],
        [
            {"location": [[
                {"latitude": 64.237266},
                {"longitude": 27.729048}
            ]]},
            {"altitude": 200},
            {"distance_km": 1.32},
            {"speed_kmh": 4.5},
            {"timestamp": "Sat Apr 08 06:21:15 UTC 2017"}
        ],
        [
            {"location": [[
                {"latitude": 64.237173},
                {"longitude": 27.729043}
            ]]},
            {"altitude": 201},
            {"distance_km": 1.33},
            {"speed_kmh": 4.5},
            {"timestamp": "Sat Apr 08 06:21:23 UTC 2017"}
        ],
        [
            {"location": [[
                {"latitude": 64.237078},
                {"longitude": 27.728939}
            ]]},
            {"altitude": 200},
            {"distance_km": 1.34},
            {"speed_kmh": 4.5},
            {"timestamp": "Sat Apr 08 06:21:31 UTC 2017"}
        ],
        [
            {"location": [[
                {"latitude": 64.236971},
                {"longitude": 27.728833}
            ]]},
            {"altitude": 194.5},
            {"distance_km": 1.35},
            {"speed_kmh": 4.5},
            {"timestamp": "Sat Apr 08 06:21:38 UTC 2017"}
        ],
        [
            {"location": [[
                {"latitude": 64.236874},
                {"longitude": 27.72874}
            ]]},
            {"altitude": 197.5},
            {"distance_km": 1.36},
            {"speed_kmh": 4.5},
            {"timestamp": "Sat Apr 08 06:21:46 UTC 2017"}
        ],
        [
            {"location": [[
                {"latitude": 64.236783},
                {"longitude": 27.728642}
            ]]},
            {"altitude": 195.5},
            {"distance_km": 1.37},
            {"speed_kmh": 4.5},
            {"timestamp": "Sat Apr 08 06:21:54 UTC 2017"}
        ],
        [
            {"location": [[
                {"latitude": 64.236692},
                {"longitude": 27.728523}
            ]]},
            {"altitude": 197},
            {"distance_km": 1.38},
            {"speed_kmh": 4.5},
            {"timestamp": "Sat Apr 08 06:22:04 UTC 2017"}
        ],
        [
            {"location": [[
                {"latitude": 64.236602},
                {"longitude": 27.728495}
            ]]},
            {"altitude": 200.5},
            {"distance_km": 1.4},
            {"speed_kmh": 5.4},
            {"timestamp": "Sat Apr 08 06:22:10 UTC 2017"}
        ],
        [
            {"location": [[
                {"latitude": 64.236503},
                {"longitude": 27.728428}
            ]]},
            {"altitude": 202},
            {"distance_km": 1.41},
            {"speed_kmh": 4.5},
            {"timestamp": "Sat Apr 08 06:22:20 UTC 2017"}
        ],
        [
            {"location": [[
                {"latitude": 64.236387},
                {"longitude": 27.728476}
            ]]},
            {"altitude": 201},
            {"distance_km": 1.42},
            {"speed_kmh": 5.4},
            {"timestamp": "Sat Apr 08 06:22:32 UTC 2017"}
        ],
        [
            {"location": [[
                {"latitude": 64.2363},
                {"longitude": 27.728562}
            ]]},
            {"altitude": 202.5},
            {"distance_km": 1.43},
            {"speed_kmh": 5.4},
            {"timestamp": "Sat Apr 08 06:22:38 UTC 2017"}
        ],
        [
            {"location": [[
                {"latitude": 64.236215},
                {"longitude": 27.728661}
            ]]},
            {"altitude": 204.5},
            {"distance_km": 1.44},
            {"speed_kmh": 4.5},
            {"timestamp": "Sat Apr 08 06:22:44 UTC 2017"}
        ],
        [
            {"location": [[
                {"latitude": 64.23612},
                {"longitude": 27.728713}
            ]]},
            {"altitude": 207},
            {"distance_km": 1.45},
            {"speed_kmh": 3.6},
            {"timestamp": "Sat Apr 08 06:22:53 UTC 2017"}
        ],
        [
            {"location": [[
                {"latitude": 64.236045},
                {"longitude": 27.728835}
            ]]},
            {"altitude": 207.5},
            {"distance_km": 1.46},
            {"speed_kmh": 4.5},
            {"timestamp": "Sat Apr 08 06:23:01 UTC 2017"}
        ],
        [
            {"location": [[
                {"latitude": 64.235946},
                {"longitude": 27.728951}
            ]]},
            {"altitude": 207},
            {"distance_km": 1.47},
            {"speed_kmh": 6.3},
            {"timestamp": "Sat Apr 08 06:23:09 UTC 2017"}
        ],
        [
            {"location": [[
                {"latitude": 64.235848},
                {"longitude": 27.729031}
            ]]},
            {"altitude": 206.5},
            {"distance_km": 1.49},
            {"speed_kmh": 5.4},
            {"timestamp": "Sat Apr 08 06:23:17 UTC 2017"}
        ],
        [
            {"location": [[
                {"latitude": 64.235744},
                {"longitude": 27.729055}
            ]]},
            {"altitude": 204.5},
            {"distance_km": 1.5},
            {"speed_kmh": 4.5},
            {"timestamp": "Sat Apr 08 06:23:28 UTC 2017"}
        ],
        [
            {"location": [[
                {"latitude": 64.235641},
                {"longitude": 27.729006}
            ]]},
            {"altitude": 200.5},
            {"distance_km": 1.51},
            {"speed_kmh": 5.4},
            {"timestamp": "Sat Apr 08 06:23:34 UTC 2017"}
        ],
        [
            {"location": [[
                {"latitude": 64.235557},
                {"longitude": 27.729098}
            ]]},
            {"altitude": 202},
            {"distance_km": 1.52},
            {"speed_kmh": 6.3},
            {"timestamp": "Sat Apr 08 06:23:40 UTC 2017"}
        ],
        [
            {"location": [[
                {"latitude": 64.235452},
                {"longitude": 27.729199}
            ]]},
            {"altitude": 205},
            {"distance_km": 1.53},
            {"speed_kmh": 5.4},
            {"timestamp": "Sat Apr 08 06:23:50 UTC 2017"}
        ],
        [
            {"location": [[
                {"latitude": 64.235352},
                {"longitude": 27.729233}
            ]]},
            {"altitude": 205},
            {"distance_km": 1.54},
            {"speed_kmh": 4.5},
            {"timestamp": "Sat Apr 08 06:23:58 UTC 2017"}
        ],
        [
            {"location": [[
                {"latitude": 64.235328},
                {"longitude": 27.729465}
            ]]},
            {"altitude": 201},
            {"distance_km": 1.55},
            {"speed_kmh": 4.5},
            {"timestamp": "Sat Apr 08 06:24:08 UTC 2017"}
        ],
        [
            {"location": [[
                {"latitude": 64.235259},
                {"longitude": 27.729677}
            ]]},
            {"altitude": 201},
            {"distance_km": 1.57},
            {"speed_kmh": 4.5},
            {"timestamp": "Sat Apr 08 06:24:18 UTC 2017"}
        ],
        [
            {"location": [[
                {"latitude": 64.235184},
                {"longitude": 27.729812}
            ]]},
            {"altitude": 201.5},
            {"distance_km": 1.58},
            {"speed_kmh": 2.7},
            {"timestamp": "Sat Apr 08 06:24:42 UTC 2017"}
        ],
        [
            {"location": [[
                {"latitude": 64.235162},
                {"longitude": 27.730018}
            ]]},
            {"altitude": 198.5},
            {"distance_km": 1.59},
            {"speed_kmh": 0},
            {"timestamp": "Sat Apr 08 06:24:57 UTC 2017"}
        ],
        [
            {"location": [[
                {"latitude": 64.235118},
                {"longitude": 27.730203}
            ]]},
            {"altitude": 197},
            {"distance_km": 1.6},
            {"speed_kmh": 2.7},
            {"timestamp": "Sat Apr 08 06:25:11 UTC 2017"}
        ],
        [
            {"location": [[
                {"latitude": 64.235025},
                {"longitude": 27.730445}
            ]]},
            {"altitude": 195.5},
            {"distance_km": 1.61},
            {"speed_kmh": 4.5},
            {"timestamp": "Sat Apr 08 06:25:22 UTC 2017"}
        ],
        [
            {"location": [[
                {"latitude": 64.234965},
                {"longitude": 27.730645}
            ]]},
            {"altitude": 196},
            {"distance_km": 1.63},
            {"speed_kmh": 4.5},
            {"timestamp": "Sat Apr 08 06:25:28 UTC 2017"}
        ],
        [
            {"location": [[
                {"latitude": 64.234895},
                {"longitude": 27.730833}
            ]]},
            {"altitude": 190.5},
            {"distance_km": 1.64},
            {"speed_kmh": 4.5},
            {"timestamp": "Sat Apr 08 06:25:36 UTC 2017"}
        ],
        [
            {"location": [[
                {"latitude": 64.23483},
                {"longitude": 27.730995}
            ]]},
            {"altitude": 193.5},
            {"distance_km": 1.65},
            {"speed_kmh": 4.5},
            {"timestamp": "Sat Apr 08 06:25:42 UTC 2017"}
        ],
        [
            {"location": [[
                {"latitude": 64.234744},
                {"longitude": 27.731175}
            ]]},
            {"altitude": 192},
            {"distance_km": 1.66},
            {"speed_kmh": 4.5},
            {"timestamp": "Sat Apr 08 06:25:50 UTC 2017"}
        ],
        [
            {"location": [[
                {"latitude": 64.234671},
                {"longitude": 27.731336}
            ]]},
            {"altitude": 196.5},
            {"distance_km": 1.67},
            {"speed_kmh": 1.8},
            {"timestamp": "Sat Apr 08 06:26:02 UTC 2017"}
        ],
        [
            {"location": [[
                {"latitude": 64.234578},
                {"longitude": 27.73147}
            ]]},
            {"altitude": 192.5},
            {"distance_km": 1.69},
            {"speed_kmh": 3.6},
            {"timestamp": "Sat Apr 08 06:26:12 UTC 2017"}
        ],
        [
            {"location": [[
                {"latitude": 64.234481},
                {"longitude": 27.731607}
            ]]},
            {"altitude": 192},
            {"distance_km": 1.7},
            {"speed_kmh": 3.6},
            {"timestamp": "Sat Apr 08 06:26:18 UTC 2017"}
        ],
        [
            {"location": [[
                {"latitude": 64.234418},
                {"longitude": 27.731794}
            ]]},
            {"altitude": 192},
            {"distance_km": 1.71},
            {"speed_kmh": 4.5},
            {"timestamp": "Sat Apr 08 06:26:24 UTC 2017"}
        ],
        [
            {"location": [[
                {"latitude": 64.234337},
                {"longitude": 27.731914}
            ]]},
            {"altitude": 195.5},
            {"distance_km": 1.72},
            {"speed_kmh": 4.5},
            {"timestamp": "Sat Apr 08 06:26:30 UTC 2017"}
        ],
        [
            {"location": [[
                {"latitude": 64.234298},
                {"longitude": 27.732111}
            ]]},
            {"altitude": 192.5},
            {"distance_km": 1.73},
            {"speed_kmh": 4.5},
            {"timestamp": "Sat Apr 08 06:26:36 UTC 2017"}
        ],
        [
            {"location": [[
                {"latitude": 64.234204},
                {"longitude": 27.732183}
            ]]},
            {"altitude": 190.5},
            {"distance_km": 1.74},
            {"speed_kmh": 4.5},
            {"timestamp": "Sat Apr 08 06:26:47 UTC 2017"}
        ],
        [
            {"location": [[
                {"latitude": 64.234113},
                {"longitude": 27.732229}
            ]]},
            {"altitude": 191.5},
            {"distance_km": 1.75},
            {"speed_kmh": 0},
            {"timestamp": "Sat Apr 08 06:26:55 UTC 2017"}
        ],
        [
            {"location": [[
                {"latitude": 64.234011},
                {"longitude": 27.732277}
            ]]},
            {"altitude": 189.5},
            {"distance_km": 1.76},
            {"speed_kmh": 4.5},
            {"timestamp": "Sat Apr 08 06:27:05 UTC 2017"}
        ],
        [
            {"location": [[
                {"latitude": 64.233906},
                {"longitude": 27.732363}
            ]]},
            {"altitude": 189.5},
            {"distance_km": 1.78},
            {"speed_kmh": 4.5},
            {"timestamp": "Sat Apr 08 06:27:13 UTC 2017"}
        ],
        [
            {"location": [[
                {"latitude": 64.233823},
                {"longitude": 27.732486}
            ]]},
            {"altitude": 188},
            {"distance_km": 1.79},
            {"speed_kmh": 4.5},
            {"timestamp": "Sat Apr 08 06:27:18 UTC 2017"}
        ],
        [
            {"location": [[
                {"latitude": 64.233743},
                {"longitude": 27.732661}
            ]]},
            {"altitude": 188},
            {"distance_km": 1.8},
            {"speed_kmh": 4.5},
            {"timestamp": "Sat Apr 08 06:27:24 UTC 2017"}
        ],
        [
            {"location": [[
                {"latitude": 64.233656},
                {"longitude": 27.732746}
            ]]},
            {"altitude": 188},
            {"distance_km": 1.81},
            {"speed_kmh": 0},
            {"timestamp": "Sat Apr 08 06:27:32 UTC 2017"}
        ],
        [
            {"location": [[
                {"latitude": 64.233533},
                {"longitude": 27.732795}
            ]]},
            {"altitude": 183.5},
            {"distance_km": 1.82},
            {"speed_kmh": 6.3},
            {"timestamp": "Sat Apr 08 06:27:46 UTC 2017"}
        ],
        [
            {"location": [[
                {"latitude": 64.23343},
                {"longitude": 27.732904}
            ]]},
            {"altitude": 179.5},
            {"distance_km": 1.84},
            {"speed_kmh": 0},
            {"timestamp": "Sat Apr 08 06:27:58 UTC 2017"}
        ],
        [
            {"location": [[
                {"latitude": 64.233344},
                {"longitude": 27.732993}
            ]]},
            {"altitude": 179.5},
            {"distance_km": 1.85},
            {"speed_kmh": 2.7},
            {"timestamp": "Sat Apr 08 06:28:08 UTC 2017"}
        ],
        [
            {"location": [[
                {"latitude": 64.233257},
                {"longitude": 27.733077}
            ]]},
            {"altitude": 180.5},
            {"distance_km": 1.86},
            {"speed_kmh": 3.6},
            {"timestamp": "Sat Apr 08 06:28:16 UTC 2017"}
        ],
        [
            {"location": [[
                {"latitude": 64.233138},
                {"longitude": 27.733197}
            ]]},
            {"altitude": 178.5},
            {"distance_km": 1.87},
            {"speed_kmh": 4.5},
            {"timestamp": "Sat Apr 08 06:28:22 UTC 2017"}
        ],
        [
            {"location": [[
                {"latitude": 64.233027},
                {"longitude": 27.73322}
            ]]},
            {"altitude": 170},
            {"distance_km": 1.88},
            {"speed_kmh": 4.5},
            {"timestamp": "Sat Apr 08 06:28:28 UTC 2017"}
        ],
        [
            {"location": [[
                {"latitude": 64.232923},
                {"longitude": 27.733187}
            ]]},
            {"altitude": 166.5},
            {"distance_km": 1.9},
            {"speed_kmh": 5.4},
            {"timestamp": "Sat Apr 08 06:28:34 UTC 2017"}
        ],
        [
            {"location": [[
                {"latitude": 64.232833},
                {"longitude": 27.733142}
            ]]},
            {"altitude": 165},
            {"distance_km": 1.91},
            {"speed_kmh": 5.4},
            {"timestamp": "Sat Apr 08 06:28:40 UTC 2017"}
        ],
        [
            {"location": [[
                {"latitude": 64.232729},
                {"longitude": 27.733129}
            ]]},
            {"altitude": 163},
            {"distance_km": 1.92},
            {"speed_kmh": 4.5},
            {"timestamp": "Sat Apr 08 06:28:49 UTC 2017"}
        ],
        [
            {"location": [[
                {"latitude": 64.232704},
                {"longitude": 27.732887}
            ]]},
            {"altitude": 163},
            {"distance_km": 1.93},
            {"speed_kmh": 4.5},
            {"timestamp": "Sat Apr 08 06:29:01 UTC 2017"}
        ],
        [
            {"location": [[
                {"latitude": 64.232727},
                {"longitude": 27.732646}
            ]]},
            {"altitude": 162.5},
            {"distance_km": 1.94},
            {"speed_kmh": 4.5},
            {"timestamp": "Sat Apr 08 06:29:11 UTC 2017"}
        ],
        [
            {"location": [[
                {"latitude": 64.232751},
                {"longitude": 27.73243}
            ]]},
            {"altitude": 160},
            {"distance_km": 1.95},
            {"speed_kmh": 4.5},
            {"timestamp": "Sat Apr 08 06:29:20 UTC 2017"}
        ],
        [
            {"location": [[
                {"latitude": 64.232781},
                {"longitude": 27.732173}
            ]]},
            {"altitude": 160.5},
            {"distance_km": 1.97},
            {"speed_kmh": 4.5},
            {"timestamp": "Sat Apr 08 06:29:28 UTC 2017"}
        ],
        [
            {"location": [[
                {"latitude": 64.232795},
                {"longitude": 27.731909}
            ]]},
            {"altitude": 160},
            {"distance_km": 1.98},
            {"speed_kmh": 5.4},
            {"timestamp": "Sat Apr 08 06:29:38 UTC 2017"}
        ],
        [
            {"location": [[
                {"latitude": 64.232822},
                {"longitude": 27.731676}
            ]]},
            {"altitude": 160.5},
            {"distance_km": 1.99},
            {"speed_kmh": 5.4},
            {"timestamp": "Sat Apr 08 06:29:46 UTC 2017"}
        ],
        [
            {"location": [[
                {"latitude": 64.232834},
                {"longitude": 27.731438}
            ]]},
            {"altitude": 160},
            {"distance_km": 2},
            {"speed_kmh": 5.4},
            {"timestamp": "Sat Apr 08 06:29:54 UTC 2017"}
        ],
        [
            {"location": [[
                {"latitude": 64.232728},
                {"longitude": 27.731352}
            ]]},
            {"altitude": 161},
            {"distance_km": 2.01},
            {"speed_kmh": 4.5},
            {"timestamp": "Sat Apr 08 06:30:04 UTC 2017"}
        ],
        [
            {"location": [[
                {"latitude": 64.232631},
                {"longitude": 27.73126}
            ]]},
            {"altitude": 161.5},
            {"distance_km": 2.03},
            {"speed_kmh": 5.4},
            {"timestamp": "Sat Apr 08 06:30:20 UTC 2017"}
        ],
        [
            {"location": [[
                {"latitude": 64.232524},
                {"longitude": 27.731142}
            ]]},
            {"altitude": 162},
            {"distance_km": 2.04},
            {"speed_kmh": 5.4},
            {"timestamp": "Sat Apr 08 06:30:28 UTC 2017"}
        ],
        [
            {"location": [[
                {"latitude": 64.232416},
                {"longitude": 27.73104}
            ]]},
            {"altitude": 163},
            {"distance_km": 2.05},
            {"speed_kmh": 5.4},
            {"timestamp": "Sat Apr 08 06:30:36 UTC 2017"}
        ],
        [
            {"location": [[
                {"latitude": 64.232315},
                {"longitude": 27.730936}
            ]]},
            {"altitude": 160},
            {"distance_km": 2.06},
            {"speed_kmh": 5.4},
            {"timestamp": "Sat Apr 08 06:30:45 UTC 2017"}
        ],
        [
            {"location": [[
                {"latitude": 64.232217},
                {"longitude": 27.730799}
            ]]},
            {"altitude": 159},
            {"distance_km": 2.08},
            {"speed_kmh": 5.4},
            {"timestamp": "Sat Apr 08 06:30:53 UTC 2017"}
        ],
        [
            {"location": [[
                {"latitude": 64.232114},
                {"longitude": 27.73067}
            ]]},
            {"altitude": 158.5},
            {"distance_km": 2.09},
            {"speed_kmh": 5.4},
            {"timestamp": "Sat Apr 08 06:31:01 UTC 2017"}
        ],
        [
            {"location": [[
                {"latitude": 64.232013},
                {"longitude": 27.730546}
            ]]},
            {"altitude": 159.5},
            {"distance_km": 2.1},
            {"speed_kmh": 5.4},
            {"timestamp": "Sat Apr 08 06:31:08 UTC 2017"}
        ],
        [
            {"location": [[
                {"latitude": 64.231927},
                {"longitude": 27.730385}
            ]]},
            {"altitude": 157},
            {"distance_km": 2.11},
            {"speed_kmh": 5.4},
            {"timestamp": "Sat Apr 08 06:31:16 UTC 2017"}
        ],
        [
            {"location": [[
                {"latitude": 64.231843},
                {"longitude": 27.73025}
            ]]},
            {"altitude": 155.5},
            {"distance_km": 2.13},
            {"speed_kmh": 5.4},
            {"timestamp": "Sat Apr 08 06:31:24 UTC 2017"}
        ],
        [
            {"location": [[
                {"latitude": 64.231752},
                {"longitude": 27.730104}
            ]]},
            {"altitude": 155},
            {"distance_km": 2.14},
            {"speed_kmh": 5.4},
            {"timestamp": "Sat Apr 08 06:31:32 UTC 2017"}
        ],
        [
            {"location": [[
                {"latitude": 64.231679},
                {"longitude": 27.729903}
            ]]},
            {"altitude": 155},
            {"distance_km": 2.15},
            {"speed_kmh": 5.4},
            {"timestamp": "Sat Apr 08 06:31:40 UTC 2017"}
        ],
        [
            {"location": [[
                {"latitude": 64.231639},
                {"longitude": 27.72968}
            ]]},
            {"altitude": 154.5},
            {"distance_km": 2.16},
            {"speed_kmh": 5.4},
            {"timestamp": "Sat Apr 08 06:31:48 UTC 2017"}
        ],
        [
            {"location": [[
                {"latitude": 64.231717},
                {"longitude": 27.729525}
            ]]},
            {"altitude": 155},
            {"distance_km": 2.17},
            {"speed_kmh": 3.6},
            {"timestamp": "Sat Apr 08 06:31:58 UTC 2017"}
        ],
        [
            {"location": [[
                {"latitude": 64.231808},
                {"longitude": 27.72954}
            ]]},
            {"altitude": 155},
            {"distance_km": 2.18},
            {"speed_kmh": 1.8},
            {"timestamp": "Sat Apr 08 06:32:16 UTC 2017"}
        ],
        [
            {"location": [[
                {"latitude": 64.231808},
                {"longitude": 27.72954}
            ]]},
            {"distance_km": 2.18},
            {"timestamp": "Sat Apr 08 06:34:16 UTC 2017"}
        ],
        [
            {"location": [[
                {"latitude": 64.231808},
                {"longitude": 27.72954}
            ]]},
            {"distance_km": 2.18},
            {"timestamp": "Sat Apr 08 06:34:16 UTC 2017"}
        ]
    ]}
]