[
    {"sport": "WALKING"},
    {"source": "TRACK_MOBILE"},
    {"created_date": "2017-01-24 07:13:48.0"},
    {"start_time": "2017-01-24 07:12:15.0"},
    {"end_time": "2017-01-24 07:48:35.0"},
    {"duration_s": 2180},
    {"distance_km": 2.65},
    {"calories_kcal": 196.708},
    {"altitude_min_m": 146.5},
    {"altitude_max_m": 196},
    {"speed_avg_kmh": 4.376146788990825},
    {"speed_max_kmh": 40.5},
    {"ascend_m": 42},
    {"descend_m": 76.5},
    {"points": [
        [
            {"location": [[
                {"latitude": 64.231939},
                {"longitude": 27.729954}
            ]]},
            {"distance_km": 0},
            {"timestamp": "Tue Jan 24 07:12:15 UTC 2017"}
        ],
        [
            {"location": [[
                {"latitude": 64.231939},
                {"longitude": 27.729954}
            ]]},
            {"altitude": 192.5},
            {"distance_km": 0},
            {"speed_kmh": 40.5},
            {"timestamp": "Tue Jan 24 07:12:21 UTC 2017"}
        ],
        [
            {"location": [[
                {"latitude": 64.231756},
                {"longitude": 27.729554}
            ]]},
            {"altitude": 163},
            {"distance_km": 0.03},
            {"speed_kmh": 2.7},
            {"timestamp": "Tue Jan 24 07:12:32 UTC 2017"}
        ],
        [
            {"location": [[
                {"latitude": 64.231676},
                {"longitude": 27.7297}
            ]]},
            {"altitude": 148},
            {"distance_km": 0.04},
            {"speed_kmh": 5.4},
            {"timestamp": "Tue Jan 24 07:12:55 UTC 2017"}
        ],
        [
            {"location": [[
                {"latitude": 64.231704},
                {"longitude": 27.729939}
            ]]},
            {"altitude": 148.5},
            {"distance_km": 0.05},
            {"speed_kmh": 4.5},
            {"timestamp": "Tue Jan 24 07:13:07 UTC 2017"}
        ],
        [
            {"location": [[
                {"latitude": 64.23176},
                {"longitude": 27.730112}
            ]]},
            {"altitude": 150.5},
            {"distance_km": 0.06},
            {"speed_kmh": 4.5},
            {"timestamp": "Tue Jan 24 07:13:13 UTC 2017"}
        ],
        [
            {"location": [[
                {"latitude": 64.231839},
                {"longitude": 27.730238}
            ]]},
            {"altitude": 150.5},
            {"distance_km": 0.07},
            {"speed_kmh": 4.5},
            {"timestamp": "Tue Jan 24 07:13:19 UTC 2017"}
        ],
        [
            {"location": [[
                {"latitude": 64.231923},
                {"longitude": 27.730375}
            ]]},
            {"altitude": 151.5},
            {"distance_km": 0.08},
            {"speed_kmh": 4.5},
            {"timestamp": "Tue Jan 24 07:13:27 UTC 2017"}
        ],
        [
            {"location": [[
                {"latitude": 64.232016},
                {"longitude": 27.730478}
            ]]},
            {"altitude": 149.5},
            {"distance_km": 0.1},
            {"speed_kmh": 4.5},
            {"timestamp": "Tue Jan 24 07:13:35 UTC 2017"}
        ],
        [
            {"location": [[
                {"latitude": 64.232105},
                {"longitude": 27.730577}
            ]]},
            {"altitude": 150},
            {"distance_km": 0.11},
            {"speed_kmh": 4.5},
            {"timestamp": "Tue Jan 24 07:13:43 UTC 2017"}
        ],
        [
            {"location": [[
                {"latitude": 64.23219},
                {"longitude": 27.730675}
            ]]},
            {"altitude": 148},
            {"distance_km": 0.12},
            {"speed_kmh": 5.4},
            {"timestamp": "Tue Jan 24 07:13:49 UTC 2017"}
        ],
        [
            {"location": [[
                {"latitude": 64.232282},
                {"longitude": 27.730804}
            ]]},
            {"altitude": 146.5},
            {"distance_km": 0.13},
            {"speed_kmh": 5.4},
            {"timestamp": "Tue Jan 24 07:13:57 UTC 2017"}
        ],
        [
            {"location": [[
                {"latitude": 64.232368},
                {"longitude": 27.730941}
            ]]},
            {"altitude": 147.5},
            {"distance_km": 0.14},
            {"speed_kmh": 2.7},
            {"timestamp": "Tue Jan 24 07:14:09 UTC 2017"}
        ],
        [
            {"location": [[
                {"latitude": 64.232442},
                {"longitude": 27.731103}
            ]]},
            {"altitude": 148},
            {"distance_km": 0.15},
            {"speed_kmh": 5.4},
            {"timestamp": "Tue Jan 24 07:14:18 UTC 2017"}
        ],
        [
            {"location": [[
                {"latitude": 64.232531},
                {"longitude": 27.731212}
            ]]},
            {"altitude": 148.5},
            {"distance_km": 0.16},
            {"speed_kmh": 4.5},
            {"timestamp": "Tue Jan 24 07:14:26 UTC 2017"}
        ],
        [
            {"location": [[
                {"latitude": 64.23263},
                {"longitude": 27.731297}
            ]]},
            {"altitude": 148.5},
            {"distance_km": 0.18},
            {"speed_kmh": 5.4},
            {"timestamp": "Tue Jan 24 07:14:34 UTC 2017"}
        ],
        [
            {"location": [[
                {"latitude": 64.232734},
                {"longitude": 27.731336}
            ]]},
            {"altitude": 149},
            {"distance_km": 0.19},
            {"speed_kmh": 5.4},
            {"timestamp": "Tue Jan 24 07:14:41 UTC 2017"}
        ],
        [
            {"location": [[
                {"latitude": 64.232849},
                {"longitude": 27.731357}
            ]]},
            {"altitude": 149.5},
            {"distance_km": 0.2},
            {"speed_kmh": 5.4},
            {"timestamp": "Tue Jan 24 07:14:49 UTC 2017"}
        ],
        [
            {"location": [[
                {"latitude": 64.232965},
                {"longitude": 27.731354}
            ]]},
            {"altitude": 152},
            {"distance_km": 0.21},
            {"speed_kmh": 5.4},
            {"timestamp": "Tue Jan 24 07:14:57 UTC 2017"}
        ],
        [
            {"location": [[
                {"latitude": 64.233054},
                {"longitude": 27.731486}
            ]]},
            {"altitude": 152.5},
            {"distance_km": 0.22},
            {"speed_kmh": 5.4},
            {"timestamp": "Tue Jan 24 07:15:05 UTC 2017"}
        ],
        [
            {"location": [[
                {"latitude": 64.233149},
                {"longitude": 27.731511}
            ]]},
            {"altitude": 154},
            {"distance_km": 0.24},
            {"speed_kmh": 5.4},
            {"timestamp": "Tue Jan 24 07:15:13 UTC 2017"}
        ],
        [
            {"location": [[
                {"latitude": 64.233247},
                {"longitude": 27.731475}
            ]]},
            {"altitude": 153},
            {"distance_km": 0.25},
            {"speed_kmh": 4.5},
            {"timestamp": "Tue Jan 24 07:15:23 UTC 2017"}
        ],
        [
            {"location": [[
                {"latitude": 64.233341},
                {"longitude": 27.731411}
            ]]},
            {"altitude": 154.5},
            {"distance_km": 0.26},
            {"speed_kmh": 3.6},
            {"timestamp": "Tue Jan 24 07:15:33 UTC 2017"}
        ],
        [
            {"location": [[
                {"latitude": 64.233423},
                {"longitude": 27.731531}
            ]]},
            {"altitude": 155},
            {"distance_km": 0.27},
            {"speed_kmh": 4.5},
            {"timestamp": "Tue Jan 24 07:15:39 UTC 2017"}
        ],
        [
            {"location": [[
                {"latitude": 64.233513},
                {"longitude": 27.731562}
            ]]},
            {"altitude": 157},
            {"distance_km": 0.28},
            {"speed_kmh": 3.6},
            {"timestamp": "Tue Jan 24 07:15:47 UTC 2017"}
        ],
        [
            {"location": [[
                {"latitude": 64.233606},
                {"longitude": 27.731471}
            ]]},
            {"altitude": 156},
            {"distance_km": 0.29},
            {"speed_kmh": 3.6},
            {"timestamp": "Tue Jan 24 07:15:55 UTC 2017"}
        ],
        [
            {"location": [[
                {"latitude": 64.233694},
                {"longitude": 27.731418}
            ]]},
            {"altitude": 158},
            {"distance_km": 0.3},
            {"speed_kmh": 3.6},
            {"timestamp": "Tue Jan 24 07:16:04 UTC 2017"}
        ],
        [
            {"location": [[
                {"latitude": 64.233794},
                {"longitude": 27.731305}
            ]]},
            {"altitude": 159.5},
            {"distance_km": 0.31},
            {"speed_kmh": 3.6},
            {"timestamp": "Tue Jan 24 07:16:14 UTC 2017"}
        ],
        [
            {"location": [[
                {"latitude": 64.23385},
                {"longitude": 27.731142}
            ]]},
            {"altitude": 163},
            {"distance_km": 0.32},
            {"speed_kmh": 0},
            {"timestamp": "Tue Jan 24 07:16:37 UTC 2017"}
        ],
        [
            {"location": [[
                {"latitude": 64.233951},
                {"longitude": 27.731056}
            ]]},
            {"altitude": 165},
            {"distance_km": 0.33},
            {"speed_kmh": 2.7},
            {"timestamp": "Tue Jan 24 07:16:55 UTC 2017"}
        ],
        [
            {"location": [[
                {"latitude": 64.234055},
                {"longitude": 27.730962}
            ]]},
            {"altitude": 169},
            {"distance_km": 0.35},
            {"speed_kmh": 3.6},
            {"timestamp": "Tue Jan 24 07:17:05 UTC 2017"}
        ],
        [
            {"location": [[
                {"latitude": 64.234119},
                {"longitude": 27.730778}
            ]]},
            {"altitude": 168.5},
            {"distance_km": 0.36},
            {"speed_kmh": 3.6},
            {"timestamp": "Tue Jan 24 07:17:15 UTC 2017"}
        ],
        [
            {"location": [[
                {"latitude": 64.23414},
                {"longitude": 27.730564}
            ]]},
            {"altitude": 169.5},
            {"distance_km": 0.37},
            {"speed_kmh": 3.6},
            {"timestamp": "Tue Jan 24 07:17:23 UTC 2017"}
        ],
        [
            {"location": [[
                {"latitude": 64.234198},
                {"longitude": 27.730352}
            ]]},
            {"altitude": 169},
            {"distance_km": 0.38},
            {"speed_kmh": 3.6},
            {"timestamp": "Tue Jan 24 07:17:33 UTC 2017"}
        ],
        [
            {"location": [[
                {"latitude": 64.234269},
                {"longitude": 27.730191}
            ]]},
            {"altitude": 168.5},
            {"distance_km": 0.39},
            {"speed_kmh": 4.5},
            {"timestamp": "Tue Jan 24 07:17:41 UTC 2017"}
        ],
        [
            {"location": [[
                {"latitude": 64.234355},
                {"longitude": 27.730024}
            ]]},
            {"altitude": 173.5},
            {"distance_km": 0.4},
            {"speed_kmh": 2.7},
            {"timestamp": "Tue Jan 24 07:17:53 UTC 2017"}
        ],
        [
            {"location": [[
                {"latitude": 64.234397},
                {"longitude": 27.729823}
            ]]},
            {"altitude": 175.5},
            {"distance_km": 0.41},
            {"speed_kmh": 2.7},
            {"timestamp": "Tue Jan 24 07:18:04 UTC 2017"}
        ],
        [
            {"location": [[
                {"latitude": 64.234474},
                {"longitude": 27.729677}
            ]]},
            {"altitude": 178},
            {"distance_km": 0.43},
            {"speed_kmh": 2.7},
            {"timestamp": "Tue Jan 24 07:18:18 UTC 2017"}
        ],
        [
            {"location": [[
                {"latitude": 64.234557},
                {"longitude": 27.729531}
            ]]},
            {"altitude": 176.5},
            {"distance_km": 0.44},
            {"speed_kmh": 2.7},
            {"timestamp": "Tue Jan 24 07:18:30 UTC 2017"}
        ],
        [
            {"location": [[
                {"latitude": 64.23465},
                {"longitude": 27.729438}
            ]]},
            {"altitude": 174.5},
            {"distance_km": 0.45},
            {"speed_kmh": 2.7},
            {"timestamp": "Tue Jan 24 07:18:41 UTC 2017"}
        ],
        [
            {"location": [[
                {"latitude": 64.234706},
                {"longitude": 27.729261}
            ]]},
            {"altitude": 178.5},
            {"distance_km": 0.46},
            {"speed_kmh": 3.6},
            {"timestamp": "Tue Jan 24 07:18:55 UTC 2017"}
        ],
        [
            {"location": [[
                {"latitude": 64.234785},
                {"longitude": 27.729121}
            ]]},
            {"altitude": 180},
            {"distance_km": 0.47},
            {"speed_kmh": 1.8},
            {"timestamp": "Tue Jan 24 07:19:11 UTC 2017"}
        ],
        [
            {"location": [[
                {"latitude": 64.234885},
                {"longitude": 27.729065}
            ]]},
            {"altitude": 181},
            {"distance_km": 0.48},
            {"speed_kmh": 2.7},
            {"timestamp": "Tue Jan 24 07:19:23 UTC 2017"}
        ],
        [
            {"location": [[
                {"latitude": 64.234947},
                {"longitude": 27.728886}
            ]]},
            {"altitude": 181},
            {"distance_km": 0.49},
            {"speed_kmh": 3.6},
            {"timestamp": "Tue Jan 24 07:19:33 UTC 2017"}
        ],
        [
            {"location": [[
                {"latitude": 64.235031},
                {"longitude": 27.728784}
            ]]},
            {"altitude": 183.5},
            {"distance_km": 0.5},
            {"speed_kmh": 3.6},
            {"timestamp": "Tue Jan 24 07:19:43 UTC 2017"}
        ],
        [
            {"location": [[
                {"latitude": 64.235129},
                {"longitude": 27.728809}
            ]]},
            {"altitude": 186},
            {"distance_km": 0.51},
            {"speed_kmh": 3.6},
            {"timestamp": "Tue Jan 24 07:19:51 UTC 2017"}
        ],
        [
            {"location": [[
                {"latitude": 64.235213},
                {"longitude": 27.728914}
            ]]},
            {"altitude": 187},
            {"distance_km": 0.53},
            {"speed_kmh": 3.6},
            {"timestamp": "Tue Jan 24 07:19:59 UTC 2017"}
        ],
        [
            {"location": [[
                {"latitude": 64.235311},
                {"longitude": 27.728949}
            ]]},
            {"altitude": 189},
            {"distance_km": 0.54},
            {"speed_kmh": 3.6},
            {"timestamp": "Tue Jan 24 07:20:09 UTC 2017"}
        ],
        [
            {"location": [[
                {"latitude": 64.235405},
                {"longitude": 27.729043}
            ]]},
            {"altitude": 188.5},
            {"distance_km": 0.55},
            {"speed_kmh": 3.6},
            {"timestamp": "Tue Jan 24 07:20:20 UTC 2017"}
        ],
        [
            {"location": [[
                {"latitude": 64.235506},
                {"longitude": 27.729052}
            ]]},
            {"altitude": 187},
            {"distance_km": 0.56},
            {"speed_kmh": 3.6},
            {"timestamp": "Tue Jan 24 07:20:30 UTC 2017"}
        ],
        [
            {"location": [[
                {"latitude": 64.2356},
                {"longitude": 27.728991}
            ]]},
            {"altitude": 186.5},
            {"distance_km": 0.57},
            {"speed_kmh": 3.6},
            {"timestamp": "Tue Jan 24 07:20:40 UTC 2017"}
        ],
        [
            {"location": [[
                {"latitude": 64.235692},
                {"longitude": 27.728953}
            ]]},
            {"altitude": 189},
            {"distance_km": 0.58},
            {"speed_kmh": 3.6},
            {"timestamp": "Tue Jan 24 07:20:49 UTC 2017"}
        ],
        [
            {"location": [[
                {"latitude": 64.235791},
                {"longitude": 27.728927}
            ]]},
            {"altitude": 186.5},
            {"distance_km": 0.59},
            {"speed_kmh": 3.6},
            {"timestamp": "Tue Jan 24 07:20:59 UTC 2017"}
        ],
        [
            {"location": [[
                {"latitude": 64.235882},
                {"longitude": 27.728813}
            ]]},
            {"altitude": 187},
            {"distance_km": 0.6},
            {"speed_kmh": 3.6},
            {"timestamp": "Tue Jan 24 07:21:09 UTC 2017"}
        ],
        [
            {"location": [[
                {"latitude": 64.235971},
                {"longitude": 27.728758}
            ]]},
            {"altitude": 185},
            {"distance_km": 0.61},
            {"speed_kmh": 4.5},
            {"timestamp": "Tue Jan 24 07:21:17 UTC 2017"}
        ],
        [
            {"location": [[
                {"latitude": 64.236056},
                {"longitude": 27.728654}
            ]]},
            {"altitude": 183},
            {"distance_km": 0.62},
            {"speed_kmh": 3.6},
            {"timestamp": "Tue Jan 24 07:21:33 UTC 2017"}
        ],
        [
            {"location": [[
                {"latitude": 64.236168},
                {"longitude": 27.728566}
            ]]},
            {"altitude": 180.5},
            {"distance_km": 0.64},
            {"speed_kmh": 3.6},
            {"timestamp": "Tue Jan 24 07:21:41 UTC 2017"}
        ],
        [
            {"location": [[
                {"latitude": 64.236263},
                {"longitude": 27.728513}
            ]]},
            {"altitude": 182},
            {"distance_km": 0.65},
            {"speed_kmh": 3.6},
            {"timestamp": "Tue Jan 24 07:21:47 UTC 2017"}
        ],
        [
            {"location": [[
                {"latitude": 64.236371},
                {"longitude": 27.728424}
            ]]},
            {"altitude": 181.5},
            {"distance_km": 0.66},
            {"speed_kmh": 3.6},
            {"timestamp": "Tue Jan 24 07:21:55 UTC 2017"}
        ],
        [
            {"location": [[
                {"latitude": 64.236472},
                {"longitude": 27.728334}
            ]]},
            {"altitude": 182.5},
            {"distance_km": 0.67},
            {"speed_kmh": 4.5},
            {"timestamp": "Tue Jan 24 07:22:03 UTC 2017"}
        ],
        [
            {"location": [[
                {"latitude": 64.236572},
                {"longitude": 27.728319}
            ]]},
            {"altitude": 182.5},
            {"distance_km": 0.68},
            {"speed_kmh": 4.5},
            {"timestamp": "Tue Jan 24 07:22:11 UTC 2017"}
        ],
        [
            {"location": [[
                {"latitude": 64.236685},
                {"longitude": 27.728358}
            ]]},
            {"altitude": 184.5},
            {"distance_km": 0.7},
            {"speed_kmh": 4.5},
            {"timestamp": "Tue Jan 24 07:22:19 UTC 2017"}
        ],
        [
            {"location": [[
                {"latitude": 64.236776},
                {"longitude": 27.728376}
            ]]},
            {"altitude": 187.5},
            {"distance_km": 0.71},
            {"speed_kmh": 4.5},
            {"timestamp": "Tue Jan 24 07:22:26 UTC 2017"}
        ],
        [
            {"location": [[
                {"latitude": 64.236861},
                {"longitude": 27.728491}
            ]]},
            {"altitude": 186},
            {"distance_km": 0.72},
            {"speed_kmh": 4.5},
            {"timestamp": "Tue Jan 24 07:22:34 UTC 2017"}
        ],
        [
            {"location": [[
                {"latitude": 64.236945},
                {"longitude": 27.728624}
            ]]},
            {"altitude": 185.5},
            {"distance_km": 0.73},
            {"speed_kmh": 0},
            {"timestamp": "Tue Jan 24 07:22:44 UTC 2017"}
        ],
        [
            {"location": [[
                {"latitude": 64.237026},
                {"longitude": 27.728725}
            ]]},
            {"altitude": 184.5},
            {"distance_km": 0.74},
            {"speed_kmh": 4.5},
            {"timestamp": "Tue Jan 24 07:22:53 UTC 2017"}
        ],
        [
            {"location": [[
                {"latitude": 64.237105},
                {"longitude": 27.728889}
            ]]},
            {"altitude": 181},
            {"distance_km": 0.75},
            {"speed_kmh": 3.6},
            {"timestamp": "Tue Jan 24 07:23:03 UTC 2017"}
        ],
        [
            {"location": [[
                {"latitude": 64.237204},
                {"longitude": 27.728922}
            ]]},
            {"altitude": 184},
            {"distance_km": 0.76},
            {"speed_kmh": 2.7},
            {"timestamp": "Tue Jan 24 07:23:17 UTC 2017"}
        ],
        [
            {"location": [[
                {"latitude": 64.237308},
                {"longitude": 27.728946}
            ]]},
            {"altitude": 184},
            {"distance_km": 0.77},
            {"speed_kmh": 3.6},
            {"timestamp": "Tue Jan 24 07:23:33 UTC 2017"}
        ],
        [
            {"location": [[
                {"latitude": 64.237402},
                {"longitude": 27.72891}
            ]]},
            {"altitude": 181.5},
            {"distance_km": 0.78},
            {"speed_kmh": 3.6},
            {"timestamp": "Tue Jan 24 07:23:41 UTC 2017"}
        ],
        [
            {"location": [[
                {"latitude": 64.237498},
                {"longitude": 27.72884}
            ]]},
            {"altitude": 182},
            {"distance_km": 0.8},
            {"speed_kmh": 3.6},
            {"timestamp": "Tue Jan 24 07:23:51 UTC 2017"}
        ],
        [
            {"location": [[
                {"latitude": 64.237609},
                {"longitude": 27.728823}
            ]]},
            {"altitude": 183},
            {"distance_km": 0.81},
            {"speed_kmh": 3.6},
            {"timestamp": "Tue Jan 24 07:23:59 UTC 2017"}
        ],
        [
            {"location": [[
                {"latitude": 64.237686},
                {"longitude": 27.728957}
            ]]},
            {"altitude": 182.5},
            {"distance_km": 0.82},
            {"speed_kmh": 1.8},
            {"timestamp": "Tue Jan 24 07:24:30 UTC 2017"}
        ],
        [
            {"location": [[
                {"latitude": 64.237783},
                {"longitude": 27.728949}
            ]]},
            {"altitude": 180.5},
            {"distance_km": 0.83},
            {"speed_kmh": 5.4},
            {"timestamp": "Tue Jan 24 07:25:05 UTC 2017"}
        ],
        [
            {"location": [[
                {"latitude": 64.237892},
                {"longitude": 27.728833}
            ]]},
            {"altitude": 183},
            {"distance_km": 0.84},
            {"speed_kmh": 5.4},
            {"timestamp": "Tue Jan 24 07:25:13 UTC 2017"}
        ],
        [
            {"location": [[
                {"latitude": 64.237978},
                {"longitude": 27.72865}
            ]]},
            {"altitude": 181.5},
            {"distance_km": 0.86},
            {"speed_kmh": 5.4},
            {"timestamp": "Tue Jan 24 07:25:21 UTC 2017"}
        ],
        [
            {"location": [[
                {"latitude": 64.23807},
                {"longitude": 27.72846}
            ]]},
            {"altitude": 178.5},
            {"distance_km": 0.87},
            {"speed_kmh": 4.5},
            {"timestamp": "Tue Jan 24 07:25:29 UTC 2017"}
        ],
        [
            {"location": [[
                {"latitude": 64.238162},
                {"longitude": 27.72848}
            ]]},
            {"altitude": 176.5},
            {"distance_km": 0.88},
            {"speed_kmh": 4.5},
            {"timestamp": "Tue Jan 24 07:25:37 UTC 2017"}
        ],
        [
            {"location": [[
                {"latitude": 64.238253},
                {"longitude": 27.728559}
            ]]},
            {"altitude": 174},
            {"distance_km": 0.89},
            {"speed_kmh": 4.5},
            {"timestamp": "Tue Jan 24 07:25:45 UTC 2017"}
        ],
        [
            {"location": [[
                {"latitude": 64.238359},
                {"longitude": 27.728598}
            ]]},
            {"altitude": 174.5},
            {"distance_km": 0.9},
            {"speed_kmh": 6.3},
            {"timestamp": "Tue Jan 24 07:25:53 UTC 2017"}
        ],
        [
            {"location": [[
                {"latitude": 64.238474},
                {"longitude": 27.72868}
            ]]},
            {"altitude": 172},
            {"distance_km": 0.92},
            {"speed_kmh": 5.4},
            {"timestamp": "Tue Jan 24 07:26:01 UTC 2017"}
        ],
        [
            {"location": [[
                {"latitude": 64.238599},
                {"longitude": 27.72868}
            ]]},
            {"altitude": 173.5},
            {"distance_km": 0.93},
            {"speed_kmh": 5.4},
            {"timestamp": "Tue Jan 24 07:26:09 UTC 2017"}
        ],
        [
            {"location": [[
                {"latitude": 64.23871},
                {"longitude": 27.72869}
            ]]},
            {"altitude": 175.5},
            {"distance_km": 0.94},
            {"speed_kmh": 5.4},
            {"timestamp": "Tue Jan 24 07:26:16 UTC 2017"}
        ],
        [
            {"location": [[
                {"latitude": 64.23881},
                {"longitude": 27.728685}
            ]]},
            {"altitude": 175.5},
            {"distance_km": 0.95},
            {"speed_kmh": 5.4},
            {"timestamp": "Tue Jan 24 07:26:22 UTC 2017"}
        ],
        [
            {"location": [[
                {"latitude": 64.238905},
                {"longitude": 27.728659}
            ]]},
            {"altitude": 175.5},
            {"distance_km": 0.96},
            {"speed_kmh": 5.4},
            {"timestamp": "Tue Jan 24 07:26:28 UTC 2017"}
        ],
        [
            {"location": [[
                {"latitude": 64.239008},
                {"longitude": 27.728649}
            ]]},
            {"altitude": 178},
            {"distance_km": 0.98},
            {"speed_kmh": 5.4},
            {"timestamp": "Tue Jan 24 07:26:35 UTC 2017"}
        ],
        [
            {"location": [[
                {"latitude": 64.239097},
                {"longitude": 27.728675}
            ]]},
            {"altitude": 179},
            {"distance_km": 0.99},
            {"speed_kmh": 5.4},
            {"timestamp": "Tue Jan 24 07:26:41 UTC 2017"}
        ],
        [
            {"location": [[
                {"latitude": 64.239203},
                {"longitude": 27.72871}
            ]]},
            {"altitude": 181},
            {"distance_km": 1},
            {"speed_kmh": 5.4},
            {"timestamp": "Tue Jan 24 07:26:49 UTC 2017"}
        ],
        [
            {"location": [[
                {"latitude": 64.239307},
                {"longitude": 27.728784}
            ]]},
            {"altitude": 181.5},
            {"distance_km": 1.01},
            {"speed_kmh": 5.4},
            {"timestamp": "Tue Jan 24 07:26:57 UTC 2017"}
        ],
        [
            {"location": [[
                {"latitude": 64.239402},
                {"longitude": 27.728803}
            ]]},
            {"altitude": 181.5},
            {"distance_km": 1.02},
            {"speed_kmh": 5.4},
            {"timestamp": "Tue Jan 24 07:27:03 UTC 2017"}
        ],
        [
            {"location": [[
                {"latitude": 64.239498},
                {"longitude": 27.728823}
            ]]},
            {"altitude": 180},
            {"distance_km": 1.03},
            {"speed_kmh": 5.4},
            {"timestamp": "Tue Jan 24 07:27:09 UTC 2017"}
        ],
        [
            {"location": [[
                {"latitude": 64.239627},
                {"longitude": 27.728796}
            ]]},
            {"altitude": 177},
            {"distance_km": 1.05},
            {"speed_kmh": 5.4},
            {"timestamp": "Tue Jan 24 07:27:17 UTC 2017"}
        ],
        [
            {"location": [[
                {"latitude": 64.239718},
                {"longitude": 27.728894}
            ]]},
            {"altitude": 178},
            {"distance_km": 1.06},
            {"speed_kmh": 5.4},
            {"timestamp": "Tue Jan 24 07:27:25 UTC 2017"}
        ],
        [
            {"location": [[
                {"latitude": 64.239822},
                {"longitude": 27.728929}
            ]]},
            {"altitude": 175.5},
            {"distance_km": 1.07},
            {"speed_kmh": 5.4},
            {"timestamp": "Tue Jan 24 07:27:33 UTC 2017"}
        ],
        [
            {"location": [[
                {"latitude": 64.239909},
                {"longitude": 27.729058}
            ]]},
            {"altitude": 175},
            {"distance_km": 1.08},
            {"speed_kmh": 5.4},
            {"timestamp": "Tue Jan 24 07:27:41 UTC 2017"}
        ],
        [
            {"location": [[
                {"latitude": 64.240007},
                {"longitude": 27.729211}
            ]]},
            {"altitude": 176.5},
            {"distance_km": 1.09},
            {"speed_kmh": 5.4},
            {"timestamp": "Tue Jan 24 07:27:49 UTC 2017"}
        ],
        [
            {"location": [[
                {"latitude": 64.240091},
                {"longitude": 27.729385}
            ]]},
            {"altitude": 180.5},
            {"distance_km": 1.11},
            {"speed_kmh": 4.5},
            {"timestamp": "Tue Jan 24 07:27:58 UTC 2017"}
        ],
        [
            {"location": [[
                {"latitude": 64.240176},
                {"longitude": 27.729559}
            ]]},
            {"altitude": 184.5},
            {"distance_km": 1.12},
            {"speed_kmh": 4.5},
            {"timestamp": "Tue Jan 24 07:28:06 UTC 2017"}
        ],
        [
            {"location": [[
                {"latitude": 64.240251},
                {"longitude": 27.729739}
            ]]},
            {"altitude": 186.5},
            {"distance_km": 1.13},
            {"speed_kmh": 4.5},
            {"timestamp": "Tue Jan 24 07:28:14 UTC 2017"}
        ],
        [
            {"location": [[
                {"latitude": 64.240301},
                {"longitude": 27.729927}
            ]]},
            {"altitude": 185},
            {"distance_km": 1.14},
            {"speed_kmh": 4.5},
            {"timestamp": "Tue Jan 24 07:28:22 UTC 2017"}
        ],
        [
            {"location": [[
                {"latitude": 64.240344},
                {"longitude": 27.730144}
            ]]},
            {"altitude": 184.5},
            {"distance_km": 1.15},
            {"speed_kmh": 3.6},
            {"timestamp": "Tue Jan 24 07:28:43 UTC 2017"}
        ],
        [
            {"location": [[
                {"latitude": 64.240391},
                {"longitude": 27.730329}
            ]]},
            {"altitude": 182.5},
            {"distance_km": 1.16},
            {"speed_kmh": 3.6},
            {"timestamp": "Tue Jan 24 07:28:51 UTC 2017"}
        ],
        [
            {"location": [[
                {"latitude": 64.240481},
                {"longitude": 27.73045}
            ]]},
            {"altitude": 181},
            {"distance_km": 1.17},
            {"speed_kmh": 4.5},
            {"timestamp": "Tue Jan 24 07:28:59 UTC 2017"}
        ],
        [
            {"location": [[
                {"latitude": 64.240587},
                {"longitude": 27.730549}
            ]]},
            {"altitude": 179.5},
            {"distance_km": 1.19},
            {"speed_kmh": 4.5},
            {"timestamp": "Tue Jan 24 07:29:07 UTC 2017"}
        ],
        [
            {"location": [[
                {"latitude": 64.240683},
                {"longitude": 27.730654}
            ]]},
            {"altitude": 182},
            {"distance_km": 1.2},
            {"speed_kmh": 3.6},
            {"timestamp": "Tue Jan 24 07:29:15 UTC 2017"}
        ],
        [
            {"location": [[
                {"latitude": 64.240726},
                {"longitude": 27.730873}
            ]]},
            {"altitude": 182},
            {"distance_km": 1.21},
            {"speed_kmh": 4.5},
            {"timestamp": "Tue Jan 24 07:29:27 UTC 2017"}
        ],
        [
            {"location": [[
                {"latitude": 64.240804},
                {"longitude": 27.73108}
            ]]},
            {"altitude": 183.5},
            {"distance_km": 1.22},
            {"speed_kmh": 4.5},
            {"timestamp": "Tue Jan 24 07:29:35 UTC 2017"}
        ],
        [
            {"location": [[
                {"latitude": 64.2409},
                {"longitude": 27.73124}
            ]]},
            {"altitude": 184},
            {"distance_km": 1.24},
            {"speed_kmh": 4.5},
            {"timestamp": "Tue Jan 24 07:29:43 UTC 2017"}
        ],
        [
            {"location": [[
                {"latitude": 64.24099},
                {"longitude": 27.731381}
            ]]},
            {"altitude": 184},
            {"distance_km": 1.25},
            {"speed_kmh": 4.5},
            {"timestamp": "Tue Jan 24 07:29:52 UTC 2017"}
        ],
        [
            {"location": [[
                {"latitude": 64.241069},
                {"longitude": 27.731543}
            ]]},
            {"altitude": 181},
            {"distance_km": 1.26},
            {"speed_kmh": 4.5},
            {"timestamp": "Tue Jan 24 07:30:00 UTC 2017"}
        ],
        [
            {"location": [[
                {"latitude": 64.241145},
                {"longitude": 27.731683}
            ]]},
            {"altitude": 178},
            {"distance_km": 1.27},
            {"speed_kmh": 4.5},
            {"timestamp": "Tue Jan 24 07:30:08 UTC 2017"}
        ],
        [
            {"location": [[
                {"latitude": 64.241218},
                {"longitude": 27.731827}
            ]]},
            {"altitude": 179},
            {"distance_km": 1.28},
            {"speed_kmh": 4.5},
            {"timestamp": "Tue Jan 24 07:30:15 UTC 2017"}
        ],
        [
            {"location": [[
                {"latitude": 64.241269},
                {"longitude": 27.732047}
            ]]},
            {"altitude": 181.5},
            {"distance_km": 1.29},
            {"speed_kmh": 4.5},
            {"timestamp": "Tue Jan 24 07:30:23 UTC 2017"}
        ],
        [
            {"location": [[
                {"latitude": 64.241267},
                {"longitude": 27.732278}
            ]]},
            {"altitude": 179},
            {"distance_km": 1.31},
            {"speed_kmh": 2.7},
            {"timestamp": "Tue Jan 24 07:30:35 UTC 2017"}
        ],
        [
            {"location": [[
                {"latitude": 64.241195},
                {"longitude": 27.732418}
            ]]},
            {"altitude": 186},
            {"distance_km": 1.32},
            {"speed_kmh": 3.6},
            {"timestamp": "Tue Jan 24 07:30:47 UTC 2017"}
        ],
        [
            {"location": [[
                {"latitude": 64.241077},
                {"longitude": 27.732515}
            ]]},
            {"altitude": 187.5},
            {"distance_km": 1.33},
            {"speed_kmh": 3.6},
            {"timestamp": "Tue Jan 24 07:30:59 UTC 2017"}
        ],
        [
            {"location": [[
                {"latitude": 64.240973},
                {"longitude": 27.732571}
            ]]},
            {"altitude": 189},
            {"distance_km": 1.34},
            {"speed_kmh": 3.6},
            {"timestamp": "Tue Jan 24 07:31:07 UTC 2017"}
        ],
        [
            {"location": [[
                {"latitude": 64.240865},
                {"longitude": 27.73261}
            ]]},
            {"altitude": 190},
            {"distance_km": 1.35},
            {"speed_kmh": 4.5},
            {"timestamp": "Tue Jan 24 07:31:15 UTC 2017"}
        ],
        [
            {"location": [[
                {"latitude": 64.240772},
                {"longitude": 27.73266}
            ]]},
            {"altitude": 192},
            {"distance_km": 1.36},
            {"speed_kmh": 4.5},
            {"timestamp": "Tue Jan 24 07:31:21 UTC 2017"}
        ],
        [
            {"location": [[
                {"latitude": 64.24068},
                {"longitude": 27.732753}
            ]]},
            {"altitude": 193},
            {"distance_km": 1.38},
            {"speed_kmh": 5.4},
            {"timestamp": "Tue Jan 24 07:31:31 UTC 2017"}
        ],
        [
            {"location": [[
                {"latitude": 64.240571},
                {"longitude": 27.732811}
            ]]},
            {"altitude": 193.5},
            {"distance_km": 1.39},
            {"speed_kmh": 5.4},
            {"timestamp": "Tue Jan 24 07:31:40 UTC 2017"}
        ],
        [
            {"location": [[
                {"latitude": 64.240464},
                {"longitude": 27.732775}
            ]]},
            {"altitude": 193.5},
            {"distance_km": 1.4},
            {"speed_kmh": 5.4},
            {"timestamp": "Tue Jan 24 07:31:48 UTC 2017"}
        ],
        [
            {"location": [[
                {"latitude": 64.240371},
                {"longitude": 27.732747}
            ]]},
            {"altitude": 194.5},
            {"distance_km": 1.41},
            {"speed_kmh": 5.4},
            {"timestamp": "Tue Jan 24 07:31:54 UTC 2017"}
        ],
        [
            {"location": [[
                {"latitude": 64.240247},
                {"longitude": 27.732796}
            ]]},
            {"altitude": 194.5},
            {"distance_km": 1.43},
            {"speed_kmh": 5.4},
            {"timestamp": "Tue Jan 24 07:32:03 UTC 2017"}
        ],
        [
            {"location": [[
                {"latitude": 64.240135},
                {"longitude": 27.732832}
            ]]},
            {"altitude": 196},
            {"distance_km": 1.44},
            {"speed_kmh": 4.5},
            {"timestamp": "Tue Jan 24 07:32:11 UTC 2017"}
        ],
        [
            {"location": [[
                {"latitude": 64.240022},
                {"longitude": 27.73292}
            ]]},
            {"altitude": 194.5},
            {"distance_km": 1.45},
            {"speed_kmh": 4.5},
            {"timestamp": "Tue Jan 24 07:32:19 UTC 2017"}
        ],
        [
            {"location": [[
                {"latitude": 64.239921},
                {"longitude": 27.733003}
            ]]},
            {"altitude": 194.5},
            {"distance_km": 1.46},
            {"speed_kmh": 4.5},
            {"timestamp": "Tue Jan 24 07:32:27 UTC 2017"}
        ],
        [
            {"location": [[
                {"latitude": 64.239816},
                {"longitude": 27.73307}
            ]]},
            {"altitude": 194},
            {"distance_km": 1.48},
            {"speed_kmh": 5.4},
            {"timestamp": "Tue Jan 24 07:32:35 UTC 2017"}
        ],
        [
            {"location": [[
                {"latitude": 64.239688},
                {"longitude": 27.733117}
            ]]},
            {"altitude": 193},
            {"distance_km": 1.49},
            {"speed_kmh": 5.4},
            {"timestamp": "Tue Jan 24 07:32:43 UTC 2017"}
        ],
        [
            {"location": [[
                {"latitude": 64.239577},
                {"longitude": 27.733042}
            ]]},
            {"altitude": 193.5},
            {"distance_km": 1.5},
            {"speed_kmh": 5.4},
            {"timestamp": "Tue Jan 24 07:32:51 UTC 2017"}
        ],
        [
            {"location": [[
                {"latitude": 64.239466},
                {"longitude": 27.733023}
            ]]},
            {"altitude": 193},
            {"distance_km": 1.51},
            {"speed_kmh": 5.4},
            {"timestamp": "Tue Jan 24 07:32:59 UTC 2017"}
        ],
        [
            {"location": [[
                {"latitude": 64.239352},
                {"longitude": 27.732967}
            ]]},
            {"altitude": 193},
            {"distance_km": 1.53},
            {"speed_kmh": 5.4},
            {"timestamp": "Tue Jan 24 07:33:07 UTC 2017"}
        ],
        [
            {"location": [[
                {"latitude": 64.239252},
                {"longitude": 27.732907}
            ]]},
            {"altitude": 191.5},
            {"distance_km": 1.54},
            {"speed_kmh": 4.5},
            {"timestamp": "Tue Jan 24 07:33:15 UTC 2017"}
        ],
        [
            {"location": [[
                {"latitude": 64.239146},
                {"longitude": 27.732868}
            ]]},
            {"altitude": 192},
            {"distance_km": 1.55},
            {"speed_kmh": 4.5},
            {"timestamp": "Tue Jan 24 07:33:23 UTC 2017"}
        ],
        [
            {"location": [[
                {"latitude": 64.239047},
                {"longitude": 27.732799}
            ]]},
            {"altitude": 193},
            {"distance_km": 1.56},
            {"speed_kmh": 4.5},
            {"timestamp": "Tue Jan 24 07:33:32 UTC 2017"}
        ],
        [
            {"location": [[
                {"latitude": 64.238957},
                {"longitude": 27.732754}
            ]]},
            {"altitude": 193.5},
            {"distance_km": 1.57},
            {"speed_kmh": 3.6},
            {"timestamp": "Tue Jan 24 07:33:40 UTC 2017"}
        ],
        [
            {"location": [[
                {"latitude": 64.238859},
                {"longitude": 27.732847}
            ]]},
            {"altitude": 191.5},
            {"distance_km": 1.58},
            {"speed_kmh": 3.6},
            {"timestamp": "Tue Jan 24 07:33:48 UTC 2017"}
        ],
        [
            {"location": [[
                {"latitude": 64.238756},
                {"longitude": 27.732922}
            ]]},
            {"altitude": 190},
            {"distance_km": 1.6},
            {"speed_kmh": 3.6},
            {"timestamp": "Tue Jan 24 07:33:57 UTC 2017"}
        ],
        [
            {"location": [[
                {"latitude": 64.23867},
                {"longitude": 27.733093}
            ]]},
            {"altitude": 189},
            {"distance_km": 1.61},
            {"speed_kmh": 4.5},
            {"timestamp": "Tue Jan 24 07:34:05 UTC 2017"}
        ],
        [
            {"location": [[
                {"latitude": 64.238614},
                {"longitude": 27.733267}
            ]]},
            {"altitude": 190.5},
            {"distance_km": 1.62},
            {"speed_kmh": 4.5},
            {"timestamp": "Tue Jan 24 07:34:13 UTC 2017"}
        ],
        [
            {"location": [[
                {"latitude": 64.238521},
                {"longitude": 27.733356}
            ]]},
            {"altitude": 189.5},
            {"distance_km": 1.63},
            {"speed_kmh": 4.5},
            {"timestamp": "Tue Jan 24 07:34:21 UTC 2017"}
        ],
        [
            {"location": [[
                {"latitude": 64.238394},
                {"longitude": 27.733336}
            ]]},
            {"altitude": 190.5},
            {"distance_km": 1.65},
            {"speed_kmh": 4.5},
            {"timestamp": "Tue Jan 24 07:34:29 UTC 2017"}
        ],
        [
            {"location": [[
                {"latitude": 64.238284},
                {"longitude": 27.733319}
            ]]},
            {"altitude": 189.5},
            {"distance_km": 1.66},
            {"speed_kmh": 5.4},
            {"timestamp": "Tue Jan 24 07:34:37 UTC 2017"}
        ],
        [
            {"location": [[
                {"latitude": 64.238172},
                {"longitude": 27.733368}
            ]]},
            {"altitude": 188.5},
            {"distance_km": 1.67},
            {"speed_kmh": 5.4},
            {"timestamp": "Tue Jan 24 07:34:45 UTC 2017"}
        ],
        [
            {"location": [[
                {"latitude": 64.238064},
                {"longitude": 27.733377}
            ]]},
            {"altitude": 187.5},
            {"distance_km": 1.68},
            {"speed_kmh": 5.4},
            {"timestamp": "Tue Jan 24 07:34:53 UTC 2017"}
        ],
        [
            {"location": [[
                {"latitude": 64.23796},
                {"longitude": 27.733465}
            ]]},
            {"altitude": 188},
            {"distance_km": 1.69},
            {"speed_kmh": 5.4},
            {"timestamp": "Tue Jan 24 07:35:01 UTC 2017"}
        ],
        [
            {"location": [[
                {"latitude": 64.237866},
                {"longitude": 27.733471}
            ]]},
            {"altitude": 188.5},
            {"distance_km": 1.7},
            {"speed_kmh": 4.5},
            {"timestamp": "Tue Jan 24 07:35:13 UTC 2017"}
        ],
        [
            {"location": [[
                {"latitude": 64.237745},
                {"longitude": 27.733509}
            ]]},
            {"altitude": 189},
            {"distance_km": 1.72},
            {"speed_kmh": 5.4},
            {"timestamp": "Tue Jan 24 07:35:21 UTC 2017"}
        ],
        [
            {"location": [[
                {"latitude": 64.237654},
                {"longitude": 27.733555}
            ]]},
            {"altitude": 190.5},
            {"distance_km": 1.73},
            {"speed_kmh": 5.4},
            {"timestamp": "Tue Jan 24 07:35:28 UTC 2017"}
        ],
        [
            {"location": [[
                {"latitude": 64.237541},
                {"longitude": 27.733605}
            ]]},
            {"altitude": 190.5},
            {"distance_km": 1.74},
            {"speed_kmh": 5.4},
            {"timestamp": "Tue Jan 24 07:35:36 UTC 2017"}
        ],
        [
            {"location": [[
                {"latitude": 64.237452},
                {"longitude": 27.733668}
            ]]},
            {"altitude": 192},
            {"distance_km": 1.75},
            {"speed_kmh": 5.4},
            {"timestamp": "Tue Jan 24 07:35:42 UTC 2017"}
        ],
        [
            {"location": [[
                {"latitude": 64.237357},
                {"longitude": 27.733733}
            ]]},
            {"altitude": 190.5},
            {"distance_km": 1.76},
            {"speed_kmh": 5.4},
            {"timestamp": "Tue Jan 24 07:35:48 UTC 2017"}
        ],
        [
            {"location": [[
                {"latitude": 64.237244},
                {"longitude": 27.733802}
            ]]},
            {"altitude": 190},
            {"distance_km": 1.78},
            {"speed_kmh": 5.4},
            {"timestamp": "Tue Jan 24 07:35:56 UTC 2017"}
        ],
        [
            {"location": [[
                {"latitude": 64.237155},
                {"longitude": 27.733878}
            ]]},
            {"altitude": 189},
            {"distance_km": 1.79},
            {"speed_kmh": 4.5},
            {"timestamp": "Tue Jan 24 07:36:05 UTC 2017"}
        ],
        [
            {"location": [[
                {"latitude": 64.23707},
                {"longitude": 27.733985}
            ]]},
            {"altitude": 189},
            {"distance_km": 1.8},
            {"speed_kmh": 4.5},
            {"timestamp": "Tue Jan 24 07:36:11 UTC 2017"}
        ],
        [
            {"location": [[
                {"latitude": 64.236981},
                {"longitude": 27.734085}
            ]]},
            {"altitude": 188},
            {"distance_km": 1.81},
            {"speed_kmh": 6.3},
            {"timestamp": "Tue Jan 24 07:36:17 UTC 2017"}
        ],
        [
            {"location": [[
                {"latitude": 64.236888},
                {"longitude": 27.734177}
            ]]},
            {"altitude": 188.5},
            {"distance_km": 1.82},
            {"speed_kmh": 5.4},
            {"timestamp": "Tue Jan 24 07:36:23 UTC 2017"}
        ],
        [
            {"location": [[
                {"latitude": 64.236804},
                {"longitude": 27.734285}
            ]]},
            {"altitude": 189},
            {"distance_km": 1.83},
            {"speed_kmh": 5.4},
            {"timestamp": "Tue Jan 24 07:36:29 UTC 2017"}
        ],
        [
            {"location": [[
                {"latitude": 64.236702},
                {"longitude": 27.734418}
            ]]},
            {"altitude": 186},
            {"distance_km": 1.84},
            {"speed_kmh": 5.4},
            {"timestamp": "Tue Jan 24 07:36:37 UTC 2017"}
        ],
        [
            {"location": [[
                {"latitude": 64.2366},
                {"longitude": 27.734548}
            ]]},
            {"altitude": 182.5},
            {"distance_km": 1.86},
            {"speed_kmh": 5.4},
            {"timestamp": "Tue Jan 24 07:36:45 UTC 2017"}
        ],
        [
            {"location": [[
                {"latitude": 64.236523},
                {"longitude": 27.734681}
            ]]},
            {"altitude": 181},
            {"distance_km": 1.87},
            {"speed_kmh": 5.4},
            {"timestamp": "Tue Jan 24 07:36:51 UTC 2017"}
        ],
        [
            {"location": [[
                {"latitude": 64.23645},
                {"longitude": 27.734806}
            ]]},
            {"altitude": 178.5},
            {"distance_km": 1.88},
            {"speed_kmh": 5.4},
            {"timestamp": "Tue Jan 24 07:36:57 UTC 2017"}
        ],
        [
            {"location": [[
                {"latitude": 64.236356},
                {"longitude": 27.734957}
            ]]},
            {"altitude": 177},
            {"distance_km": 1.89},
            {"speed_kmh": 5.4},
            {"timestamp": "Tue Jan 24 07:37:05 UTC 2017"}
        ],
        [
            {"location": [[
                {"latitude": 64.236291},
                {"longitude": 27.735103}
            ]]},
            {"altitude": 176},
            {"distance_km": 1.9},
            {"speed_kmh": 5.4},
            {"timestamp": "Tue Jan 24 07:37:11 UTC 2017"}
        ],
        [
            {"location": [[
                {"latitude": 64.236213},
                {"longitude": 27.735272}
            ]]},
            {"altitude": 175.5},
            {"distance_km": 1.91},
            {"speed_kmh": 7.2},
            {"timestamp": "Tue Jan 24 07:37:21 UTC 2017"}
        ],
        [
            {"location": [[
                {"latitude": 64.236135},
                {"longitude": 27.735447}
            ]]},
            {"altitude": 176},
            {"distance_km": 1.92},
            {"speed_kmh": 6.3},
            {"timestamp": "Tue Jan 24 07:37:27 UTC 2017"}
        ],
        [
            {"location": [[
                {"latitude": 64.236051},
                {"longitude": 27.735532}
            ]]},
            {"altitude": 170.5},
            {"distance_km": 1.93},
            {"speed_kmh": 3.6},
            {"timestamp": "Tue Jan 24 07:37:42 UTC 2017"}
        ],
        [
            {"location": [[
                {"latitude": 64.235964},
                {"longitude": 27.735658}
            ]]},
            {"altitude": 171.5},
            {"distance_km": 1.95},
            {"speed_kmh": 5.4},
            {"timestamp": "Tue Jan 24 07:37:48 UTC 2017"}
        ],
        [
            {"location": [[
                {"latitude": 64.235884},
                {"longitude": 27.735871}
            ]]},
            {"altitude": 173.5},
            {"distance_km": 1.96},
            {"speed_kmh": 6.3},
            {"timestamp": "Tue Jan 24 07:37:55 UTC 2017"}
        ],
        [
            {"location": [[
                {"latitude": 64.235815},
                {"longitude": 27.736033}
            ]]},
            {"altitude": 173.5},
            {"distance_km": 1.97},
            {"speed_kmh": 6.3},
            {"timestamp": "Tue Jan 24 07:38:01 UTC 2017"}
        ],
        [
            {"location": [[
                {"latitude": 64.235751},
                {"longitude": 27.736206}
            ]]},
            {"altitude": 175.5},
            {"distance_km": 1.98},
            {"speed_kmh": 6.3},
            {"timestamp": "Tue Jan 24 07:38:07 UTC 2017"}
        ],
        [
            {"location": [[
                {"latitude": 64.235688},
                {"longitude": 27.736368}
            ]]},
            {"altitude": 176},
            {"distance_km": 1.99},
            {"speed_kmh": 6.3},
            {"timestamp": "Tue Jan 24 07:38:13 UTC 2017"}
        ],
        [
            {"location": [[
                {"latitude": 64.235589},
                {"longitude": 27.736478}
            ]]},
            {"altitude": 175.5},
            {"distance_km": 2},
            {"speed_kmh": 6.3},
            {"timestamp": "Tue Jan 24 07:38:21 UTC 2017"}
        ],
        [
            {"location": [[
                {"latitude": 64.235491},
                {"longitude": 27.736456}
            ]]},
            {"altitude": 175},
            {"distance_km": 2.02},
            {"speed_kmh": 5.4},
            {"timestamp": "Tue Jan 24 07:38:29 UTC 2017"}
        ],
        [
            {"location": [[
                {"latitude": 64.235399},
                {"longitude": 27.73658}
            ]]},
            {"altitude": 176.5},
            {"distance_km": 2.03},
            {"speed_kmh": 5.4},
            {"timestamp": "Tue Jan 24 07:38:37 UTC 2017"}
        ],
        [
            {"location": [[
                {"latitude": 64.235337},
                {"longitude": 27.736806}
            ]]},
            {"altitude": 176.5},
            {"distance_km": 2.04},
            {"speed_kmh": 5.4},
            {"timestamp": "Tue Jan 24 07:38:45 UTC 2017"}
        ],
        [
            {"location": [[
                {"latitude": 64.235234},
                {"longitude": 27.736835}
            ]]},
            {"altitude": 176},
            {"distance_km": 2.05},
            {"speed_kmh": 5.4},
            {"timestamp": "Tue Jan 24 07:38:55 UTC 2017"}
        ],
        [
            {"location": [[
                {"latitude": 64.235153},
                {"longitude": 27.736641}
            ]]},
            {"altitude": 178.5},
            {"distance_km": 2.06},
            {"speed_kmh": 5.4},
            {"timestamp": "Tue Jan 24 07:39:03 UTC 2017"}
        ],
        [
            {"location": [[
                {"latitude": 64.235054},
                {"longitude": 27.736503}
            ]]},
            {"altitude": 177},
            {"distance_km": 2.08},
            {"speed_kmh": 5.4},
            {"timestamp": "Tue Jan 24 07:39:11 UTC 2017"}
        ],
        [
            {"location": [[
                {"latitude": 64.234958},
                {"longitude": 27.736394}
            ]]},
            {"altitude": 177},
            {"distance_km": 2.09},
            {"speed_kmh": 5.4},
            {"timestamp": "Tue Jan 24 07:39:19 UTC 2017"}
        ],
        [
            {"location": [[
                {"latitude": 64.234858},
                {"longitude": 27.736245}
            ]]},
            {"altitude": 177.5},
            {"distance_km": 2.1},
            {"speed_kmh": 5.4},
            {"timestamp": "Tue Jan 24 07:39:28 UTC 2017"}
        ],
        [
            {"location": [[
                {"latitude": 64.234763},
                {"longitude": 27.736094}
            ]]},
            {"altitude": 174.5},
            {"distance_km": 2.12},
            {"speed_kmh": 5.4},
            {"timestamp": "Tue Jan 24 07:39:36 UTC 2017"}
        ],
        [
            {"location": [[
                {"latitude": 64.234683},
                {"longitude": 27.735955}
            ]]},
            {"altitude": 175.5},
            {"distance_km": 2.13},
            {"speed_kmh": 5.4},
            {"timestamp": "Tue Jan 24 07:39:43 UTC 2017"}
        ],
        [
            {"location": [[
                {"latitude": 64.234601},
                {"longitude": 27.735857}
            ]]},
            {"altitude": 175.5},
            {"distance_km": 2.14},
            {"speed_kmh": 5.4},
            {"timestamp": "Tue Jan 24 07:39:49 UTC 2017"}
        ],
        [
            {"location": [[
                {"latitude": 64.234516},
                {"longitude": 27.735753}
            ]]},
            {"altitude": 176.5},
            {"distance_km": 2.15},
            {"speed_kmh": 5.4},
            {"timestamp": "Tue Jan 24 07:39:55 UTC 2017"}
        ],
        [
            {"location": [[
                {"latitude": 64.234431},
                {"longitude": 27.735638}
            ]]},
            {"altitude": 176},
            {"distance_km": 2.16},
            {"speed_kmh": 5.4},
            {"timestamp": "Tue Jan 24 07:40:01 UTC 2017"}
        ],
        [
            {"location": [[
                {"latitude": 64.234351},
                {"longitude": 27.735526}
            ]]},
            {"altitude": 173.5},
            {"distance_km": 2.17},
            {"speed_kmh": 5.4},
            {"timestamp": "Tue Jan 24 07:40:07 UTC 2017"}
        ],
        [
            {"location": [[
                {"latitude": 64.234277},
                {"longitude": 27.735404}
            ]]},
            {"altitude": 172},
            {"distance_km": 2.18},
            {"speed_kmh": 5.4},
            {"timestamp": "Tue Jan 24 07:40:13 UTC 2017"}
        ],
        [
            {"location": [[
                {"latitude": 64.234175},
                {"longitude": 27.735307}
            ]]},
            {"altitude": 172.5},
            {"distance_km": 2.19},
            {"speed_kmh": 5.4},
            {"timestamp": "Tue Jan 24 07:40:19 UTC 2017"}
        ],
        [
            {"location": [[
                {"latitude": 64.234075},
                {"longitude": 27.735171}
            ]]},
            {"altitude": 171.5},
            {"distance_km": 2.2},
            {"speed_kmh": 5.4},
            {"timestamp": "Tue Jan 24 07:40:27 UTC 2017"}
        ],
        [
            {"location": [[
                {"latitude": 64.233979},
                {"longitude": 27.735054}
            ]]},
            {"altitude": 170},
            {"distance_km": 2.22},
            {"speed_kmh": 5.4},
            {"timestamp": "Tue Jan 24 07:40:35 UTC 2017"}
        ],
        [
            {"location": [[
                {"latitude": 64.233885},
                {"longitude": 27.7349}
            ]]},
            {"altitude": 169.5},
            {"distance_km": 2.23},
            {"speed_kmh": 5.4},
            {"timestamp": "Tue Jan 24 07:40:43 UTC 2017"}
        ],
        [
            {"location": [[
                {"latitude": 64.233796},
                {"longitude": 27.734818}
            ]]},
            {"altitude": 169},
            {"distance_km": 2.24},
            {"speed_kmh": 5.4},
            {"timestamp": "Tue Jan 24 07:40:51 UTC 2017"}
        ],
        [
            {"location": [[
                {"latitude": 64.233706},
                {"longitude": 27.734704}
            ]]},
            {"altitude": 168.5},
            {"distance_km": 2.25},
            {"speed_kmh": 2.7},
            {"timestamp": "Tue Jan 24 07:41:07 UTC 2017"}
        ],
        [
            {"location": [[
                {"latitude": 64.233617},
                {"longitude": 27.734575}
            ]]},
            {"altitude": 164.5},
            {"distance_km": 2.26},
            {"speed_kmh": 4.5},
            {"timestamp": "Tue Jan 24 07:41:32 UTC 2017"}
        ],
        [
            {"location": [[
                {"latitude": 64.233513},
                {"longitude": 27.734511}
            ]]},
            {"altitude": 163},
            {"distance_km": 2.28},
            {"speed_kmh": 5.4},
            {"timestamp": "Tue Jan 24 07:41:40 UTC 2017"}
        ],
        [
            {"location": [[
                {"latitude": 64.233405},
                {"longitude": 27.734436}
            ]]},
            {"altitude": 164},
            {"distance_km": 2.29},
            {"speed_kmh": 4.5},
            {"timestamp": "Tue Jan 24 07:41:49 UTC 2017"}
        ],
        [
            {"location": [[
                {"latitude": 64.233295},
                {"longitude": 27.734376}
            ]]},
            {"altitude": 163},
            {"distance_km": 2.3},
            {"speed_kmh": 5.4},
            {"timestamp": "Tue Jan 24 07:41:57 UTC 2017"}
        ],
        [
            {"location": [[
                {"latitude": 64.233201},
                {"longitude": 27.734303}
            ]]},
            {"altitude": 161.5},
            {"distance_km": 2.31},
            {"speed_kmh": 5.4},
            {"timestamp": "Tue Jan 24 07:42:09 UTC 2017"}
        ],
        [
            {"location": [[
                {"latitude": 64.233071},
                {"longitude": 27.734245}
            ]]},
            {"altitude": 161.5},
            {"distance_km": 2.33},
            {"speed_kmh": 5.4},
            {"timestamp": "Tue Jan 24 07:42:17 UTC 2017"}
        ],
        [
            {"location": [[
                {"latitude": 64.232963},
                {"longitude": 27.734201}
            ]]},
            {"altitude": 159.5},
            {"distance_km": 2.34},
            {"speed_kmh": 5.4},
            {"timestamp": "Tue Jan 24 07:42:25 UTC 2017"}
        ],
        [
            {"location": [[
                {"latitude": 64.232857},
                {"longitude": 27.734151}
            ]]},
            {"altitude": 158},
            {"distance_km": 2.35},
            {"speed_kmh": 4.5},
            {"timestamp": "Tue Jan 24 07:42:35 UTC 2017"}
        ],
        [
            {"location": [[
                {"latitude": 64.232749},
                {"longitude": 27.73416}
            ]]},
            {"altitude": 158.5},
            {"distance_km": 2.36},
            {"speed_kmh": 5.4},
            {"timestamp": "Tue Jan 24 07:42:43 UTC 2017"}
        ],
        [
            {"location": [[
                {"latitude": 64.232662},
                {"longitude": 27.734083}
            ]]},
            {"altitude": 159},
            {"distance_km": 2.37},
            {"speed_kmh": 4.5},
            {"timestamp": "Tue Jan 24 07:42:51 UTC 2017"}
        ],
        [
            {"location": [[
                {"latitude": 64.232656},
                {"longitude": 27.73386}
            ]]},
            {"altitude": 159.5},
            {"distance_km": 2.38},
            {"speed_kmh": 4.5},
            {"timestamp": "Tue Jan 24 07:42:59 UTC 2017"}
        ],
        [
            {"location": [[
                {"latitude": 64.232663},
                {"longitude": 27.733627}
            ]]},
            {"altitude": 160},
            {"distance_km": 2.39},
            {"speed_kmh": 4.5},
            {"timestamp": "Tue Jan 24 07:43:07 UTC 2017"}
        ],
        [
            {"location": [[
                {"latitude": 64.232658},
                {"longitude": 27.73339}
            ]]},
            {"altitude": 160.5},
            {"distance_km": 2.41},
            {"speed_kmh": 4.5},
            {"timestamp": "Tue Jan 24 07:43:15 UTC 2017"}
        ],
        [
            {"location": [[
                {"latitude": 64.232654},
                {"longitude": 27.733161}
            ]]},
            {"altitude": 163.5},
            {"distance_km": 2.42},
            {"speed_kmh": 5.4},
            {"timestamp": "Tue Jan 24 07:43:24 UTC 2017"}
        ],
        [
            {"location": [[
                {"latitude": 64.232676},
                {"longitude": 27.732928}
            ]]},
            {"altitude": 163.5},
            {"distance_km": 2.43},
            {"speed_kmh": 4.5},
            {"timestamp": "Tue Jan 24 07:43:32 UTC 2017"}
        ],
        [
            {"location": [[
                {"latitude": 64.232706},
                {"longitude": 27.732703}
            ]]},
            {"altitude": 163},
            {"distance_km": 2.44},
            {"speed_kmh": 5.4},
            {"timestamp": "Tue Jan 24 07:43:40 UTC 2017"}
        ],
        [
            {"location": [[
                {"latitude": 64.232736},
                {"longitude": 27.732467}
            ]]},
            {"altitude": 163},
            {"distance_km": 2.45},
            {"speed_kmh": 4.5},
            {"timestamp": "Tue Jan 24 07:43:48 UTC 2017"}
        ],
        [
            {"location": [[
                {"latitude": 64.232754},
                {"longitude": 27.732251}
            ]]},
            {"altitude": 161},
            {"distance_km": 2.46},
            {"speed_kmh": 5.4},
            {"timestamp": "Tue Jan 24 07:43:55 UTC 2017"}
        ],
        [
            {"location": [[
                {"latitude": 64.232785},
                {"longitude": 27.732011}
            ]]},
            {"altitude": 160.5},
            {"distance_km": 2.47},
            {"speed_kmh": 5.4},
            {"timestamp": "Tue Jan 24 07:44:03 UTC 2017"}
        ],
        [
            {"location": [[
                {"latitude": 64.232807},
                {"longitude": 27.731781}
            ]]},
            {"altitude": 156},
            {"distance_km": 2.49},
            {"speed_kmh": 5.4},
            {"timestamp": "Tue Jan 24 07:44:11 UTC 2017"}
        ],
        [
            {"location": [[
                {"latitude": 64.232842},
                {"longitude": 27.731533}
            ]]},
            {"altitude": 154.5},
            {"distance_km": 2.5},
            {"speed_kmh": 5.4},
            {"timestamp": "Tue Jan 24 07:44:19 UTC 2017"}
        ],
        [
            {"location": [[
                {"latitude": 64.23279},
                {"longitude": 27.731357}
            ]]},
            {"altitude": 156.5},
            {"distance_km": 2.51},
            {"speed_kmh": 5.4},
            {"timestamp": "Tue Jan 24 07:44:27 UTC 2017"}
        ],
        [
            {"location": [[
                {"latitude": 64.2327},
                {"longitude": 27.731324}
            ]]},
            {"altitude": 163},
            {"distance_km": 2.52},
            {"speed_kmh": 3.6},
            {"timestamp": "Tue Jan 24 07:44:51 UTC 2017"}
        ],
        [
            {"location": [[
                {"latitude": 64.232611},
                {"longitude": 27.731215}
            ]]},
            {"altitude": 162},
            {"distance_km": 2.53},
            {"speed_kmh": 5.4},
            {"timestamp": "Tue Jan 24 07:44:57 UTC 2017"}
        ],
        [
            {"location": [[
                {"latitude": 64.232498},
                {"longitude": 27.731136}
            ]]},
            {"altitude": 163.5},
            {"distance_km": 2.54},
            {"speed_kmh": 5.4},
            {"timestamp": "Tue Jan 24 07:45:05 UTC 2017"}
        ],
        [
            {"location": [[
                {"latitude": 64.232411},
                {"longitude": 27.731081}
            ]]},
            {"altitude": 163},
            {"distance_km": 2.55},
            {"speed_kmh": 5.4},
            {"timestamp": "Tue Jan 24 07:45:11 UTC 2017"}
        ],
        [
            {"location": [[
                {"latitude": 64.232331},
                {"longitude": 27.730988}
            ]]},
            {"altitude": 162.5},
            {"distance_km": 2.56},
            {"speed_kmh": 6.3},
            {"timestamp": "Tue Jan 24 07:45:17 UTC 2017"}
        ],
        [
            {"location": [[
                {"latitude": 64.232237},
                {"longitude": 27.730871}
            ]]},
            {"altitude": 162},
            {"distance_km": 2.58},
            {"speed_kmh": 5.4},
            {"timestamp": "Tue Jan 24 07:45:25 UTC 2017"}
        ],
        [
            {"location": [[
                {"latitude": 64.232165},
                {"longitude": 27.730742}
            ]]},
            {"altitude": 161.5},
            {"distance_km": 2.59},
            {"speed_kmh": 5.4},
            {"timestamp": "Tue Jan 24 07:45:31 UTC 2017"}
        ],
        [
            {"location": [[
                {"latitude": 64.232099},
                {"longitude": 27.7306}
            ]]},
            {"altitude": 159.5},
            {"distance_km": 2.6},
            {"speed_kmh": 5.4},
            {"timestamp": "Tue Jan 24 07:45:37 UTC 2017"}
        ],
        [
            {"location": [[
                {"latitude": 64.232072},
                {"longitude": 27.730398}
            ]]},
            {"altitude": 158.5},
            {"distance_km": 2.61},
            {"speed_kmh": 5.4},
            {"timestamp": "Tue Jan 24 07:45:44 UTC 2017"}
        ],
        [
            {"location": [[
                {"latitude": 64.232087},
                {"longitude": 27.730135}
            ]]},
            {"altitude": 159},
            {"distance_km": 2.62},
            {"speed_kmh": 5.4},
            {"timestamp": "Tue Jan 24 07:45:52 UTC 2017"}
        ],
        [
            {"location": [[
                {"latitude": 64.232085},
                {"longitude": 27.729894}
            ]]},
            {"altitude": 160},
            {"distance_km": 2.63},
            {"speed_kmh": 5.4},
            {"timestamp": "Tue Jan 24 07:46:00 UTC 2017"}
        ],
        [
            {"location": [[
                {"latitude": 64.232083},
                {"longitude": 27.729632}
            ]]},
            {"altitude": 159},
            {"distance_km": 2.64},
            {"speed_kmh": 5.4},
            {"timestamp": "Tue Jan 24 07:46:09 UTC 2017"}
        ],
        [
            {"location": [[
                {"latitude": 64.232002},
                {"longitude": 27.729538}
            ]]},
            {"altitude": 155.5},
            {"distance_km": 2.65},
            {"speed_kmh": 2.7},
            {"timestamp": "Tue Jan 24 07:46:19 UTC 2017"}
        ],
        [
            {"location": [[
                {"latitude": 64.231987},
                {"longitude": 27.729544}
            ]]},
            {"altitude": 154},
            {"distance_km": 2.65},
            {"speed_kmh": 0},
            {"timestamp": "Tue Jan 24 07:48:35 UTC 2017"}
        ],
        [
            {"location": [[
                {"latitude": 64.231987},
                {"longitude": 27.729544}
            ]]},
            {"altitude": 154},
            {"distance_km": 2.65},
            {"speed_kmh": 0},
            {"timestamp": "Tue Jan 24 07:48:36 UTC 2017"}
        ]
    ]}
]