[
    {"sport": "WALKING"},
    {"source": "TRACK_MOBILE"},
    {"created_date": "2017-03-11 08:53:49.0"},
    {"start_time": "2017-03-11 08:51:08.0"},
    {"end_time": "2017-03-11 09:23:59.0"},
    {"duration_s": 1970},
    {"distance_km": 2.69},
    {"calories_kcal": 195.667},
    {"altitude_min_m": 150.5},
    {"altitude_max_m": 224.5},
    {"speed_avg_kmh": 4.915736040609136},
    {"speed_max_kmh": 7.2},
    {"ascend_m": 127},
    {"descend_m": 124.5},
    {"points": [
        [
            {"location": [[
                {"latitude": 64.231792},
                {"longitude": 27.72963}
            ]]},
            {"distance_km": 0},
            {"timestamp": "Sat Mar 11 08:51:08 UTC 2017"}
        ],
        [
            {"location": [[
                {"latitude": 64.231792},
                {"longitude": 27.72963}
            ]]},
            {"altitude": 154},
            {"distance_km": 0},
            {"speed_kmh": 0},
            {"timestamp": "Sat Mar 11 08:51:16 UTC 2017"}
        ],
        [
            {"location": [[
                {"latitude": 64.231884},
                {"longitude": 27.729608}
            ]]},
            {"altitude": 151.5},
            {"distance_km": 0.01},
            {"speed_kmh": 0},
            {"timestamp": "Sat Mar 11 08:51:44 UTC 2017"}
        ],
        [
            {"location": [[
                {"latitude": 64.231795},
                {"longitude": 27.729689}
            ]]},
            {"altitude": 155},
            {"distance_km": 0.02},
            {"speed_kmh": 4.5},
            {"timestamp": "Sat Mar 11 08:52:03 UTC 2017"}
        ],
        [
            {"location": [[
                {"latitude": 64.231766},
                {"longitude": 27.729924}
            ]]},
            {"altitude": 157},
            {"distance_km": 0.03},
            {"speed_kmh": 6.3},
            {"timestamp": "Sat Mar 11 08:52:11 UTC 2017"}
        ],
        [
            {"location": [[
                {"latitude": 64.231774},
                {"longitude": 27.73017}
            ]]},
            {"altitude": 159},
            {"distance_km": 0.04},
            {"speed_kmh": 6.3},
            {"timestamp": "Sat Mar 11 08:52:17 UTC 2017"}
        ],
        [
            {"location": [[
                {"latitude": 64.231839},
                {"longitude": 27.730345}
            ]]},
            {"altitude": 162.5},
            {"distance_km": 0.06},
            {"speed_kmh": 5.4},
            {"timestamp": "Sat Mar 11 08:52:27 UTC 2017"}
        ],
        [
            {"location": [[
                {"latitude": 64.231907},
                {"longitude": 27.730485}
            ]]},
            {"altitude": 166},
            {"distance_km": 0.07},
            {"speed_kmh": 5.4},
            {"timestamp": "Sat Mar 11 08:52:33 UTC 2017"}
        ],
        [
            {"location": [[
                {"latitude": 64.231973},
                {"longitude": 27.730634}
            ]]},
            {"altitude": 169.5},
            {"distance_km": 0.08},
            {"speed_kmh": 5.4},
            {"timestamp": "Sat Mar 11 08:52:41 UTC 2017"}
        ],
        [
            {"location": [[
                {"latitude": 64.232023},
                {"longitude": 27.730823}
            ]]},
            {"altitude": 174.5},
            {"distance_km": 0.09},
            {"speed_kmh": 5.4},
            {"timestamp": "Sat Mar 11 08:52:49 UTC 2017"}
        ],
        [
            {"location": [[
                {"latitude": 64.232099},
                {"longitude": 27.730982}
            ]]},
            {"altitude": 176},
            {"distance_km": 0.1},
            {"speed_kmh": 5.4},
            {"timestamp": "Sat Mar 11 08:52:56 UTC 2017"}
        ],
        [
            {"location": [[
                {"latitude": 64.232193},
                {"longitude": 27.731137}
            ]]},
            {"altitude": 176.5},
            {"distance_km": 0.11},
            {"speed_kmh": 5.4},
            {"timestamp": "Sat Mar 11 08:53:04 UTC 2017"}
        ],
        [
            {"location": [[
                {"latitude": 64.232288},
                {"longitude": 27.731272}
            ]]},
            {"altitude": 181},
            {"distance_km": 0.12},
            {"speed_kmh": 5.4},
            {"timestamp": "Sat Mar 11 08:53:12 UTC 2017"}
        ],
        [
            {"location": [[
                {"latitude": 64.232376},
                {"longitude": 27.731356}
            ]]},
            {"altitude": 179},
            {"distance_km": 0.13},
            {"speed_kmh": 5.4},
            {"timestamp": "Sat Mar 11 08:53:19 UTC 2017"}
        ],
        [
            {"location": [[
                {"latitude": 64.232454},
                {"longitude": 27.73148}
            ]]},
            {"altitude": 176.5},
            {"distance_km": 0.14},
            {"speed_kmh": 5.4},
            {"timestamp": "Sat Mar 11 08:53:25 UTC 2017"}
        ],
        [
            {"location": [[
                {"latitude": 64.23256},
                {"longitude": 27.73157}
            ]]},
            {"altitude": 177},
            {"distance_km": 0.16},
            {"speed_kmh": 7.2},
            {"timestamp": "Sat Mar 11 08:53:38 UTC 2017"}
        ],
        [
            {"location": [[
                {"latitude": 64.232663},
                {"longitude": 27.731661}
            ]]},
            {"altitude": 177},
            {"distance_km": 0.17},
            {"speed_kmh": 6.3},
            {"timestamp": "Sat Mar 11 08:53:44 UTC 2017"}
        ],
        [
            {"location": [[
                {"latitude": 64.232753},
                {"longitude": 27.731651}
            ]]},
            {"altitude": 176.5},
            {"distance_km": 0.18},
            {"speed_kmh": 6.3},
            {"timestamp": "Sat Mar 11 08:53:48 UTC 2017"}
        ],
        [
            {"location": [[
                {"latitude": 64.232869},
                {"longitude": 27.731654}
            ]]},
            {"altitude": 178.5},
            {"distance_km": 0.19},
            {"speed_kmh": 6.3},
            {"timestamp": "Sat Mar 11 08:53:54 UTC 2017"}
        ],
        [
            {"location": [[
                {"latitude": 64.23296},
                {"longitude": 27.731714}
            ]]},
            {"altitude": 182.5},
            {"distance_km": 0.2},
            {"speed_kmh": 4.5},
            {"timestamp": "Sat Mar 11 08:54:04 UTC 2017"}
        ],
        [
            {"location": [[
                {"latitude": 64.233056},
                {"longitude": 27.731747}
            ]]},
            {"altitude": 184},
            {"distance_km": 0.21},
            {"speed_kmh": 4.5},
            {"timestamp": "Sat Mar 11 08:54:10 UTC 2017"}
        ],
        [
            {"location": [[
                {"latitude": 64.233149},
                {"longitude": 27.731691}
            ]]},
            {"altitude": 183.5},
            {"distance_km": 0.22},
            {"speed_kmh": 0},
            {"timestamp": "Sat Mar 11 08:54:19 UTC 2017"}
        ],
        [
            {"location": [[
                {"latitude": 64.233249},
                {"longitude": 27.731653}
            ]]},
            {"altitude": 184.5},
            {"distance_km": 0.24},
            {"speed_kmh": 3.6},
            {"timestamp": "Sat Mar 11 08:54:33 UTC 2017"}
        ],
        [
            {"location": [[
                {"latitude": 64.233351},
                {"longitude": 27.731693}
            ]]},
            {"altitude": 187},
            {"distance_km": 0.25},
            {"speed_kmh": 3.6},
            {"timestamp": "Sat Mar 11 08:54:39 UTC 2017"}
        ],
        [
            {"location": [[
                {"latitude": 64.233452},
                {"longitude": 27.731791}
            ]]},
            {"altitude": 189.5},
            {"distance_km": 0.26},
            {"speed_kmh": 4.5},
            {"timestamp": "Sat Mar 11 08:54:45 UTC 2017"}
        ],
        [
            {"location": [[
                {"latitude": 64.233546},
                {"longitude": 27.731756}
            ]]},
            {"altitude": 193.5},
            {"distance_km": 0.27},
            {"speed_kmh": 4.5},
            {"timestamp": "Sat Mar 11 08:54:51 UTC 2017"}
        ],
        [
            {"location": [[
                {"latitude": 64.233643},
                {"longitude": 27.731668}
            ]]},
            {"altitude": 195.5},
            {"distance_km": 0.28},
            {"speed_kmh": 4.5},
            {"timestamp": "Sat Mar 11 08:54:57 UTC 2017"}
        ],
        [
            {"location": [[
                {"latitude": 64.233734},
                {"longitude": 27.731562}
            ]]},
            {"altitude": 199},
            {"distance_km": 0.29},
            {"speed_kmh": 3.6},
            {"timestamp": "Sat Mar 11 08:55:12 UTC 2017"}
        ],
        [
            {"location": [[
                {"latitude": 64.233825},
                {"longitude": 27.731503}
            ]]},
            {"altitude": 201.5},
            {"distance_km": 0.3},
            {"speed_kmh": 4.5},
            {"timestamp": "Sat Mar 11 08:55:18 UTC 2017"}
        ],
        [
            {"location": [[
                {"latitude": 64.233914},
                {"longitude": 27.731426}
            ]]},
            {"altitude": 206.5},
            {"distance_km": 0.31},
            {"speed_kmh": 3.6},
            {"timestamp": "Sat Mar 11 08:55:24 UTC 2017"}
        ],
        [
            {"location": [[
                {"latitude": 64.234003},
                {"longitude": 27.731351}
            ]]},
            {"altitude": 207},
            {"distance_km": 0.32},
            {"speed_kmh": 3.6},
            {"timestamp": "Sat Mar 11 08:55:32 UTC 2017"}
        ],
        [
            {"location": [[
                {"latitude": 64.234081},
                {"longitude": 27.731214}
            ]]},
            {"altitude": 207.5},
            {"distance_km": 0.34},
            {"speed_kmh": 3.6},
            {"timestamp": "Sat Mar 11 08:55:42 UTC 2017"}
        ],
        [
            {"location": [[
                {"latitude": 64.234134},
                {"longitude": 27.731024}
            ]]},
            {"altitude": 209},
            {"distance_km": 0.35},
            {"speed_kmh": 6.3},
            {"timestamp": "Sat Mar 11 08:55:48 UTC 2017"}
        ],
        [
            {"location": [[
                {"latitude": 64.234183},
                {"longitude": 27.73081}
            ]]},
            {"altitude": 210},
            {"distance_km": 0.36},
            {"speed_kmh": 5.4},
            {"timestamp": "Sat Mar 11 08:55:54 UTC 2017"}
        ],
        [
            {"location": [[
                {"latitude": 64.234227},
                {"longitude": 27.73063}
            ]]},
            {"altitude": 210.5},
            {"distance_km": 0.37},
            {"speed_kmh": 5.4},
            {"timestamp": "Sat Mar 11 08:56:00 UTC 2017"}
        ],
        [
            {"location": [[
                {"latitude": 64.234305},
                {"longitude": 27.7305}
            ]]},
            {"altitude": 209},
            {"distance_km": 0.38},
            {"speed_kmh": 4.5},
            {"timestamp": "Sat Mar 11 08:56:08 UTC 2017"}
        ],
        [
            {"location": [[
                {"latitude": 64.234396},
                {"longitude": 27.73036}
            ]]},
            {"altitude": 213.5},
            {"distance_km": 0.39},
            {"speed_kmh": 3.6},
            {"timestamp": "Sat Mar 11 08:56:21 UTC 2017"}
        ],
        [
            {"location": [[
                {"latitude": 64.234459},
                {"longitude": 27.730197}
            ]]},
            {"altitude": 214.5},
            {"distance_km": 0.4},
            {"speed_kmh": 3.6},
            {"timestamp": "Sat Mar 11 08:56:29 UTC 2017"}
        ],
        [
            {"location": [[
                {"latitude": 64.234541},
                {"longitude": 27.730065}
            ]]},
            {"altitude": 219},
            {"distance_km": 0.41},
            {"speed_kmh": 3.6},
            {"timestamp": "Sat Mar 11 08:56:43 UTC 2017"}
        ],
        [
            {"location": [[
                {"latitude": 64.234638},
                {"longitude": 27.729932}
            ]]},
            {"altitude": 218},
            {"distance_km": 0.43},
            {"speed_kmh": 3.6},
            {"timestamp": "Sat Mar 11 08:56:51 UTC 2017"}
        ],
        [
            {"location": [[
                {"latitude": 64.234732},
                {"longitude": 27.729817}
            ]]},
            {"altitude": 216.5},
            {"distance_km": 0.44},
            {"speed_kmh": 3.6},
            {"timestamp": "Sat Mar 11 08:56:57 UTC 2017"}
        ],
        [
            {"location": [[
                {"latitude": 64.234786},
                {"longitude": 27.729647}
            ]]},
            {"altitude": 214},
            {"distance_km": 0.45},
            {"speed_kmh": 3.6},
            {"timestamp": "Sat Mar 11 08:57:03 UTC 2017"}
        ],
        [
            {"location": [[
                {"latitude": 64.234875},
                {"longitude": 27.729538}
            ]]},
            {"altitude": 217},
            {"distance_km": 0.46},
            {"speed_kmh": 3.6},
            {"timestamp": "Sat Mar 11 08:57:16 UTC 2017"}
        ],
        [
            {"location": [[
                {"latitude": 64.23496},
                {"longitude": 27.729388}
            ]]},
            {"altitude": 216.5},
            {"distance_km": 0.47},
            {"speed_kmh": 3.6},
            {"timestamp": "Sat Mar 11 08:57:26 UTC 2017"}
        ],
        [
            {"location": [[
                {"latitude": 64.235036},
                {"longitude": 27.729228}
            ]]},
            {"altitude": 215},
            {"distance_km": 0.48},
            {"speed_kmh": 3.6},
            {"timestamp": "Sat Mar 11 08:57:34 UTC 2017"}
        ],
        [
            {"location": [[
                {"latitude": 64.235117},
                {"longitude": 27.729122}
            ]]},
            {"altitude": 216.5},
            {"distance_km": 0.49},
            {"speed_kmh": 3.6},
            {"timestamp": "Sat Mar 11 08:57:40 UTC 2017"}
        ],
        [
            {"location": [[
                {"latitude": 64.235209},
                {"longitude": 27.729202}
            ]]},
            {"altitude": 218.5},
            {"distance_km": 0.5},
            {"speed_kmh": 4.5},
            {"timestamp": "Sat Mar 11 08:57:48 UTC 2017"}
        ],
        [
            {"location": [[
                {"latitude": 64.235305},
                {"longitude": 27.729221}
            ]]},
            {"altitude": 220},
            {"distance_km": 0.51},
            {"speed_kmh": 4.5},
            {"timestamp": "Sat Mar 11 08:57:56 UTC 2017"}
        ],
        [
            {"location": [[
                {"latitude": 64.235383},
                {"longitude": 27.729114}
            ]]},
            {"altitude": 216.5},
            {"distance_km": 0.52},
            {"speed_kmh": 0},
            {"timestamp": "Sat Mar 11 08:58:05 UTC 2017"}
        ],
        [
            {"location": [[
                {"latitude": 64.235363},
                {"longitude": 27.728893}
            ]]},
            {"altitude": 215},
            {"distance_km": 0.54},
            {"speed_kmh": 4.5},
            {"timestamp": "Sat Mar 11 08:58:13 UTC 2017"}
        ],
        [
            {"location": [[
                {"latitude": 64.235407},
                {"longitude": 27.728706}
            ]]},
            {"altitude": 216.5},
            {"distance_km": 0.55},
            {"speed_kmh": 4.5},
            {"timestamp": "Sat Mar 11 08:58:21 UTC 2017"}
        ],
        [
            {"location": [[
                {"latitude": 64.235505},
                {"longitude": 27.72869}
            ]]},
            {"altitude": 219},
            {"distance_km": 0.56},
            {"speed_kmh": 4.5},
            {"timestamp": "Sat Mar 11 08:58:29 UTC 2017"}
        ],
        [
            {"location": [[
                {"latitude": 64.235605},
                {"longitude": 27.728665}
            ]]},
            {"altitude": 221.5},
            {"distance_km": 0.57},
            {"speed_kmh": 4.5},
            {"timestamp": "Sat Mar 11 08:58:35 UTC 2017"}
        ],
        [
            {"location": [[
                {"latitude": 64.235694},
                {"longitude": 27.72854}
            ]]},
            {"altitude": 224.5},
            {"distance_km": 0.58},
            {"speed_kmh": 4.5},
            {"timestamp": "Sat Mar 11 08:58:43 UTC 2017"}
        ],
        [
            {"location": [[
                {"latitude": 64.235786},
                {"longitude": 27.728439}
            ]]},
            {"altitude": 222.5},
            {"distance_km": 0.59},
            {"speed_kmh": 0},
            {"timestamp": "Sat Mar 11 08:58:51 UTC 2017"}
        ],
        [
            {"location": [[
                {"latitude": 64.235882},
                {"longitude": 27.728357}
            ]]},
            {"altitude": 220},
            {"distance_km": 0.6},
            {"speed_kmh": 4.5},
            {"timestamp": "Sat Mar 11 08:59:02 UTC 2017"}
        ],
        [
            {"location": [[
                {"latitude": 64.235949},
                {"longitude": 27.728216}
            ]]},
            {"altitude": 216.5},
            {"distance_km": 0.61},
            {"speed_kmh": 4.5},
            {"timestamp": "Sat Mar 11 08:59:08 UTC 2017"}
        ],
        [
            {"location": [[
                {"latitude": 64.236004},
                {"longitude": 27.728003}
            ]]},
            {"altitude": 213.5},
            {"distance_km": 0.62},
            {"speed_kmh": 4.5},
            {"timestamp": "Sat Mar 11 08:59:14 UTC 2017"}
        ],
        [
            {"location": [[
                {"latitude": 64.236043},
                {"longitude": 27.727724}
            ]]},
            {"altitude": 210.5},
            {"distance_km": 0.64},
            {"speed_kmh": 5.4},
            {"timestamp": "Sat Mar 11 08:59:20 UTC 2017"}
        ],
        [
            {"location": [[
                {"latitude": 64.236077},
                {"longitude": 27.727439}
            ]]},
            {"altitude": 209},
            {"distance_km": 0.65},
            {"speed_kmh": 5.4},
            {"timestamp": "Sat Mar 11 08:59:26 UTC 2017"}
        ],
        [
            {"location": [[
                {"latitude": 64.236108},
                {"longitude": 27.727211}
            ]]},
            {"altitude": 208.5},
            {"distance_km": 0.66},
            {"speed_kmh": 5.4},
            {"timestamp": "Sat Mar 11 08:59:32 UTC 2017"}
        ],
        [
            {"location": [[
                {"latitude": 64.236154},
                {"longitude": 27.726962}
            ]]},
            {"altitude": 213},
            {"distance_km": 0.68},
            {"speed_kmh": 5.4},
            {"timestamp": "Sat Mar 11 08:59:38 UTC 2017"}
        ],
        [
            {"location": [[
                {"latitude": 64.236207},
                {"longitude": 27.726759}
            ]]},
            {"altitude": 214},
            {"distance_km": 0.69},
            {"speed_kmh": 5.4},
            {"timestamp": "Sat Mar 11 08:59:44 UTC 2017"}
        ],
        [
            {"location": [[
                {"latitude": 64.236248},
                {"longitude": 27.726531}
            ]]},
            {"altitude": 214},
            {"distance_km": 0.7},
            {"speed_kmh": 5.4},
            {"timestamp": "Sat Mar 11 08:59:51 UTC 2017"}
        ],
        [
            {"location": [[
                {"latitude": 64.236283},
                {"longitude": 27.726315}
            ]]},
            {"altitude": 212},
            {"distance_km": 0.71},
            {"speed_kmh": 5.4},
            {"timestamp": "Sat Mar 11 08:59:57 UTC 2017"}
        ],
        [
            {"location": [[
                {"latitude": 64.23631},
                {"longitude": 27.726105}
            ]]},
            {"altitude": 212.5},
            {"distance_km": 0.72},
            {"speed_kmh": 5.4},
            {"timestamp": "Sat Mar 11 09:00:03 UTC 2017"}
        ],
        [
            {"location": [[
                {"latitude": 64.236312},
                {"longitude": 27.725883}
            ]]},
            {"altitude": 211},
            {"distance_km": 0.73},
            {"speed_kmh": 5.4},
            {"timestamp": "Sat Mar 11 09:00:09 UTC 2017"}
        ],
        [
            {"location": [[
                {"latitude": 64.236337},
                {"longitude": 27.725673}
            ]]},
            {"altitude": 212},
            {"distance_km": 0.74},
            {"speed_kmh": 4.5},
            {"timestamp": "Sat Mar 11 09:00:17 UTC 2017"}
        ],
        [
            {"location": [[
                {"latitude": 64.236414},
                {"longitude": 27.725494}
            ]]},
            {"altitude": 215.5},
            {"distance_km": 0.76},
            {"speed_kmh": 4.5},
            {"timestamp": "Sat Mar 11 09:00:25 UTC 2017"}
        ],
        [
            {"location": [[
                {"latitude": 64.236504},
                {"longitude": 27.72536}
            ]]},
            {"altitude": 219},
            {"distance_km": 0.77},
            {"speed_kmh": 4.5},
            {"timestamp": "Sat Mar 11 09:00:33 UTC 2017"}
        ],
        [
            {"location": [[
                {"latitude": 64.236611},
                {"longitude": 27.725414}
            ]]},
            {"altitude": 216.5},
            {"distance_km": 0.78},
            {"speed_kmh": 2.7},
            {"timestamp": "Sat Mar 11 09:00:50 UTC 2017"}
        ],
        [
            {"location": [[
                {"latitude": 64.236713},
                {"longitude": 27.725468}
            ]]},
            {"altitude": 216.5},
            {"distance_km": 0.79},
            {"speed_kmh": 4.5},
            {"timestamp": "Sat Mar 11 09:00:56 UTC 2017"}
        ],
        [
            {"location": [[
                {"latitude": 64.236835},
                {"longitude": 27.725504}
            ]]},
            {"altitude": 218},
            {"distance_km": 0.81},
            {"speed_kmh": 6.3},
            {"timestamp": "Sat Mar 11 09:01:06 UTC 2017"}
        ],
        [
            {"location": [[
                {"latitude": 64.236934},
                {"longitude": 27.725541}
            ]]},
            {"altitude": 217.5},
            {"distance_km": 0.82},
            {"speed_kmh": 5.4},
            {"timestamp": "Sat Mar 11 09:01:10 UTC 2017"}
        ],
        [
            {"location": [[
                {"latitude": 64.237051},
                {"longitude": 27.725581}
            ]]},
            {"altitude": 214.5},
            {"distance_km": 0.83},
            {"speed_kmh": 5.4},
            {"timestamp": "Sat Mar 11 09:01:16 UTC 2017"}
        ],
        [
            {"location": [[
                {"latitude": 64.237136},
                {"longitude": 27.725684}
            ]]},
            {"altitude": 216},
            {"distance_km": 0.84},
            {"speed_kmh": 5.4},
            {"timestamp": "Sat Mar 11 09:01:22 UTC 2017"}
        ],
        [
            {"location": [[
                {"latitude": 64.237232},
                {"longitude": 27.725819}
            ]]},
            {"altitude": 214.5},
            {"distance_km": 0.85},
            {"speed_kmh": 4.5},
            {"timestamp": "Sat Mar 11 09:01:30 UTC 2017"}
        ],
        [
            {"location": [[
                {"latitude": 64.237329},
                {"longitude": 27.725944}
            ]]},
            {"altitude": 215},
            {"distance_km": 0.87},
            {"speed_kmh": 4.5},
            {"timestamp": "Sat Mar 11 09:01:39 UTC 2017"}
        ],
        [
            {"location": [[
                {"latitude": 64.237418},
                {"longitude": 27.726034}
            ]]},
            {"altitude": 209.5},
            {"distance_km": 0.88},
            {"speed_kmh": 4.5},
            {"timestamp": "Sat Mar 11 09:01:47 UTC 2017"}
        ],
        [
            {"location": [[
                {"latitude": 64.237496},
                {"longitude": 27.726149}
            ]]},
            {"altitude": 202},
            {"distance_km": 0.89},
            {"speed_kmh": 4.5},
            {"timestamp": "Sat Mar 11 09:01:55 UTC 2017"}
        ],
        [
            {"location": [[
                {"latitude": 64.237614},
                {"longitude": 27.726247}
            ]]},
            {"altitude": 192.5},
            {"distance_km": 0.9},
            {"speed_kmh": 6.3},
            {"timestamp": "Sat Mar 11 09:02:03 UTC 2017"}
        ],
        [
            {"location": [[
                {"latitude": 64.237706},
                {"longitude": 27.726333}
            ]]},
            {"altitude": 189.5},
            {"distance_km": 0.91},
            {"speed_kmh": 2.7},
            {"timestamp": "Sat Mar 11 09:02:09 UTC 2017"}
        ],
        [
            {"location": [[
                {"latitude": 64.237804},
                {"longitude": 27.72642}
            ]]},
            {"altitude": 183},
            {"distance_km": 0.92},
            {"speed_kmh": 5.4},
            {"timestamp": "Sat Mar 11 09:02:15 UTC 2017"}
        ],
        [
            {"location": [[
                {"latitude": 64.237903},
                {"longitude": 27.726518}
            ]]},
            {"altitude": 184},
            {"distance_km": 0.94},
            {"speed_kmh": 5.4},
            {"timestamp": "Sat Mar 11 09:02:21 UTC 2017"}
        ],
        [
            {"location": [[
                {"latitude": 64.237991},
                {"longitude": 27.726625}
            ]]},
            {"altitude": 184.5},
            {"distance_km": 0.95},
            {"speed_kmh": 5.4},
            {"timestamp": "Sat Mar 11 09:02:27 UTC 2017"}
        ],
        [
            {"location": [[
                {"latitude": 64.238094},
                {"longitude": 27.726685}
            ]]},
            {"altitude": 181.5},
            {"distance_km": 0.96},
            {"speed_kmh": 0},
            {"timestamp": "Sat Mar 11 09:02:34 UTC 2017"}
        ],
        [
            {"location": [[
                {"latitude": 64.23818},
                {"longitude": 27.726853}
            ]]},
            {"altitude": 178},
            {"distance_km": 0.97},
            {"speed_kmh": 3.6},
            {"timestamp": "Sat Mar 11 09:02:48 UTC 2017"}
        ],
        [
            {"location": [[
                {"latitude": 64.238286},
                {"longitude": 27.726903}
            ]]},
            {"altitude": 172},
            {"distance_km": 0.98},
            {"speed_kmh": 6.3},
            {"timestamp": "Sat Mar 11 09:02:52 UTC 2017"}
        ],
        [
            {"location": [[
                {"latitude": 64.238391},
                {"longitude": 27.726933}
            ]]},
            {"altitude": 170},
            {"distance_km": 0.99},
            {"speed_kmh": 5.4},
            {"timestamp": "Sat Mar 11 09:02:56 UTC 2017"}
        ],
        [
            {"location": [[
                {"latitude": 64.23851},
                {"longitude": 27.726924}
            ]]},
            {"altitude": 169.5},
            {"distance_km": 1.01},
            {"speed_kmh": 4.5},
            {"timestamp": "Sat Mar 11 09:03:02 UTC 2017"}
        ],
        [
            {"location": [[
                {"latitude": 64.238601},
                {"longitude": 27.726933}
            ]]},
            {"altitude": 171},
            {"distance_km": 1.02},
            {"speed_kmh": 4.5},
            {"timestamp": "Sat Mar 11 09:03:08 UTC 2017"}
        ],
        [
            {"location": [[
                {"latitude": 64.238695},
                {"longitude": 27.72706}
            ]]},
            {"altitude": 171.5},
            {"distance_km": 1.03},
            {"speed_kmh": 4.5},
            {"timestamp": "Sat Mar 11 09:03:16 UTC 2017"}
        ],
        [
            {"location": [[
                {"latitude": 64.238753},
                {"longitude": 27.727277}
            ]]},
            {"altitude": 176.5},
            {"distance_km": 1.04},
            {"speed_kmh": 4.5},
            {"timestamp": "Sat Mar 11 09:03:26 UTC 2017"}
        ],
        [
            {"location": [[
                {"latitude": 64.238766},
                {"longitude": 27.727515}
            ]]},
            {"altitude": 178.5},
            {"distance_km": 1.05},
            {"speed_kmh": 4.5},
            {"timestamp": "Sat Mar 11 09:03:34 UTC 2017"}
        ],
        [
            {"location": [[
                {"latitude": 64.238763},
                {"longitude": 27.727733}
            ]]},
            {"altitude": 181.5},
            {"distance_km": 1.06},
            {"speed_kmh": 5.4},
            {"timestamp": "Sat Mar 11 09:03:41 UTC 2017"}
        ],
        [
            {"location": [[
                {"latitude": 64.238811},
                {"longitude": 27.727972}
            ]]},
            {"altitude": 181},
            {"distance_km": 1.08},
            {"speed_kmh": 4.5},
            {"timestamp": "Sat Mar 11 09:03:49 UTC 2017"}
        ],
        [
            {"location": [[
                {"latitude": 64.238835},
                {"longitude": 27.728181}
            ]]},
            {"altitude": 183},
            {"distance_km": 1.09},
            {"speed_kmh": 4.5},
            {"timestamp": "Sat Mar 11 09:03:57 UTC 2017"}
        ],
        [
            {"location": [[
                {"latitude": 64.238893},
                {"longitude": 27.728396}
            ]]},
            {"altitude": 183.5},
            {"distance_km": 1.1},
            {"speed_kmh": 4.5},
            {"timestamp": "Sat Mar 11 09:04:05 UTC 2017"}
        ],
        [
            {"location": [[
                {"latitude": 64.238927},
                {"longitude": 27.728605}
            ]]},
            {"altitude": 179},
            {"distance_km": 1.11},
            {"speed_kmh": 3.6},
            {"timestamp": "Sat Mar 11 09:04:13 UTC 2017"}
        ],
        [
            {"location": [[
                {"latitude": 64.239041},
                {"longitude": 27.728636}
            ]]},
            {"altitude": 176.5},
            {"distance_km": 1.12},
            {"speed_kmh": 3.6},
            {"timestamp": "Sat Mar 11 09:04:21 UTC 2017"}
        ],
        [
            {"location": [[
                {"latitude": 64.239145},
                {"longitude": 27.728701}
            ]]},
            {"altitude": 175.5},
            {"distance_km": 1.14},
            {"speed_kmh": 3.6},
            {"timestamp": "Sat Mar 11 09:04:29 UTC 2017"}
        ],
        [
            {"location": [[
                {"latitude": 64.239248},
                {"longitude": 27.728779}
            ]]},
            {"altitude": 177},
            {"distance_km": 1.15},
            {"speed_kmh": 5.4},
            {"timestamp": "Sat Mar 11 09:04:34 UTC 2017"}
        ],
        [
            {"location": [[
                {"latitude": 64.239352},
                {"longitude": 27.728878}
            ]]},
            {"altitude": 177.5},
            {"distance_km": 1.16},
            {"speed_kmh": 5.4},
            {"timestamp": "Sat Mar 11 09:04:40 UTC 2017"}
        ],
        [
            {"location": [[
                {"latitude": 64.239442},
                {"longitude": 27.728883}
            ]]},
            {"altitude": 179.5},
            {"distance_km": 1.17},
            {"speed_kmh": 0},
            {"timestamp": "Sat Mar 11 09:04:46 UTC 2017"}
        ],
        [
            {"location": [[
                {"latitude": 64.239552},
                {"longitude": 27.728954}
            ]]},
            {"altitude": 181.5},
            {"distance_km": 1.18},
            {"speed_kmh": 3.6},
            {"timestamp": "Sat Mar 11 09:04:56 UTC 2017"}
        ],
        [
            {"location": [[
                {"latitude": 64.239686},
                {"longitude": 27.728963}
            ]]},
            {"altitude": 174.5},
            {"distance_km": 1.2},
            {"speed_kmh": 6.3},
            {"timestamp": "Sat Mar 11 09:05:04 UTC 2017"}
        ],
        [
            {"location": [[
                {"latitude": 64.23978},
                {"longitude": 27.728905}
            ]]},
            {"altitude": 175.5},
            {"distance_km": 1.21},
            {"speed_kmh": 7.2},
            {"timestamp": "Sat Mar 11 09:05:08 UTC 2017"}
        ],
        [
            {"location": [[
                {"latitude": 64.239863},
                {"longitude": 27.729013}
            ]]},
            {"altitude": 178.5},
            {"distance_km": 1.22},
            {"speed_kmh": 3.6},
            {"timestamp": "Sat Mar 11 09:05:16 UTC 2017"}
        ],
        [
            {"location": [[
                {"latitude": 64.239948},
                {"longitude": 27.729155}
            ]]},
            {"altitude": 182},
            {"distance_km": 1.23},
            {"speed_kmh": 3.6},
            {"timestamp": "Sat Mar 11 09:05:26 UTC 2017"}
        ],
        [
            {"location": [[
                {"latitude": 64.240028},
                {"longitude": 27.729312}
            ]]},
            {"altitude": 182.5},
            {"distance_km": 1.24},
            {"speed_kmh": 3.6},
            {"timestamp": "Sat Mar 11 09:05:37 UTC 2017"}
        ],
        [
            {"location": [[
                {"latitude": 64.2401},
                {"longitude": 27.729462}
            ]]},
            {"altitude": 180.5},
            {"distance_km": 1.25},
            {"speed_kmh": 3.6},
            {"timestamp": "Sat Mar 11 09:05:45 UTC 2017"}
        ],
        [
            {"location": [[
                {"latitude": 64.240172},
                {"longitude": 27.729693}
            ]]},
            {"altitude": 180},
            {"distance_km": 1.27},
            {"speed_kmh": 4.5},
            {"timestamp": "Sat Mar 11 09:05:53 UTC 2017"}
        ],
        [
            {"location": [[
                {"latitude": 64.240227},
                {"longitude": 27.729856}
            ]]},
            {"altitude": 182},
            {"distance_km": 1.28},
            {"speed_kmh": 4.5},
            {"timestamp": "Sat Mar 11 09:05:57 UTC 2017"}
        ],
        [
            {"location": [[
                {"latitude": 64.240255},
                {"longitude": 27.730089}
            ]]},
            {"altitude": 178},
            {"distance_km": 1.29},
            {"speed_kmh": 3.6},
            {"timestamp": "Sat Mar 11 09:06:05 UTC 2017"}
        ],
        [
            {"location": [[
                {"latitude": 64.240294},
                {"longitude": 27.730325}
            ]]},
            {"altitude": 181.5},
            {"distance_km": 1.3},
            {"speed_kmh": 4.5},
            {"timestamp": "Sat Mar 11 09:06:15 UTC 2017"}
        ],
        [
            {"location": [[
                {"latitude": 64.240379},
                {"longitude": 27.730423}
            ]]},
            {"altitude": 181.5},
            {"distance_km": 1.31},
            {"speed_kmh": 4.5},
            {"timestamp": "Sat Mar 11 09:06:21 UTC 2017"}
        ],
        [
            {"location": [[
                {"latitude": 64.240474},
                {"longitude": 27.730538}
            ]]},
            {"altitude": 181.5},
            {"distance_km": 1.32},
            {"speed_kmh": 4.5},
            {"timestamp": "Sat Mar 11 09:06:30 UTC 2017"}
        ],
        [
            {"location": [[
                {"latitude": 64.240573},
                {"longitude": 27.730619}
            ]]},
            {"altitude": 183},
            {"distance_km": 1.34},
            {"speed_kmh": 5.4},
            {"timestamp": "Sat Mar 11 09:06:36 UTC 2017"}
        ],
        [
            {"location": [[
                {"latitude": 64.240651},
                {"longitude": 27.730787}
            ]]},
            {"altitude": 183.5},
            {"distance_km": 1.35},
            {"speed_kmh": 4.5},
            {"timestamp": "Sat Mar 11 09:06:44 UTC 2017"}
        ],
        [
            {"location": [[
                {"latitude": 64.240695},
                {"longitude": 27.730967}
            ]]},
            {"altitude": 183},
            {"distance_km": 1.36},
            {"speed_kmh": 4.5},
            {"timestamp": "Sat Mar 11 09:06:50 UTC 2017"}
        ],
        [
            {"location": [[
                {"latitude": 64.240761},
                {"longitude": 27.73111}
            ]]},
            {"altitude": 182},
            {"distance_km": 1.37},
            {"speed_kmh": 4.5},
            {"timestamp": "Sat Mar 11 09:06:56 UTC 2017"}
        ],
        [
            {"location": [[
                {"latitude": 64.240842},
                {"longitude": 27.731232}
            ]]},
            {"altitude": 181},
            {"distance_km": 1.38},
            {"speed_kmh": 4.5},
            {"timestamp": "Sat Mar 11 09:07:02 UTC 2017"}
        ],
        [
            {"location": [[
                {"latitude": 64.240948},
                {"longitude": 27.73136}
            ]]},
            {"altitude": 178.5},
            {"distance_km": 1.39},
            {"speed_kmh": 4.5},
            {"timestamp": "Sat Mar 11 09:07:10 UTC 2017"}
        ],
        [
            {"location": [[
                {"latitude": 64.241037},
                {"longitude": 27.731534}
            ]]},
            {"altitude": 178},
            {"distance_km": 1.4},
            {"speed_kmh": 4.5},
            {"timestamp": "Sat Mar 11 09:07:19 UTC 2017"}
        ],
        [
            {"location": [[
                {"latitude": 64.241131},
                {"longitude": 27.731677}
            ]]},
            {"altitude": 181},
            {"distance_km": 1.42},
            {"speed_kmh": 4.5},
            {"timestamp": "Sat Mar 11 09:07:27 UTC 2017"}
        ],
        [
            {"location": [[
                {"latitude": 64.241219},
                {"longitude": 27.731831}
            ]]},
            {"altitude": 182.5},
            {"distance_km": 1.43},
            {"speed_kmh": 4.5},
            {"timestamp": "Sat Mar 11 09:07:35 UTC 2017"}
        ],
        [
            {"location": [[
                {"latitude": 64.241297},
                {"longitude": 27.732046}
            ]]},
            {"altitude": 183},
            {"distance_km": 1.44},
            {"speed_kmh": 4.5},
            {"timestamp": "Sat Mar 11 09:07:43 UTC 2017"}
        ],
        [
            {"location": [[
                {"latitude": 64.241326},
                {"longitude": 27.732269}
            ]]},
            {"altitude": 186.5},
            {"distance_km": 1.45},
            {"speed_kmh": 4.5},
            {"timestamp": "Sat Mar 11 09:07:51 UTC 2017"}
        ],
        [
            {"location": [[
                {"latitude": 64.241253},
                {"longitude": 27.732424}
            ]]},
            {"altitude": 192.5},
            {"distance_km": 1.46},
            {"speed_kmh": 4.5},
            {"timestamp": "Sat Mar 11 09:08:03 UTC 2017"}
        ],
        [
            {"location": [[
                {"latitude": 64.241163},
                {"longitude": 27.732342}
            ]]},
            {"altitude": 197},
            {"distance_km": 1.48},
            {"speed_kmh": 4.5},
            {"timestamp": "Sat Mar 11 09:08:13 UTC 2017"}
        ],
        [
            {"location": [[
                {"latitude": 64.241066},
                {"longitude": 27.732378}
            ]]},
            {"altitude": 201},
            {"distance_km": 1.49},
            {"speed_kmh": 3.6},
            {"timestamp": "Sat Mar 11 09:08:22 UTC 2017"}
        ],
        [
            {"location": [[
                {"latitude": 64.240973},
                {"longitude": 27.732431}
            ]]},
            {"altitude": 199.5},
            {"distance_km": 1.5},
            {"speed_kmh": 4.5},
            {"timestamp": "Sat Mar 11 09:08:30 UTC 2017"}
        ],
        [
            {"location": [[
                {"latitude": 64.240884},
                {"longitude": 27.73247}
            ]]},
            {"altitude": 200.5},
            {"distance_km": 1.51},
            {"speed_kmh": 4.5},
            {"timestamp": "Sat Mar 11 09:08:38 UTC 2017"}
        ],
        [
            {"location": [[
                {"latitude": 64.240783},
                {"longitude": 27.732496}
            ]]},
            {"altitude": 205},
            {"distance_km": 1.52},
            {"speed_kmh": 6.3},
            {"timestamp": "Sat Mar 11 09:08:44 UTC 2017"}
        ],
        [
            {"location": [[
                {"latitude": 64.240684},
                {"longitude": 27.732501}
            ]]},
            {"altitude": 208},
            {"distance_km": 1.53},
            {"speed_kmh": 5.4},
            {"timestamp": "Sat Mar 11 09:08:50 UTC 2017"}
        ],
        [
            {"location": [[
                {"latitude": 64.240592},
                {"longitude": 27.732602}
            ]]},
            {"altitude": 209.5},
            {"distance_km": 1.54},
            {"speed_kmh": 4.5},
            {"timestamp": "Sat Mar 11 09:08:58 UTC 2017"}
        ],
        [
            {"location": [[
                {"latitude": 64.240476},
                {"longitude": 27.732601}
            ]]},
            {"altitude": 209},
            {"distance_km": 1.55},
            {"speed_kmh": 5.4},
            {"timestamp": "Sat Mar 11 09:09:07 UTC 2017"}
        ],
        [
            {"location": [[
                {"latitude": 64.24038},
                {"longitude": 27.732646}
            ]]},
            {"altitude": 211.5},
            {"distance_km": 1.56},
            {"speed_kmh": 5.4},
            {"timestamp": "Sat Mar 11 09:09:13 UTC 2017"}
        ],
        [
            {"location": [[
                {"latitude": 64.240288},
                {"longitude": 27.732641}
            ]]},
            {"altitude": 210.5},
            {"distance_km": 1.57},
            {"speed_kmh": 4.5},
            {"timestamp": "Sat Mar 11 09:09:19 UTC 2017"}
        ],
        [
            {"location": [[
                {"latitude": 64.240175},
                {"longitude": 27.732668}
            ]]},
            {"altitude": 210},
            {"distance_km": 1.59},
            {"speed_kmh": 3.6},
            {"timestamp": "Sat Mar 11 09:09:27 UTC 2017"}
        ],
        [
            {"location": [[
                {"latitude": 64.240083},
                {"longitude": 27.732749}
            ]]},
            {"altitude": 210.5},
            {"distance_km": 1.6},
            {"speed_kmh": 3.6},
            {"timestamp": "Sat Mar 11 09:09:35 UTC 2017"}
        ],
        [
            {"location": [[
                {"latitude": 64.239971},
                {"longitude": 27.732819}
            ]]},
            {"altitude": 202},
            {"distance_km": 1.61},
            {"speed_kmh": 4.5},
            {"timestamp": "Sat Mar 11 09:09:43 UTC 2017"}
        ],
        [
            {"location": [[
                {"latitude": 64.239871},
                {"longitude": 27.732847}
            ]]},
            {"altitude": 199},
            {"distance_km": 1.62},
            {"speed_kmh": 4.5},
            {"timestamp": "Sat Mar 11 09:09:49 UTC 2017"}
        ],
        [
            {"location": [[
                {"latitude": 64.239776},
                {"longitude": 27.732921}
            ]]},
            {"altitude": 194.5},
            {"distance_km": 1.63},
            {"speed_kmh": 4.5},
            {"timestamp": "Sat Mar 11 09:09:56 UTC 2017"}
        ],
        [
            {"location": [[
                {"latitude": 64.23968},
                {"longitude": 27.732849}
            ]]},
            {"altitude": 196.5},
            {"distance_km": 1.65},
            {"speed_kmh": 4.5},
            {"timestamp": "Sat Mar 11 09:10:04 UTC 2017"}
        ],
        [
            {"location": [[
                {"latitude": 64.239591},
                {"longitude": 27.732821}
            ]]},
            {"altitude": 199},
            {"distance_km": 1.66},
            {"speed_kmh": 5.4},
            {"timestamp": "Sat Mar 11 09:10:10 UTC 2017"}
        ],
        [
            {"location": [[
                {"latitude": 64.239497},
                {"longitude": 27.7328}
            ]]},
            {"altitude": 199.5},
            {"distance_km": 1.67},
            {"speed_kmh": 5.4},
            {"timestamp": "Sat Mar 11 09:10:16 UTC 2017"}
        ],
        [
            {"location": [[
                {"latitude": 64.2394},
                {"longitude": 27.732793}
            ]]},
            {"altitude": 199},
            {"distance_km": 1.68},
            {"speed_kmh": 0},
            {"timestamp": "Sat Mar 11 09:10:24 UTC 2017"}
        ],
        [
            {"location": [[
                {"latitude": 64.2393},
                {"longitude": 27.732741}
            ]]},
            {"altitude": 200},
            {"distance_km": 1.69},
            {"speed_kmh": 3.6},
            {"timestamp": "Sat Mar 11 09:10:34 UTC 2017"}
        ],
        [
            {"location": [[
                {"latitude": 64.239199},
                {"longitude": 27.732668}
            ]]},
            {"altitude": 200},
            {"distance_km": 1.7},
            {"speed_kmh": 4.5},
            {"timestamp": "Sat Mar 11 09:10:40 UTC 2017"}
        ],
        [
            {"location": [[
                {"latitude": 64.239095},
                {"longitude": 27.732613}
            ]]},
            {"altitude": 200},
            {"distance_km": 1.71},
            {"speed_kmh": 4.5},
            {"timestamp": "Sat Mar 11 09:10:46 UTC 2017"}
        ],
        [
            {"location": [[
                {"latitude": 64.238999},
                {"longitude": 27.732621}
            ]]},
            {"altitude": 200},
            {"distance_km": 1.72},
            {"speed_kmh": 4.5},
            {"timestamp": "Sat Mar 11 09:10:53 UTC 2017"}
        ],
        [
            {"location": [[
                {"latitude": 64.238906},
                {"longitude": 27.732656}
            ]]},
            {"altitude": 202},
            {"distance_km": 1.73},
            {"speed_kmh": 4.5},
            {"timestamp": "Sat Mar 11 09:10:59 UTC 2017"}
        ],
        [
            {"location": [[
                {"latitude": 64.238818},
                {"longitude": 27.732721}
            ]]},
            {"altitude": 201},
            {"distance_km": 1.74},
            {"speed_kmh": 4.5},
            {"timestamp": "Sat Mar 11 09:11:05 UTC 2017"}
        ],
        [
            {"location": [[
                {"latitude": 64.238699},
                {"longitude": 27.73273}
            ]]},
            {"altitude": 201.5},
            {"distance_km": 1.76},
            {"speed_kmh": 5.4},
            {"timestamp": "Sat Mar 11 09:11:13 UTC 2017"}
        ],
        [
            {"location": [[
                {"latitude": 64.238582},
                {"longitude": 27.732787}
            ]]},
            {"altitude": 200.5},
            {"distance_km": 1.77},
            {"speed_kmh": 5.4},
            {"timestamp": "Sat Mar 11 09:11:19 UTC 2017"}
        ],
        [
            {"location": [[
                {"latitude": 64.238481},
                {"longitude": 27.732849}
            ]]},
            {"altitude": 196},
            {"distance_km": 1.78},
            {"speed_kmh": 3.6},
            {"timestamp": "Sat Mar 11 09:11:29 UTC 2017"}
        ],
        [
            {"location": [[
                {"latitude": 64.238371},
                {"longitude": 27.732844}
            ]]},
            {"altitude": 193},
            {"distance_km": 1.79},
            {"speed_kmh": 4.5},
            {"timestamp": "Sat Mar 11 09:11:37 UTC 2017"}
        ],
        [
            {"location": [[
                {"latitude": 64.238273},
                {"longitude": 27.732733}
            ]]},
            {"altitude": 192},
            {"distance_km": 1.81},
            {"speed_kmh": 4.5},
            {"timestamp": "Sat Mar 11 09:11:46 UTC 2017"}
        ],
        [
            {"location": [[
                {"latitude": 64.238162},
                {"longitude": 27.732663}
            ]]},
            {"altitude": 189},
            {"distance_km": 1.82},
            {"speed_kmh": 5.4},
            {"timestamp": "Sat Mar 11 09:11:54 UTC 2017"}
        ],
        [
            {"location": [[
                {"latitude": 64.238055},
                {"longitude": 27.732544}
            ]]},
            {"altitude": 192},
            {"distance_km": 1.83},
            {"speed_kmh": 5.4},
            {"timestamp": "Sat Mar 11 09:12:02 UTC 2017"}
        ],
        [
            {"location": [[
                {"latitude": 64.23797},
                {"longitude": 27.732463}
            ]]},
            {"altitude": 193.5},
            {"distance_km": 1.84},
            {"speed_kmh": 5.4},
            {"timestamp": "Sat Mar 11 09:12:08 UTC 2017"}
        ],
        [
            {"location": [[
                {"latitude": 64.23788},
                {"longitude": 27.732365}
            ]]},
            {"altitude": 193},
            {"distance_km": 1.85},
            {"speed_kmh": 5.4},
            {"timestamp": "Sat Mar 11 09:12:14 UTC 2017"}
        ],
        [
            {"location": [[
                {"latitude": 64.237786},
                {"longitude": 27.732264}
            ]]},
            {"altitude": 190.5},
            {"distance_km": 1.86},
            {"speed_kmh": 6.3},
            {"timestamp": "Sat Mar 11 09:12:20 UTC 2017"}
        ],
        [
            {"location": [[
                {"latitude": 64.237697},
                {"longitude": 27.732186}
            ]]},
            {"altitude": 187.5},
            {"distance_km": 1.88},
            {"speed_kmh": 5.4},
            {"timestamp": "Sat Mar 11 09:12:26 UTC 2017"}
        ],
        [
            {"location": [[
                {"latitude": 64.237615},
                {"longitude": 27.732091}
            ]]},
            {"altitude": 189.5},
            {"distance_km": 1.89},
            {"speed_kmh": 5.4},
            {"timestamp": "Sat Mar 11 09:12:33 UTC 2017"}
        ],
        [
            {"location": [[
                {"latitude": 64.237516},
                {"longitude": 27.732045}
            ]]},
            {"altitude": 192.5},
            {"distance_km": 1.9},
            {"speed_kmh": 5.4},
            {"timestamp": "Sat Mar 11 09:12:41 UTC 2017"}
        ],
        [
            {"location": [[
                {"latitude": 64.237413},
                {"longitude": 27.731943}
            ]]},
            {"altitude": 192},
            {"distance_km": 1.91},
            {"speed_kmh": 5.4},
            {"timestamp": "Sat Mar 11 09:12:49 UTC 2017"}
        ],
        [
            {"location": [[
                {"latitude": 64.237325},
                {"longitude": 27.731892}
            ]]},
            {"altitude": 198},
            {"distance_km": 1.92},
            {"speed_kmh": 5.4},
            {"timestamp": "Sat Mar 11 09:12:55 UTC 2017"}
        ],
        [
            {"location": [[
                {"latitude": 64.237223},
                {"longitude": 27.731846}
            ]]},
            {"altitude": 201},
            {"distance_km": 1.93},
            {"speed_kmh": 5.4},
            {"timestamp": "Sat Mar 11 09:13:01 UTC 2017"}
        ],
        [
            {"location": [[
                {"latitude": 64.237109},
                {"longitude": 27.731796}
            ]]},
            {"altitude": 203.5},
            {"distance_km": 1.94},
            {"speed_kmh": 5.4},
            {"timestamp": "Sat Mar 11 09:13:09 UTC 2017"}
        ],
        [
            {"location": [[
                {"latitude": 64.237012},
                {"longitude": 27.731757}
            ]]},
            {"altitude": 206},
            {"distance_km": 1.95},
            {"speed_kmh": 5.4},
            {"timestamp": "Sat Mar 11 09:13:15 UTC 2017"}
        ],
        [
            {"location": [[
                {"latitude": 64.236922},
                {"longitude": 27.731723}
            ]]},
            {"altitude": 207},
            {"distance_km": 1.96},
            {"speed_kmh": 6.3},
            {"timestamp": "Sat Mar 11 09:13:21 UTC 2017"}
        ],
        [
            {"location": [[
                {"latitude": 64.236826},
                {"longitude": 27.731752}
            ]]},
            {"altitude": 206},
            {"distance_km": 1.98},
            {"speed_kmh": 3.6},
            {"timestamp": "Sat Mar 11 09:13:31 UTC 2017"}
        ],
        [
            {"location": [[
                {"latitude": 64.23673},
                {"longitude": 27.731781}
            ]]},
            {"altitude": 203},
            {"distance_km": 1.99},
            {"speed_kmh": 4.5},
            {"timestamp": "Sat Mar 11 09:13:38 UTC 2017"}
        ],
        [
            {"location": [[
                {"latitude": 64.236637},
                {"longitude": 27.73176}
            ]]},
            {"altitude": 206.5},
            {"distance_km": 2},
            {"speed_kmh": 4.5},
            {"timestamp": "Sat Mar 11 09:13:44 UTC 2017"}
        ],
        [
            {"location": [[
                {"latitude": 64.236543},
                {"longitude": 27.73174}
            ]]},
            {"altitude": 201.5},
            {"distance_km": 2.01},
            {"speed_kmh": 4.5},
            {"timestamp": "Sat Mar 11 09:13:50 UTC 2017"}
        ],
        [
            {"location": [[
                {"latitude": 64.236445},
                {"longitude": 27.731746}
            ]]},
            {"altitude": 201},
            {"distance_km": 2.02},
            {"speed_kmh": 4.5},
            {"timestamp": "Sat Mar 11 09:13:56 UTC 2017"}
        ],
        [
            {"location": [[
                {"latitude": 64.236337},
                {"longitude": 27.731779}
            ]]},
            {"altitude": 201.5},
            {"distance_km": 2.03},
            {"speed_kmh": 4.5},
            {"timestamp": "Sat Mar 11 09:14:04 UTC 2017"}
        ],
        [
            {"location": [[
                {"latitude": 64.236225},
                {"longitude": 27.731825}
            ]]},
            {"altitude": 201},
            {"distance_km": 2.04},
            {"speed_kmh": 5.4},
            {"timestamp": "Sat Mar 11 09:14:12 UTC 2017"}
        ],
        [
            {"location": [[
                {"latitude": 64.236099},
                {"longitude": 27.731845}
            ]]},
            {"altitude": 193},
            {"distance_km": 2.06},
            {"speed_kmh": 7.2},
            {"timestamp": "Sat Mar 11 09:14:29 UTC 2017"}
        ],
        [
            {"location": [[
                {"latitude": 64.235977},
                {"longitude": 27.731811}
            ]]},
            {"altitude": 195.5},
            {"distance_km": 2.07},
            {"speed_kmh": 4.5},
            {"timestamp": "Sat Mar 11 09:14:37 UTC 2017"}
        ],
        [
            {"location": [[
                {"latitude": 64.235877},
                {"longitude": 27.731765}
            ]]},
            {"altitude": 192},
            {"distance_km": 2.08},
            {"speed_kmh": 4.5},
            {"timestamp": "Sat Mar 11 09:14:43 UTC 2017"}
        ],
        [
            {"location": [[
                {"latitude": 64.235766},
                {"longitude": 27.731753}
            ]]},
            {"altitude": 189.5},
            {"distance_km": 2.09},
            {"speed_kmh": 4.5},
            {"timestamp": "Sat Mar 11 09:14:49 UTC 2017"}
        ],
        [
            {"location": [[
                {"latitude": 64.235665},
                {"longitude": 27.731729}
            ]]},
            {"altitude": 189},
            {"distance_km": 2.11},
            {"speed_kmh": 4.5},
            {"timestamp": "Sat Mar 11 09:14:55 UTC 2017"}
        ],
        [
            {"location": [[
                {"latitude": 64.235568},
                {"longitude": 27.731811}
            ]]},
            {"altitude": 178.5},
            {"distance_km": 2.12},
            {"speed_kmh": 5.4},
            {"timestamp": "Sat Mar 11 09:16:41 UTC 2017"}
        ],
        [
            {"location": [[
                {"latitude": 64.23546},
                {"longitude": 27.731829}
            ]]},
            {"altitude": 179.5},
            {"distance_km": 2.13},
            {"speed_kmh": 5.4},
            {"timestamp": "Sat Mar 11 09:16:47 UTC 2017"}
        ],
        [
            {"location": [[
                {"latitude": 64.23534},
                {"longitude": 27.731786}
            ]]},
            {"altitude": 182},
            {"distance_km": 2.14},
            {"speed_kmh": 5.4},
            {"timestamp": "Sat Mar 11 09:16:53 UTC 2017"}
        ],
        [
            {"location": [[
                {"latitude": 64.235247},
                {"longitude": 27.731763}
            ]]},
            {"altitude": 179},
            {"distance_km": 2.15},
            {"speed_kmh": 5.4},
            {"timestamp": "Sat Mar 11 09:16:59 UTC 2017"}
        ],
        [
            {"location": [[
                {"latitude": 64.235141},
                {"longitude": 27.73178}
            ]]},
            {"altitude": 177.5},
            {"distance_km": 2.16},
            {"speed_kmh": 4.5},
            {"timestamp": "Sat Mar 11 09:17:07 UTC 2017"}
        ],
        [
            {"location": [[
                {"latitude": 64.235029},
                {"longitude": 27.731774}
            ]]},
            {"altitude": 176.5},
            {"distance_km": 2.18},
            {"speed_kmh": 4.5},
            {"timestamp": "Sat Mar 11 09:17:15 UTC 2017"}
        ],
        [
            {"location": [[
                {"latitude": 64.234918},
                {"longitude": 27.73181}
            ]]},
            {"altitude": 173},
            {"distance_km": 2.19},
            {"speed_kmh": 4.5},
            {"timestamp": "Sat Mar 11 09:17:23 UTC 2017"}
        ],
        [
            {"location": [[
                {"latitude": 64.234817},
                {"longitude": 27.731847}
            ]]},
            {"altitude": 171},
            {"distance_km": 2.2},
            {"speed_kmh": 4.5},
            {"timestamp": "Sat Mar 11 09:17:31 UTC 2017"}
        ],
        [
            {"location": [[
                {"latitude": 64.234731},
                {"longitude": 27.731931}
            ]]},
            {"altitude": 171},
            {"distance_km": 2.21},
            {"speed_kmh": 2.7},
            {"timestamp": "Sat Mar 11 09:17:42 UTC 2017"}
        ],
        [
            {"location": [[
                {"latitude": 64.234613},
                {"longitude": 27.731944}
            ]]},
            {"altitude": 170},
            {"distance_km": 2.22},
            {"speed_kmh": 5.4},
            {"timestamp": "Sat Mar 11 09:17:50 UTC 2017"}
        ],
        [
            {"location": [[
                {"latitude": 64.234481},
                {"longitude": 27.731917}
            ]]},
            {"altitude": 170.5},
            {"distance_km": 2.24},
            {"speed_kmh": 6.3},
            {"timestamp": "Sat Mar 11 09:17:56 UTC 2017"}
        ],
        [
            {"location": [[
                {"latitude": 64.234373},
                {"longitude": 27.731939}
            ]]},
            {"altitude": 167},
            {"distance_km": 2.25},
            {"speed_kmh": 5.4},
            {"timestamp": "Sat Mar 11 09:18:02 UTC 2017"}
        ],
        [
            {"location": [[
                {"latitude": 64.234256},
                {"longitude": 27.731957}
            ]]},
            {"altitude": 168.5},
            {"distance_km": 2.26},
            {"speed_kmh": 5.4},
            {"timestamp": "Sat Mar 11 09:18:10 UTC 2017"}
        ],
        [
            {"location": [[
                {"latitude": 64.234135},
                {"longitude": 27.731955}
            ]]},
            {"altitude": 167},
            {"distance_km": 2.28},
            {"speed_kmh": 7.2},
            {"timestamp": "Sat Mar 11 09:18:16 UTC 2017"}
        ],
        [
            {"location": [[
                {"latitude": 64.234031},
                {"longitude": 27.732026}
            ]]},
            {"altitude": 168},
            {"distance_km": 2.29},
            {"speed_kmh": 6.3},
            {"timestamp": "Sat Mar 11 09:18:22 UTC 2017"}
        ],
        [
            {"location": [[
                {"latitude": 64.233938},
                {"longitude": 27.732071}
            ]]},
            {"altitude": 171.5},
            {"distance_km": 2.3},
            {"speed_kmh": 5.4},
            {"timestamp": "Sat Mar 11 09:18:28 UTC 2017"}
        ],
        [
            {"location": [[
                {"latitude": 64.233848},
                {"longitude": 27.732143}
            ]]},
            {"altitude": 172.5},
            {"distance_km": 2.31},
            {"speed_kmh": 5.4},
            {"timestamp": "Sat Mar 11 09:18:35 UTC 2017"}
        ],
        [
            {"location": [[
                {"latitude": 64.233751},
                {"longitude": 27.732181}
            ]]},
            {"altitude": 170.5},
            {"distance_km": 2.32},
            {"speed_kmh": 5.4},
            {"timestamp": "Sat Mar 11 09:18:41 UTC 2017"}
        ],
        [
            {"location": [[
                {"latitude": 64.23367},
                {"longitude": 27.732273}
            ]]},
            {"altitude": 175},
            {"distance_km": 2.33},
            {"speed_kmh": 5.4},
            {"timestamp": "Sat Mar 11 09:18:47 UTC 2017"}
        ],
        [
            {"location": [[
                {"latitude": 64.233594},
                {"longitude": 27.732391}
            ]]},
            {"altitude": 176},
            {"distance_km": 2.34},
            {"speed_kmh": 4.5},
            {"timestamp": "Sat Mar 11 09:18:55 UTC 2017"}
        ],
        [
            {"location": [[
                {"latitude": 64.233492},
                {"longitude": 27.732518}
            ]]},
            {"altitude": 180.5},
            {"distance_km": 2.36},
            {"speed_kmh": 5.4},
            {"timestamp": "Sat Mar 11 09:19:03 UTC 2017"}
        ],
        [
            {"location": [[
                {"latitude": 64.233413},
                {"longitude": 27.73262}
            ]]},
            {"altitude": 180.5},
            {"distance_km": 2.37},
            {"speed_kmh": 4.5},
            {"timestamp": "Sat Mar 11 09:19:09 UTC 2017"}
        ],
        [
            {"location": [[
                {"latitude": 64.233309},
                {"longitude": 27.732726}
            ]]},
            {"altitude": 183.5},
            {"distance_km": 2.38},
            {"speed_kmh": 5.4},
            {"timestamp": "Sat Mar 11 09:19:17 UTC 2017"}
        ],
        [
            {"location": [[
                {"latitude": 64.233203},
                {"longitude": 27.732791}
            ]]},
            {"altitude": 184},
            {"distance_km": 2.39},
            {"speed_kmh": 6.3},
            {"timestamp": "Sat Mar 11 09:19:23 UTC 2017"}
        ],
        [
            {"location": [[
                {"latitude": 64.233118},
                {"longitude": 27.73292}
            ]]},
            {"altitude": 180},
            {"distance_km": 2.4},
            {"speed_kmh": 4.5},
            {"timestamp": "Sat Mar 11 09:19:32 UTC 2017"}
        ],
        [
            {"location": [[
                {"latitude": 64.233037},
                {"longitude": 27.733037}
            ]]},
            {"altitude": 177.5},
            {"distance_km": 2.41},
            {"speed_kmh": 4.5},
            {"timestamp": "Sat Mar 11 09:19:38 UTC 2017"}
        ],
        [
            {"location": [[
                {"latitude": 64.232945},
                {"longitude": 27.733006}
            ]]},
            {"altitude": 167},
            {"distance_km": 2.42},
            {"speed_kmh": 4.5},
            {"timestamp": "Sat Mar 11 09:19:48 UTC 2017"}
        ],
        [
            {"location": [[
                {"latitude": 64.232845},
                {"longitude": 27.733075}
            ]]},
            {"altitude": 166},
            {"distance_km": 2.43},
            {"speed_kmh": 4.5},
            {"timestamp": "Sat Mar 11 09:19:58 UTC 2017"}
        ],
        [
            {"location": [[
                {"latitude": 64.232749},
                {"longitude": 27.733063}
            ]]},
            {"altitude": 165},
            {"distance_km": 2.45},
            {"speed_kmh": 4.5},
            {"timestamp": "Sat Mar 11 09:20:04 UTC 2017"}
        ],
        [
            {"location": [[
                {"latitude": 64.232773},
                {"longitude": 27.73284}
            ]]},
            {"altitude": 156.5},
            {"distance_km": 2.46},
            {"speed_kmh": 5.4},
            {"timestamp": "Sat Mar 11 09:20:14 UTC 2017"}
        ],
        [
            {"location": [[
                {"latitude": 64.232823},
                {"longitude": 27.732632}
            ]]},
            {"altitude": 160},
            {"distance_km": 2.47},
            {"speed_kmh": 5.4},
            {"timestamp": "Sat Mar 11 09:20:22 UTC 2017"}
        ],
        [
            {"location": [[
                {"latitude": 64.232876},
                {"longitude": 27.7324}
            ]]},
            {"altitude": 159.5},
            {"distance_km": 2.48},
            {"speed_kmh": 5.4},
            {"timestamp": "Sat Mar 11 09:20:31 UTC 2017"}
        ],
        [
            {"location": [[
                {"latitude": 64.232886},
                {"longitude": 27.732193}
            ]]},
            {"altitude": 157.5},
            {"distance_km": 2.49},
            {"speed_kmh": 5.4},
            {"timestamp": "Sat Mar 11 09:20:37 UTC 2017"}
        ],
        [
            {"location": [[
                {"latitude": 64.232915},
                {"longitude": 27.731907}
            ]]},
            {"altitude": 157.5},
            {"distance_km": 2.5},
            {"speed_kmh": 5.4},
            {"timestamp": "Sat Mar 11 09:20:45 UTC 2017"}
        ],
        [
            {"location": [[
                {"latitude": 64.232919},
                {"longitude": 27.731672}
            ]]},
            {"altitude": 157.5},
            {"distance_km": 2.52},
            {"speed_kmh": 5.4},
            {"timestamp": "Sat Mar 11 09:20:51 UTC 2017"}
        ],
        [
            {"location": [[
                {"latitude": 64.232892},
                {"longitude": 27.731438}
            ]]},
            {"altitude": 159.5},
            {"distance_km": 2.53},
            {"speed_kmh": 3.6},
            {"timestamp": "Sat Mar 11 09:20:59 UTC 2017"}
        ],
        [
            {"location": [[
                {"latitude": 64.232807},
                {"longitude": 27.731323}
            ]]},
            {"altitude": 162},
            {"distance_km": 2.54},
            {"speed_kmh": 3.6},
            {"timestamp": "Sat Mar 11 09:21:09 UTC 2017"}
        ],
        [
            {"location": [[
                {"latitude": 64.232702},
                {"longitude": 27.73118}
            ]]},
            {"altitude": 163},
            {"distance_km": 2.55},
            {"speed_kmh": 6.3},
            {"timestamp": "Sat Mar 11 09:21:34 UTC 2017"}
        ],
        [
            {"location": [[
                {"latitude": 64.232603},
                {"longitude": 27.731156}
            ]]},
            {"altitude": 162.5},
            {"distance_km": 2.56},
            {"speed_kmh": 6.3},
            {"timestamp": "Sat Mar 11 09:21:40 UTC 2017"}
        ],
        [
            {"location": [[
                {"latitude": 64.232495},
                {"longitude": 27.73107}
            ]]},
            {"altitude": 161.5},
            {"distance_km": 2.58},
            {"speed_kmh": 5.4},
            {"timestamp": "Sat Mar 11 09:21:48 UTC 2017"}
        ],
        [
            {"location": [[
                {"latitude": 64.232391},
                {"longitude": 27.730935}
            ]]},
            {"altitude": 159},
            {"distance_km": 2.59},
            {"speed_kmh": 5.4},
            {"timestamp": "Sat Mar 11 09:21:56 UTC 2017"}
        ],
        [
            {"location": [[
                {"latitude": 64.232302},
                {"longitude": 27.730833}
            ]]},
            {"altitude": 157.5},
            {"distance_km": 2.6},
            {"speed_kmh": 5.4},
            {"timestamp": "Sat Mar 11 09:22:02 UTC 2017"}
        ],
        [
            {"location": [[
                {"latitude": 64.23222},
                {"longitude": 27.730711}
            ]]},
            {"altitude": 156},
            {"distance_km": 2.61},
            {"speed_kmh": 5.4},
            {"timestamp": "Sat Mar 11 09:22:08 UTC 2017"}
        ],
        [
            {"location": [[
                {"latitude": 64.232117},
                {"longitude": 27.730584}
            ]]},
            {"altitude": 156},
            {"distance_km": 2.62},
            {"speed_kmh": 5.4},
            {"timestamp": "Sat Mar 11 09:22:16 UTC 2017"}
        ],
        [
            {"location": [[
                {"latitude": 64.232028},
                {"longitude": 27.730476}
            ]]},
            {"altitude": 152},
            {"distance_km": 2.64},
            {"speed_kmh": 5.4},
            {"timestamp": "Sat Mar 11 09:22:23 UTC 2017"}
        ],
        [
            {"location": [[
                {"latitude": 64.231943},
                {"longitude": 27.73038}
            ]]},
            {"altitude": 153},
            {"distance_km": 2.65},
            {"speed_kmh": 5.4},
            {"timestamp": "Sat Mar 11 09:22:31 UTC 2017"}
        ],
        [
            {"location": [[
                {"latitude": 64.231861},
                {"longitude": 27.730262}
            ]]},
            {"altitude": 150.5},
            {"distance_km": 2.66},
            {"speed_kmh": 5.4},
            {"timestamp": "Sat Mar 11 09:22:37 UTC 2017"}
        ],
        [
            {"location": [[
                {"latitude": 64.231775},
                {"longitude": 27.730109}
            ]]},
            {"altitude": 155.5},
            {"distance_km": 2.67},
            {"speed_kmh": 4.5},
            {"timestamp": "Sat Mar 11 09:22:47 UTC 2017"}
        ],
        [
            {"location": [[
                {"latitude": 64.231745},
                {"longitude": 27.729883}
            ]]},
            {"altitude": 153.5},
            {"distance_km": 2.68},
            {"speed_kmh": 5.4},
            {"timestamp": "Sat Mar 11 09:22:55 UTC 2017"}
        ],
        [
            {"location": [[
                {"latitude": 64.23177},
                {"longitude": 27.729684}
            ]]},
            {"altitude": 151},
            {"distance_km": 2.69},
            {"speed_kmh": 0},
            {"timestamp": "Sat Mar 11 09:23:16 UTC 2017"}
        ],
        [
            {"location": [[
                {"latitude": 64.231813},
                {"longitude": 27.72961}
            ]]},
            {"altitude": 151.5},
            {"distance_km": 2.69},
            {"speed_kmh": 0},
            {"timestamp": "Sat Mar 11 09:23:59 UTC 2017"}
        ],
        [
            {"location": [[
                {"latitude": 64.231813},
                {"longitude": 27.72961}
            ]]},
            {"altitude": 151.5},
            {"distance_km": 2.69},
            {"speed_kmh": 0},
            {"timestamp": "Sat Mar 11 09:23:59 UTC 2017"}
        ]
    ]}
]