[
    {"sport": "WALKING"},
    {"source": "TRACK_MOBILE"},
    {"created_date": "2017-02-14 16:26:50.0"},
    {"start_time": "2017-02-14 16:25:49.0"},
    {"end_time": "2017-02-14 16:55:57.0"},
    {"duration_s": 1807},
    {"distance_km": 2.28},
    {"calories_kcal": 166.619},
    {"altitude_min_m": 134},
    {"altitude_max_m": 198.5},
    {"speed_avg_kmh": 4.542335362479247},
    {"speed_max_kmh": 8.1},
    {"ascend_m": 76.5},
    {"descend_m": 109.5},
    {"points": [
        [
            {"location": [[
                {"latitude": 64.231584},
                {"longitude": 27.729603}
            ]]},
            {"distance_km": 0},
            {"timestamp": "Tue Feb 14 16:25:49 UTC 2017"}
        ],
        [
            {"location": [[
                {"latitude": 64.231584},
                {"longitude": 27.729603}
            ]]},
            {"altitude": 186},
            {"distance_km": 0},
            {"speed_kmh": 1.8},
            {"timestamp": "Tue Feb 14 16:26:35 UTC 2017"}
        ],
        [
            {"location": [[
                {"latitude": 64.232053},
                {"longitude": 27.729087}
            ]]},
            {"altitude": 134},
            {"distance_km": 0.06},
            {"speed_kmh": 0},
            {"timestamp": "Tue Feb 14 16:26:39 UTC 2017"}
        ],
        [
            {"location": [[
                {"latitude": 64.231951},
                {"longitude": 27.729247}
            ]]},
            {"altitude": 137.5},
            {"distance_km": 0.07},
            {"speed_kmh": 0},
            {"timestamp": "Tue Feb 14 16:26:41 UTC 2017"}
        ],
        [
            {"location": [[
                {"latitude": 64.23187},
                {"longitude": 27.729396}
            ]]},
            {"altitude": 144.5},
            {"distance_km": 0.08},
            {"speed_kmh": 0},
            {"timestamp": "Tue Feb 14 16:26:43 UTC 2017"}
        ],
        [
            {"location": [[
                {"latitude": 64.231824},
                {"longitude": 27.729587}
            ]]},
            {"altitude": 138.5},
            {"distance_km": 0.09},
            {"speed_kmh": 2.7},
            {"timestamp": "Tue Feb 14 16:27:05 UTC 2017"}
        ],
        [
            {"location": [[
                {"latitude": 64.23172},
                {"longitude": 27.729563}
            ]]},
            {"altitude": 139.5},
            {"distance_km": 0.11},
            {"speed_kmh": 7.2},
            {"timestamp": "Tue Feb 14 16:27:09 UTC 2017"}
        ],
        [
            {"location": [[
                {"latitude": 64.231656},
                {"longitude": 27.729776}
            ]]},
            {"altitude": 142},
            {"distance_km": 0.12},
            {"speed_kmh": 3.6},
            {"timestamp": "Tue Feb 14 16:27:17 UTC 2017"}
        ],
        [
            {"location": [[
                {"latitude": 64.231698},
                {"longitude": 27.729962}
            ]]},
            {"altitude": 142.5},
            {"distance_km": 0.13},
            {"speed_kmh": 3.6},
            {"timestamp": "Tue Feb 14 16:27:27 UTC 2017"}
        ],
        [
            {"location": [[
                {"latitude": 64.231748},
                {"longitude": 27.730167}
            ]]},
            {"altitude": 141},
            {"distance_km": 0.14},
            {"speed_kmh": 6.3},
            {"timestamp": "Tue Feb 14 16:27:33 UTC 2017"}
        ],
        [
            {"location": [[
                {"latitude": 64.23179},
                {"longitude": 27.730383}
            ]]},
            {"altitude": 145},
            {"distance_km": 0.15},
            {"speed_kmh": 5.4},
            {"timestamp": "Tue Feb 14 16:27:39 UTC 2017"}
        ],
        [
            {"location": [[
                {"latitude": 64.231861},
                {"longitude": 27.730527}
            ]]},
            {"altitude": 149},
            {"distance_km": 0.16},
            {"speed_kmh": 5.4},
            {"timestamp": "Tue Feb 14 16:27:45 UTC 2017"}
        ],
        [
            {"location": [[
                {"latitude": 64.231918},
                {"longitude": 27.730706}
            ]]},
            {"altitude": 152},
            {"distance_km": 0.17},
            {"speed_kmh": 3.6},
            {"timestamp": "Tue Feb 14 16:27:56 UTC 2017"}
        ],
        [
            {"location": [[
                {"latitude": 64.231999},
                {"longitude": 27.730838}
            ]]},
            {"altitude": 152},
            {"distance_km": 0.18},
            {"speed_kmh": 2.7},
            {"timestamp": "Tue Feb 14 16:28:05 UTC 2017"}
        ],
        [
            {"location": [[
                {"latitude": 64.232058},
                {"longitude": 27.731014}
            ]]},
            {"altitude": 153.5},
            {"distance_km": 0.19},
            {"speed_kmh": 6.3},
            {"timestamp": "Tue Feb 14 16:28:11 UTC 2017"}
        ],
        [
            {"location": [[
                {"latitude": 64.232144},
                {"longitude": 27.731119}
            ]]},
            {"altitude": 154},
            {"distance_km": 0.2},
            {"speed_kmh": 5.4},
            {"timestamp": "Tue Feb 14 16:28:17 UTC 2017"}
        ],
        [
            {"location": [[
                {"latitude": 64.232229},
                {"longitude": 27.731213}
            ]]},
            {"altitude": 157},
            {"distance_km": 0.22},
            {"speed_kmh": 5.4},
            {"timestamp": "Tue Feb 14 16:28:23 UTC 2017"}
        ],
        [
            {"location": [[
                {"latitude": 64.232307},
                {"longitude": 27.731392}
            ]]},
            {"altitude": 153.5},
            {"distance_km": 0.23},
            {"speed_kmh": 5.4},
            {"timestamp": "Tue Feb 14 16:28:31 UTC 2017"}
        ],
        [
            {"location": [[
                {"latitude": 64.232387},
                {"longitude": 27.731498}
            ]]},
            {"altitude": 154.5},
            {"distance_km": 0.24},
            {"speed_kmh": 5.4},
            {"timestamp": "Tue Feb 14 16:28:37 UTC 2017"}
        ],
        [
            {"location": [[
                {"latitude": 64.23248},
                {"longitude": 27.731597}
            ]]},
            {"altitude": 155.5},
            {"distance_km": 0.25},
            {"speed_kmh": 5.4},
            {"timestamp": "Tue Feb 14 16:28:45 UTC 2017"}
        ],
        [
            {"location": [[
                {"latitude": 64.232581},
                {"longitude": 27.731682}
            ]]},
            {"altitude": 155.5},
            {"distance_km": 0.26},
            {"speed_kmh": 5.4},
            {"timestamp": "Tue Feb 14 16:28:53 UTC 2017"}
        ],
        [
            {"location": [[
                {"latitude": 64.232682},
                {"longitude": 27.731737}
            ]]},
            {"altitude": 156.5},
            {"distance_km": 0.27},
            {"speed_kmh": 5.4},
            {"timestamp": "Tue Feb 14 16:28:59 UTC 2017"}
        ],
        [
            {"location": [[
                {"latitude": 64.232769},
                {"longitude": 27.731844}
            ]]},
            {"altitude": 157.5},
            {"distance_km": 0.28},
            {"speed_kmh": 3.6},
            {"timestamp": "Tue Feb 14 16:29:07 UTC 2017"}
        ],
        [
            {"location": [[
                {"latitude": 64.232747},
                {"longitude": 27.732087}
            ]]},
            {"altitude": 157},
            {"distance_km": 0.3},
            {"speed_kmh": 5.4},
            {"timestamp": "Tue Feb 14 16:29:19 UTC 2017"}
        ],
        [
            {"location": [[
                {"latitude": 64.232735},
                {"longitude": 27.732295}
            ]]},
            {"altitude": 156},
            {"distance_km": 0.31},
            {"speed_kmh": 4.5},
            {"timestamp": "Tue Feb 14 16:29:27 UTC 2017"}
        ],
        [
            {"location": [[
                {"latitude": 64.232744},
                {"longitude": 27.732505}
            ]]},
            {"altitude": 155},
            {"distance_km": 0.32},
            {"speed_kmh": 4.5},
            {"timestamp": "Tue Feb 14 16:29:35 UTC 2017"}
        ],
        [
            {"location": [[
                {"latitude": 64.232715},
                {"longitude": 27.732725}
            ]]},
            {"altitude": 157},
            {"distance_km": 0.33},
            {"speed_kmh": 4.5},
            {"timestamp": "Tue Feb 14 16:29:44 UTC 2017"}
        ],
        [
            {"location": [[
                {"latitude": 64.232705},
                {"longitude": 27.732959}
            ]]},
            {"altitude": 154.5},
            {"distance_km": 0.34},
            {"speed_kmh": 4.5},
            {"timestamp": "Tue Feb 14 16:29:54 UTC 2017"}
        ],
        [
            {"location": [[
                {"latitude": 64.232666},
                {"longitude": 27.733187}
            ]]},
            {"altitude": 156.5},
            {"distance_km": 0.35},
            {"speed_kmh": 5.4},
            {"timestamp": "Tue Feb 14 16:30:00 UTC 2017"}
        ],
        [
            {"location": [[
                {"latitude": 64.232757},
                {"longitude": 27.733248}
            ]]},
            {"altitude": 155.5},
            {"distance_km": 0.36},
            {"speed_kmh": 4.5},
            {"timestamp": "Tue Feb 14 16:30:07 UTC 2017"}
        ],
        [
            {"location": [[
                {"latitude": 64.232867},
                {"longitude": 27.733285}
            ]]},
            {"altitude": 156},
            {"distance_km": 0.37},
            {"speed_kmh": 5.4},
            {"timestamp": "Tue Feb 14 16:30:15 UTC 2017"}
        ],
        [
            {"location": [[
                {"latitude": 64.232976},
                {"longitude": 27.73338}
            ]]},
            {"altitude": 160.5},
            {"distance_km": 0.39},
            {"speed_kmh": 5.4},
            {"timestamp": "Tue Feb 14 16:30:23 UTC 2017"}
        ],
        [
            {"location": [[
                {"latitude": 64.233054},
                {"longitude": 27.733501}
            ]]},
            {"altitude": 164},
            {"distance_km": 0.4},
            {"speed_kmh": 3.6},
            {"timestamp": "Tue Feb 14 16:30:31 UTC 2017"}
        ],
        [
            {"location": [[
                {"latitude": 64.233129},
                {"longitude": 27.733385}
            ]]},
            {"altitude": 168.5},
            {"distance_km": 0.41},
            {"speed_kmh": 3.6},
            {"timestamp": "Tue Feb 14 16:31:05 UTC 2017"}
        ],
        [
            {"location": [[
                {"latitude": 64.233224},
                {"longitude": 27.733283}
            ]]},
            {"altitude": 169},
            {"distance_km": 0.42},
            {"speed_kmh": 3.6},
            {"timestamp": "Tue Feb 14 16:31:11 UTC 2017"}
        ],
        [
            {"location": [[
                {"latitude": 64.233322},
                {"longitude": 27.733206}
            ]]},
            {"altitude": 170.5},
            {"distance_km": 0.43},
            {"speed_kmh": 3.6},
            {"timestamp": "Tue Feb 14 16:31:17 UTC 2017"}
        ],
        [
            {"location": [[
                {"latitude": 64.23341},
                {"longitude": 27.733152}
            ]]},
            {"altitude": 170.5},
            {"distance_km": 0.44},
            {"speed_kmh": 3.6},
            {"timestamp": "Tue Feb 14 16:31:23 UTC 2017"}
        ],
        [
            {"location": [[
                {"latitude": 64.233516},
                {"longitude": 27.733042}
            ]]},
            {"altitude": 170.5},
            {"distance_km": 0.45},
            {"speed_kmh": 3.6},
            {"timestamp": "Tue Feb 14 16:31:33 UTC 2017"}
        ],
        [
            {"location": [[
                {"latitude": 64.2336},
                {"longitude": 27.732961}
            ]]},
            {"altitude": 171},
            {"distance_km": 0.46},
            {"speed_kmh": 3.6},
            {"timestamp": "Tue Feb 14 16:31:40 UTC 2017"}
        ],
        [
            {"location": [[
                {"latitude": 64.233693},
                {"longitude": 27.73281}
            ]]},
            {"altitude": 174},
            {"distance_km": 0.48},
            {"speed_kmh": 3.6},
            {"timestamp": "Tue Feb 14 16:31:48 UTC 2017"}
        ],
        [
            {"location": [[
                {"latitude": 64.233777},
                {"longitude": 27.732652}
            ]]},
            {"altitude": 176.5},
            {"distance_km": 0.49},
            {"speed_kmh": 3.6},
            {"timestamp": "Tue Feb 14 16:31:56 UTC 2017"}
        ],
        [
            {"location": [[
                {"latitude": 64.233872},
                {"longitude": 27.732627}
            ]]},
            {"altitude": 176.5},
            {"distance_km": 0.5},
            {"speed_kmh": 2.7},
            {"timestamp": "Tue Feb 14 16:32:04 UTC 2017"}
        ],
        [
            {"location": [[
                {"latitude": 64.233958},
                {"longitude": 27.732545}
            ]]},
            {"altitude": 178.5},
            {"distance_km": 0.51},
            {"speed_kmh": 1.8},
            {"timestamp": "Tue Feb 14 16:32:17 UTC 2017"}
        ],
        [
            {"location": [[
                {"latitude": 64.23406},
                {"longitude": 27.7325}
            ]]},
            {"altitude": 182.5},
            {"distance_km": 0.52},
            {"speed_kmh": 1.8},
            {"timestamp": "Tue Feb 14 16:32:25 UTC 2017"}
        ],
        [
            {"location": [[
                {"latitude": 64.234163},
                {"longitude": 27.732455}
            ]]},
            {"altitude": 187},
            {"distance_km": 0.53},
            {"speed_kmh": 2.7},
            {"timestamp": "Tue Feb 14 16:32:33 UTC 2017"}
        ],
        [
            {"location": [[
                {"latitude": 64.234277},
                {"longitude": 27.732415}
            ]]},
            {"altitude": 186},
            {"distance_km": 0.54},
            {"speed_kmh": 6.3},
            {"timestamp": "Tue Feb 14 16:32:37 UTC 2017"}
        ],
        [
            {"location": [[
                {"latitude": 64.234368},
                {"longitude": 27.732381}
            ]]},
            {"altitude": 186},
            {"distance_km": 0.56},
            {"speed_kmh": 3.6},
            {"timestamp": "Tue Feb 14 16:32:43 UTC 2017"}
        ],
        [
            {"location": [[
                {"latitude": 64.234465},
                {"longitude": 27.732374}
            ]]},
            {"altitude": 183},
            {"distance_km": 0.57},
            {"speed_kmh": 3.6},
            {"timestamp": "Tue Feb 14 16:32:53 UTC 2017"}
        ],
        [
            {"location": [[
                {"latitude": 64.234572},
                {"longitude": 27.732333}
            ]]},
            {"altitude": 182.5},
            {"distance_km": 0.58},
            {"speed_kmh": 5.4},
            {"timestamp": "Tue Feb 14 16:32:59 UTC 2017"}
        ],
        [
            {"location": [[
                {"latitude": 64.23468},
                {"longitude": 27.732342}
            ]]},
            {"altitude": 183.5},
            {"distance_km": 0.59},
            {"speed_kmh": 4.5},
            {"timestamp": "Tue Feb 14 16:33:07 UTC 2017"}
        ],
        [
            {"location": [[
                {"latitude": 64.234772},
                {"longitude": 27.732352}
            ]]},
            {"altitude": 185},
            {"distance_km": 0.6},
            {"speed_kmh": 2.7},
            {"timestamp": "Tue Feb 14 16:33:15 UTC 2017"}
        ],
        [
            {"location": [[
                {"latitude": 64.234867},
                {"longitude": 27.732383}
            ]]},
            {"altitude": 188},
            {"distance_km": 0.61},
            {"speed_kmh": 0.9},
            {"timestamp": "Tue Feb 14 16:33:23 UTC 2017"}
        ],
        [
            {"location": [[
                {"latitude": 64.234986},
                {"longitude": 27.732349}
            ]]},
            {"altitude": 189.5},
            {"distance_km": 0.62},
            {"speed_kmh": 4.5},
            {"timestamp": "Tue Feb 14 16:33:33 UTC 2017"}
        ],
        [
            {"location": [[
                {"latitude": 64.235082},
                {"longitude": 27.732378}
            ]]},
            {"altitude": 191},
            {"distance_km": 0.64},
            {"speed_kmh": 3.6},
            {"timestamp": "Tue Feb 14 16:33:40 UTC 2017"}
        ],
        [
            {"location": [[
                {"latitude": 64.235175},
                {"longitude": 27.732305}
            ]]},
            {"altitude": 191.5},
            {"distance_km": 0.65},
            {"speed_kmh": 6.3},
            {"timestamp": "Tue Feb 14 16:33:46 UTC 2017"}
        ],
        [
            {"location": [[
                {"latitude": 64.235294},
                {"longitude": 27.732227}
            ]]},
            {"altitude": 195},
            {"distance_km": 0.66},
            {"speed_kmh": 6.3},
            {"timestamp": "Tue Feb 14 16:33:52 UTC 2017"}
        ],
        [
            {"location": [[
                {"latitude": 64.235386},
                {"longitude": 27.732242}
            ]]},
            {"altitude": 195.5},
            {"distance_km": 0.67},
            {"speed_kmh": 3.6},
            {"timestamp": "Tue Feb 14 16:34:01 UTC 2017"}
        ],
        [
            {"location": [[
                {"latitude": 64.235479},
                {"longitude": 27.732254}
            ]]},
            {"altitude": 190.5},
            {"distance_km": 0.68},
            {"speed_kmh": 1.8},
            {"timestamp": "Tue Feb 14 16:34:09 UTC 2017"}
        ],
        [
            {"location": [[
                {"latitude": 64.235591},
                {"longitude": 27.732227}
            ]]},
            {"altitude": 193},
            {"distance_km": 0.69},
            {"speed_kmh": 4.5},
            {"timestamp": "Tue Feb 14 16:34:15 UTC 2017"}
        ],
        [
            {"location": [[
                {"latitude": 64.235703},
                {"longitude": 27.7322}
            ]]},
            {"altitude": 196},
            {"distance_km": 0.71},
            {"speed_kmh": 4.5},
            {"timestamp": "Tue Feb 14 16:34:23 UTC 2017"}
        ],
        [
            {"location": [[
                {"latitude": 64.235794},
                {"longitude": 27.732247}
            ]]},
            {"altitude": 198.5},
            {"distance_km": 0.72},
            {"speed_kmh": 0},
            {"timestamp": "Tue Feb 14 16:34:43 UTC 2017"}
        ],
        [
            {"location": [[
                {"latitude": 64.235885},
                {"longitude": 27.732253}
            ]]},
            {"altitude": 198.5},
            {"distance_km": 0.73},
            {"speed_kmh": 1.8},
            {"timestamp": "Tue Feb 14 16:34:55 UTC 2017"}
        ],
        [
            {"location": [[
                {"latitude": 64.235995},
                {"longitude": 27.732161}
            ]]},
            {"altitude": 192.5},
            {"distance_km": 0.74},
            {"speed_kmh": 0},
            {"timestamp": "Tue Feb 14 16:35:01 UTC 2017"}
        ],
        [
            {"location": [[
                {"latitude": 64.236094},
                {"longitude": 27.732149}
            ]]},
            {"altitude": 194},
            {"distance_km": 0.75},
            {"speed_kmh": 2.7},
            {"timestamp": "Tue Feb 14 16:35:13 UTC 2017"}
        ],
        [
            {"location": [[
                {"latitude": 64.236195},
                {"longitude": 27.732162}
            ]]},
            {"altitude": 193.5},
            {"distance_km": 0.76},
            {"speed_kmh": 2.7},
            {"timestamp": "Tue Feb 14 16:35:21 UTC 2017"}
        ],
        [
            {"location": [[
                {"latitude": 64.236305},
                {"longitude": 27.73213}
            ]]},
            {"altitude": 192.5},
            {"distance_km": 0.77},
            {"speed_kmh": 5.4},
            {"timestamp": "Tue Feb 14 16:35:27 UTC 2017"}
        ],
        [
            {"location": [[
                {"latitude": 64.236398},
                {"longitude": 27.732109}
            ]]},
            {"altitude": 190.5},
            {"distance_km": 0.78},
            {"speed_kmh": 4.5},
            {"timestamp": "Tue Feb 14 16:35:34 UTC 2017"}
        ],
        [
            {"location": [[
                {"latitude": 64.236524},
                {"longitude": 27.732093}
            ]]},
            {"altitude": 189.5},
            {"distance_km": 0.8},
            {"speed_kmh": 5.4},
            {"timestamp": "Tue Feb 14 16:35:40 UTC 2017"}
        ],
        [
            {"location": [[
                {"latitude": 64.236629},
                {"longitude": 27.7321}
            ]]},
            {"altitude": 192.5},
            {"distance_km": 0.81},
            {"speed_kmh": 4.5},
            {"timestamp": "Tue Feb 14 16:35:46 UTC 2017"}
        ],
        [
            {"location": [[
                {"latitude": 64.236748},
                {"longitude": 27.732141}
            ]]},
            {"altitude": 190.5},
            {"distance_km": 0.82},
            {"speed_kmh": 4.5},
            {"timestamp": "Tue Feb 14 16:35:53 UTC 2017"}
        ],
        [
            {"location": [[
                {"latitude": 64.236857},
                {"longitude": 27.732163}
            ]]},
            {"altitude": 189},
            {"distance_km": 0.84},
            {"speed_kmh": 4.5},
            {"timestamp": "Tue Feb 14 16:35:59 UTC 2017"}
        ],
        [
            {"location": [[
                {"latitude": 64.236943},
                {"longitude": 27.73224}
            ]]},
            {"altitude": 189},
            {"distance_km": 0.85},
            {"speed_kmh": 4.5},
            {"timestamp": "Tue Feb 14 16:36:05 UTC 2017"}
        ],
        [
            {"location": [[
                {"latitude": 64.237052},
                {"longitude": 27.732254}
            ]]},
            {"altitude": 189},
            {"distance_km": 0.86},
            {"speed_kmh": 3.6},
            {"timestamp": "Tue Feb 14 16:36:13 UTC 2017"}
        ],
        [
            {"location": [[
                {"latitude": 64.237156},
                {"longitude": 27.732313}
            ]]},
            {"altitude": 189},
            {"distance_km": 0.87},
            {"speed_kmh": 3.6},
            {"timestamp": "Tue Feb 14 16:36:21 UTC 2017"}
        ],
        [
            {"location": [[
                {"latitude": 64.237239},
                {"longitude": 27.732399}
            ]]},
            {"altitude": 188},
            {"distance_km": 0.88},
            {"speed_kmh": 3.6},
            {"timestamp": "Tue Feb 14 16:36:29 UTC 2017"}
        ],
        [
            {"location": [[
                {"latitude": 64.237345},
                {"longitude": 27.73244}
            ]]},
            {"altitude": 189},
            {"distance_km": 0.89},
            {"speed_kmh": 3.6},
            {"timestamp": "Tue Feb 14 16:36:37 UTC 2017"}
        ],
        [
            {"location": [[
                {"latitude": 64.23744},
                {"longitude": 27.732493}
            ]]},
            {"altitude": 190},
            {"distance_km": 0.9},
            {"speed_kmh": 3.6},
            {"timestamp": "Tue Feb 14 16:36:43 UTC 2017"}
        ],
        [
            {"location": [[
                {"latitude": 64.237543},
                {"longitude": 27.732507}
            ]]},
            {"altitude": 187},
            {"distance_km": 0.91},
            {"speed_kmh": 2.7},
            {"timestamp": "Tue Feb 14 16:37:03 UTC 2017"}
        ],
        [
            {"location": [[
                {"latitude": 64.237643},
                {"longitude": 27.732584}
            ]]},
            {"altitude": 183},
            {"distance_km": 0.93},
            {"speed_kmh": 3.6},
            {"timestamp": "Tue Feb 14 16:37:11 UTC 2017"}
        ],
        [
            {"location": [[
                {"latitude": 64.237745},
                {"longitude": 27.732637}
            ]]},
            {"altitude": 183},
            {"distance_km": 0.94},
            {"speed_kmh": 3.6},
            {"timestamp": "Tue Feb 14 16:37:19 UTC 2017"}
        ],
        [
            {"location": [[
                {"latitude": 64.237858},
                {"longitude": 27.732715}
            ]]},
            {"altitude": 185},
            {"distance_km": 0.95},
            {"speed_kmh": 3.6},
            {"timestamp": "Tue Feb 14 16:37:27 UTC 2017"}
        ],
        [
            {"location": [[
                {"latitude": 64.237952},
                {"longitude": 27.732802}
            ]]},
            {"altitude": 184.5},
            {"distance_km": 0.96},
            {"speed_kmh": 5.4},
            {"timestamp": "Tue Feb 14 16:37:34 UTC 2017"}
        ],
        [
            {"location": [[
                {"latitude": 64.238036},
                {"longitude": 27.732879}
            ]]},
            {"altitude": 182.5},
            {"distance_km": 0.97},
            {"speed_kmh": 4.5},
            {"timestamp": "Tue Feb 14 16:37:40 UTC 2017"}
        ],
        [
            {"location": [[
                {"latitude": 64.238136},
                {"longitude": 27.732923}
            ]]},
            {"altitude": 184.5},
            {"distance_km": 0.98},
            {"speed_kmh": 4.5},
            {"timestamp": "Tue Feb 14 16:37:48 UTC 2017"}
        ],
        [
            {"location": [[
                {"latitude": 64.238228},
                {"longitude": 27.733023}
            ]]},
            {"altitude": 183},
            {"distance_km": 0.99},
            {"speed_kmh": 4.5},
            {"timestamp": "Tue Feb 14 16:37:56 UTC 2017"}
        ],
        [
            {"location": [[
                {"latitude": 64.238266},
                {"longitude": 27.733224}
            ]]},
            {"altitude": 181.5},
            {"distance_km": 1.01},
            {"speed_kmh": 4.5},
            {"timestamp": "Tue Feb 14 16:38:03 UTC 2017"}
        ],
        [
            {"location": [[
                {"latitude": 64.23818},
                {"longitude": 27.733318}
            ]]},
            {"altitude": 182.5},
            {"distance_km": 1.02},
            {"speed_kmh": 3.6},
            {"timestamp": "Tue Feb 14 16:38:35 UTC 2017"}
        ],
        [
            {"location": [[
                {"latitude": 64.238073},
                {"longitude": 27.733297}
            ]]},
            {"altitude": 186},
            {"distance_km": 1.03},
            {"speed_kmh": 3.6},
            {"timestamp": "Tue Feb 14 16:38:55 UTC 2017"}
        ],
        [
            {"location": [[
                {"latitude": 64.237983},
                {"longitude": 27.733341}
            ]]},
            {"altitude": 184},
            {"distance_km": 1.04},
            {"speed_kmh": 3.6},
            {"timestamp": "Tue Feb 14 16:39:01 UTC 2017"}
        ],
        [
            {"location": [[
                {"latitude": 64.237884},
                {"longitude": 27.733375}
            ]]},
            {"altitude": 186},
            {"distance_km": 1.05},
            {"speed_kmh": 3.6},
            {"timestamp": "Tue Feb 14 16:39:09 UTC 2017"}
        ],
        [
            {"location": [[
                {"latitude": 64.237788},
                {"longitude": 27.733401}
            ]]},
            {"altitude": 189},
            {"distance_km": 1.06},
            {"speed_kmh": 3.6},
            {"timestamp": "Tue Feb 14 16:39:15 UTC 2017"}
        ],
        [
            {"location": [[
                {"latitude": 64.237696},
                {"longitude": 27.733454}
            ]]},
            {"altitude": 187.5},
            {"distance_km": 1.07},
            {"speed_kmh": 3.6},
            {"timestamp": "Tue Feb 14 16:39:22 UTC 2017"}
        ],
        [
            {"location": [[
                {"latitude": 64.237592},
                {"longitude": 27.733497}
            ]]},
            {"altitude": 189.5},
            {"distance_km": 1.08},
            {"speed_kmh": 3.6},
            {"timestamp": "Tue Feb 14 16:39:30 UTC 2017"}
        ],
        [
            {"location": [[
                {"latitude": 64.237499},
                {"longitude": 27.733574}
            ]]},
            {"altitude": 191},
            {"distance_km": 1.09},
            {"speed_kmh": 3.6},
            {"timestamp": "Tue Feb 14 16:39:36 UTC 2017"}
        ],
        [
            {"location": [[
                {"latitude": 64.237382},
                {"longitude": 27.733625}
            ]]},
            {"altitude": 194},
            {"distance_km": 1.11},
            {"speed_kmh": 3.6},
            {"timestamp": "Tue Feb 14 16:39:43 UTC 2017"}
        ],
        [
            {"location": [[
                {"latitude": 64.237281},
                {"longitude": 27.733682}
            ]]},
            {"altitude": 195.5},
            {"distance_km": 1.12},
            {"speed_kmh": 3.6},
            {"timestamp": "Tue Feb 14 16:39:49 UTC 2017"}
        ],
        [
            {"location": [[
                {"latitude": 64.237193},
                {"longitude": 27.733737}
            ]]},
            {"altitude": 196.5},
            {"distance_km": 1.13},
            {"speed_kmh": 2.7},
            {"timestamp": "Tue Feb 14 16:39:55 UTC 2017"}
        ],
        [
            {"location": [[
                {"latitude": 64.237104},
                {"longitude": 27.733799}
            ]]},
            {"altitude": 196},
            {"distance_km": 1.14},
            {"speed_kmh": 4.5},
            {"timestamp": "Tue Feb 14 16:40:01 UTC 2017"}
        ],
        [
            {"location": [[
                {"latitude": 64.236998},
                {"longitude": 27.733895}
            ]]},
            {"altitude": 195.5},
            {"distance_km": 1.15},
            {"speed_kmh": 5.4},
            {"timestamp": "Tue Feb 14 16:40:07 UTC 2017"}
        ],
        [
            {"location": [[
                {"latitude": 64.236903},
                {"longitude": 27.73397}
            ]]},
            {"altitude": 196},
            {"distance_km": 1.16},
            {"speed_kmh": 4.5},
            {"timestamp": "Tue Feb 14 16:40:13 UTC 2017"}
        ],
        [
            {"location": [[
                {"latitude": 64.236814},
                {"longitude": 27.734052}
            ]]},
            {"altitude": 196},
            {"distance_km": 1.17},
            {"speed_kmh": 5.4},
            {"timestamp": "Tue Feb 14 16:40:19 UTC 2017"}
        ],
        [
            {"location": [[
                {"latitude": 64.236718},
                {"longitude": 27.734152}
            ]]},
            {"altitude": 197.5},
            {"distance_km": 1.18},
            {"speed_kmh": 4.5},
            {"timestamp": "Tue Feb 14 16:40:25 UTC 2017"}
        ],
        [
            {"location": [[
                {"latitude": 64.236627},
                {"longitude": 27.734281}
            ]]},
            {"altitude": 195},
            {"distance_km": 1.2},
            {"speed_kmh": 0},
            {"timestamp": "Tue Feb 14 16:40:31 UTC 2017"}
        ],
        [
            {"location": [[
                {"latitude": 64.236538},
                {"longitude": 27.734409}
            ]]},
            {"altitude": 192.5},
            {"distance_km": 1.21},
            {"speed_kmh": 6.3},
            {"timestamp": "Tue Feb 14 16:40:37 UTC 2017"}
        ],
        [
            {"location": [[
                {"latitude": 64.236454},
                {"longitude": 27.734577}
            ]]},
            {"altitude": 191},
            {"distance_km": 1.22},
            {"speed_kmh": 4.5},
            {"timestamp": "Tue Feb 14 16:40:45 UTC 2017"}
        ],
        [
            {"location": [[
                {"latitude": 64.236383},
                {"longitude": 27.734752}
            ]]},
            {"altitude": 188.5},
            {"distance_km": 1.23},
            {"speed_kmh": 4.5},
            {"timestamp": "Tue Feb 14 16:40:53 UTC 2017"}
        ],
        [
            {"location": [[
                {"latitude": 64.236308},
                {"longitude": 27.734898}
            ]]},
            {"altitude": 187.5},
            {"distance_km": 1.24},
            {"speed_kmh": 4.5},
            {"timestamp": "Tue Feb 14 16:40:59 UTC 2017"}
        ],
        [
            {"location": [[
                {"latitude": 64.236234},
                {"longitude": 27.735047}
            ]]},
            {"altitude": 182.5},
            {"distance_km": 1.25},
            {"speed_kmh": 4.5},
            {"timestamp": "Tue Feb 14 16:41:05 UTC 2017"}
        ],
        [
            {"location": [[
                {"latitude": 64.236145},
                {"longitude": 27.735201}
            ]]},
            {"altitude": 180.5},
            {"distance_km": 1.27},
            {"speed_kmh": 4.5},
            {"timestamp": "Tue Feb 14 16:41:11 UTC 2017"}
        ],
        [
            {"location": [[
                {"latitude": 64.236061},
                {"longitude": 27.735355}
            ]]},
            {"altitude": 181},
            {"distance_km": 1.28},
            {"speed_kmh": 4.5},
            {"timestamp": "Tue Feb 14 16:41:17 UTC 2017"}
        ],
        [
            {"location": [[
                {"latitude": 64.235986},
                {"longitude": 27.735509}
            ]]},
            {"altitude": 181},
            {"distance_km": 1.29},
            {"speed_kmh": 3.6},
            {"timestamp": "Tue Feb 14 16:41:26 UTC 2017"}
        ],
        [
            {"location": [[
                {"latitude": 64.235904},
                {"longitude": 27.735596}
            ]]},
            {"altitude": 182},
            {"distance_km": 1.3},
            {"speed_kmh": 4.5},
            {"timestamp": "Tue Feb 14 16:41:32 UTC 2017"}
        ],
        [
            {"location": [[
                {"latitude": 64.235822},
                {"longitude": 27.735722}
            ]]},
            {"altitude": 180},
            {"distance_km": 1.31},
            {"speed_kmh": 4.5},
            {"timestamp": "Tue Feb 14 16:41:38 UTC 2017"}
        ],
        [
            {"location": [[
                {"latitude": 64.235743},
                {"longitude": 27.735847}
            ]]},
            {"altitude": 180.5},
            {"distance_km": 1.32},
            {"speed_kmh": 6.3},
            {"timestamp": "Tue Feb 14 16:41:43 UTC 2017"}
        ],
        [
            {"location": [[
                {"latitude": 64.235674},
                {"longitude": 27.736014}
            ]]},
            {"altitude": 180},
            {"distance_km": 1.33},
            {"speed_kmh": 5.4},
            {"timestamp": "Tue Feb 14 16:41:49 UTC 2017"}
        ],
        [
            {"location": [[
                {"latitude": 64.235601},
                {"longitude": 27.736182}
            ]]},
            {"altitude": 181},
            {"distance_km": 1.34},
            {"speed_kmh": 5.4},
            {"timestamp": "Tue Feb 14 16:41:57 UTC 2017"}
        ],
        [
            {"location": [[
                {"latitude": 64.235547},
                {"longitude": 27.73636}
            ]]},
            {"altitude": 179.5},
            {"distance_km": 1.35},
            {"speed_kmh": 4.5},
            {"timestamp": "Tue Feb 14 16:42:05 UTC 2017"}
        ],
        [
            {"location": [[
                {"latitude": 64.235437},
                {"longitude": 27.7364}
            ]]},
            {"altitude": 178},
            {"distance_km": 1.37},
            {"speed_kmh": 4.5},
            {"timestamp": "Tue Feb 14 16:42:15 UTC 2017"}
        ],
        [
            {"location": [[
                {"latitude": 64.235329},
                {"longitude": 27.736426}
            ]]},
            {"altitude": 180.5},
            {"distance_km": 1.38},
            {"speed_kmh": 4.5},
            {"timestamp": "Tue Feb 14 16:42:21 UTC 2017"}
        ],
        [
            {"location": [[
                {"latitude": 64.235275},
                {"longitude": 27.736611}
            ]]},
            {"altitude": 178},
            {"distance_km": 1.39},
            {"speed_kmh": 4.5},
            {"timestamp": "Tue Feb 14 16:42:29 UTC 2017"}
        ],
        [
            {"location": [[
                {"latitude": 64.235234},
                {"longitude": 27.736799}
            ]]},
            {"altitude": 179},
            {"distance_km": 1.4},
            {"speed_kmh": 4.5},
            {"timestamp": "Tue Feb 14 16:42:35 UTC 2017"}
        ],
        [
            {"location": [[
                {"latitude": 64.23512},
                {"longitude": 27.736818}
            ]]},
            {"altitude": 184},
            {"distance_km": 1.41},
            {"speed_kmh": 4.5},
            {"timestamp": "Tue Feb 14 16:42:43 UTC 2017"}
        ],
        [
            {"location": [[
                {"latitude": 64.235028},
                {"longitude": 27.736691}
            ]]},
            {"altitude": 185.5},
            {"distance_km": 1.42},
            {"speed_kmh": 5.4},
            {"timestamp": "Tue Feb 14 16:42:49 UTC 2017"}
        ],
        [
            {"location": [[
                {"latitude": 64.23494},
                {"longitude": 27.736644}
            ]]},
            {"altitude": 185.5},
            {"distance_km": 1.43},
            {"speed_kmh": 5.4},
            {"timestamp": "Tue Feb 14 16:42:55 UTC 2017"}
        ],
        [
            {"location": [[
                {"latitude": 64.234843},
                {"longitude": 27.736521}
            ]]},
            {"altitude": 188},
            {"distance_km": 1.45},
            {"speed_kmh": 4.5},
            {"timestamp": "Tue Feb 14 16:43:04 UTC 2017"}
        ],
        [
            {"location": [[
                {"latitude": 64.234774},
                {"longitude": 27.736694}
            ]]},
            {"altitude": 187.5},
            {"distance_km": 1.46},
            {"speed_kmh": 2.7},
            {"timestamp": "Tue Feb 14 16:43:19 UTC 2017"}
        ],
        [
            {"location": [[
                {"latitude": 64.234676},
                {"longitude": 27.736717}
            ]]},
            {"altitude": 186},
            {"distance_km": 1.47},
            {"speed_kmh": 2.7},
            {"timestamp": "Tue Feb 14 16:43:37 UTC 2017"}
        ],
        [
            {"location": [[
                {"latitude": 64.234564},
                {"longitude": 27.736671}
            ]]},
            {"altitude": 186.5},
            {"distance_km": 1.48},
            {"speed_kmh": 2.7},
            {"timestamp": "Tue Feb 14 16:43:47 UTC 2017"}
        ],
        [
            {"location": [[
                {"latitude": 64.234475},
                {"longitude": 27.736629}
            ]]},
            {"altitude": 190.5},
            {"distance_km": 1.49},
            {"speed_kmh": 2.7},
            {"timestamp": "Tue Feb 14 16:43:55 UTC 2017"}
        ],
        [
            {"location": [[
                {"latitude": 64.234395},
                {"longitude": 27.736798}
            ]]},
            {"altitude": 191},
            {"distance_km": 1.5},
            {"speed_kmh": 2.7},
            {"timestamp": "Tue Feb 14 16:44:05 UTC 2017"}
        ],
        [
            {"location": [[
                {"latitude": 64.234317},
                {"longitude": 27.736945}
            ]]},
            {"altitude": 188},
            {"distance_km": 1.52},
            {"speed_kmh": 1.8},
            {"timestamp": "Tue Feb 14 16:44:17 UTC 2017"}
        ],
        [
            {"location": [[
                {"latitude": 64.234325},
                {"longitude": 27.737152}
            ]]},
            {"altitude": 183},
            {"distance_km": 1.53},
            {"speed_kmh": 2.7},
            {"timestamp": "Tue Feb 14 16:44:31 UTC 2017"}
        ],
        [
            {"location": [[
                {"latitude": 64.234317},
                {"longitude": 27.737398}
            ]]},
            {"altitude": 183.5},
            {"distance_km": 1.54},
            {"speed_kmh": 2.7},
            {"timestamp": "Tue Feb 14 16:44:40 UTC 2017"}
        ],
        [
            {"location": [[
                {"latitude": 64.234286},
                {"longitude": 27.737629}
            ]]},
            {"altitude": 178.5},
            {"distance_km": 1.55},
            {"speed_kmh": 2.7},
            {"timestamp": "Tue Feb 14 16:44:48 UTC 2017"}
        ],
        [
            {"location": [[
                {"latitude": 64.234238},
                {"longitude": 27.737863}
            ]]},
            {"altitude": 178},
            {"distance_km": 1.56},
            {"speed_kmh": 1.8},
            {"timestamp": "Tue Feb 14 16:44:57 UTC 2017"}
        ],
        [
            {"location": [[
                {"latitude": 64.234167},
                {"longitude": 27.738019}
            ]]},
            {"altitude": 181},
            {"distance_km": 1.57},
            {"speed_kmh": 0},
            {"timestamp": "Tue Feb 14 16:45:09 UTC 2017"}
        ],
        [
            {"location": [[
                {"latitude": 64.234092},
                {"longitude": 27.738135}
            ]]},
            {"altitude": 181},
            {"distance_km": 1.58},
            {"speed_kmh": 0},
            {"timestamp": "Tue Feb 14 16:45:31 UTC 2017"}
        ],
        [
            {"location": [[
                {"latitude": 64.233992},
                {"longitude": 27.738174}
            ]]},
            {"altitude": 184},
            {"distance_km": 1.59},
            {"speed_kmh": 1.8},
            {"timestamp": "Tue Feb 14 16:45:49 UTC 2017"}
        ],
        [
            {"location": [[
                {"latitude": 64.233878},
                {"longitude": 27.738136}
            ]]},
            {"altitude": 182},
            {"distance_km": 1.61},
            {"speed_kmh": 2.7},
            {"timestamp": "Tue Feb 14 16:45:57 UTC 2017"}
        ],
        [
            {"location": [[
                {"latitude": 64.233782},
                {"longitude": 27.738123}
            ]]},
            {"altitude": 184},
            {"distance_km": 1.62},
            {"speed_kmh": 2.7},
            {"timestamp": "Tue Feb 14 16:46:05 UTC 2017"}
        ],
        [
            {"location": [[
                {"latitude": 64.233683},
                {"longitude": 27.738187}
            ]]},
            {"altitude": 185},
            {"distance_km": 1.63},
            {"speed_kmh": 1.8},
            {"timestamp": "Tue Feb 14 16:46:17 UTC 2017"}
        ],
        [
            {"location": [[
                {"latitude": 64.233588},
                {"longitude": 27.738191}
            ]]},
            {"altitude": 182},
            {"distance_km": 1.64},
            {"speed_kmh": 1.8},
            {"timestamp": "Tue Feb 14 16:46:31 UTC 2017"}
        ],
        [
            {"location": [[
                {"latitude": 64.233518},
                {"longitude": 27.738046}
            ]]},
            {"altitude": 186},
            {"distance_km": 1.65},
            {"speed_kmh": 3.6},
            {"timestamp": "Tue Feb 14 16:46:39 UTC 2017"}
        ],
        [
            {"location": [[
                {"latitude": 64.233441},
                {"longitude": 27.737909}
            ]]},
            {"altitude": 188.5},
            {"distance_km": 1.66},
            {"speed_kmh": 4.5},
            {"timestamp": "Tue Feb 14 16:46:45 UTC 2017"}
        ],
        [
            {"location": [[
                {"latitude": 64.233349},
                {"longitude": 27.73784}
            ]]},
            {"altitude": 186.5},
            {"distance_km": 1.67},
            {"speed_kmh": 4.5},
            {"timestamp": "Tue Feb 14 16:46:51 UTC 2017"}
        ],
        [
            {"location": [[
                {"latitude": 64.233234},
                {"longitude": 27.737779}
            ]]},
            {"altitude": 184.5},
            {"distance_km": 1.68},
            {"speed_kmh": 4.5},
            {"timestamp": "Tue Feb 14 16:47:00 UTC 2017"}
        ],
        [
            {"location": [[
                {"latitude": 64.233124},
                {"longitude": 27.73772}
            ]]},
            {"altitude": 182.5},
            {"distance_km": 1.7},
            {"speed_kmh": 4.5},
            {"timestamp": "Tue Feb 14 16:47:08 UTC 2017"}
        ],
        [
            {"location": [[
                {"latitude": 64.233028},
                {"longitude": 27.737647}
            ]]},
            {"altitude": 183.5},
            {"distance_km": 1.71},
            {"speed_kmh": 4.5},
            {"timestamp": "Tue Feb 14 16:47:15 UTC 2017"}
        ],
        [
            {"location": [[
                {"latitude": 64.232908},
                {"longitude": 27.737571}
            ]]},
            {"altitude": 181.5},
            {"distance_km": 1.72},
            {"speed_kmh": 6.3},
            {"timestamp": "Tue Feb 14 16:47:23 UTC 2017"}
        ],
        [
            {"location": [[
                {"latitude": 64.232813},
                {"longitude": 27.737499}
            ]]},
            {"altitude": 181.5},
            {"distance_km": 1.73},
            {"speed_kmh": 5.4},
            {"timestamp": "Tue Feb 14 16:47:29 UTC 2017"}
        ],
        [
            {"location": [[
                {"latitude": 64.232705},
                {"longitude": 27.737464}
            ]]},
            {"altitude": 182.5},
            {"distance_km": 1.75},
            {"speed_kmh": 3.6},
            {"timestamp": "Tue Feb 14 16:47:39 UTC 2017"}
        ],
        [
            {"location": [[
                {"latitude": 64.232589},
                {"longitude": 27.737334}
            ]]},
            {"altitude": 179.5},
            {"distance_km": 1.76},
            {"speed_kmh": 8.1},
            {"timestamp": "Tue Feb 14 16:47:47 UTC 2017"}
        ],
        [
            {"location": [[
                {"latitude": 64.232492},
                {"longitude": 27.737205}
            ]]},
            {"altitude": 175.5},
            {"distance_km": 1.77},
            {"speed_kmh": 4.5},
            {"timestamp": "Tue Feb 14 16:47:55 UTC 2017"}
        ],
        [
            {"location": [[
                {"latitude": 64.232383},
                {"longitude": 27.737089}
            ]]},
            {"altitude": 179.5},
            {"distance_km": 1.79},
            {"speed_kmh": 6.3},
            {"timestamp": "Tue Feb 14 16:48:01 UTC 2017"}
        ],
        [
            {"location": [[
                {"latitude": 64.23245},
                {"longitude": 27.737227}
            ]]},
            {"altitude": 170.5},
            {"distance_km": 1.8},
            {"speed_kmh": 0},
            {"timestamp": "Tue Feb 14 16:48:13 UTC 2017"}
        ],
        [
            {"location": [[
                {"latitude": 64.232348},
                {"longitude": 27.737095}
            ]]},
            {"altitude": 164.5},
            {"distance_km": 1.81},
            {"speed_kmh": 7.2},
            {"timestamp": "Tue Feb 14 16:48:33 UTC 2017"}
        ],
        [
            {"location": [[
                {"latitude": 64.232239},
                {"longitude": 27.737126}
            ]]},
            {"altitude": 162.5},
            {"distance_km": 1.82},
            {"speed_kmh": 4.5},
            {"timestamp": "Tue Feb 14 16:48:41 UTC 2017"}
        ],
        [
            {"location": [[
                {"latitude": 64.232133},
                {"longitude": 27.737084}
            ]]},
            {"altitude": 163},
            {"distance_km": 1.83},
            {"speed_kmh": 4.5},
            {"timestamp": "Tue Feb 14 16:48:49 UTC 2017"}
        ],
        [
            {"location": [[
                {"latitude": 64.232099},
                {"longitude": 27.736882}
            ]]},
            {"altitude": 159},
            {"distance_km": 1.84},
            {"speed_kmh": 4.5},
            {"timestamp": "Tue Feb 14 16:48:59 UTC 2017"}
        ],
        [
            {"location": [[
                {"latitude": 64.232139},
                {"longitude": 27.73668}
            ]]},
            {"altitude": 158.5},
            {"distance_km": 1.85},
            {"speed_kmh": 4.5},
            {"timestamp": "Tue Feb 14 16:49:10 UTC 2017"}
        ],
        [
            {"location": [[
                {"latitude": 64.232169},
                {"longitude": 27.736434}
            ]]},
            {"altitude": 166},
            {"distance_km": 1.87},
            {"speed_kmh": 4.5},
            {"timestamp": "Tue Feb 14 16:49:19 UTC 2017"}
        ],
        [
            {"location": [[
                {"latitude": 64.232207},
                {"longitude": 27.73622}
            ]]},
            {"altitude": 157},
            {"distance_km": 1.88},
            {"speed_kmh": 4.5},
            {"timestamp": "Tue Feb 14 16:49:29 UTC 2017"}
        ],
        [
            {"location": [[
                {"latitude": 64.232222},
                {"longitude": 27.736004}
            ]]},
            {"altitude": 156},
            {"distance_km": 1.89},
            {"speed_kmh": 4.5},
            {"timestamp": "Tue Feb 14 16:49:37 UTC 2017"}
        ],
        [
            {"location": [[
                {"latitude": 64.232238},
                {"longitude": 27.735781}
            ]]},
            {"altitude": 159.5},
            {"distance_km": 1.9},
            {"speed_kmh": 4.5},
            {"timestamp": "Tue Feb 14 16:49:45 UTC 2017"}
        ],
        [
            {"location": [[
                {"latitude": 64.232207},
                {"longitude": 27.735585}
            ]]},
            {"altitude": 159},
            {"distance_km": 1.91},
            {"speed_kmh": 3.6},
            {"timestamp": "Tue Feb 14 16:50:09 UTC 2017"}
        ],
        [
            {"location": [[
                {"latitude": 64.232191},
                {"longitude": 27.735359}
            ]]},
            {"altitude": 160},
            {"distance_km": 1.92},
            {"speed_kmh": 4.5},
            {"timestamp": "Tue Feb 14 16:50:15 UTC 2017"}
        ],
        [
            {"location": [[
                {"latitude": 64.232192},
                {"longitude": 27.735123}
            ]]},
            {"altitude": 153},
            {"distance_km": 1.93},
            {"speed_kmh": 5.4},
            {"timestamp": "Tue Feb 14 16:50:23 UTC 2017"}
        ],
        [
            {"location": [[
                {"latitude": 64.232219},
                {"longitude": 27.734924}
            ]]},
            {"altitude": 157.5},
            {"distance_km": 1.94},
            {"speed_kmh": 5.4},
            {"timestamp": "Tue Feb 14 16:50:29 UTC 2017"}
        ],
        [
            {"location": [[
                {"latitude": 64.232251},
                {"longitude": 27.734716}
            ]]},
            {"altitude": 157.5},
            {"distance_km": 1.95},
            {"speed_kmh": 4.5},
            {"timestamp": "Tue Feb 14 16:50:35 UTC 2017"}
        ],
        [
            {"location": [[
                {"latitude": 64.232271},
                {"longitude": 27.734507}
            ]]},
            {"altitude": 155.5},
            {"distance_km": 1.96},
            {"speed_kmh": 5.4},
            {"timestamp": "Tue Feb 14 16:50:42 UTC 2017"}
        ],
        [
            {"location": [[
                {"latitude": 64.232246},
                {"longitude": 27.734255}
            ]]},
            {"altitude": 157.5},
            {"distance_km": 1.98},
            {"speed_kmh": 4.5},
            {"timestamp": "Tue Feb 14 16:50:50 UTC 2017"}
        ],
        [
            {"location": [[
                {"latitude": 64.232219},
                {"longitude": 27.73403}
            ]]},
            {"altitude": 160.5},
            {"distance_km": 1.99},
            {"speed_kmh": 4.5},
            {"timestamp": "Tue Feb 14 16:50:59 UTC 2017"}
        ],
        [
            {"location": [[
                {"latitude": 64.232225},
                {"longitude": 27.73377}
            ]]},
            {"altitude": 157.5},
            {"distance_km": 2},
            {"speed_kmh": 4.5},
            {"timestamp": "Tue Feb 14 16:51:07 UTC 2017"}
        ],
        [
            {"location": [[
                {"latitude": 64.232234},
                {"longitude": 27.733558}
            ]]},
            {"altitude": 154.5},
            {"distance_km": 2.01},
            {"speed_kmh": 4.5},
            {"timestamp": "Tue Feb 14 16:51:13 UTC 2017"}
        ],
        [
            {"location": [[
                {"latitude": 64.232315},
                {"longitude": 27.733353}
            ]]},
            {"altitude": 159.5},
            {"distance_km": 2.02},
            {"speed_kmh": 5.4},
            {"timestamp": "Tue Feb 14 16:51:21 UTC 2017"}
        ],
        [
            {"location": [[
                {"latitude": 64.232368},
                {"longitude": 27.733136}
            ]]},
            {"altitude": 155.5},
            {"distance_km": 2.04},
            {"speed_kmh": 5.4},
            {"timestamp": "Tue Feb 14 16:51:29 UTC 2017"}
        ],
        [
            {"location": [[
                {"latitude": 64.232392},
                {"longitude": 27.732937}
            ]]},
            {"altitude": 153.5},
            {"distance_km": 2.05},
            {"speed_kmh": 5.4},
            {"timestamp": "Tue Feb 14 16:51:35 UTC 2017"}
        ],
        [
            {"location": [[
                {"latitude": 64.232446},
                {"longitude": 27.732724}
            ]]},
            {"altitude": 156.5},
            {"distance_km": 2.06},
            {"speed_kmh": 5.4},
            {"timestamp": "Tue Feb 14 16:51:43 UTC 2017"}
        ],
        [
            {"location": [[
                {"latitude": 64.232514},
                {"longitude": 27.732526}
            ]]},
            {"altitude": 158},
            {"distance_km": 2.07},
            {"speed_kmh": 4.5},
            {"timestamp": "Tue Feb 14 16:51:53 UTC 2017"}
        ],
        [
            {"location": [[
                {"latitude": 64.232559},
                {"longitude": 27.732305}
            ]]},
            {"altitude": 157},
            {"distance_km": 2.08},
            {"speed_kmh": 4.5},
            {"timestamp": "Tue Feb 14 16:52:01 UTC 2017"}
        ],
        [
            {"location": [[
                {"latitude": 64.2326},
                {"longitude": 27.732075}
            ]]},
            {"altitude": 156},
            {"distance_km": 2.09},
            {"speed_kmh": 5.4},
            {"timestamp": "Tue Feb 14 16:52:09 UTC 2017"}
        ],
        [
            {"location": [[
                {"latitude": 64.232632},
                {"longitude": 27.731834}
            ]]},
            {"altitude": 155},
            {"distance_km": 2.11},
            {"speed_kmh": 5.4},
            {"timestamp": "Tue Feb 14 16:52:17 UTC 2017"}
        ],
        [
            {"location": [[
                {"latitude": 64.232638},
                {"longitude": 27.731579}
            ]]},
            {"altitude": 160},
            {"distance_km": 2.12},
            {"speed_kmh": 4.5},
            {"timestamp": "Tue Feb 14 16:52:25 UTC 2017"}
        ],
        [
            {"location": [[
                {"latitude": 64.232627},
                {"longitude": 27.731334}
            ]]},
            {"altitude": 160},
            {"distance_km": 2.13},
            {"speed_kmh": 5.4},
            {"timestamp": "Tue Feb 14 16:52:34 UTC 2017"}
        ],
        [
            {"location": [[
                {"latitude": 64.232551},
                {"longitude": 27.731204}
            ]]},
            {"altitude": 158},
            {"distance_km": 2.14},
            {"speed_kmh": 0},
            {"timestamp": "Tue Feb 14 16:52:42 UTC 2017"}
        ],
        [
            {"location": [[
                {"latitude": 64.232451},
                {"longitude": 27.731107}
            ]]},
            {"altitude": 156},
            {"distance_km": 2.15},
            {"speed_kmh": 4.5},
            {"timestamp": "Tue Feb 14 16:52:52 UTC 2017"}
        ],
        [
            {"location": [[
                {"latitude": 64.232353},
                {"longitude": 27.730975}
            ]]},
            {"altitude": 149},
            {"distance_km": 2.16},
            {"speed_kmh": 4.5},
            {"timestamp": "Tue Feb 14 16:52:59 UTC 2017"}
        ],
        [
            {"location": [[
                {"latitude": 64.232278},
                {"longitude": 27.730851}
            ]]},
            {"altitude": 149.5},
            {"distance_km": 2.18},
            {"speed_kmh": 4.5},
            {"timestamp": "Tue Feb 14 16:53:05 UTC 2017"}
        ],
        [
            {"location": [[
                {"latitude": 64.232186},
                {"longitude": 27.7307}
            ]]},
            {"altitude": 151},
            {"distance_km": 2.19},
            {"speed_kmh": 4.5},
            {"timestamp": "Tue Feb 14 16:53:13 UTC 2017"}
        ],
        [
            {"location": [[
                {"latitude": 64.232097},
                {"longitude": 27.730545}
            ]]},
            {"altitude": 152},
            {"distance_km": 2.2},
            {"speed_kmh": 4.5},
            {"timestamp": "Tue Feb 14 16:53:21 UTC 2017"}
        ],
        [
            {"location": [[
                {"latitude": 64.23201},
                {"longitude": 27.730399}
            ]]},
            {"altitude": 151.5},
            {"distance_km": 2.21},
            {"speed_kmh": 4.5},
            {"timestamp": "Tue Feb 14 16:53:29 UTC 2017"}
        ],
        [
            {"location": [[
                {"latitude": 64.231921},
                {"longitude": 27.730267}
            ]]},
            {"altitude": 150.5},
            {"distance_km": 2.22},
            {"speed_kmh": 4.5},
            {"timestamp": "Tue Feb 14 16:53:37 UTC 2017"}
        ],
        [
            {"location": [[
                {"latitude": 64.231854},
                {"longitude": 27.730122}
            ]]},
            {"altitude": 153.5},
            {"distance_km": 2.23},
            {"speed_kmh": 3.6},
            {"timestamp": "Tue Feb 14 16:53:47 UTC 2017"}
        ],
        [
            {"location": [[
                {"latitude": 64.231767},
                {"longitude": 27.729938}
            ]]},
            {"altitude": 151.5},
            {"distance_km": 2.25},
            {"speed_kmh": 5.4},
            {"timestamp": "Tue Feb 14 16:53:55 UTC 2017"}
        ],
        [
            {"location": [[
                {"latitude": 64.231712},
                {"longitude": 27.729757}
            ]]},
            {"altitude": 151.5},
            {"distance_km": 2.26},
            {"speed_kmh": 2.7},
            {"timestamp": "Tue Feb 14 16:54:05 UTC 2017"}
        ],
        [
            {"location": [[
                {"latitude": 64.231712},
                {"longitude": 27.729548}
            ]]},
            {"altitude": 144},
            {"distance_km": 2.27},
            {"speed_kmh": 3.6},
            {"timestamp": "Tue Feb 14 16:54:59 UTC 2017"}
        ],
        [
            {"location": [[
                {"latitude": 64.231804},
                {"longitude": 27.72959}
            ]]},
            {"altitude": 144.5},
            {"distance_km": 2.28},
            {"speed_kmh": 1.8},
            {"timestamp": "Tue Feb 14 16:55:17 UTC 2017"}
        ],
        [
            {"location": [[
                {"latitude": 64.231774},
                {"longitude": 27.729671}
            ]]},
            {"altitude": 148},
            {"distance_km": 2.28},
            {"speed_kmh": 3.6},
            {"timestamp": "Tue Feb 14 16:55:57 UTC 2017"}
        ],
        [
            {"location": [[
                {"latitude": 64.231764},
                {"longitude": 27.729683}
            ]]},
            {"altitude": 147.5},
            {"distance_km": 2.28},
            {"speed_kmh": 3.6},
            {"timestamp": "Tue Feb 14 16:55:58 UTC 2017"}
        ]
    ]}
]