[
    {"sport": "WALKING"},
    {"source": "TRACK_MOBILE"},
    {"created_date": "2017-02-19 10:07:11.0"},
    {"start_time": "2017-02-19 09:28:42.0"},
    {"end_time": "2017-02-19 10:07:55.0"},
    {"duration_s": 2351},
    {"distance_km": 2.3},
    {"calories_kcal": 188.277},
    {"altitude_min_m": 127.5},
    {"altitude_max_m": 166.5},
    {"speed_avg_kmh": 3.5219055720969803},
    {"speed_max_kmh": 6.3},
    {"ascend_m": 71},
    {"descend_m": 66.5},
    {"points": [
        [
            {"location": [[
                {"latitude": 64.231849},
                {"longitude": 27.730415}
            ]]},
            {"altitude": 148},
            {"distance_km": 0},
            {"speed_kmh": 3.6},
            {"timestamp": "Sun Feb 19 09:28:42 UTC 2017"}
        ],
        [
            {"location": [[
                {"latitude": 64.231956},
                {"longitude": 27.73045}
            ]]},
            {"altitude": 153},
            {"distance_km": 0.01},
            {"speed_kmh": 6.3},
            {"timestamp": "Sun Feb 19 09:28:51 UTC 2017"}
        ],
        [
            {"location": [[
                {"latitude": 64.232054},
                {"longitude": 27.730483}
            ]]},
            {"altitude": 160.5},
            {"distance_km": 0.02},
            {"speed_kmh": 0},
            {"timestamp": "Sun Feb 19 09:29:19 UTC 2017"}
        ],
        [
            {"location": [[
                {"latitude": 64.232122},
                {"longitude": 27.730644}
            ]]},
            {"altitude": 156},
            {"distance_km": 0.03},
            {"speed_kmh": 2.7},
            {"timestamp": "Sun Feb 19 09:33:31 UTC 2017"}
        ],
        [
            {"location": [[
                {"latitude": 64.232202},
                {"longitude": 27.7308}
            ]]},
            {"altitude": 155},
            {"distance_km": 0.05},
            {"speed_kmh": 4.5},
            {"timestamp": "Sun Feb 19 09:33:39 UTC 2017"}
        ],
        [
            {"location": [[
                {"latitude": 64.232292},
                {"longitude": 27.730941}
            ]]},
            {"altitude": 156},
            {"distance_km": 0.06},
            {"speed_kmh": 5.4},
            {"timestamp": "Sun Feb 19 09:33:47 UTC 2017"}
        ],
        [
            {"location": [[
                {"latitude": 64.232395},
                {"longitude": 27.73106}
            ]]},
            {"altitude": 157.5},
            {"distance_km": 0.07},
            {"speed_kmh": 5.4},
            {"timestamp": "Sun Feb 19 09:33:55 UTC 2017"}
        ],
        [
            {"location": [[
                {"latitude": 64.232485},
                {"longitude": 27.731229}
            ]]},
            {"altitude": 157},
            {"distance_km": 0.08},
            {"speed_kmh": 5.4},
            {"timestamp": "Sun Feb 19 09:34:03 UTC 2017"}
        ],
        [
            {"location": [[
                {"latitude": 64.232552},
                {"longitude": 27.731409}
            ]]},
            {"altitude": 156.5},
            {"distance_km": 0.09},
            {"speed_kmh": 5.4},
            {"timestamp": "Sun Feb 19 09:34:11 UTC 2017"}
        ],
        [
            {"location": [[
                {"latitude": 64.232559},
                {"longitude": 27.731635}
            ]]},
            {"altitude": 157.5},
            {"distance_km": 0.11},
            {"speed_kmh": 5.4},
            {"timestamp": "Sun Feb 19 09:34:19 UTC 2017"}
        ],
        [
            {"location": [[
                {"latitude": 64.232528},
                {"longitude": 27.731835}
            ]]},
            {"altitude": 157.5},
            {"distance_km": 0.12},
            {"speed_kmh": 5.4},
            {"timestamp": "Sun Feb 19 09:34:26 UTC 2017"}
        ],
        [
            {"location": [[
                {"latitude": 64.232484},
                {"longitude": 27.732071}
            ]]},
            {"altitude": 159},
            {"distance_km": 0.13},
            {"speed_kmh": 5.4},
            {"timestamp": "Sun Feb 19 09:34:34 UTC 2017"}
        ],
        [
            {"location": [[
                {"latitude": 64.232457},
                {"longitude": 27.732319}
            ]]},
            {"altitude": 162.5},
            {"distance_km": 0.14},
            {"speed_kmh": 5.4},
            {"timestamp": "Sun Feb 19 09:34:42 UTC 2017"}
        ],
        [
            {"location": [[
                {"latitude": 64.232422},
                {"longitude": 27.732569}
            ]]},
            {"altitude": 159.5},
            {"distance_km": 0.15},
            {"speed_kmh": 5.4},
            {"timestamp": "Sun Feb 19 09:34:50 UTC 2017"}
        ],
        [
            {"location": [[
                {"latitude": 64.232387},
                {"longitude": 27.73281}
            ]]},
            {"altitude": 157},
            {"distance_km": 0.17},
            {"speed_kmh": 5.4},
            {"timestamp": "Sun Feb 19 09:34:58 UTC 2017"}
        ],
        [
            {"location": [[
                {"latitude": 64.23234},
                {"longitude": 27.733025}
            ]]},
            {"altitude": 156.5},
            {"distance_km": 0.18},
            {"speed_kmh": 3.6},
            {"timestamp": "Sun Feb 19 09:35:08 UTC 2017"}
        ],
        [
            {"location": [[
                {"latitude": 64.232283},
                {"longitude": 27.733226}
            ]]},
            {"altitude": 154},
            {"distance_km": 0.19},
            {"speed_kmh": 2.7},
            {"timestamp": "Sun Feb 19 09:36:30 UTC 2017"}
        ],
        [
            {"location": [[
                {"latitude": 64.232217},
                {"longitude": 27.733415}
            ]]},
            {"altitude": 151.5},
            {"distance_km": 0.2},
            {"speed_kmh": 4.5},
            {"timestamp": "Sun Feb 19 09:36:40 UTC 2017"}
        ],
        [
            {"location": [[
                {"latitude": 64.232185},
                {"longitude": 27.733652}
            ]]},
            {"altitude": 154},
            {"distance_km": 0.21},
            {"speed_kmh": 5.4},
            {"timestamp": "Sun Feb 19 09:36:48 UTC 2017"}
        ],
        [
            {"location": [[
                {"latitude": 64.232181},
                {"longitude": 27.73391}
            ]]},
            {"altitude": 154},
            {"distance_km": 0.23},
            {"speed_kmh": 5.4},
            {"timestamp": "Sun Feb 19 09:36:56 UTC 2017"}
        ],
        [
            {"location": [[
                {"latitude": 64.232235},
                {"longitude": 27.734119}
            ]]},
            {"altitude": 155},
            {"distance_km": 0.24},
            {"speed_kmh": 5.4},
            {"timestamp": "Sun Feb 19 09:37:04 UTC 2017"}
        ],
        [
            {"location": [[
                {"latitude": 64.232266},
                {"longitude": 27.734366}
            ]]},
            {"altitude": 154.5},
            {"distance_km": 0.25},
            {"speed_kmh": 5.4},
            {"timestamp": "Sun Feb 19 09:37:13 UTC 2017"}
        ],
        [
            {"location": [[
                {"latitude": 64.232265},
                {"longitude": 27.734579}
            ]]},
            {"altitude": 154},
            {"distance_km": 0.26},
            {"speed_kmh": 5.4},
            {"timestamp": "Sun Feb 19 09:37:19 UTC 2017"}
        ],
        [
            {"location": [[
                {"latitude": 64.232253},
                {"longitude": 27.734819}
            ]]},
            {"altitude": 151.5},
            {"distance_km": 0.27},
            {"speed_kmh": 5.4},
            {"timestamp": "Sun Feb 19 09:37:27 UTC 2017"}
        ],
        [
            {"location": [[
                {"latitude": 64.23216},
                {"longitude": 27.734843}
            ]]},
            {"altitude": 149.5},
            {"distance_km": 0.28},
            {"speed_kmh": 5.4},
            {"timestamp": "Sun Feb 19 09:37:33 UTC 2017"}
        ],
        [
            {"location": [[
                {"latitude": 64.232058},
                {"longitude": 27.734798}
            ]]},
            {"altitude": 150.5},
            {"distance_km": 0.29},
            {"speed_kmh": 5.4},
            {"timestamp": "Sun Feb 19 09:37:41 UTC 2017"}
        ],
        [
            {"location": [[
                {"latitude": 64.231955},
                {"longitude": 27.734738}
            ]]},
            {"altitude": 154.5},
            {"distance_km": 0.31},
            {"speed_kmh": 4.5},
            {"timestamp": "Sun Feb 19 09:37:49 UTC 2017"}
        ],
        [
            {"location": [[
                {"latitude": 64.231857},
                {"longitude": 27.734802}
            ]]},
            {"altitude": 150.5},
            {"distance_km": 0.32},
            {"speed_kmh": 4.5},
            {"timestamp": "Sun Feb 19 09:38:05 UTC 2017"}
        ],
        [
            {"location": [[
                {"latitude": 64.231796},
                {"longitude": 27.734977}
            ]]},
            {"altitude": 151},
            {"distance_km": 0.33},
            {"speed_kmh": 4.5},
            {"timestamp": "Sun Feb 19 09:38:13 UTC 2017"}
        ],
        [
            {"location": [[
                {"latitude": 64.231706},
                {"longitude": 27.735047}
            ]]},
            {"altitude": 150},
            {"distance_km": 0.34},
            {"speed_kmh": 4.5},
            {"timestamp": "Sun Feb 19 09:38:22 UTC 2017"}
        ],
        [
            {"location": [[
                {"latitude": 64.2316},
                {"longitude": 27.735084}
            ]]},
            {"altitude": 149.5},
            {"distance_km": 0.35},
            {"speed_kmh": 4.5},
            {"timestamp": "Sun Feb 19 09:38:32 UTC 2017"}
        ],
        [
            {"location": [[
                {"latitude": 64.231506},
                {"longitude": 27.735078}
            ]]},
            {"altitude": 150.5},
            {"distance_km": 0.36},
            {"speed_kmh": 4.5},
            {"timestamp": "Sun Feb 19 09:38:40 UTC 2017"}
        ],
        [
            {"location": [[
                {"latitude": 64.231411},
                {"longitude": 27.735058}
            ]]},
            {"altitude": 148.5},
            {"distance_km": 0.37},
            {"speed_kmh": 4.5},
            {"timestamp": "Sun Feb 19 09:38:48 UTC 2017"}
        ],
        [
            {"location": [[
                {"latitude": 64.231351},
                {"longitude": 27.735256}
            ]]},
            {"altitude": 149},
            {"distance_km": 0.38},
            {"speed_kmh": 4.5},
            {"timestamp": "Sun Feb 19 09:38:59 UTC 2017"}
        ],
        [
            {"location": [[
                {"latitude": 64.23132},
                {"longitude": 27.735496}
            ]]},
            {"altitude": 151},
            {"distance_km": 0.4},
            {"speed_kmh": 6.3},
            {"timestamp": "Sun Feb 19 09:39:09 UTC 2017"}
        ],
        [
            {"location": [[
                {"latitude": 64.231276},
                {"longitude": 27.735703}
            ]]},
            {"altitude": 150},
            {"distance_km": 0.41},
            {"speed_kmh": 5.4},
            {"timestamp": "Sun Feb 19 09:39:15 UTC 2017"}
        ],
        [
            {"location": [[
                {"latitude": 64.23121},
                {"longitude": 27.735882}
            ]]},
            {"altitude": 148.5},
            {"distance_km": 0.42},
            {"speed_kmh": 0},
            {"timestamp": "Sun Feb 19 09:39:23 UTC 2017"}
        ],
        [
            {"location": [[
                {"latitude": 64.231139},
                {"longitude": 27.736046}
            ]]},
            {"altitude": 150.5},
            {"distance_km": 0.43},
            {"speed_kmh": 3.6},
            {"timestamp": "Sun Feb 19 09:39:43 UTC 2017"}
        ],
        [
            {"location": [[
                {"latitude": 64.231036},
                {"longitude": 27.736169}
            ]]},
            {"altitude": 152},
            {"distance_km": 0.44},
            {"speed_kmh": 4.5},
            {"timestamp": "Sun Feb 19 09:39:51 UTC 2017"}
        ],
        [
            {"location": [[
                {"latitude": 64.23097},
                {"longitude": 27.736313}
            ]]},
            {"altitude": 147.5},
            {"distance_km": 0.45},
            {"speed_kmh": 4.5},
            {"timestamp": "Sun Feb 19 09:39:58 UTC 2017"}
        ],
        [
            {"location": [[
                {"latitude": 64.230893},
                {"longitude": 27.736447}
            ]]},
            {"altitude": 143.5},
            {"distance_km": 0.46},
            {"speed_kmh": 3.6},
            {"timestamp": "Sun Feb 19 09:40:10 UTC 2017"}
        ],
        [
            {"location": [[
                {"latitude": 64.230764},
                {"longitude": 27.736381}
            ]]},
            {"altitude": 142},
            {"distance_km": 0.48},
            {"speed_kmh": 6.3},
            {"timestamp": "Sun Feb 19 09:40:18 UTC 2017"}
        ],
        [
            {"location": [[
                {"latitude": 64.230681},
                {"longitude": 27.736301}
            ]]},
            {"altitude": 141},
            {"distance_km": 0.49},
            {"speed_kmh": 0},
            {"timestamp": "Sun Feb 19 09:41:01 UTC 2017"}
        ],
        [
            {"location": [[
                {"latitude": 64.230573},
                {"longitude": 27.736386}
            ]]},
            {"altitude": 132},
            {"distance_km": 0.5},
            {"speed_kmh": 3.6},
            {"timestamp": "Sun Feb 19 09:41:19 UTC 2017"}
        ],
        [
            {"location": [[
                {"latitude": 64.230496},
                {"longitude": 27.736534}
            ]]},
            {"altitude": 140.5},
            {"distance_km": 0.51},
            {"speed_kmh": 3.6},
            {"timestamp": "Sun Feb 19 09:41:29 UTC 2017"}
        ],
        [
            {"location": [[
                {"latitude": 64.230452},
                {"longitude": 27.736756}
            ]]},
            {"altitude": 139.5},
            {"distance_km": 0.52},
            {"speed_kmh": 6.3},
            {"timestamp": "Sun Feb 19 09:41:37 UTC 2017"}
        ],
        [
            {"location": [[
                {"latitude": 64.230428},
                {"longitude": 27.736975}
            ]]},
            {"altitude": 139.5},
            {"distance_km": 0.53},
            {"speed_kmh": 5.4},
            {"timestamp": "Sun Feb 19 09:41:44 UTC 2017"}
        ],
        [
            {"location": [[
                {"latitude": 64.230397},
                {"longitude": 27.737201}
            ]]},
            {"altitude": 142},
            {"distance_km": 0.55},
            {"speed_kmh": 5.4},
            {"timestamp": "Sun Feb 19 09:41:52 UTC 2017"}
        ],
        [
            {"location": [[
                {"latitude": 64.230357},
                {"longitude": 27.737428}
            ]]},
            {"altitude": 141.5},
            {"distance_km": 0.56},
            {"speed_kmh": 5.4},
            {"timestamp": "Sun Feb 19 09:42:00 UTC 2017"}
        ],
        [
            {"location": [[
                {"latitude": 64.230282},
                {"longitude": 27.737578}
            ]]},
            {"altitude": 146.5},
            {"distance_km": 0.57},
            {"speed_kmh": 5.4},
            {"timestamp": "Sun Feb 19 09:42:08 UTC 2017"}
        ],
        [
            {"location": [[
                {"latitude": 64.230221},
                {"longitude": 27.737819}
            ]]},
            {"altitude": 143.5},
            {"distance_km": 0.58},
            {"speed_kmh": 4.5},
            {"timestamp": "Sun Feb 19 09:42:21 UTC 2017"}
        ],
        [
            {"location": [[
                {"latitude": 64.23019},
                {"longitude": 27.738033}
            ]]},
            {"altitude": 143.5},
            {"distance_km": 0.59},
            {"speed_kmh": 5.4},
            {"timestamp": "Sun Feb 19 09:42:27 UTC 2017"}
        ],
        [
            {"location": [[
                {"latitude": 64.23015},
                {"longitude": 27.738233}
            ]]},
            {"altitude": 145},
            {"distance_km": 0.6},
            {"speed_kmh": 5.4},
            {"timestamp": "Sun Feb 19 09:42:33 UTC 2017"}
        ],
        [
            {"location": [[
                {"latitude": 64.230118},
                {"longitude": 27.738447}
            ]]},
            {"altitude": 146.5},
            {"distance_km": 0.61},
            {"speed_kmh": 5.4},
            {"timestamp": "Sun Feb 19 09:42:39 UTC 2017"}
        ],
        [
            {"location": [[
                {"latitude": 64.230029},
                {"longitude": 27.738516}
            ]]},
            {"altitude": 146.5},
            {"distance_km": 0.62},
            {"speed_kmh": 5.4},
            {"timestamp": "Sun Feb 19 09:42:47 UTC 2017"}
        ],
        [
            {"location": [[
                {"latitude": 64.229927},
                {"longitude": 27.73851}
            ]]},
            {"altitude": 146.5},
            {"distance_km": 0.64},
            {"speed_kmh": 5.4},
            {"timestamp": "Sun Feb 19 09:42:55 UTC 2017"}
        ],
        [
            {"location": [[
                {"latitude": 64.229833},
                {"longitude": 27.738375}
            ]]},
            {"altitude": 145.5},
            {"distance_km": 0.65},
            {"speed_kmh": 5.4},
            {"timestamp": "Sun Feb 19 09:43:03 UTC 2017"}
        ],
        [
            {"location": [[
                {"latitude": 64.229738},
                {"longitude": 27.738252}
            ]]},
            {"altitude": 143},
            {"distance_km": 0.66},
            {"speed_kmh": 4.5},
            {"timestamp": "Sun Feb 19 09:43:13 UTC 2017"}
        ],
        [
            {"location": [[
                {"latitude": 64.229674},
                {"longitude": 27.738083}
            ]]},
            {"altitude": 145},
            {"distance_km": 0.67},
            {"speed_kmh": 4.5},
            {"timestamp": "Sun Feb 19 09:43:21 UTC 2017"}
        ],
        [
            {"location": [[
                {"latitude": 64.229586},
                {"longitude": 27.737997}
            ]]},
            {"altitude": 144.5},
            {"distance_km": 0.68},
            {"speed_kmh": 4.5},
            {"timestamp": "Sun Feb 19 09:43:29 UTC 2017"}
        ],
        [
            {"location": [[
                {"latitude": 64.229484},
                {"longitude": 27.737894}
            ]]},
            {"altitude": 148},
            {"distance_km": 0.69},
            {"speed_kmh": 4.5},
            {"timestamp": "Sun Feb 19 09:43:38 UTC 2017"}
        ],
        [
            {"location": [[
                {"latitude": 64.22938},
                {"longitude": 27.73784}
            ]]},
            {"altitude": 145.5},
            {"distance_km": 0.71},
            {"speed_kmh": 4.5},
            {"timestamp": "Sun Feb 19 09:43:48 UTC 2017"}
        ],
        [
            {"location": [[
                {"latitude": 64.22929},
                {"longitude": 27.737756}
            ]]},
            {"altitude": 143},
            {"distance_km": 0.72},
            {"speed_kmh": 4.5},
            {"timestamp": "Sun Feb 19 09:43:56 UTC 2017"}
        ],
        [
            {"location": [[
                {"latitude": 64.229201},
                {"longitude": 27.737651}
            ]]},
            {"altitude": 140.5},
            {"distance_km": 0.73},
            {"speed_kmh": 4.5},
            {"timestamp": "Sun Feb 19 09:44:04 UTC 2017"}
        ],
        [
            {"location": [[
                {"latitude": 64.229098},
                {"longitude": 27.737607}
            ]]},
            {"altitude": 140.5},
            {"distance_km": 0.74},
            {"speed_kmh": 4.5},
            {"timestamp": "Sun Feb 19 09:44:13 UTC 2017"}
        ],
        [
            {"location": [[
                {"latitude": 64.229006},
                {"longitude": 27.737542}
            ]]},
            {"altitude": 138},
            {"distance_km": 0.75},
            {"speed_kmh": 4.5},
            {"timestamp": "Sun Feb 19 09:44:27 UTC 2017"}
        ],
        [
            {"location": [[
                {"latitude": 64.228912},
                {"longitude": 27.737431}
            ]]},
            {"altitude": 141},
            {"distance_km": 0.76},
            {"speed_kmh": 4.5},
            {"timestamp": "Sun Feb 19 09:44:33 UTC 2017"}
        ],
        [
            {"location": [[
                {"latitude": 64.228814},
                {"longitude": 27.737413}
            ]]},
            {"altitude": 143.5},
            {"distance_km": 0.77},
            {"speed_kmh": 5.4},
            {"timestamp": "Sun Feb 19 09:44:39 UTC 2017"}
        ],
        [
            {"location": [[
                {"latitude": 64.228723},
                {"longitude": 27.73738}
            ]]},
            {"altitude": 144},
            {"distance_km": 0.78},
            {"speed_kmh": 5.4},
            {"timestamp": "Sun Feb 19 09:44:45 UTC 2017"}
        ],
        [
            {"location": [[
                {"latitude": 64.228619},
                {"longitude": 27.737468}
            ]]},
            {"altitude": 139},
            {"distance_km": 0.8},
            {"speed_kmh": 5.4},
            {"timestamp": "Sun Feb 19 09:44:53 UTC 2017"}
        ],
        [
            {"location": [[
                {"latitude": 64.228511},
                {"longitude": 27.737575}
            ]]},
            {"altitude": 139},
            {"distance_km": 0.81},
            {"speed_kmh": 5.4},
            {"timestamp": "Sun Feb 19 09:45:01 UTC 2017"}
        ],
        [
            {"location": [[
                {"latitude": 64.228428},
                {"longitude": 27.737662}
            ]]},
            {"altitude": 140.5},
            {"distance_km": 0.82},
            {"speed_kmh": 5.4},
            {"timestamp": "Sun Feb 19 09:45:07 UTC 2017"}
        ],
        [
            {"location": [[
                {"latitude": 64.228334},
                {"longitude": 27.737739}
            ]]},
            {"altitude": 143.5},
            {"distance_km": 0.83},
            {"speed_kmh": 5.4},
            {"timestamp": "Sun Feb 19 09:45:15 UTC 2017"}
        ],
        [
            {"location": [[
                {"latitude": 64.228224},
                {"longitude": 27.737765}
            ]]},
            {"altitude": 144.5},
            {"distance_km": 0.84},
            {"speed_kmh": 4.5},
            {"timestamp": "Sun Feb 19 09:45:24 UTC 2017"}
        ],
        [
            {"location": [[
                {"latitude": 64.228121},
                {"longitude": 27.7378}
            ]]},
            {"altitude": 145.5},
            {"distance_km": 0.85},
            {"speed_kmh": 5.4},
            {"timestamp": "Sun Feb 19 09:45:32 UTC 2017"}
        ],
        [
            {"location": [[
                {"latitude": 64.22802},
                {"longitude": 27.737872}
            ]]},
            {"altitude": 145.5},
            {"distance_km": 0.87},
            {"speed_kmh": 4.5},
            {"timestamp": "Sun Feb 19 09:45:40 UTC 2017"}
        ],
        [
            {"location": [[
                {"latitude": 64.227924},
                {"longitude": 27.737987}
            ]]},
            {"altitude": 142},
            {"distance_km": 0.88},
            {"speed_kmh": 5.4},
            {"timestamp": "Sun Feb 19 09:45:48 UTC 2017"}
        ],
        [
            {"location": [[
                {"latitude": 64.227802},
                {"longitude": 27.737992}
            ]]},
            {"altitude": 146.5},
            {"distance_km": 0.89},
            {"speed_kmh": 5.4},
            {"timestamp": "Sun Feb 19 09:45:56 UTC 2017"}
        ],
        [
            {"location": [[
                {"latitude": 64.22769},
                {"longitude": 27.738074}
            ]]},
            {"altitude": 145},
            {"distance_km": 0.9},
            {"speed_kmh": 5.4},
            {"timestamp": "Sun Feb 19 09:46:05 UTC 2017"}
        ],
        [
            {"location": [[
                {"latitude": 64.227593},
                {"longitude": 27.73811}
            ]]},
            {"altitude": 145},
            {"distance_km": 0.92},
            {"speed_kmh": 5.4},
            {"timestamp": "Sun Feb 19 09:46:11 UTC 2017"}
        ],
        [
            {"location": [[
                {"latitude": 64.227493},
                {"longitude": 27.738128}
            ]]},
            {"altitude": 147},
            {"distance_km": 0.93},
            {"speed_kmh": 5.4},
            {"timestamp": "Sun Feb 19 09:46:17 UTC 2017"}
        ],
        [
            {"location": [[
                {"latitude": 64.227398},
                {"longitude": 27.738186}
            ]]},
            {"altitude": 146.5},
            {"distance_km": 0.94},
            {"speed_kmh": 1.8},
            {"timestamp": "Sun Feb 19 09:46:31 UTC 2017"}
        ],
        [
            {"location": [[
                {"latitude": 64.227305},
                {"longitude": 27.738247}
            ]]},
            {"altitude": 147.5},
            {"distance_km": 0.95},
            {"speed_kmh": 3.6},
            {"timestamp": "Sun Feb 19 09:46:39 UTC 2017"}
        ],
        [
            {"location": [[
                {"latitude": 64.227208},
                {"longitude": 27.738359}
            ]]},
            {"altitude": 145.5},
            {"distance_km": 0.96},
            {"speed_kmh": 4.5},
            {"timestamp": "Sun Feb 19 09:46:47 UTC 2017"}
        ],
        [
            {"location": [[
                {"latitude": 64.227093},
                {"longitude": 27.738374}
            ]]},
            {"altitude": 149},
            {"distance_km": 0.97},
            {"speed_kmh": 4.5},
            {"timestamp": "Sun Feb 19 09:46:55 UTC 2017"}
        ],
        [
            {"location": [[
                {"latitude": 64.226986},
                {"longitude": 27.738432}
            ]]},
            {"altitude": 149.5},
            {"distance_km": 0.99},
            {"speed_kmh": 4.5},
            {"timestamp": "Sun Feb 19 09:47:03 UTC 2017"}
        ],
        [
            {"location": [[
                {"latitude": 64.22689},
                {"longitude": 27.738476}
            ]]},
            {"altitude": 153.5},
            {"distance_km": 1},
            {"speed_kmh": 4.5},
            {"timestamp": "Sun Feb 19 09:47:11 UTC 2017"}
        ],
        [
            {"location": [[
                {"latitude": 64.226804},
                {"longitude": 27.7386}
            ]]},
            {"altitude": 153.5},
            {"distance_km": 1.01},
            {"speed_kmh": 3.6},
            {"timestamp": "Sun Feb 19 09:47:21 UTC 2017"}
        ],
        [
            {"location": [[
                {"latitude": 64.226712},
                {"longitude": 27.738633}
            ]]},
            {"altitude": 154.5},
            {"distance_km": 1.02},
            {"speed_kmh": 3.6},
            {"timestamp": "Sun Feb 19 09:47:28 UTC 2017"}
        ],
        [
            {"location": [[
                {"latitude": 64.226624},
                {"longitude": 27.738743}
            ]]},
            {"altitude": 149.5},
            {"distance_km": 1.03},
            {"speed_kmh": 1.8},
            {"timestamp": "Sun Feb 19 09:47:40 UTC 2017"}
        ],
        [
            {"location": [[
                {"latitude": 64.226523},
                {"longitude": 27.738845}
            ]]},
            {"altitude": 149},
            {"distance_km": 1.04},
            {"speed_kmh": 4.5},
            {"timestamp": "Sun Feb 19 09:47:48 UTC 2017"}
        ],
        [
            {"location": [[
                {"latitude": 64.226428},
                {"longitude": 27.738787}
            ]]},
            {"altitude": 146.5},
            {"distance_km": 1.05},
            {"speed_kmh": 3.6},
            {"timestamp": "Sun Feb 19 09:48:01 UTC 2017"}
        ],
        [
            {"location": [[
                {"latitude": 64.226367},
                {"longitude": 27.738575}
            ]]},
            {"altitude": 147},
            {"distance_km": 1.06},
            {"speed_kmh": 5.4},
            {"timestamp": "Sun Feb 19 09:48:09 UTC 2017"}
        ],
        [
            {"location": [[
                {"latitude": 64.22628},
                {"longitude": 27.738428}
            ]]},
            {"altitude": 148},
            {"distance_km": 1.08},
            {"speed_kmh": 4.5},
            {"timestamp": "Sun Feb 19 09:48:17 UTC 2017"}
        ],
        [
            {"location": [[
                {"latitude": 64.226168},
                {"longitude": 27.738394}
            ]]},
            {"altitude": 145.5},
            {"distance_km": 1.09},
            {"speed_kmh": 5.4},
            {"timestamp": "Sun Feb 19 09:48:25 UTC 2017"}
        ],
        [
            {"location": [[
                {"latitude": 64.226055},
                {"longitude": 27.738387}
            ]]},
            {"altitude": 147},
            {"distance_km": 1.1},
            {"speed_kmh": 5.4},
            {"timestamp": "Sun Feb 19 09:48:33 UTC 2017"}
        ],
        [
            {"location": [[
                {"latitude": 64.225974},
                {"longitude": 27.738264}
            ]]},
            {"altitude": 146},
            {"distance_km": 1.11},
            {"speed_kmh": 4.5},
            {"timestamp": "Sun Feb 19 09:48:41 UTC 2017"}
        ],
        [
            {"location": [[
                {"latitude": 64.225909},
                {"longitude": 27.738052}
            ]]},
            {"altitude": 144},
            {"distance_km": 1.13},
            {"speed_kmh": 6.3},
            {"timestamp": "Sun Feb 19 09:48:53 UTC 2017"}
        ],
        [
            {"location": [[
                {"latitude": 64.225838},
                {"longitude": 27.737872}
            ]]},
            {"altitude": 142},
            {"distance_km": 1.14},
            {"speed_kmh": 5.4},
            {"timestamp": "Sun Feb 19 09:49:01 UTC 2017"}
        ],
        [
            {"location": [[
                {"latitude": 64.225779},
                {"longitude": 27.737628}
            ]]},
            {"altitude": 142},
            {"distance_km": 1.15},
            {"speed_kmh": 5.4},
            {"timestamp": "Sun Feb 19 09:49:09 UTC 2017"}
        ],
        [
            {"location": [[
                {"latitude": 64.225729},
                {"longitude": 27.737425}
            ]]},
            {"altitude": 143},
            {"distance_km": 1.16},
            {"speed_kmh": 5.4},
            {"timestamp": "Sun Feb 19 09:49:15 UTC 2017"}
        ],
        [
            {"location": [[
                {"latitude": 64.225681},
                {"longitude": 27.737248}
            ]]},
            {"altitude": 143},
            {"distance_km": 1.17},
            {"speed_kmh": 5.4},
            {"timestamp": "Sun Feb 19 09:49:21 UTC 2017"}
        ],
        [
            {"location": [[
                {"latitude": 64.225627},
                {"longitude": 27.737014}
            ]]},
            {"altitude": 142.5},
            {"distance_km": 1.18},
            {"speed_kmh": 5.4},
            {"timestamp": "Sun Feb 19 09:49:29 UTC 2017"}
        ],
        [
            {"location": [[
                {"latitude": 64.225568},
                {"longitude": 27.73677}
            ]]},
            {"altitude": 141.5},
            {"distance_km": 1.2},
            {"speed_kmh": 5.4},
            {"timestamp": "Sun Feb 19 09:49:37 UTC 2017"}
        ],
        [
            {"location": [[
                {"latitude": 64.225497},
                {"longitude": 27.73652}
            ]]},
            {"altitude": 139},
            {"distance_km": 1.21},
            {"speed_kmh": 5.4},
            {"timestamp": "Sun Feb 19 09:49:46 UTC 2017"}
        ],
        [
            {"location": [[
                {"latitude": 64.225446},
                {"longitude": 27.736307}
            ]]},
            {"altitude": 139},
            {"distance_km": 1.22},
            {"speed_kmh": 5.4},
            {"timestamp": "Sun Feb 19 09:49:54 UTC 2017"}
        ],
        [
            {"location": [[
                {"latitude": 64.225415},
                {"longitude": 27.736087}
            ]]},
            {"altitude": 139.5},
            {"distance_km": 1.24},
            {"speed_kmh": 5.4},
            {"timestamp": "Sun Feb 19 09:50:02 UTC 2017"}
        ],
        [
            {"location": [[
                {"latitude": 64.225448},
                {"longitude": 27.735876}
            ]]},
            {"altitude": 137.5},
            {"distance_km": 1.25},
            {"speed_kmh": 4.5},
            {"timestamp": "Sun Feb 19 09:50:12 UTC 2017"}
        ],
        [
            {"location": [[
                {"latitude": 64.22546},
                {"longitude": 27.735645}
            ]]},
            {"altitude": 135.5},
            {"distance_km": 1.26},
            {"speed_kmh": 4.5},
            {"timestamp": "Sun Feb 19 09:50:21 UTC 2017"}
        ],
        [
            {"location": [[
                {"latitude": 64.225388},
                {"longitude": 27.735461}
            ]]},
            {"altitude": 136.5},
            {"distance_km": 1.27},
            {"speed_kmh": 4.5},
            {"timestamp": "Sun Feb 19 09:50:31 UTC 2017"}
        ],
        [
            {"location": [[
                {"latitude": 64.22533},
                {"longitude": 27.735248}
            ]]},
            {"altitude": 137},
            {"distance_km": 1.28},
            {"speed_kmh": 4.5},
            {"timestamp": "Sun Feb 19 09:50:39 UTC 2017"}
        ],
        [
            {"location": [[
                {"latitude": 64.225282},
                {"longitude": 27.73503}
            ]]},
            {"altitude": 136.5},
            {"distance_km": 1.29},
            {"speed_kmh": 4.5},
            {"timestamp": "Sun Feb 19 09:50:47 UTC 2017"}
        ],
        [
            {"location": [[
                {"latitude": 64.225308},
                {"longitude": 27.734805}
            ]]},
            {"altitude": 140},
            {"distance_km": 1.31},
            {"speed_kmh": 4.5},
            {"timestamp": "Sun Feb 19 09:50:57 UTC 2017"}
        ],
        [
            {"location": [[
                {"latitude": 64.225391},
                {"longitude": 27.734672}
            ]]},
            {"altitude": 141},
            {"distance_km": 1.32},
            {"speed_kmh": 4.5},
            {"timestamp": "Sun Feb 19 09:51:05 UTC 2017"}
        ],
        [
            {"location": [[
                {"latitude": 64.225441},
                {"longitude": 27.734493}
            ]]},
            {"altitude": 141.5},
            {"distance_km": 1.33},
            {"speed_kmh": 1.8},
            {"timestamp": "Sun Feb 19 09:51:17 UTC 2017"}
        ],
        [
            {"location": [[
                {"latitude": 64.225489},
                {"longitude": 27.734311}
            ]]},
            {"altitude": 146},
            {"distance_km": 1.34},
            {"speed_kmh": 3.6},
            {"timestamp": "Sun Feb 19 09:51:25 UTC 2017"}
        ],
        [
            {"location": [[
                {"latitude": 64.225561},
                {"longitude": 27.734096}
            ]]},
            {"altitude": 150},
            {"distance_km": 1.35},
            {"speed_kmh": 4.5},
            {"timestamp": "Sun Feb 19 09:51:33 UTC 2017"}
        ],
        [
            {"location": [[
                {"latitude": 64.225619},
                {"longitude": 27.733912}
            ]]},
            {"altitude": 157.5},
            {"distance_km": 1.36},
            {"speed_kmh": 4.5},
            {"timestamp": "Sun Feb 19 09:51:39 UTC 2017"}
        ],
        [
            {"location": [[
                {"latitude": 64.225692},
                {"longitude": 27.73377}
            ]]},
            {"altitude": 152.5},
            {"distance_km": 1.37},
            {"speed_kmh": 3.6},
            {"timestamp": "Sun Feb 19 09:51:47 UTC 2017"}
        ],
        [
            {"location": [[
                {"latitude": 64.225778},
                {"longitude": 27.7336}
            ]]},
            {"altitude": 152},
            {"distance_km": 1.38},
            {"speed_kmh": 4.5},
            {"timestamp": "Sun Feb 19 09:51:56 UTC 2017"}
        ],
        [
            {"location": [[
                {"latitude": 64.225856},
                {"longitude": 27.733451}
            ]]},
            {"altitude": 155},
            {"distance_km": 1.4},
            {"speed_kmh": 4.5},
            {"timestamp": "Sun Feb 19 09:52:04 UTC 2017"}
        ],
        [
            {"location": [[
                {"latitude": 64.225921},
                {"longitude": 27.733274}
            ]]},
            {"altitude": 161},
            {"distance_km": 1.41},
            {"speed_kmh": 3.6},
            {"timestamp": "Sun Feb 19 09:52:12 UTC 2017"}
        ],
        [
            {"location": [[
                {"latitude": 64.226011},
                {"longitude": 27.733244}
            ]]},
            {"altitude": 166.5},
            {"distance_km": 1.42},
            {"speed_kmh": 1.8},
            {"timestamp": "Sun Feb 19 09:52:35 UTC 2017"}
        ],
        [
            {"location": [[
                {"latitude": 64.226064},
                {"longitude": 27.73345}
            ]]},
            {"altitude": 151.5},
            {"distance_km": 1.43},
            {"speed_kmh": 1.8},
            {"timestamp": "Sun Feb 19 09:53:11 UTC 2017"}
        ],
        [
            {"location": [[
                {"latitude": 64.226119},
                {"longitude": 27.733649}
            ]]},
            {"altitude": 141},
            {"distance_km": 1.44},
            {"speed_kmh": 3.6},
            {"timestamp": "Sun Feb 19 09:55:09 UTC 2017"}
        ],
        [
            {"location": [[
                {"latitude": 64.226204},
                {"longitude": 27.733781}
            ]]},
            {"altitude": 144.5},
            {"distance_km": 1.45},
            {"speed_kmh": 4.5},
            {"timestamp": "Sun Feb 19 09:55:17 UTC 2017"}
        ],
        [
            {"location": [[
                {"latitude": 64.226266},
                {"longitude": 27.733973}
            ]]},
            {"altitude": 144.5},
            {"distance_km": 1.46},
            {"speed_kmh": 4.5},
            {"timestamp": "Sun Feb 19 09:55:25 UTC 2017"}
        ],
        [
            {"location": [[
                {"latitude": 64.226338},
                {"longitude": 27.734107}
            ]]},
            {"altitude": 147},
            {"distance_km": 1.47},
            {"speed_kmh": 3.6},
            {"timestamp": "Sun Feb 19 09:55:33 UTC 2017"}
        ],
        [
            {"location": [[
                {"latitude": 64.226392},
                {"longitude": 27.734316}
            ]]},
            {"altitude": 149},
            {"distance_km": 1.48},
            {"speed_kmh": 2.7},
            {"timestamp": "Sun Feb 19 09:55:43 UTC 2017"}
        ],
        [
            {"location": [[
                {"latitude": 64.226462},
                {"longitude": 27.734535}
            ]]},
            {"altitude": 147},
            {"distance_km": 1.5},
            {"speed_kmh": 5.4},
            {"timestamp": "Sun Feb 19 09:55:52 UTC 2017"}
        ],
        [
            {"location": [[
                {"latitude": 64.226542},
                {"longitude": 27.734679}
            ]]},
            {"altitude": 143},
            {"distance_km": 1.51},
            {"speed_kmh": 4.5},
            {"timestamp": "Sun Feb 19 09:56:00 UTC 2017"}
        ],
        [
            {"location": [[
                {"latitude": 64.226596},
                {"longitude": 27.73489}
            ]]},
            {"altitude": 143},
            {"distance_km": 1.52},
            {"speed_kmh": 5.4},
            {"timestamp": "Sun Feb 19 09:56:08 UTC 2017"}
        ],
        [
            {"location": [[
                {"latitude": 64.226692},
                {"longitude": 27.734884}
            ]]},
            {"altitude": 140},
            {"distance_km": 1.53},
            {"speed_kmh": 5.4},
            {"timestamp": "Sun Feb 19 09:56:14 UTC 2017"}
        ],
        [
            {"location": [[
                {"latitude": 64.226802},
                {"longitude": 27.734882}
            ]]},
            {"altitude": 136.5},
            {"distance_km": 1.54},
            {"speed_kmh": 5.4},
            {"timestamp": "Sun Feb 19 09:56:23 UTC 2017"}
        ],
        [
            {"location": [[
                {"latitude": 64.226897},
                {"longitude": 27.734941}
            ]]},
            {"altitude": 137},
            {"distance_km": 1.56},
            {"speed_kmh": 5.4},
            {"timestamp": "Sun Feb 19 09:56:31 UTC 2017"}
        ],
        [
            {"location": [[
                {"latitude": 64.226991},
                {"longitude": 27.734968}
            ]]},
            {"altitude": 138},
            {"distance_km": 1.57},
            {"speed_kmh": 5.4},
            {"timestamp": "Sun Feb 19 09:56:37 UTC 2017"}
        ],
        [
            {"location": [[
                {"latitude": 64.227095},
                {"longitude": 27.734839}
            ]]},
            {"altitude": 138.5},
            {"distance_km": 1.58},
            {"speed_kmh": 5.4},
            {"timestamp": "Sun Feb 19 09:56:45 UTC 2017"}
        ],
        [
            {"location": [[
                {"latitude": 64.227176},
                {"longitude": 27.734684}
            ]]},
            {"altitude": 135.5},
            {"distance_km": 1.59},
            {"speed_kmh": 5.4},
            {"timestamp": "Sun Feb 19 09:56:53 UTC 2017"}
        ],
        [
            {"location": [[
                {"latitude": 64.227269},
                {"longitude": 27.734684}
            ]]},
            {"altitude": 133.5},
            {"distance_km": 1.6},
            {"speed_kmh": 4.5},
            {"timestamp": "Sun Feb 19 09:57:03 UTC 2017"}
        ],
        [
            {"location": [[
                {"latitude": 64.227316},
                {"longitude": 27.734902}
            ]]},
            {"altitude": 131},
            {"distance_km": 1.61},
            {"speed_kmh": 4.5},
            {"timestamp": "Sun Feb 19 09:57:13 UTC 2017"}
        ],
        [
            {"location": [[
                {"latitude": 64.227376},
                {"longitude": 27.735129}
            ]]},
            {"altitude": 131},
            {"distance_km": 1.63},
            {"speed_kmh": 4.5},
            {"timestamp": "Sun Feb 19 09:57:23 UTC 2017"}
        ],
        [
            {"location": [[
                {"latitude": 64.227433},
                {"longitude": 27.735302}
            ]]},
            {"altitude": 129.5},
            {"distance_km": 1.64},
            {"speed_kmh": 4.5},
            {"timestamp": "Sun Feb 19 09:57:31 UTC 2017"}
        ],
        [
            {"location": [[
                {"latitude": 64.227482},
                {"longitude": 27.735478}
            ]]},
            {"altitude": 129},
            {"distance_km": 1.65},
            {"speed_kmh": 3.6},
            {"timestamp": "Sun Feb 19 09:57:39 UTC 2017"}
        ],
        [
            {"location": [[
                {"latitude": 64.227536},
                {"longitude": 27.735671}
            ]]},
            {"altitude": 129.5},
            {"distance_km": 1.66},
            {"speed_kmh": 3.6},
            {"timestamp": "Sun Feb 19 09:57:48 UTC 2017"}
        ],
        [
            {"location": [[
                {"latitude": 64.227608},
                {"longitude": 27.735828}
            ]]},
            {"altitude": 130.5},
            {"distance_km": 1.67},
            {"speed_kmh": 4.5},
            {"timestamp": "Sun Feb 19 09:57:56 UTC 2017"}
        ],
        [
            {"location": [[
                {"latitude": 64.227699},
                {"longitude": 27.735926}
            ]]},
            {"altitude": 130.5},
            {"distance_km": 1.68},
            {"speed_kmh": 3.6},
            {"timestamp": "Sun Feb 19 09:58:04 UTC 2017"}
        ],
        [
            {"location": [[
                {"latitude": 64.227797},
                {"longitude": 27.736028}
            ]]},
            {"altitude": 132},
            {"distance_km": 1.69},
            {"speed_kmh": 3.6},
            {"timestamp": "Sun Feb 19 09:58:15 UTC 2017"}
        ],
        [
            {"location": [[
                {"latitude": 64.227901},
                {"longitude": 27.736118}
            ]]},
            {"altitude": 135},
            {"distance_km": 1.7},
            {"speed_kmh": 4.5},
            {"timestamp": "Sun Feb 19 09:58:23 UTC 2017"}
        ],
        [
            {"location": [[
                {"latitude": 64.228009},
                {"longitude": 27.736155}
            ]]},
            {"altitude": 135.5},
            {"distance_km": 1.72},
            {"speed_kmh": 4.5},
            {"timestamp": "Sun Feb 19 09:58:31 UTC 2017"}
        ],
        [
            {"location": [[
                {"latitude": 64.228112},
                {"longitude": 27.736194}
            ]]},
            {"altitude": 135.5},
            {"distance_km": 1.73},
            {"speed_kmh": 4.5},
            {"timestamp": "Sun Feb 19 09:58:39 UTC 2017"}
        ],
        [
            {"location": [[
                {"latitude": 64.228206},
                {"longitude": 27.736206}
            ]]},
            {"altitude": 136.5},
            {"distance_km": 1.74},
            {"speed_kmh": 4.5},
            {"timestamp": "Sun Feb 19 09:58:47 UTC 2017"}
        ],
        [
            {"location": [[
                {"latitude": 64.228304},
                {"longitude": 27.73621}
            ]]},
            {"altitude": 139},
            {"distance_km": 1.75},
            {"speed_kmh": 4.5},
            {"timestamp": "Sun Feb 19 09:58:55 UTC 2017"}
        ],
        [
            {"location": [[
                {"latitude": 64.228411},
                {"longitude": 27.73616}
            ]]},
            {"altitude": 134.5},
            {"distance_km": 1.76},
            {"speed_kmh": 3.6},
            {"timestamp": "Sun Feb 19 09:59:05 UTC 2017"}
        ],
        [
            {"location": [[
                {"latitude": 64.228519},
                {"longitude": 27.736112}
            ]]},
            {"altitude": 135.5},
            {"distance_km": 1.77},
            {"speed_kmh": 5.4},
            {"timestamp": "Sun Feb 19 09:59:13 UTC 2017"}
        ],
        [
            {"location": [[
                {"latitude": 64.228622},
                {"longitude": 27.736019}
            ]]},
            {"altitude": 132.5},
            {"distance_km": 1.79},
            {"speed_kmh": 4.5},
            {"timestamp": "Sun Feb 19 09:59:21 UTC 2017"}
        ],
        [
            {"location": [[
                {"latitude": 64.228721},
                {"longitude": 27.735909}
            ]]},
            {"altitude": 131},
            {"distance_km": 1.8},
            {"speed_kmh": 3.6},
            {"timestamp": "Sun Feb 19 09:59:34 UTC 2017"}
        ],
        [
            {"location": [[
                {"latitude": 64.228786},
                {"longitude": 27.735757}
            ]]},
            {"altitude": 127.5},
            {"distance_km": 1.81},
            {"speed_kmh": 3.6},
            {"timestamp": "Sun Feb 19 09:59:44 UTC 2017"}
        ],
        [
            {"location": [[
                {"latitude": 64.228875},
                {"longitude": 27.735612}
            ]]},
            {"altitude": 130.5},
            {"distance_km": 1.82},
            {"speed_kmh": 3.6},
            {"timestamp": "Sun Feb 19 09:59:52 UTC 2017"}
        ],
        [
            {"location": [[
                {"latitude": 64.228955},
                {"longitude": 27.735462}
            ]]},
            {"altitude": 130},
            {"distance_km": 1.83},
            {"speed_kmh": 3.6},
            {"timestamp": "Sun Feb 19 10:00:00 UTC 2017"}
        ],
        [
            {"location": [[
                {"latitude": 64.229034},
                {"longitude": 27.735348}
            ]]},
            {"altitude": 132},
            {"distance_km": 1.84},
            {"speed_kmh": 3.6},
            {"timestamp": "Sun Feb 19 10:00:08 UTC 2017"}
        ],
        [
            {"location": [[
                {"latitude": 64.229103},
                {"longitude": 27.735195}
            ]]},
            {"altitude": 131},
            {"distance_km": 1.85},
            {"speed_kmh": 3.6},
            {"timestamp": "Sun Feb 19 10:00:17 UTC 2017"}
        ],
        [
            {"location": [[
                {"latitude": 64.229185},
                {"longitude": 27.73504}
            ]]},
            {"altitude": 131.5},
            {"distance_km": 1.86},
            {"speed_kmh": 4.5},
            {"timestamp": "Sun Feb 19 10:00:25 UTC 2017"}
        ],
        [
            {"location": [[
                {"latitude": 64.229266},
                {"longitude": 27.734893}
            ]]},
            {"altitude": 135},
            {"distance_km": 1.88},
            {"speed_kmh": 4.5},
            {"timestamp": "Sun Feb 19 10:00:31 UTC 2017"}
        ],
        [
            {"location": [[
                {"latitude": 64.229353},
                {"longitude": 27.734722}
            ]]},
            {"altitude": 133.5},
            {"distance_km": 1.89},
            {"speed_kmh": 4.5},
            {"timestamp": "Sun Feb 19 10:00:39 UTC 2017"}
        ],
        [
            {"location": [[
                {"latitude": 64.229425},
                {"longitude": 27.734521}
            ]]},
            {"altitude": 135},
            {"distance_km": 1.9},
            {"speed_kmh": 4.5},
            {"timestamp": "Sun Feb 19 10:00:47 UTC 2017"}
        ],
        [
            {"location": [[
                {"latitude": 64.229501},
                {"longitude": 27.734346}
            ]]},
            {"altitude": 137},
            {"distance_km": 1.91},
            {"speed_kmh": 4.5},
            {"timestamp": "Sun Feb 19 10:00:55 UTC 2017"}
        ],
        [
            {"location": [[
                {"latitude": 64.229556},
                {"longitude": 27.734166}
            ]]},
            {"altitude": 133},
            {"distance_km": 1.92},
            {"speed_kmh": 3.6},
            {"timestamp": "Sun Feb 19 10:01:05 UTC 2017"}
        ],
        [
            {"location": [[
                {"latitude": 64.229624},
                {"longitude": 27.733995}
            ]]},
            {"altitude": 136.5},
            {"distance_km": 1.94},
            {"speed_kmh": 3.6},
            {"timestamp": "Sun Feb 19 10:01:15 UTC 2017"}
        ],
        [
            {"location": [[
                {"latitude": 64.229694},
                {"longitude": 27.733844}
            ]]},
            {"altitude": 137.5},
            {"distance_km": 1.95},
            {"speed_kmh": 3.6},
            {"timestamp": "Sun Feb 19 10:01:23 UTC 2017"}
        ],
        [
            {"location": [[
                {"latitude": 64.229758},
                {"longitude": 27.733687}
            ]]},
            {"altitude": 137.5},
            {"distance_km": 1.96},
            {"speed_kmh": 3.6},
            {"timestamp": "Sun Feb 19 10:01:32 UTC 2017"}
        ],
        [
            {"location": [[
                {"latitude": 64.229836},
                {"longitude": 27.733577}
            ]]},
            {"altitude": 135},
            {"distance_km": 1.97},
            {"speed_kmh": 3.6},
            {"timestamp": "Sun Feb 19 10:01:42 UTC 2017"}
        ],
        [
            {"location": [[
                {"latitude": 64.229901},
                {"longitude": 27.733417}
            ]]},
            {"altitude": 133.5},
            {"distance_km": 1.98},
            {"speed_kmh": 3.6},
            {"timestamp": "Sun Feb 19 10:02:09 UTC 2017"}
        ],
        [
            {"location": [[
                {"latitude": 64.229969},
                {"longitude": 27.733219}
            ]]},
            {"altitude": 135.5},
            {"distance_km": 1.99},
            {"speed_kmh": 5.4},
            {"timestamp": "Sun Feb 19 10:02:17 UTC 2017"}
        ],
        [
            {"location": [[
                {"latitude": 64.230068},
                {"longitude": 27.73321}
            ]]},
            {"altitude": 137},
            {"distance_km": 2},
            {"speed_kmh": 2.7},
            {"timestamp": "Sun Feb 19 10:02:33 UTC 2017"}
        ],
        [
            {"location": [[
                {"latitude": 64.230171},
                {"longitude": 27.733215}
            ]]},
            {"altitude": 141},
            {"distance_km": 2.01},
            {"speed_kmh": 1.8},
            {"timestamp": "Sun Feb 19 10:02:49 UTC 2017"}
        ],
        [
            {"location": [[
                {"latitude": 64.230263},
                {"longitude": 27.733176}
            ]]},
            {"altitude": 143},
            {"distance_km": 2.02},
            {"speed_kmh": 0},
            {"timestamp": "Sun Feb 19 10:03:01 UTC 2017"}
        ],
        [
            {"location": [[
                {"latitude": 64.230353},
                {"longitude": 27.733137}
            ]]},
            {"altitude": 143.5},
            {"distance_km": 2.03},
            {"speed_kmh": 2.7},
            {"timestamp": "Sun Feb 19 10:03:15 UTC 2017"}
        ],
        [
            {"location": [[
                {"latitude": 64.230448},
                {"longitude": 27.733111}
            ]]},
            {"altitude": 144},
            {"distance_km": 2.04},
            {"speed_kmh": 2.7},
            {"timestamp": "Sun Feb 19 10:03:24 UTC 2017"}
        ],
        [
            {"location": [[
                {"latitude": 64.230543},
                {"longitude": 27.733128}
            ]]},
            {"altitude": 143.5},
            {"distance_km": 2.05},
            {"speed_kmh": 3.6},
            {"timestamp": "Sun Feb 19 10:03:32 UTC 2017"}
        ],
        [
            {"location": [[
                {"latitude": 64.230635},
                {"longitude": 27.733118}
            ]]},
            {"altitude": 148.5},
            {"distance_km": 2.06},
            {"speed_kmh": 3.6},
            {"timestamp": "Sun Feb 19 10:03:40 UTC 2017"}
        ],
        [
            {"location": [[
                {"latitude": 64.230736},
                {"longitude": 27.733065}
            ]]},
            {"altitude": 150},
            {"distance_km": 2.08},
            {"speed_kmh": 3.6},
            {"timestamp": "Sun Feb 19 10:03:49 UTC 2017"}
        ],
        [
            {"location": [[
                {"latitude": 64.23083},
                {"longitude": 27.732954}
            ]]},
            {"altitude": 145.5},
            {"distance_km": 2.09},
            {"speed_kmh": 3.6},
            {"timestamp": "Sun Feb 19 10:03:59 UTC 2017"}
        ],
        [
            {"location": [[
                {"latitude": 64.230915},
                {"longitude": 27.732869}
            ]]},
            {"altitude": 146},
            {"distance_km": 2.1},
            {"speed_kmh": 3.6},
            {"timestamp": "Sun Feb 19 10:04:07 UTC 2017"}
        ],
        [
            {"location": [[
                {"latitude": 64.231004},
                {"longitude": 27.732837}
            ]]},
            {"altitude": 147.5},
            {"distance_km": 2.11},
            {"speed_kmh": 3.6},
            {"timestamp": "Sun Feb 19 10:04:15 UTC 2017"}
        ],
        [
            {"location": [[
                {"latitude": 64.231096},
                {"longitude": 27.732742}
            ]]},
            {"altitude": 147.5},
            {"distance_km": 2.12},
            {"speed_kmh": 3.6},
            {"timestamp": "Sun Feb 19 10:04:27 UTC 2017"}
        ],
        [
            {"location": [[
                {"latitude": 64.231146},
                {"longitude": 27.73256}
            ]]},
            {"altitude": 149},
            {"distance_km": 2.13},
            {"speed_kmh": 4.5},
            {"timestamp": "Sun Feb 19 10:04:33 UTC 2017"}
        ],
        [
            {"location": [[
                {"latitude": 64.231232},
                {"longitude": 27.732389}
            ]]},
            {"altitude": 152.5},
            {"distance_km": 2.14},
            {"speed_kmh": 4.5},
            {"timestamp": "Sun Feb 19 10:04:41 UTC 2017"}
        ],
        [
            {"location": [[
                {"latitude": 64.231294},
                {"longitude": 27.73219}
            ]]},
            {"altitude": 151.5},
            {"distance_km": 2.15},
            {"speed_kmh": 4.5},
            {"timestamp": "Sun Feb 19 10:04:49 UTC 2017"}
        ],
        [
            {"location": [[
                {"latitude": 64.231359},
                {"longitude": 27.732007}
            ]]},
            {"altitude": 155},
            {"distance_km": 2.17},
            {"speed_kmh": 4.5},
            {"timestamp": "Sun Feb 19 10:04:57 UTC 2017"}
        ],
        [
            {"location": [[
                {"latitude": 64.231422},
                {"longitude": 27.731813}
            ]]},
            {"altitude": 155.5},
            {"distance_km": 2.18},
            {"speed_kmh": 4.5},
            {"timestamp": "Sun Feb 19 10:05:05 UTC 2017"}
        ],
        [
            {"location": [[
                {"latitude": 64.231477},
                {"longitude": 27.731608}
            ]]},
            {"altitude": 154.5},
            {"distance_km": 2.19},
            {"speed_kmh": 4.5},
            {"timestamp": "Sun Feb 19 10:05:13 UTC 2017"}
        ],
        [
            {"location": [[
                {"latitude": 64.231513},
                {"longitude": 27.731413}
            ]]},
            {"altitude": 153},
            {"distance_km": 2.2},
            {"speed_kmh": 4.5},
            {"timestamp": "Sun Feb 19 10:05:21 UTC 2017"}
        ],
        [
            {"location": [[
                {"latitude": 64.231572},
                {"longitude": 27.731217}
            ]]},
            {"altitude": 157},
            {"distance_km": 2.21},
            {"speed_kmh": 4.5},
            {"timestamp": "Sun Feb 19 10:05:30 UTC 2017"}
        ],
        [
            {"location": [[
                {"latitude": 64.23162},
                {"longitude": 27.731029}
            ]]},
            {"altitude": 155.5},
            {"distance_km": 2.22},
            {"speed_kmh": 4.5},
            {"timestamp": "Sun Feb 19 10:05:38 UTC 2017"}
        ],
        [
            {"location": [[
                {"latitude": 64.231668},
                {"longitude": 27.730839}
            ]]},
            {"altitude": 152.5},
            {"distance_km": 2.23},
            {"speed_kmh": 4.5},
            {"timestamp": "Sun Feb 19 10:05:46 UTC 2017"}
        ],
        [
            {"location": [[
                {"latitude": 64.23171},
                {"longitude": 27.730648}
            ]]},
            {"altitude": 153},
            {"distance_km": 2.24},
            {"speed_kmh": 4.5},
            {"timestamp": "Sun Feb 19 10:05:54 UTC 2017"}
        ],
        [
            {"location": [[
                {"latitude": 64.231758},
                {"longitude": 27.730463}
            ]]},
            {"altitude": 152.5},
            {"distance_km": 2.25},
            {"speed_kmh": 4.5},
            {"timestamp": "Sun Feb 19 10:06:03 UTC 2017"}
        ],
        [
            {"location": [[
                {"latitude": 64.231794},
                {"longitude": 27.730233}
            ]]},
            {"altitude": 154.5},
            {"distance_km": 2.26},
            {"speed_kmh": 4.5},
            {"timestamp": "Sun Feb 19 10:06:13 UTC 2017"}
        ],
        [
            {"location": [[
                {"latitude": 64.231772},
                {"longitude": 27.730029}
            ]]},
            {"altitude": 153.5},
            {"distance_km": 2.27},
            {"speed_kmh": 3.6},
            {"timestamp": "Sun Feb 19 10:06:23 UTC 2017"}
        ],
        [
            {"location": [[
                {"latitude": 64.231735},
                {"longitude": 27.72981}
            ]]},
            {"altitude": 151},
            {"distance_km": 2.29},
            {"speed_kmh": 3.6},
            {"timestamp": "Sun Feb 19 10:06:33 UTC 2017"}
        ],
        [
            {"location": [[
                {"latitude": 64.231733},
                {"longitude": 27.729595}
            ]]},
            {"altitude": 149},
            {"distance_km": 2.3},
            {"speed_kmh": 3.6},
            {"timestamp": "Sun Feb 19 10:06:43 UTC 2017"}
        ],
        [
            {"location": [[
                {"latitude": 64.231814},
                {"longitude": 27.729545}
            ]]},
            {"altitude": 154},
            {"distance_km": 2.3},
            {"speed_kmh": 0},
            {"timestamp": "Sun Feb 19 10:07:55 UTC 2017"}
        ],
        [
            {"location": [[
                {"latitude": 64.231814},
                {"longitude": 27.729545}
            ]]},
            {"altitude": 154},
            {"distance_km": 2.3},
            {"speed_kmh": 0},
            {"timestamp": "Sun Feb 19 10:07:55 UTC 2017"}
        ]
    ]}
]