[
    {"sport": "WALKING"},
    {"source": "TRACK_MOBILE"},
    {"created_date": "2017-04-16 14:21:24.0"},
    {"start_time": "2017-04-16 14:19:22.0"},
    {"end_time": "2017-04-16 14:53:24.0"},
    {"duration_s": 2042},
    {"distance_km": 2.42},
    {"calories_kcal": 182.214},
    {"altitude_min_m": 137.5},
    {"altitude_max_m": 200},
    {"speed_avg_kmh": 4.266405484818804},
    {"speed_max_kmh": 5.4},
    {"ascend_m": 68},
    {"descend_m": 53},
    {"points": [
        [
            {"location": [[
                {"latitude": 64.23189},
                {"longitude": 27.729648}
            ]]},
            {"distance_km": 0},
            {"timestamp": "Sun Apr 16 14:19:22 UTC 2017"}
        ],
        [
            {"location": [[
                {"latitude": 64.23189},
                {"longitude": 27.729648}
            ]]},
            {"altitude": 137.5},
            {"distance_km": 0},
            {"speed_kmh": 1.8},
            {"timestamp": "Sun Apr 16 14:19:41 UTC 2017"}
        ],
        [
            {"location": [[
                {"latitude": 64.231814},
                {"longitude": 27.729527}
            ]]},
            {"altitude": 143.5},
            {"distance_km": 0.01},
            {"speed_kmh": 4.5},
            {"timestamp": "Sun Apr 16 14:19:56 UTC 2017"}
        ],
        [
            {"location": [[
                {"latitude": 64.23171},
                {"longitude": 27.729616}
            ]]},
            {"altitude": 145.5},
            {"distance_km": 0.02},
            {"speed_kmh": 3.6},
            {"timestamp": "Sun Apr 16 14:20:04 UTC 2017"}
        ],
        [
            {"location": [[
                {"latitude": 64.231682},
                {"longitude": 27.729823}
            ]]},
            {"altitude": 148.5},
            {"distance_km": 0.03},
            {"speed_kmh": 4.5},
            {"timestamp": "Sun Apr 16 14:20:12 UTC 2017"}
        ],
        [
            {"location": [[
                {"latitude": 64.231726},
                {"longitude": 27.730046}
            ]]},
            {"altitude": 148.5},
            {"distance_km": 0.04},
            {"speed_kmh": 4.5},
            {"timestamp": "Sun Apr 16 14:20:22 UTC 2017"}
        ],
        [
            {"location": [[
                {"latitude": 64.231816},
                {"longitude": 27.730161}
            ]]},
            {"altitude": 153},
            {"distance_km": 0.06},
            {"speed_kmh": 4.5},
            {"timestamp": "Sun Apr 16 14:20:30 UTC 2017"}
        ],
        [
            {"location": [[
                {"latitude": 64.231922},
                {"longitude": 27.730223}
            ]]},
            {"altitude": 153.5},
            {"distance_km": 0.07},
            {"speed_kmh": 4.5},
            {"timestamp": "Sun Apr 16 14:20:38 UTC 2017"}
        ],
        [
            {"location": [[
                {"latitude": 64.232015},
                {"longitude": 27.730361}
            ]]},
            {"altitude": 154},
            {"distance_km": 0.08},
            {"speed_kmh": 4.5},
            {"timestamp": "Sun Apr 16 14:20:46 UTC 2017"}
        ],
        [
            {"location": [[
                {"latitude": 64.232103},
                {"longitude": 27.730507}
            ]]},
            {"altitude": 151.5},
            {"distance_km": 0.09},
            {"speed_kmh": 4.5},
            {"timestamp": "Sun Apr 16 14:20:54 UTC 2017"}
        ],
        [
            {"location": [[
                {"latitude": 64.232192},
                {"longitude": 27.730617}
            ]]},
            {"altitude": 151.5},
            {"distance_km": 0.1},
            {"speed_kmh": 4.5},
            {"timestamp": "Sun Apr 16 14:21:02 UTC 2017"}
        ],
        [
            {"location": [[
                {"latitude": 64.232286},
                {"longitude": 27.730743}
            ]]},
            {"altitude": 152.5},
            {"distance_km": 0.12},
            {"speed_kmh": 4.5},
            {"timestamp": "Sun Apr 16 14:21:10 UTC 2017"}
        ],
        [
            {"location": [[
                {"latitude": 64.232378},
                {"longitude": 27.73088}
            ]]},
            {"altitude": 151.5},
            {"distance_km": 0.13},
            {"speed_kmh": 5.4},
            {"timestamp": "Sun Apr 16 14:21:18 UTC 2017"}
        ],
        [
            {"location": [[
                {"latitude": 64.232469},
                {"longitude": 27.73098}
            ]]},
            {"altitude": 153},
            {"distance_km": 0.14},
            {"speed_kmh": 5.4},
            {"timestamp": "Sun Apr 16 14:21:27 UTC 2017"}
        ],
        [
            {"location": [[
                {"latitude": 64.232561},
                {"longitude": 27.731044}
            ]]},
            {"altitude": 153},
            {"distance_km": 0.15},
            {"speed_kmh": 4.5},
            {"timestamp": "Sun Apr 16 14:21:35 UTC 2017"}
        ],
        [
            {"location": [[
                {"latitude": 64.232671},
                {"longitude": 27.731134}
            ]]},
            {"altitude": 155},
            {"distance_km": 0.16},
            {"speed_kmh": 5.4},
            {"timestamp": "Sun Apr 16 14:22:06 UTC 2017"}
        ],
        [
            {"location": [[
                {"latitude": 64.232766},
                {"longitude": 27.731198}
            ]]},
            {"altitude": 155.5},
            {"distance_km": 0.17},
            {"speed_kmh": 5.4},
            {"timestamp": "Sun Apr 16 14:22:14 UTC 2017"}
        ],
        [
            {"location": [[
                {"latitude": 64.232878},
                {"longitude": 27.731219}
            ]]},
            {"altitude": 157.5},
            {"distance_km": 0.19},
            {"speed_kmh": 5.4},
            {"timestamp": "Sun Apr 16 14:22:22 UTC 2017"}
        ],
        [
            {"location": [[
                {"latitude": 64.232974},
                {"longitude": 27.731275}
            ]]},
            {"altitude": 155},
            {"distance_km": 0.2},
            {"speed_kmh": 5.4},
            {"timestamp": "Sun Apr 16 14:22:30 UTC 2017"}
        ],
        [
            {"location": [[
                {"latitude": 64.233066},
                {"longitude": 27.731381}
            ]]},
            {"altitude": 154.5},
            {"distance_km": 0.21},
            {"speed_kmh": 5.4},
            {"timestamp": "Sun Apr 16 14:22:38 UTC 2017"}
        ],
        [
            {"location": [[
                {"latitude": 64.233156},
                {"longitude": 27.731437}
            ]]},
            {"altitude": 154},
            {"distance_km": 0.22},
            {"speed_kmh": 4.5},
            {"timestamp": "Sun Apr 16 14:22:46 UTC 2017"}
        ],
        [
            {"location": [[
                {"latitude": 64.233257},
                {"longitude": 27.731405}
            ]]},
            {"altitude": 152.5},
            {"distance_km": 0.23},
            {"speed_kmh": 3.6},
            {"timestamp": "Sun Apr 16 14:22:58 UTC 2017"}
        ],
        [
            {"location": [[
                {"latitude": 64.233372},
                {"longitude": 27.731357}
            ]]},
            {"altitude": 158.5},
            {"distance_km": 0.24},
            {"speed_kmh": 3.6},
            {"timestamp": "Sun Apr 16 14:23:27 UTC 2017"}
        ],
        [
            {"location": [[
                {"latitude": 64.233463},
                {"longitude": 27.731318}
            ]]},
            {"altitude": 164},
            {"distance_km": 0.25},
            {"speed_kmh": 3.6},
            {"timestamp": "Sun Apr 16 14:23:33 UTC 2017"}
        ],
        [
            {"location": [[
                {"latitude": 64.233573},
                {"longitude": 27.731266}
            ]]},
            {"altitude": 165},
            {"distance_km": 0.27},
            {"speed_kmh": 2.7},
            {"timestamp": "Sun Apr 16 14:23:42 UTC 2017"}
        ],
        [
            {"location": [[
                {"latitude": 64.23367},
                {"longitude": 27.73118}
            ]]},
            {"altitude": 165},
            {"distance_km": 0.28},
            {"speed_kmh": 2.7},
            {"timestamp": "Sun Apr 16 14:23:50 UTC 2017"}
        ],
        [
            {"location": [[
                {"latitude": 64.233755},
                {"longitude": 27.731056}
            ]]},
            {"altitude": 169.5},
            {"distance_km": 0.29},
            {"speed_kmh": 3.6},
            {"timestamp": "Sun Apr 16 14:23:58 UTC 2017"}
        ],
        [
            {"location": [[
                {"latitude": 64.233848},
                {"longitude": 27.730959}
            ]]},
            {"altitude": 170},
            {"distance_km": 0.3},
            {"speed_kmh": 3.6},
            {"timestamp": "Sun Apr 16 14:24:06 UTC 2017"}
        ],
        [
            {"location": [[
                {"latitude": 64.233951},
                {"longitude": 27.730865}
            ]]},
            {"altitude": 173.5},
            {"distance_km": 0.31},
            {"speed_kmh": 3.6},
            {"timestamp": "Sun Apr 16 14:24:16 UTC 2017"}
        ],
        [
            {"location": [[
                {"latitude": 64.234036},
                {"longitude": 27.730756}
            ]]},
            {"altitude": 176.5},
            {"distance_km": 0.32},
            {"speed_kmh": 3.6},
            {"timestamp": "Sun Apr 16 14:24:28 UTC 2017"}
        ],
        [
            {"location": [[
                {"latitude": 64.234082},
                {"longitude": 27.730577}
            ]]},
            {"altitude": 177.5},
            {"distance_km": 0.33},
            {"speed_kmh": 3.6},
            {"timestamp": "Sun Apr 16 14:24:36 UTC 2017"}
        ],
        [
            {"location": [[
                {"latitude": 64.234123},
                {"longitude": 27.730376}
            ]]},
            {"altitude": 176.5},
            {"distance_km": 0.35},
            {"speed_kmh": 3.6},
            {"timestamp": "Sun Apr 16 14:24:46 UTC 2017"}
        ],
        [
            {"location": [[
                {"latitude": 64.234183},
                {"longitude": 27.730199}
            ]]},
            {"altitude": 175.5},
            {"distance_km": 0.36},
            {"speed_kmh": 3.6},
            {"timestamp": "Sun Apr 16 14:24:54 UTC 2017"}
        ],
        [
            {"location": [[
                {"latitude": 64.234257},
                {"longitude": 27.730024}
            ]]},
            {"altitude": 180.5},
            {"distance_km": 0.37},
            {"speed_kmh": 3.6},
            {"timestamp": "Sun Apr 16 14:25:05 UTC 2017"}
        ],
        [
            {"location": [[
                {"latitude": 64.234313},
                {"longitude": 27.729847}
            ]]},
            {"altitude": 183.5},
            {"distance_km": 0.38},
            {"speed_kmh": 1.8},
            {"timestamp": "Sun Apr 16 14:25:19 UTC 2017"}
        ],
        [
            {"location": [[
                {"latitude": 64.234407},
                {"longitude": 27.729712}
            ]]},
            {"altitude": 182.5},
            {"distance_km": 0.39},
            {"speed_kmh": 2.7},
            {"timestamp": "Sun Apr 16 14:25:28 UTC 2017"}
        ],
        [
            {"location": [[
                {"latitude": 64.234479},
                {"longitude": 27.729557}
            ]]},
            {"altitude": 184.5},
            {"distance_km": 0.4},
            {"speed_kmh": 2.7},
            {"timestamp": "Sun Apr 16 14:25:38 UTC 2017"}
        ],
        [
            {"location": [[
                {"latitude": 64.234569},
                {"longitude": 27.729434}
            ]]},
            {"altitude": 181.5},
            {"distance_km": 0.41},
            {"speed_kmh": 3.6},
            {"timestamp": "Sun Apr 16 14:25:46 UTC 2017"}
        ],
        [
            {"location": [[
                {"latitude": 64.234646},
                {"longitude": 27.729315}
            ]]},
            {"altitude": 183},
            {"distance_km": 0.42},
            {"speed_kmh": 3.6},
            {"timestamp": "Sun Apr 16 14:25:54 UTC 2017"}
        ],
        [
            {"location": [[
                {"latitude": 64.234711},
                {"longitude": 27.72916}
            ]]},
            {"altitude": 186.5},
            {"distance_km": 0.43},
            {"speed_kmh": 2.7},
            {"timestamp": "Sun Apr 16 14:26:06 UTC 2017"}
        ],
        [
            {"location": [[
                {"latitude": 64.234776},
                {"longitude": 27.72901}
            ]]},
            {"altitude": 188},
            {"distance_km": 0.44},
            {"speed_kmh": 2.7},
            {"timestamp": "Sun Apr 16 14:26:16 UTC 2017"}
        ],
        [
            {"location": [[
                {"latitude": 64.234876},
                {"longitude": 27.728906}
            ]]},
            {"altitude": 187.5},
            {"distance_km": 0.46},
            {"speed_kmh": 2.7},
            {"timestamp": "Sun Apr 16 14:26:28 UTC 2017"}
        ],
        [
            {"location": [[
                {"latitude": 64.234952},
                {"longitude": 27.728773}
            ]]},
            {"altitude": 190},
            {"distance_km": 0.47},
            {"speed_kmh": 3.6},
            {"timestamp": "Sun Apr 16 14:26:38 UTC 2017"}
        ],
        [
            {"location": [[
                {"latitude": 64.235051},
                {"longitude": 27.728709}
            ]]},
            {"altitude": 192},
            {"distance_km": 0.48},
            {"speed_kmh": 3.6},
            {"timestamp": "Sun Apr 16 14:26:48 UTC 2017"}
        ],
        [
            {"location": [[
                {"latitude": 64.235141},
                {"longitude": 27.728821}
            ]]},
            {"altitude": 192.5},
            {"distance_km": 0.49},
            {"speed_kmh": 0},
            {"timestamp": "Sun Apr 16 14:26:59 UTC 2017"}
        ],
        [
            {"location": [[
                {"latitude": 64.235246},
                {"longitude": 27.72874}
            ]]},
            {"altitude": 194},
            {"distance_km": 0.5},
            {"speed_kmh": 3.6},
            {"timestamp": "Sun Apr 16 14:27:14 UTC 2017"}
        ],
        [
            {"location": [[
                {"latitude": 64.235268},
                {"longitude": 27.728533}
            ]]},
            {"altitude": 199.5},
            {"distance_km": 0.51},
            {"speed_kmh": 3.6},
            {"timestamp": "Sun Apr 16 14:27:28 UTC 2017"}
        ],
        [
            {"location": [[
                {"latitude": 64.23533},
                {"longitude": 27.72838}
            ]]},
            {"altitude": 197},
            {"distance_km": 0.52},
            {"speed_kmh": 3.6},
            {"timestamp": "Sun Apr 16 14:27:38 UTC 2017"}
        ],
        [
            {"location": [[
                {"latitude": 64.23542},
                {"longitude": 27.728359}
            ]]},
            {"altitude": 195},
            {"distance_km": 0.53},
            {"speed_kmh": 3.6},
            {"timestamp": "Sun Apr 16 14:27:44 UTC 2017"}
        ],
        [
            {"location": [[
                {"latitude": 64.235508},
                {"longitude": 27.728303}
            ]]},
            {"altitude": 194},
            {"distance_km": 0.54},
            {"speed_kmh": 5.4},
            {"timestamp": "Sun Apr 16 14:27:50 UTC 2017"}
        ],
        [
            {"location": [[
                {"latitude": 64.235576},
                {"longitude": 27.728127}
            ]]},
            {"altitude": 193.5},
            {"distance_km": 0.55},
            {"speed_kmh": 4.5},
            {"timestamp": "Sun Apr 16 14:27:58 UTC 2017"}
        ],
        [
            {"location": [[
                {"latitude": 64.235664},
                {"longitude": 27.728024}
            ]]},
            {"altitude": 193},
            {"distance_km": 0.57},
            {"speed_kmh": 4.5},
            {"timestamp": "Sun Apr 16 14:28:06 UTC 2017"}
        ],
        [
            {"location": [[
                {"latitude": 64.235745},
                {"longitude": 27.72789}
            ]]},
            {"altitude": 196.5},
            {"distance_km": 0.58},
            {"speed_kmh": 4.5},
            {"timestamp": "Sun Apr 16 14:28:14 UTC 2017"}
        ],
        [
            {"location": [[
                {"latitude": 64.235838},
                {"longitude": 27.727805}
            ]]},
            {"altitude": 194},
            {"distance_km": 0.59},
            {"speed_kmh": 3.6},
            {"timestamp": "Sun Apr 16 14:28:22 UTC 2017"}
        ],
        [
            {"location": [[
                {"latitude": 64.235929},
                {"longitude": 27.727665}
            ]]},
            {"altitude": 192},
            {"distance_km": 0.6},
            {"speed_kmh": 4.5},
            {"timestamp": "Sun Apr 16 14:28:31 UTC 2017"}
        ],
        [
            {"location": [[
                {"latitude": 64.235994},
                {"longitude": 27.727489}
            ]]},
            {"altitude": 190},
            {"distance_km": 0.61},
            {"speed_kmh": 4.5},
            {"timestamp": "Sun Apr 16 14:28:39 UTC 2017"}
        ],
        [
            {"location": [[
                {"latitude": 64.236014},
                {"longitude": 27.727235}
            ]]},
            {"altitude": 188},
            {"distance_km": 0.62},
            {"speed_kmh": 4.5},
            {"timestamp": "Sun Apr 16 14:28:48 UTC 2017"}
        ],
        [
            {"location": [[
                {"latitude": 64.236052},
                {"longitude": 27.726998}
            ]]},
            {"altitude": 185},
            {"distance_km": 0.64},
            {"speed_kmh": 4.5},
            {"timestamp": "Sun Apr 16 14:28:56 UTC 2017"}
        ],
        [
            {"location": [[
                {"latitude": 64.236053},
                {"longitude": 27.726746}
            ]]},
            {"altitude": 183.5},
            {"distance_km": 0.65},
            {"speed_kmh": 4.5},
            {"timestamp": "Sun Apr 16 14:29:04 UTC 2017"}
        ],
        [
            {"location": [[
                {"latitude": 64.236101},
                {"longitude": 27.72652}
            ]]},
            {"altitude": 183.5},
            {"distance_km": 0.66},
            {"speed_kmh": 4.5},
            {"timestamp": "Sun Apr 16 14:29:10 UTC 2017"}
        ],
        [
            {"location": [[
                {"latitude": 64.236138},
                {"longitude": 27.726281}
            ]]},
            {"altitude": 183},
            {"distance_km": 0.67},
            {"speed_kmh": 4.5},
            {"timestamp": "Sun Apr 16 14:29:18 UTC 2017"}
        ],
        [
            {"location": [[
                {"latitude": 64.236144},
                {"longitude": 27.726043}
            ]]},
            {"altitude": 184},
            {"distance_km": 0.68},
            {"speed_kmh": 4.5},
            {"timestamp": "Sun Apr 16 14:29:26 UTC 2017"}
        ],
        [
            {"location": [[
                {"latitude": 64.236151},
                {"longitude": 27.725802}
            ]]},
            {"altitude": 182.5},
            {"distance_km": 0.7},
            {"speed_kmh": 4.5},
            {"timestamp": "Sun Apr 16 14:29:36 UTC 2017"}
        ],
        [
            {"location": [[
                {"latitude": 64.236168},
                {"longitude": 27.725577}
            ]]},
            {"altitude": 182.5},
            {"distance_km": 0.71},
            {"speed_kmh": 4.5},
            {"timestamp": "Sun Apr 16 14:29:44 UTC 2017"}
        ],
        [
            {"location": [[
                {"latitude": 64.236254},
                {"longitude": 27.725395}
            ]]},
            {"altitude": 181.5},
            {"distance_km": 0.72},
            {"speed_kmh": 4.5},
            {"timestamp": "Sun Apr 16 14:29:52 UTC 2017"}
        ],
        [
            {"location": [[
                {"latitude": 64.236354},
                {"longitude": 27.725275}
            ]]},
            {"altitude": 181},
            {"distance_km": 0.73},
            {"speed_kmh": 4.5},
            {"timestamp": "Sun Apr 16 14:30:00 UTC 2017"}
        ],
        [
            {"location": [[
                {"latitude": 64.236436},
                {"longitude": 27.725165}
            ]]},
            {"altitude": 180},
            {"distance_km": 0.74},
            {"speed_kmh": 4.5},
            {"timestamp": "Sun Apr 16 14:30:09 UTC 2017"}
        ],
        [
            {"location": [[
                {"latitude": 64.236536},
                {"longitude": 27.725198}
            ]]},
            {"altitude": 177.5},
            {"distance_km": 0.75},
            {"speed_kmh": 4.5},
            {"timestamp": "Sun Apr 16 14:30:17 UTC 2017"}
        ],
        [
            {"location": [[
                {"latitude": 64.23664},
                {"longitude": 27.7252}
            ]]},
            {"altitude": 179.5},
            {"distance_km": 0.77},
            {"speed_kmh": 4.5},
            {"timestamp": "Sun Apr 16 14:30:25 UTC 2017"}
        ],
        [
            {"location": [[
                {"latitude": 64.236738},
                {"longitude": 27.725163}
            ]]},
            {"altitude": 183.5},
            {"distance_km": 0.78},
            {"speed_kmh": 3.6},
            {"timestamp": "Sun Apr 16 14:30:34 UTC 2017"}
        ],
        [
            {"location": [[
                {"latitude": 64.236845},
                {"longitude": 27.725127}
            ]]},
            {"altitude": 183.5},
            {"distance_km": 0.79},
            {"speed_kmh": 4.5},
            {"timestamp": "Sun Apr 16 14:30:40 UTC 2017"}
        ],
        [
            {"location": [[
                {"latitude": 64.236962},
                {"longitude": 27.72511}
            ]]},
            {"altitude": 184},
            {"distance_km": 0.8},
            {"speed_kmh": 4.5},
            {"timestamp": "Sun Apr 16 14:30:48 UTC 2017"}
        ],
        [
            {"location": [[
                {"latitude": 64.237068},
                {"longitude": 27.72519}
            ]]},
            {"altitude": 183.5},
            {"distance_km": 0.81},
            {"speed_kmh": 4.5},
            {"timestamp": "Sun Apr 16 14:30:56 UTC 2017"}
        ],
        [
            {"location": [[
                {"latitude": 64.237148},
                {"longitude": 27.725294}
            ]]},
            {"altitude": 182},
            {"distance_km": 0.82},
            {"speed_kmh": 4.5},
            {"timestamp": "Sun Apr 16 14:31:04 UTC 2017"}
        ],
        [
            {"location": [[
                {"latitude": 64.237233},
                {"longitude": 27.725399}
            ]]},
            {"altitude": 180.5},
            {"distance_km": 0.83},
            {"speed_kmh": 3.6},
            {"timestamp": "Sun Apr 16 14:31:12 UTC 2017"}
        ],
        [
            {"location": [[
                {"latitude": 64.237315},
                {"longitude": 27.725489}
            ]]},
            {"altitude": 181},
            {"distance_km": 0.85},
            {"speed_kmh": 4.5},
            {"timestamp": "Sun Apr 16 14:31:18 UTC 2017"}
        ],
        [
            {"location": [[
                {"latitude": 64.237402},
                {"longitude": 27.725585}
            ]]},
            {"altitude": 181},
            {"distance_km": 0.86},
            {"speed_kmh": 3.6},
            {"timestamp": "Sun Apr 16 14:31:24 UTC 2017"}
        ],
        [
            {"location": [[
                {"latitude": 64.237464},
                {"longitude": 27.725738}
            ]]},
            {"altitude": 178},
            {"distance_km": 0.87},
            {"speed_kmh": 3.6},
            {"timestamp": "Sun Apr 16 14:31:32 UTC 2017"}
        ],
        [
            {"location": [[
                {"latitude": 64.237547},
                {"longitude": 27.725874}
            ]]},
            {"altitude": 182},
            {"distance_km": 0.88},
            {"speed_kmh": 3.6},
            {"timestamp": "Sun Apr 16 14:31:40 UTC 2017"}
        ],
        [
            {"location": [[
                {"latitude": 64.237638},
                {"longitude": 27.726004}
            ]]},
            {"altitude": 180.5},
            {"distance_km": 0.89},
            {"speed_kmh": 5.4},
            {"timestamp": "Sun Apr 16 14:31:46 UTC 2017"}
        ],
        [
            {"location": [[
                {"latitude": 64.237724},
                {"longitude": 27.726079}
            ]]},
            {"altitude": 183},
            {"distance_km": 0.9},
            {"speed_kmh": 4.5},
            {"timestamp": "Sun Apr 16 14:31:53 UTC 2017"}
        ],
        [
            {"location": [[
                {"latitude": 64.237799},
                {"longitude": 27.726204}
            ]]},
            {"altitude": 189},
            {"distance_km": 0.91},
            {"speed_kmh": 3.6},
            {"timestamp": "Sun Apr 16 14:32:01 UTC 2017"}
        ],
        [
            {"location": [[
                {"latitude": 64.237893},
                {"longitude": 27.726261}
            ]]},
            {"altitude": 187.5},
            {"distance_km": 0.92},
            {"speed_kmh": 4.5},
            {"timestamp": "Sun Apr 16 14:32:09 UTC 2017"}
        ],
        [
            {"location": [[
                {"latitude": 64.238008},
                {"longitude": 27.726362}
            ]]},
            {"altitude": 190},
            {"distance_km": 0.93},
            {"speed_kmh": 4.5},
            {"timestamp": "Sun Apr 16 14:32:18 UTC 2017"}
        ],
        [
            {"location": [[
                {"latitude": 64.238111},
                {"longitude": 27.726463}
            ]]},
            {"altitude": 186.5},
            {"distance_km": 0.95},
            {"speed_kmh": 4.5},
            {"timestamp": "Sun Apr 16 14:32:26 UTC 2017"}
        ],
        [
            {"location": [[
                {"latitude": 64.238196},
                {"longitude": 27.726543}
            ]]},
            {"altitude": 189.5},
            {"distance_km": 0.96},
            {"speed_kmh": 4.5},
            {"timestamp": "Sun Apr 16 14:32:32 UTC 2017"}
        ],
        [
            {"location": [[
                {"latitude": 64.238285},
                {"longitude": 27.726647}
            ]]},
            {"altitude": 187.5},
            {"distance_km": 0.97},
            {"speed_kmh": 4.5},
            {"timestamp": "Sun Apr 16 14:32:38 UTC 2017"}
        ],
        [
            {"location": [[
                {"latitude": 64.238365},
                {"longitude": 27.726796}
            ]]},
            {"altitude": 189.5},
            {"distance_km": 0.98},
            {"speed_kmh": 4.5},
            {"timestamp": "Sun Apr 16 14:32:46 UTC 2017"}
        ],
        [
            {"location": [[
                {"latitude": 64.238453},
                {"longitude": 27.72675}
            ]]},
            {"altitude": 191},
            {"distance_km": 0.99},
            {"speed_kmh": 3.6},
            {"timestamp": "Sun Apr 16 14:32:56 UTC 2017"}
        ],
        [
            {"location": [[
                {"latitude": 64.238542},
                {"longitude": 27.726685}
            ]]},
            {"altitude": 191},
            {"distance_km": 1},
            {"speed_kmh": 3.6},
            {"timestamp": "Sun Apr 16 14:33:04 UTC 2017"}
        ],
        [
            {"location": [[
                {"latitude": 64.238647},
                {"longitude": 27.726764}
            ]]},
            {"altitude": 189.5},
            {"distance_km": 1.01},
            {"speed_kmh": 3.6},
            {"timestamp": "Sun Apr 16 14:33:14 UTC 2017"}
        ],
        [
            {"location": [[
                {"latitude": 64.238727},
                {"longitude": 27.726903}
            ]]},
            {"altitude": 187},
            {"distance_km": 1.02},
            {"speed_kmh": 3.6},
            {"timestamp": "Sun Apr 16 14:33:22 UTC 2017"}
        ],
        [
            {"location": [[
                {"latitude": 64.238765},
                {"longitude": 27.727128}
            ]]},
            {"altitude": 184},
            {"distance_km": 1.04},
            {"speed_kmh": 3.6},
            {"timestamp": "Sun Apr 16 14:33:28 UTC 2017"}
        ],
        [
            {"location": [[
                {"latitude": 64.238791},
                {"longitude": 27.727394}
            ]]},
            {"altitude": 186.5},
            {"distance_km": 1.05},
            {"speed_kmh": 4.5},
            {"timestamp": "Sun Apr 16 14:33:36 UTC 2017"}
        ],
        [
            {"location": [[
                {"latitude": 64.238817},
                {"longitude": 27.727593}
            ]]},
            {"altitude": 189},
            {"distance_km": 1.06},
            {"speed_kmh": 3.6},
            {"timestamp": "Sun Apr 16 14:33:43 UTC 2017"}
        ],
        [
            {"location": [[
                {"latitude": 64.238876},
                {"longitude": 27.727798}
            ]]},
            {"altitude": 189.5},
            {"distance_km": 1.07},
            {"speed_kmh": 4.5},
            {"timestamp": "Sun Apr 16 14:33:51 UTC 2017"}
        ],
        [
            {"location": [[
                {"latitude": 64.238926},
                {"longitude": 27.728012}
            ]]},
            {"altitude": 190.5},
            {"distance_km": 1.08},
            {"speed_kmh": 3.6},
            {"timestamp": "Sun Apr 16 14:34:00 UTC 2017"}
        ],
        [
            {"location": [[
                {"latitude": 64.238983},
                {"longitude": 27.728247}
            ]]},
            {"altitude": 195},
            {"distance_km": 1.09},
            {"speed_kmh": 4.5},
            {"timestamp": "Sun Apr 16 14:34:08 UTC 2017"}
        ],
        [
            {"location": [[
                {"latitude": 64.23902},
                {"longitude": 27.728463}
            ]]},
            {"altitude": 195.5},
            {"distance_km": 1.11},
            {"speed_kmh": 4.5},
            {"timestamp": "Sun Apr 16 14:34:16 UTC 2017"}
        ],
        [
            {"location": [[
                {"latitude": 64.239007},
                {"longitude": 27.728675}
            ]]},
            {"altitude": 195},
            {"distance_km": 1.12},
            {"speed_kmh": 3.6},
            {"timestamp": "Sun Apr 16 14:34:24 UTC 2017"}
        ],
        [
            {"location": [[
                {"latitude": 64.238995},
                {"longitude": 27.728942}
            ]]},
            {"altitude": 195.5},
            {"distance_km": 1.13},
            {"speed_kmh": 4.5},
            {"timestamp": "Sun Apr 16 14:34:32 UTC 2017"}
        ],
        [
            {"location": [[
                {"latitude": 64.238993},
                {"longitude": 27.729185}
            ]]},
            {"altitude": 192},
            {"distance_km": 1.14},
            {"speed_kmh": 4.5},
            {"timestamp": "Sun Apr 16 14:34:40 UTC 2017"}
        ],
        [
            {"location": [[
                {"latitude": 64.239024},
                {"longitude": 27.729396}
            ]]},
            {"altitude": 193.5},
            {"distance_km": 1.15},
            {"speed_kmh": 4.5},
            {"timestamp": "Sun Apr 16 14:34:48 UTC 2017"}
        ],
        [
            {"location": [[
                {"latitude": 64.239056},
                {"longitude": 27.729651}
            ]]},
            {"altitude": 194.5},
            {"distance_km": 1.16},
            {"speed_kmh": 4.5},
            {"timestamp": "Sun Apr 16 14:34:56 UTC 2017"}
        ],
        [
            {"location": [[
                {"latitude": 64.239047},
                {"longitude": 27.729903}
            ]]},
            {"altitude": 194},
            {"distance_km": 1.18},
            {"speed_kmh": 3.6},
            {"timestamp": "Sun Apr 16 14:35:06 UTC 2017"}
        ],
        [
            {"location": [[
                {"latitude": 64.239025},
                {"longitude": 27.730125}
            ]]},
            {"altitude": 194},
            {"distance_km": 1.19},
            {"speed_kmh": 3.6},
            {"timestamp": "Sun Apr 16 14:35:14 UTC 2017"}
        ],
        [
            {"location": [[
                {"latitude": 64.23902},
                {"longitude": 27.730353}
            ]]},
            {"altitude": 194.5},
            {"distance_km": 1.2},
            {"speed_kmh": 3.6},
            {"timestamp": "Sun Apr 16 14:35:22 UTC 2017"}
        ],
        [
            {"location": [[
                {"latitude": 64.239003},
                {"longitude": 27.730588}
            ]]},
            {"altitude": 197.5},
            {"distance_km": 1.21},
            {"speed_kmh": 3.6},
            {"timestamp": "Sun Apr 16 14:35:32 UTC 2017"}
        ],
        [
            {"location": [[
                {"latitude": 64.238986},
                {"longitude": 27.730819}
            ]]},
            {"altitude": 198},
            {"distance_km": 1.22},
            {"speed_kmh": 3.6},
            {"timestamp": "Sun Apr 16 14:35:42 UTC 2017"}
        ],
        [
            {"location": [[
                {"latitude": 64.238978},
                {"longitude": 27.731068}
            ]]},
            {"altitude": 198.5},
            {"distance_km": 1.23},
            {"speed_kmh": 3.6},
            {"timestamp": "Sun Apr 16 14:35:51 UTC 2017"}
        ],
        [
            {"location": [[
                {"latitude": 64.238986},
                {"longitude": 27.731313}
            ]]},
            {"altitude": 199.5},
            {"distance_km": 1.25},
            {"speed_kmh": 3.6},
            {"timestamp": "Sun Apr 16 14:35:59 UTC 2017"}
        ],
        [
            {"location": [[
                {"latitude": 64.238989},
                {"longitude": 27.731526}
            ]]},
            {"altitude": 199.5},
            {"distance_km": 1.26},
            {"speed_kmh": 3.6},
            {"timestamp": "Sun Apr 16 14:36:07 UTC 2017"}
        ],
        [
            {"location": [[
                {"latitude": 64.238978},
                {"longitude": 27.731734}
            ]]},
            {"altitude": 198.5},
            {"distance_km": 1.27},
            {"speed_kmh": 3.6},
            {"timestamp": "Sun Apr 16 14:36:14 UTC 2017"}
        ],
        [
            {"location": [[
                {"latitude": 64.238997},
                {"longitude": 27.731942}
            ]]},
            {"altitude": 198.5},
            {"distance_km": 1.28},
            {"speed_kmh": 3.6},
            {"timestamp": "Sun Apr 16 14:36:22 UTC 2017"}
        ],
        [
            {"location": [[
                {"latitude": 64.238991},
                {"longitude": 27.732154}
            ]]},
            {"altitude": 198},
            {"distance_km": 1.29},
            {"speed_kmh": 4.5},
            {"timestamp": "Sun Apr 16 14:36:30 UTC 2017"}
        ],
        [
            {"location": [[
                {"latitude": 64.238999},
                {"longitude": 27.73236}
            ]]},
            {"altitude": 200},
            {"distance_km": 1.3},
            {"speed_kmh": 3.6},
            {"timestamp": "Sun Apr 16 14:36:38 UTC 2017"}
        ],
        [
            {"location": [[
                {"latitude": 64.23896},
                {"longitude": 27.732578}
            ]]},
            {"altitude": 195},
            {"distance_km": 1.31},
            {"speed_kmh": 3.6},
            {"timestamp": "Sun Apr 16 14:36:46 UTC 2017"}
        ],
        [
            {"location": [[
                {"latitude": 64.238901},
                {"longitude": 27.732735}
            ]]},
            {"altitude": 194.5},
            {"distance_km": 1.32},
            {"speed_kmh": 3.6},
            {"timestamp": "Sun Apr 16 14:36:52 UTC 2017"}
        ],
        [
            {"location": [[
                {"latitude": 64.238788},
                {"longitude": 27.732847}
            ]]},
            {"altitude": 187.5},
            {"distance_km": 1.33},
            {"speed_kmh": 4.5},
            {"timestamp": "Sun Apr 16 14:37:10 UTC 2017"}
        ],
        [
            {"location": [[
                {"latitude": 64.238666},
                {"longitude": 27.732908}
            ]]},
            {"altitude": 188},
            {"distance_km": 1.35},
            {"speed_kmh": 4.5},
            {"timestamp": "Sun Apr 16 14:37:16 UTC 2017"}
        ],
        [
            {"location": [[
                {"latitude": 64.23857},
                {"longitude": 27.733001}
            ]]},
            {"altitude": 189},
            {"distance_km": 1.36},
            {"speed_kmh": 4.5},
            {"timestamp": "Sun Apr 16 14:37:22 UTC 2017"}
        ],
        [
            {"location": [[
                {"latitude": 64.238488},
                {"longitude": 27.7331}
            ]]},
            {"altitude": 191},
            {"distance_km": 1.37},
            {"speed_kmh": 3.6},
            {"timestamp": "Sun Apr 16 14:37:30 UTC 2017"}
        ],
        [
            {"location": [[
                {"latitude": 64.238394},
                {"longitude": 27.733147}
            ]]},
            {"altitude": 195},
            {"distance_km": 1.38},
            {"speed_kmh": 3.6},
            {"timestamp": "Sun Apr 16 14:37:38 UTC 2017"}
        ],
        [
            {"location": [[
                {"latitude": 64.238327},
                {"longitude": 27.733305}
            ]]},
            {"altitude": 195.5},
            {"distance_km": 1.39},
            {"speed_kmh": 3.6},
            {"timestamp": "Sun Apr 16 14:37:48 UTC 2017"}
        ],
        [
            {"location": [[
                {"latitude": 64.23824},
                {"longitude": 27.733399}
            ]]},
            {"altitude": 189.5},
            {"distance_km": 1.4},
            {"speed_kmh": 4.5},
            {"timestamp": "Sun Apr 16 14:38:03 UTC 2017"}
        ],
        [
            {"location": [[
                {"latitude": 64.238148},
                {"longitude": 27.733401}
            ]]},
            {"altitude": 188.5},
            {"distance_km": 1.41},
            {"speed_kmh": 4.5},
            {"timestamp": "Sun Apr 16 14:38:09 UTC 2017"}
        ],
        [
            {"location": [[
                {"latitude": 64.238035},
                {"longitude": 27.733396}
            ]]},
            {"altitude": 186.5},
            {"distance_km": 1.42},
            {"speed_kmh": 4.5},
            {"timestamp": "Sun Apr 16 14:38:17 UTC 2017"}
        ],
        [
            {"location": [[
                {"latitude": 64.237935},
                {"longitude": 27.733428}
            ]]},
            {"altitude": 186.5},
            {"distance_km": 1.43},
            {"speed_kmh": 4.5},
            {"timestamp": "Sun Apr 16 14:38:25 UTC 2017"}
        ],
        [
            {"location": [[
                {"latitude": 64.237827},
                {"longitude": 27.733462}
            ]]},
            {"altitude": 186},
            {"distance_km": 1.45},
            {"speed_kmh": 4.5},
            {"timestamp": "Sun Apr 16 14:38:32 UTC 2017"}
        ],
        [
            {"location": [[
                {"latitude": 64.237748},
                {"longitude": 27.733564}
            ]]},
            {"altitude": 185.5},
            {"distance_km": 1.46},
            {"speed_kmh": 4.5},
            {"timestamp": "Sun Apr 16 14:38:38 UTC 2017"}
        ],
        [
            {"location": [[
                {"latitude": 64.237635},
                {"longitude": 27.733619}
            ]]},
            {"altitude": 184.5},
            {"distance_km": 1.47},
            {"speed_kmh": 5.4},
            {"timestamp": "Sun Apr 16 14:38:46 UTC 2017"}
        ],
        [
            {"location": [[
                {"latitude": 64.237529},
                {"longitude": 27.733669}
            ]]},
            {"altitude": 183},
            {"distance_km": 1.48},
            {"speed_kmh": 5.4},
            {"timestamp": "Sun Apr 16 14:38:54 UTC 2017"}
        ],
        [
            {"location": [[
                {"latitude": 64.237429},
                {"longitude": 27.733748}
            ]]},
            {"altitude": 185},
            {"distance_km": 1.49},
            {"speed_kmh": 5.4},
            {"timestamp": "Sun Apr 16 14:39:02 UTC 2017"}
        ],
        [
            {"location": [[
                {"latitude": 64.237325},
                {"longitude": 27.73387}
            ]]},
            {"altitude": 183.5},
            {"distance_km": 1.51},
            {"speed_kmh": 5.4},
            {"timestamp": "Sun Apr 16 14:39:10 UTC 2017"}
        ],
        [
            {"location": [[
                {"latitude": 64.23723},
                {"longitude": 27.733979}
            ]]},
            {"altitude": 184.5},
            {"distance_km": 1.52},
            {"speed_kmh": 5.4},
            {"timestamp": "Sun Apr 16 14:39:18 UTC 2017"}
        ],
        [
            {"location": [[
                {"latitude": 64.237146},
                {"longitude": 27.734077}
            ]]},
            {"altitude": 185},
            {"distance_km": 1.53},
            {"speed_kmh": 3.6},
            {"timestamp": "Sun Apr 16 14:39:26 UTC 2017"}
        ],
        [
            {"location": [[
                {"latitude": 64.237055},
                {"longitude": 27.734157}
            ]]},
            {"altitude": 187},
            {"distance_km": 1.54},
            {"speed_kmh": 3.6},
            {"timestamp": "Sun Apr 16 14:39:34 UTC 2017"}
        ],
        [
            {"location": [[
                {"latitude": 64.236954},
                {"longitude": 27.73428}
            ]]},
            {"altitude": 186},
            {"distance_km": 1.55},
            {"speed_kmh": 4.5},
            {"timestamp": "Sun Apr 16 14:39:44 UTC 2017"}
        ],
        [
            {"location": [[
                {"latitude": 64.236849},
                {"longitude": 27.73437}
            ]]},
            {"altitude": 184.5},
            {"distance_km": 1.56},
            {"speed_kmh": 4.5},
            {"timestamp": "Sun Apr 16 14:39:53 UTC 2017"}
        ],
        [
            {"location": [[
                {"latitude": 64.236759},
                {"longitude": 27.734476}
            ]]},
            {"altitude": 183.5},
            {"distance_km": 1.58},
            {"speed_kmh": 5.4},
            {"timestamp": "Sun Apr 16 14:39:59 UTC 2017"}
        ],
        [
            {"location": [[
                {"latitude": 64.236652},
                {"longitude": 27.73458}
            ]]},
            {"altitude": 180},
            {"distance_km": 1.59},
            {"speed_kmh": 5.4},
            {"timestamp": "Sun Apr 16 14:40:07 UTC 2017"}
        ],
        [
            {"location": [[
                {"latitude": 64.236584},
                {"longitude": 27.734719}
            ]]},
            {"altitude": 182.5},
            {"distance_km": 1.6},
            {"speed_kmh": 3.6},
            {"timestamp": "Sun Apr 16 14:40:14 UTC 2017"}
        ],
        [
            {"location": [[
                {"latitude": 64.236498},
                {"longitude": 27.734892}
            ]]},
            {"altitude": 183},
            {"distance_km": 1.61},
            {"speed_kmh": 4.5},
            {"timestamp": "Sun Apr 16 14:40:22 UTC 2017"}
        ],
        [
            {"location": [[
                {"latitude": 64.236413},
                {"longitude": 27.734961}
            ]]},
            {"altitude": 183},
            {"distance_km": 1.62},
            {"speed_kmh": 5.4},
            {"timestamp": "Sun Apr 16 14:40:28 UTC 2017"}
        ],
        [
            {"location": [[
                {"latitude": 64.236346},
                {"longitude": 27.735142}
            ]]},
            {"altitude": 187},
            {"distance_km": 1.63},
            {"speed_kmh": 4.5},
            {"timestamp": "Sun Apr 16 14:40:36 UTC 2017"}
        ],
        [
            {"location": [[
                {"latitude": 64.236276},
                {"longitude": 27.735284}
            ]]},
            {"altitude": 188.5},
            {"distance_km": 1.64},
            {"speed_kmh": 4.5},
            {"timestamp": "Sun Apr 16 14:40:44 UTC 2017"}
        ],
        [
            {"location": [[
                {"latitude": 64.236208},
                {"longitude": 27.735435}
            ]]},
            {"altitude": 186.5},
            {"distance_km": 1.65},
            {"speed_kmh": 4.5},
            {"timestamp": "Sun Apr 16 14:40:52 UTC 2017"}
        ],
        [
            {"location": [[
                {"latitude": 64.236139},
                {"longitude": 27.735577}
            ]]},
            {"altitude": 185.5},
            {"distance_km": 1.66},
            {"speed_kmh": 4.5},
            {"timestamp": "Sun Apr 16 14:41:00 UTC 2017"}
        ],
        [
            {"location": [[
                {"latitude": 64.236051},
                {"longitude": 27.73566}
            ]]},
            {"altitude": 184.5},
            {"distance_km": 1.67},
            {"speed_kmh": 4.5},
            {"timestamp": "Sun Apr 16 14:41:06 UTC 2017"}
        ],
        [
            {"location": [[
                {"latitude": 64.235971},
                {"longitude": 27.7358}
            ]]},
            {"altitude": 185.5},
            {"distance_km": 1.69},
            {"speed_kmh": 4.5},
            {"timestamp": "Sun Apr 16 14:41:14 UTC 2017"}
        ],
        [
            {"location": [[
                {"latitude": 64.235907},
                {"longitude": 27.736002}
            ]]},
            {"altitude": 186.5},
            {"distance_km": 1.7},
            {"speed_kmh": 4.5},
            {"timestamp": "Sun Apr 16 14:41:22 UTC 2017"}
        ],
        [
            {"location": [[
                {"latitude": 64.235826},
                {"longitude": 27.736178}
            ]]},
            {"altitude": 184},
            {"distance_km": 1.71},
            {"speed_kmh": 5.4},
            {"timestamp": "Sun Apr 16 14:41:30 UTC 2017"}
        ],
        [
            {"location": [[
                {"latitude": 64.235738},
                {"longitude": 27.736339}
            ]]},
            {"altitude": 182.5},
            {"distance_km": 1.72},
            {"speed_kmh": 5.4},
            {"timestamp": "Sun Apr 16 14:41:39 UTC 2017"}
        ],
        [
            {"location": [[
                {"latitude": 64.235652},
                {"longitude": 27.736437}
            ]]},
            {"altitude": 176},
            {"distance_km": 1.73},
            {"speed_kmh": 5.4},
            {"timestamp": "Sun Apr 16 14:41:45 UTC 2017"}
        ],
        [
            {"location": [[
                {"latitude": 64.235532},
                {"longitude": 27.736442}
            ]]},
            {"altitude": 172.5},
            {"distance_km": 1.75},
            {"speed_kmh": 5.4},
            {"timestamp": "Sun Apr 16 14:41:53 UTC 2017"}
        ],
        [
            {"location": [[
                {"latitude": 64.235433},
                {"longitude": 27.7365}
            ]]},
            {"altitude": 173.5},
            {"distance_km": 1.76},
            {"speed_kmh": 5.4},
            {"timestamp": "Sun Apr 16 14:42:02 UTC 2017"}
        ],
        [
            {"location": [[
                {"latitude": 64.235373},
                {"longitude": 27.736707}
            ]]},
            {"altitude": 172},
            {"distance_km": 1.77},
            {"speed_kmh": 5.4},
            {"timestamp": "Sun Apr 16 14:42:10 UTC 2017"}
        ],
        [
            {"location": [[
                {"latitude": 64.235297},
                {"longitude": 27.736873}
            ]]},
            {"altitude": 172.5},
            {"distance_km": 1.78},
            {"speed_kmh": 4.5},
            {"timestamp": "Sun Apr 16 14:43:30 UTC 2017"}
        ],
        [
            {"location": [[
                {"latitude": 64.235205},
                {"longitude": 27.736804}
            ]]},
            {"altitude": 171},
            {"distance_km": 1.79},
            {"speed_kmh": 4.5},
            {"timestamp": "Sun Apr 16 14:43:39 UTC 2017"}
        ],
        [
            {"location": [[
                {"latitude": 64.23511},
                {"longitude": 27.736671}
            ]]},
            {"altitude": 170.5},
            {"distance_km": 1.81},
            {"speed_kmh": 4.5},
            {"timestamp": "Sun Apr 16 14:43:47 UTC 2017"}
        ],
        [
            {"location": [[
                {"latitude": 64.235028},
                {"longitude": 27.736525}
            ]]},
            {"altitude": 171.5},
            {"distance_km": 1.82},
            {"speed_kmh": 4.5},
            {"timestamp": "Sun Apr 16 14:43:55 UTC 2017"}
        ],
        [
            {"location": [[
                {"latitude": 64.23493},
                {"longitude": 27.736434}
            ]]},
            {"altitude": 169.5},
            {"distance_km": 1.83},
            {"speed_kmh": 4.5},
            {"timestamp": "Sun Apr 16 14:44:03 UTC 2017"}
        ],
        [
            {"location": [[
                {"latitude": 64.234817},
                {"longitude": 27.736364}
            ]]},
            {"altitude": 165},
            {"distance_km": 1.84},
            {"speed_kmh": 4.5},
            {"timestamp": "Sun Apr 16 14:44:10 UTC 2017"}
        ],
        [
            {"location": [[
                {"latitude": 64.234722},
                {"longitude": 27.736233}
            ]]},
            {"altitude": 162.5},
            {"distance_km": 1.85},
            {"speed_kmh": 4.5},
            {"timestamp": "Sun Apr 16 14:45:08 UTC 2017"}
        ],
        [
            {"location": [[
                {"latitude": 64.234629},
                {"longitude": 27.736132}
            ]]},
            {"altitude": 159},
            {"distance_km": 1.87},
            {"speed_kmh": 3.6},
            {"timestamp": "Sun Apr 16 14:45:16 UTC 2017"}
        ],
        [
            {"location": [[
                {"latitude": 64.234541},
                {"longitude": 27.735978}
            ]]},
            {"altitude": 158.5},
            {"distance_km": 1.88},
            {"speed_kmh": 4.5},
            {"timestamp": "Sun Apr 16 14:45:24 UTC 2017"}
        ],
        [
            {"location": [[
                {"latitude": 64.234451},
                {"longitude": 27.735829}
            ]]},
            {"altitude": 159},
            {"distance_km": 1.89},
            {"speed_kmh": 4.5},
            {"timestamp": "Sun Apr 16 14:45:33 UTC 2017"}
        ],
        [
            {"location": [[
                {"latitude": 64.234352},
                {"longitude": 27.735678}
            ]]},
            {"altitude": 160.5},
            {"distance_km": 1.9},
            {"speed_kmh": 4.5},
            {"timestamp": "Sun Apr 16 14:45:41 UTC 2017"}
        ],
        [
            {"location": [[
                {"latitude": 64.234252},
                {"longitude": 27.735539}
            ]]},
            {"altitude": 162},
            {"distance_km": 1.92},
            {"speed_kmh": 4.5},
            {"timestamp": "Sun Apr 16 14:45:48 UTC 2017"}
        ],
        [
            {"location": [[
                {"latitude": 64.234149},
                {"longitude": 27.735425}
            ]]},
            {"altitude": 165.5},
            {"distance_km": 1.93},
            {"speed_kmh": 4.5},
            {"timestamp": "Sun Apr 16 14:45:56 UTC 2017"}
        ],
        [
            {"location": [[
                {"latitude": 64.234049},
                {"longitude": 27.73529}
            ]]},
            {"altitude": 166},
            {"distance_km": 1.94},
            {"speed_kmh": 4.5},
            {"timestamp": "Sun Apr 16 14:46:04 UTC 2017"}
        ],
        [
            {"location": [[
                {"latitude": 64.233966},
                {"longitude": 27.735162}
            ]]},
            {"altitude": 166.5},
            {"distance_km": 1.95},
            {"speed_kmh": 4.5},
            {"timestamp": "Sun Apr 16 14:46:12 UTC 2017"}
        ],
        [
            {"location": [[
                {"latitude": 64.233892},
                {"longitude": 27.734998}
            ]]},
            {"altitude": 165.5},
            {"distance_km": 1.96},
            {"speed_kmh": 4.5},
            {"timestamp": "Sun Apr 16 14:46:20 UTC 2017"}
        ],
        [
            {"location": [[
                {"latitude": 64.233814},
                {"longitude": 27.734863}
            ]]},
            {"altitude": 166},
            {"distance_km": 1.98},
            {"speed_kmh": 4.5},
            {"timestamp": "Sun Apr 16 14:46:28 UTC 2017"}
        ],
        [
            {"location": [[
                {"latitude": 64.233733},
                {"longitude": 27.734748}
            ]]},
            {"altitude": 164},
            {"distance_km": 1.99},
            {"speed_kmh": 0},
            {"timestamp": "Sun Apr 16 14:46:38 UTC 2017"}
        ],
        [
            {"location": [[
                {"latitude": 64.233632},
                {"longitude": 27.73464}
            ]]},
            {"altitude": 161.5},
            {"distance_km": 2},
            {"speed_kmh": 4.5},
            {"timestamp": "Sun Apr 16 14:46:58 UTC 2017"}
        ],
        [
            {"location": [[
                {"latitude": 64.233533},
                {"longitude": 27.73454}
            ]]},
            {"altitude": 160},
            {"distance_km": 2.01},
            {"speed_kmh": 4.5},
            {"timestamp": "Sun Apr 16 14:47:06 UTC 2017"}
        ],
        [
            {"location": [[
                {"latitude": 64.233437},
                {"longitude": 27.734452}
            ]]},
            {"altitude": 161.5},
            {"distance_km": 2.02},
            {"speed_kmh": 0},
            {"timestamp": "Sun Apr 16 14:47:15 UTC 2017"}
        ],
        [
            {"location": [[
                {"latitude": 64.233343},
                {"longitude": 27.734408}
            ]]},
            {"altitude": 158.5},
            {"distance_km": 2.03},
            {"speed_kmh": 3.6},
            {"timestamp": "Sun Apr 16 14:47:23 UTC 2017"}
        ],
        [
            {"location": [[
                {"latitude": 64.233196},
                {"longitude": 27.734368}
            ]]},
            {"altitude": 162.5},
            {"distance_km": 2.05},
            {"speed_kmh": 3.6},
            {"timestamp": "Sun Apr 16 14:47:32 UTC 2017"}
        ],
        [
            {"location": [[
                {"latitude": 64.23309},
                {"longitude": 27.734319}
            ]]},
            {"altitude": 161.5},
            {"distance_km": 2.06},
            {"speed_kmh": 3.6},
            {"timestamp": "Sun Apr 16 14:47:40 UTC 2017"}
        ],
        [
            {"location": [[
                {"latitude": 64.232981},
                {"longitude": 27.734346}
            ]]},
            {"altitude": 156.5},
            {"distance_km": 2.07},
            {"speed_kmh": 3.6},
            {"timestamp": "Sun Apr 16 14:47:48 UTC 2017"}
        ],
        [
            {"location": [[
                {"latitude": 64.232889},
                {"longitude": 27.73432}
            ]]},
            {"altitude": 152.5},
            {"distance_km": 2.08},
            {"speed_kmh": 3.6},
            {"timestamp": "Sun Apr 16 14:47:56 UTC 2017"}
        ],
        [
            {"location": [[
                {"latitude": 64.232796},
                {"longitude": 27.734314}
            ]]},
            {"altitude": 152.5},
            {"distance_km": 2.09},
            {"speed_kmh": 3.6},
            {"timestamp": "Sun Apr 16 14:48:02 UTC 2017"}
        ],
        [
            {"location": [[
                {"latitude": 64.232682},
                {"longitude": 27.734308}
            ]]},
            {"altitude": 153.5},
            {"distance_km": 2.11},
            {"speed_kmh": 4.5},
            {"timestamp": "Sun Apr 16 14:48:10 UTC 2017"}
        ],
        [
            {"location": [[
                {"latitude": 64.232641},
                {"longitude": 27.734101}
            ]]},
            {"altitude": 151.5},
            {"distance_km": 2.12},
            {"speed_kmh": 3.6},
            {"timestamp": "Sun Apr 16 14:48:20 UTC 2017"}
        ],
        [
            {"location": [[
                {"latitude": 64.232638},
                {"longitude": 27.733866}
            ]]},
            {"altitude": 151},
            {"distance_km": 2.13},
            {"speed_kmh": 5.4},
            {"timestamp": "Sun Apr 16 14:48:26 UTC 2017"}
        ],
        [
            {"location": [[
                {"latitude": 64.232652},
                {"longitude": 27.733649}
            ]]},
            {"altitude": 151},
            {"distance_km": 2.14},
            {"speed_kmh": 5.4},
            {"timestamp": "Sun Apr 16 14:48:32 UTC 2017"}
        ],
        [
            {"location": [[
                {"latitude": 64.232647},
                {"longitude": 27.733391}
            ]]},
            {"altitude": 151.5},
            {"distance_km": 2.15},
            {"speed_kmh": 5.4},
            {"timestamp": "Sun Apr 16 14:48:40 UTC 2017"}
        ],
        [
            {"location": [[
                {"latitude": 64.232648},
                {"longitude": 27.733151}
            ]]},
            {"altitude": 152},
            {"distance_km": 2.16},
            {"speed_kmh": 5.4},
            {"timestamp": "Sun Apr 16 14:48:48 UTC 2017"}
        ],
        [
            {"location": [[
                {"latitude": 64.232682},
                {"longitude": 27.732944}
            ]]},
            {"altitude": 152.5},
            {"distance_km": 2.17},
            {"speed_kmh": 5.4},
            {"timestamp": "Sun Apr 16 14:48:56 UTC 2017"}
        ],
        [
            {"location": [[
                {"latitude": 64.232715},
                {"longitude": 27.732747}
            ]]},
            {"altitude": 151},
            {"distance_km": 2.18},
            {"speed_kmh": 4.5},
            {"timestamp": "Sun Apr 16 14:49:04 UTC 2017"}
        ],
        [
            {"location": [[
                {"latitude": 64.232711},
                {"longitude": 27.732538}
            ]]},
            {"altitude": 154.5},
            {"distance_km": 2.19},
            {"speed_kmh": 2.7},
            {"timestamp": "Sun Apr 16 14:50:02 UTC 2017"}
        ],
        [
            {"location": [[
                {"latitude": 64.232738},
                {"longitude": 27.73229}
            ]]},
            {"altitude": 157},
            {"distance_km": 2.21},
            {"speed_kmh": 4.5},
            {"timestamp": "Sun Apr 16 14:50:10 UTC 2017"}
        ],
        [
            {"location": [[
                {"latitude": 64.232768},
                {"longitude": 27.732056}
            ]]},
            {"altitude": 154},
            {"distance_km": 2.22},
            {"speed_kmh": 2.7},
            {"timestamp": "Sun Apr 16 14:50:40 UTC 2017"}
        ],
        [
            {"location": [[
                {"latitude": 64.232789},
                {"longitude": 27.731816}
            ]]},
            {"altitude": 156},
            {"distance_km": 2.23},
            {"speed_kmh": 3.6},
            {"timestamp": "Sun Apr 16 14:50:48 UTC 2017"}
        ],
        [
            {"location": [[
                {"latitude": 64.232813},
                {"longitude": 27.731586}
            ]]},
            {"altitude": 155.5},
            {"distance_km": 2.24},
            {"speed_kmh": 4.5},
            {"timestamp": "Sun Apr 16 14:50:55 UTC 2017"}
        ],
        [
            {"location": [[
                {"latitude": 64.232808},
                {"longitude": 27.731331}
            ]]},
            {"altitude": 156.5},
            {"distance_km": 2.25},
            {"speed_kmh": 4.5},
            {"timestamp": "Sun Apr 16 14:51:03 UTC 2017"}
        ],
        [
            {"location": [[
                {"latitude": 64.23272},
                {"longitude": 27.731281}
            ]]},
            {"altitude": 156},
            {"distance_km": 2.26},
            {"speed_kmh": 4.5},
            {"timestamp": "Sun Apr 16 14:51:09 UTC 2017"}
        ],
        [
            {"location": [[
                {"latitude": 64.232626},
                {"longitude": 27.731215}
            ]]},
            {"altitude": 155.5},
            {"distance_km": 2.28},
            {"speed_kmh": 5.4},
            {"timestamp": "Sun Apr 16 14:51:32 UTC 2017"}
        ],
        [
            {"location": [[
                {"latitude": 64.232522},
                {"longitude": 27.731157}
            ]]},
            {"altitude": 156},
            {"distance_km": 2.29},
            {"speed_kmh": 5.4},
            {"timestamp": "Sun Apr 16 14:51:40 UTC 2017"}
        ],
        [
            {"location": [[
                {"latitude": 64.232419},
                {"longitude": 27.731041}
            ]]},
            {"altitude": 153.5},
            {"distance_km": 2.3},
            {"speed_kmh": 5.4},
            {"timestamp": "Sun Apr 16 14:51:48 UTC 2017"}
        ],
        [
            {"location": [[
                {"latitude": 64.232341},
                {"longitude": 27.730881}
            ]]},
            {"altitude": 154},
            {"distance_km": 2.31},
            {"speed_kmh": 5.4},
            {"timestamp": "Sun Apr 16 14:51:56 UTC 2017"}
        ],
        [
            {"location": [[
                {"latitude": 64.232237},
                {"longitude": 27.730816}
            ]]},
            {"altitude": 155},
            {"distance_km": 2.32},
            {"speed_kmh": 5.4},
            {"timestamp": "Sun Apr 16 14:52:04 UTC 2017"}
        ],
        [
            {"location": [[
                {"latitude": 64.232132},
                {"longitude": 27.730753}
            ]]},
            {"altitude": 155},
            {"distance_km": 2.34},
            {"speed_kmh": 5.4},
            {"timestamp": "Sun Apr 16 14:52:12 UTC 2017"}
        ],
        [
            {"location": [[
                {"latitude": 64.232042},
                {"longitude": 27.730614}
            ]]},
            {"altitude": 154.5},
            {"distance_km": 2.35},
            {"speed_kmh": 5.4},
            {"timestamp": "Sun Apr 16 14:52:20 UTC 2017"}
        ],
        [
            {"location": [[
                {"latitude": 64.231972},
                {"longitude": 27.730458}
            ]]},
            {"altitude": 151.5},
            {"distance_km": 2.36},
            {"speed_kmh": 5.4},
            {"timestamp": "Sun Apr 16 14:52:28 UTC 2017"}
        ],
        [
            {"location": [[
                {"latitude": 64.231883},
                {"longitude": 27.730312}
            ]]},
            {"altitude": 149},
            {"distance_km": 2.37},
            {"speed_kmh": 4.5},
            {"timestamp": "Sun Apr 16 14:52:36 UTC 2017"}
        ],
        [
            {"location": [[
                {"latitude": 64.23181},
                {"longitude": 27.730111}
            ]]},
            {"altitude": 147.5},
            {"distance_km": 2.38},
            {"speed_kmh": 4.5},
            {"timestamp": "Sun Apr 16 14:52:44 UTC 2017"}
        ],
        [
            {"location": [[
                {"latitude": 64.231738},
                {"longitude": 27.72997}
            ]]},
            {"altitude": 147.5},
            {"distance_km": 2.39},
            {"speed_kmh": 5.4},
            {"timestamp": "Sun Apr 16 14:52:51 UTC 2017"}
        ],
        [
            {"location": [[
                {"latitude": 64.231701},
                {"longitude": 27.729729}
            ]]},
            {"altitude": 145},
            {"distance_km": 2.41},
            {"speed_kmh": 5.4},
            {"timestamp": "Sun Apr 16 14:52:59 UTC 2017"}
        ],
        [
            {"location": [[
                {"latitude": 64.231771},
                {"longitude": 27.729583}
            ]]},
            {"altitude": 143.5},
            {"distance_km": 2.42},
            {"speed_kmh": 2.7},
            {"timestamp": "Sun Apr 16 14:53:13 UTC 2017"}
        ],
        [
            {"location": [[
                {"latitude": 64.231781},
                {"longitude": 27.729564}
            ]]},
            {"altitude": 147.5},
            {"distance_km": 2.42},
            {"speed_kmh": 0},
            {"timestamp": "Sun Apr 16 14:53:24 UTC 2017"}
        ],
        [
            {"location": [[
                {"latitude": 64.231782},
                {"longitude": 27.729566}
            ]]},
            {"altitude": 147.5},
            {"distance_km": 2.42},
            {"speed_kmh": 0.9},
            {"timestamp": "Sun Apr 16 14:53:25 UTC 2017"}
        ]
    ]}
]