[
    {"sport": "WALKING"},
    {"source": "TRACK_MOBILE"},
    {"created_date": "2017-03-21 06:48:39.0"},
    {"start_time": "2017-03-21 06:46:28.0"},
    {"end_time": "2017-03-21 07:13:51.0"},
    {"duration_s": 1642},
    {"distance_km": 2.07},
    {"calories_kcal": 151.327},
    {"altitude_min_m": 148.5},
    {"altitude_max_m": 205},
    {"speed_avg_kmh": 4.538367844092569},
    {"speed_max_kmh": 6.3},
    {"ascend_m": 45},
    {"descend_m": 48},
    {"points": [
        [
            {"location": [[
                {"latitude": 64.231874},
                {"longitude": 27.729352}
            ]]},
            {"distance_km": 0},
            {"timestamp": "Tue Mar 21 06:46:28 UTC 2017"}
        ],
        [
            {"location": [[
                {"latitude": 64.231874},
                {"longitude": 27.729352}
            ]]},
            {"altitude": 154},
            {"distance_km": 0},
            {"speed_kmh": 0},
            {"timestamp": "Tue Mar 21 06:46:39 UTC 2017"}
        ],
        [
            {"location": [[
                {"latitude": 64.231785},
                {"longitude": 27.729466}
            ]]},
            {"altitude": 157},
            {"distance_km": 0.01},
            {"speed_kmh": 4.5},
            {"timestamp": "Tue Mar 21 06:47:17 UTC 2017"}
        ],
        [
            {"location": [[
                {"latitude": 64.231696},
                {"longitude": 27.72966}
            ]]},
            {"altitude": 154},
            {"distance_km": 0.02},
            {"speed_kmh": 4.5},
            {"timestamp": "Tue Mar 21 06:47:27 UTC 2017"}
        ],
        [
            {"location": [[
                {"latitude": 64.231728},
                {"longitude": 27.729883}
            ]]},
            {"altitude": 150.5},
            {"distance_km": 0.04},
            {"speed_kmh": 4.5},
            {"timestamp": "Tue Mar 21 06:47:35 UTC 2017"}
        ],
        [
            {"location": [[
                {"latitude": 64.231794},
                {"longitude": 27.730056}
            ]]},
            {"altitude": 149.5},
            {"distance_km": 0.05},
            {"speed_kmh": 4.5},
            {"timestamp": "Tue Mar 21 06:47:43 UTC 2017"}
        ],
        [
            {"location": [[
                {"latitude": 64.231874},
                {"longitude": 27.730177}
            ]]},
            {"altitude": 148.5},
            {"distance_km": 0.06},
            {"speed_kmh": 4.5},
            {"timestamp": "Tue Mar 21 06:47:51 UTC 2017"}
        ],
        [
            {"location": [[
                {"latitude": 64.231962},
                {"longitude": 27.730329}
            ]]},
            {"altitude": 150},
            {"distance_km": 0.07},
            {"speed_kmh": 5.4},
            {"timestamp": "Tue Mar 21 06:47:59 UTC 2017"}
        ],
        [
            {"location": [[
                {"latitude": 64.232027},
                {"longitude": 27.730484}
            ]]},
            {"altitude": 150},
            {"distance_km": 0.08},
            {"speed_kmh": 5.4},
            {"timestamp": "Tue Mar 21 06:48:05 UTC 2017"}
        ],
        [
            {"location": [[
                {"latitude": 64.232105},
                {"longitude": 27.730643}
            ]]},
            {"altitude": 152},
            {"distance_km": 0.09},
            {"speed_kmh": 5.4},
            {"timestamp": "Tue Mar 21 06:48:13 UTC 2017"}
        ],
        [
            {"location": [[
                {"latitude": 64.232192},
                {"longitude": 27.730722}
            ]]},
            {"altitude": 154},
            {"distance_km": 0.1},
            {"speed_kmh": 5.4},
            {"timestamp": "Tue Mar 21 06:48:20 UTC 2017"}
        ],
        [
            {"location": [[
                {"latitude": 64.232295},
                {"longitude": 27.73084}
            ]]},
            {"altitude": 154},
            {"distance_km": 0.12},
            {"speed_kmh": 5.4},
            {"timestamp": "Tue Mar 21 06:48:28 UTC 2017"}
        ],
        [
            {"location": [[
                {"latitude": 64.232388},
                {"longitude": 27.730978}
            ]]},
            {"altitude": 155.5},
            {"distance_km": 0.13},
            {"speed_kmh": 5.4},
            {"timestamp": "Tue Mar 21 06:48:36 UTC 2017"}
        ],
        [
            {"location": [[
                {"latitude": 64.232478},
                {"longitude": 27.731111}
            ]]},
            {"altitude": 158.5},
            {"distance_km": 0.14},
            {"speed_kmh": 5.4},
            {"timestamp": "Tue Mar 21 06:48:45 UTC 2017"}
        ],
        [
            {"location": [[
                {"latitude": 64.23257},
                {"longitude": 27.731239}
            ]]},
            {"altitude": 157.5},
            {"distance_km": 0.15},
            {"speed_kmh": 5.4},
            {"timestamp": "Tue Mar 21 06:48:53 UTC 2017"}
        ],
        [
            {"location": [[
                {"latitude": 64.232661},
                {"longitude": 27.731354}
            ]]},
            {"altitude": 157.5},
            {"distance_km": 0.16},
            {"speed_kmh": 5.4},
            {"timestamp": "Tue Mar 21 06:49:01 UTC 2017"}
        ],
        [
            {"location": [[
                {"latitude": 64.232769},
                {"longitude": 27.731427}
            ]]},
            {"altitude": 158.5},
            {"distance_km": 0.18},
            {"speed_kmh": 5.4},
            {"timestamp": "Tue Mar 21 06:49:09 UTC 2017"}
        ],
        [
            {"location": [[
                {"latitude": 64.23287},
                {"longitude": 27.73148}
            ]]},
            {"altitude": 160.5},
            {"distance_km": 0.19},
            {"speed_kmh": 4.5},
            {"timestamp": "Tue Mar 21 06:49:17 UTC 2017"}
        ],
        [
            {"location": [[
                {"latitude": 64.232966},
                {"longitude": 27.73155}
            ]]},
            {"altitude": 161},
            {"distance_km": 0.2},
            {"speed_kmh": 5.4},
            {"timestamp": "Tue Mar 21 06:49:23 UTC 2017"}
        ],
        [
            {"location": [[
                {"latitude": 64.233065},
                {"longitude": 27.731584}
            ]]},
            {"altitude": 160.5},
            {"distance_km": 0.21},
            {"speed_kmh": 5.4},
            {"timestamp": "Tue Mar 21 06:49:31 UTC 2017"}
        ],
        [
            {"location": [[
                {"latitude": 64.233156},
                {"longitude": 27.731609}
            ]]},
            {"altitude": 160.5},
            {"distance_km": 0.22},
            {"speed_kmh": 4.5},
            {"timestamp": "Tue Mar 21 06:49:39 UTC 2017"}
        ],
        [
            {"location": [[
                {"latitude": 64.233259},
                {"longitude": 27.731526}
            ]]},
            {"altitude": 160},
            {"distance_km": 0.23},
            {"speed_kmh": 2.7},
            {"timestamp": "Tue Mar 21 06:49:49 UTC 2017"}
        ],
        [
            {"location": [[
                {"latitude": 64.23336},
                {"longitude": 27.731584}
            ]]},
            {"altitude": 164},
            {"distance_km": 0.24},
            {"speed_kmh": 0},
            {"timestamp": "Tue Mar 21 06:50:03 UTC 2017"}
        ],
        [
            {"location": [[
                {"latitude": 64.233438},
                {"longitude": 27.731697}
            ]]},
            {"altitude": 164},
            {"distance_km": 0.25},
            {"speed_kmh": 3.6},
            {"timestamp": "Tue Mar 21 06:50:16 UTC 2017"}
        ],
        [
            {"location": [[
                {"latitude": 64.233529},
                {"longitude": 27.731642}
            ]]},
            {"altitude": 164.5},
            {"distance_km": 0.26},
            {"speed_kmh": 3.6},
            {"timestamp": "Tue Mar 21 06:50:24 UTC 2017"}
        ],
        [
            {"location": [[
                {"latitude": 64.233636},
                {"longitude": 27.731543}
            ]]},
            {"altitude": 167},
            {"distance_km": 0.28},
            {"speed_kmh": 4.5},
            {"timestamp": "Tue Mar 21 06:50:32 UTC 2017"}
        ],
        [
            {"location": [[
                {"latitude": 64.233725},
                {"longitude": 27.731494}
            ]]},
            {"altitude": 170.5},
            {"distance_km": 0.29},
            {"speed_kmh": 3.6},
            {"timestamp": "Tue Mar 21 06:50:41 UTC 2017"}
        ],
        [
            {"location": [[
                {"latitude": 64.233817},
                {"longitude": 27.73141}
            ]]},
            {"altitude": 172},
            {"distance_km": 0.3},
            {"speed_kmh": 3.6},
            {"timestamp": "Tue Mar 21 06:50:49 UTC 2017"}
        ],
        [
            {"location": [[
                {"latitude": 64.233913},
                {"longitude": 27.731277}
            ]]},
            {"altitude": 172.5},
            {"distance_km": 0.31},
            {"speed_kmh": 3.6},
            {"timestamp": "Tue Mar 21 06:51:15 UTC 2017"}
        ],
        [
            {"location": [[
                {"latitude": 64.233995},
                {"longitude": 27.731137}
            ]]},
            {"altitude": 173},
            {"distance_km": 0.32},
            {"speed_kmh": 3.6},
            {"timestamp": "Tue Mar 21 06:51:23 UTC 2017"}
        ],
        [
            {"location": [[
                {"latitude": 64.234032},
                {"longitude": 27.730886}
            ]]},
            {"altitude": 173},
            {"distance_km": 0.34},
            {"speed_kmh": 4.5},
            {"timestamp": "Tue Mar 21 06:51:29 UTC 2017"}
        ],
        [
            {"location": [[
                {"latitude": 64.234022},
                {"longitude": 27.730674}
            ]]},
            {"altitude": 174.5},
            {"distance_km": 0.35},
            {"speed_kmh": 2.7},
            {"timestamp": "Tue Mar 21 06:51:35 UTC 2017"}
        ],
        [
            {"location": [[
                {"latitude": 64.233988},
                {"longitude": 27.730428}
            ]]},
            {"altitude": 172.5},
            {"distance_km": 0.36},
            {"speed_kmh": 3.6},
            {"timestamp": "Tue Mar 21 06:51:43 UTC 2017"}
        ],
        [
            {"location": [[
                {"latitude": 64.233944},
                {"longitude": 27.730172}
            ]]},
            {"altitude": 174.5},
            {"distance_km": 0.37},
            {"speed_kmh": 3.6},
            {"timestamp": "Tue Mar 21 06:51:51 UTC 2017"}
        ],
        [
            {"location": [[
                {"latitude": 64.233909},
                {"longitude": 27.72994}
            ]]},
            {"altitude": 176},
            {"distance_km": 0.38},
            {"speed_kmh": 4.5},
            {"timestamp": "Tue Mar 21 06:51:58 UTC 2017"}
        ],
        [
            {"location": [[
                {"latitude": 64.233883},
                {"longitude": 27.729727}
            ]]},
            {"altitude": 178},
            {"distance_km": 0.39},
            {"speed_kmh": 3.6},
            {"timestamp": "Tue Mar 21 06:52:04 UTC 2017"}
        ],
        [
            {"location": [[
                {"latitude": 64.233919},
                {"longitude": 27.729523}
            ]]},
            {"altitude": 176.5},
            {"distance_km": 0.4},
            {"speed_kmh": 3.6},
            {"timestamp": "Tue Mar 21 06:52:17 UTC 2017"}
        ],
        [
            {"location": [[
                {"latitude": 64.233939},
                {"longitude": 27.729318}
            ]]},
            {"altitude": 180.5},
            {"distance_km": 0.41},
            {"speed_kmh": 3.6},
            {"timestamp": "Tue Mar 21 06:52:23 UTC 2017"}
        ],
        [
            {"location": [[
                {"latitude": 64.233958},
                {"longitude": 27.729116}
            ]]},
            {"altitude": 180.5},
            {"distance_km": 0.42},
            {"speed_kmh": 4.5},
            {"timestamp": "Tue Mar 21 06:52:29 UTC 2017"}
        ],
        [
            {"location": [[
                {"latitude": 64.234017},
                {"longitude": 27.728908}
            ]]},
            {"altitude": 180.5},
            {"distance_km": 0.44},
            {"speed_kmh": 3.6},
            {"timestamp": "Tue Mar 21 06:52:37 UTC 2017"}
        ],
        [
            {"location": [[
                {"latitude": 64.234075},
                {"longitude": 27.728728}
            ]]},
            {"altitude": 177},
            {"distance_km": 0.45},
            {"speed_kmh": 3.6},
            {"timestamp": "Tue Mar 21 06:52:45 UTC 2017"}
        ],
        [
            {"location": [[
                {"latitude": 64.234083},
                {"longitude": 27.72848}
            ]]},
            {"altitude": 176.5},
            {"distance_km": 0.46},
            {"speed_kmh": 3.6},
            {"timestamp": "Tue Mar 21 06:52:53 UTC 2017"}
        ],
        [
            {"location": [[
                {"latitude": 64.234079},
                {"longitude": 27.728231}
            ]]},
            {"altitude": 178.5},
            {"distance_km": 0.47},
            {"speed_kmh": 3.6},
            {"timestamp": "Tue Mar 21 06:52:59 UTC 2017"}
        ],
        [
            {"location": [[
                {"latitude": 64.234049},
                {"longitude": 27.728012}
            ]]},
            {"altitude": 177},
            {"distance_km": 0.48},
            {"speed_kmh": 3.6},
            {"timestamp": "Tue Mar 21 06:53:05 UTC 2017"}
        ],
        [
            {"location": [[
                {"latitude": 64.234},
                {"longitude": 27.727778}
            ]]},
            {"altitude": 179.5},
            {"distance_km": 0.5},
            {"speed_kmh": 4.5},
            {"timestamp": "Tue Mar 21 06:53:13 UTC 2017"}
        ],
        [
            {"location": [[
                {"latitude": 64.23394},
                {"longitude": 27.727564}
            ]]},
            {"altitude": 178.5},
            {"distance_km": 0.51},
            {"speed_kmh": 4.5},
            {"timestamp": "Tue Mar 21 06:53:21 UTC 2017"}
        ],
        [
            {"location": [[
                {"latitude": 64.233926},
                {"longitude": 27.727357}
            ]]},
            {"altitude": 181},
            {"distance_km": 0.52},
            {"speed_kmh": 3.6},
            {"timestamp": "Tue Mar 21 06:53:29 UTC 2017"}
        ],
        [
            {"location": [[
                {"latitude": 64.233968},
                {"longitude": 27.727167}
            ]]},
            {"altitude": 180},
            {"distance_km": 0.53},
            {"speed_kmh": 3.6},
            {"timestamp": "Tue Mar 21 06:53:37 UTC 2017"}
        ],
        [
            {"location": [[
                {"latitude": 64.234023},
                {"longitude": 27.726924}
            ]]},
            {"altitude": 178},
            {"distance_km": 0.54},
            {"speed_kmh": 4.5},
            {"timestamp": "Tue Mar 21 06:53:46 UTC 2017"}
        ],
        [
            {"location": [[
                {"latitude": 64.234099},
                {"longitude": 27.72674}
            ]]},
            {"altitude": 181},
            {"distance_km": 0.55},
            {"speed_kmh": 4.5},
            {"timestamp": "Tue Mar 21 06:53:54 UTC 2017"}
        ],
        [
            {"location": [[
                {"latitude": 64.234174},
                {"longitude": 27.726558}
            ]]},
            {"altitude": 182},
            {"distance_km": 0.57},
            {"speed_kmh": 3.6},
            {"timestamp": "Tue Mar 21 06:54:06 UTC 2017"}
        ],
        [
            {"location": [[
                {"latitude": 64.234218},
                {"longitude": 27.726376}
            ]]},
            {"altitude": 179.5},
            {"distance_km": 0.58},
            {"speed_kmh": 4.5},
            {"timestamp": "Tue Mar 21 06:54:12 UTC 2017"}
        ],
        [
            {"location": [[
                {"latitude": 64.234308},
                {"longitude": 27.726201}
            ]]},
            {"altitude": 182.5},
            {"distance_km": 0.59},
            {"speed_kmh": 4.5},
            {"timestamp": "Tue Mar 21 06:54:21 UTC 2017"}
        ],
        [
            {"location": [[
                {"latitude": 64.234384},
                {"longitude": 27.726085}
            ]]},
            {"altitude": 183},
            {"distance_km": 0.6},
            {"speed_kmh": 4.5},
            {"timestamp": "Tue Mar 21 06:54:27 UTC 2017"}
        ],
        [
            {"location": [[
                {"latitude": 64.234472},
                {"longitude": 27.725966}
            ]]},
            {"altitude": 184},
            {"distance_km": 0.61},
            {"speed_kmh": 4.5},
            {"timestamp": "Tue Mar 21 06:54:35 UTC 2017"}
        ],
        [
            {"location": [[
                {"latitude": 64.234552},
                {"longitude": 27.725785}
            ]]},
            {"altitude": 185.5},
            {"distance_km": 0.62},
            {"speed_kmh": 4.5},
            {"timestamp": "Tue Mar 21 06:54:43 UTC 2017"}
        ],
        [
            {"location": [[
                {"latitude": 64.234657},
                {"longitude": 27.725759}
            ]]},
            {"altitude": 184},
            {"distance_km": 0.63},
            {"speed_kmh": 2.7},
            {"timestamp": "Tue Mar 21 06:54:59 UTC 2017"}
        ],
        [
            {"location": [[
                {"latitude": 64.234749},
                {"longitude": 27.725678}
            ]]},
            {"altitude": 182.5},
            {"distance_km": 0.65},
            {"speed_kmh": 3.6},
            {"timestamp": "Tue Mar 21 06:55:05 UTC 2017"}
        ],
        [
            {"location": [[
                {"latitude": 64.234837},
                {"longitude": 27.725611}
            ]]},
            {"altitude": 183.5},
            {"distance_km": 0.66},
            {"speed_kmh": 4.5},
            {"timestamp": "Tue Mar 21 06:55:11 UTC 2017"}
        ],
        [
            {"location": [[
                {"latitude": 64.234946},
                {"longitude": 27.725546}
            ]]},
            {"altitude": 182},
            {"distance_km": 0.67},
            {"speed_kmh": 4.5},
            {"timestamp": "Tue Mar 21 06:55:19 UTC 2017"}
        ],
        [
            {"location": [[
                {"latitude": 64.235036},
                {"longitude": 27.725477}
            ]]},
            {"altitude": 182},
            {"distance_km": 0.68},
            {"speed_kmh": 4.5},
            {"timestamp": "Tue Mar 21 06:55:25 UTC 2017"}
        ],
        [
            {"location": [[
                {"latitude": 64.235132},
                {"longitude": 27.725465}
            ]]},
            {"altitude": 182},
            {"distance_km": 0.69},
            {"speed_kmh": 4.5},
            {"timestamp": "Tue Mar 21 06:55:31 UTC 2017"}
        ],
        [
            {"location": [[
                {"latitude": 64.235219},
                {"longitude": 27.72537}
            ]]},
            {"altitude": 180.5},
            {"distance_km": 0.7},
            {"speed_kmh": 4.5},
            {"timestamp": "Tue Mar 21 06:55:37 UTC 2017"}
        ],
        [
            {"location": [[
                {"latitude": 64.235303},
                {"longitude": 27.725258}
            ]]},
            {"altitude": 180},
            {"distance_km": 0.71},
            {"speed_kmh": 3.6},
            {"timestamp": "Tue Mar 21 06:55:43 UTC 2017"}
        ],
        [
            {"location": [[
                {"latitude": 64.235408},
                {"longitude": 27.725274}
            ]]},
            {"altitude": 182},
            {"distance_km": 0.72},
            {"speed_kmh": 3.6},
            {"timestamp": "Tue Mar 21 06:55:51 UTC 2017"}
        ],
        [
            {"location": [[
                {"latitude": 64.235519},
                {"longitude": 27.725341}
            ]]},
            {"altitude": 182.5},
            {"distance_km": 0.74},
            {"speed_kmh": 4.5},
            {"timestamp": "Tue Mar 21 06:56:00 UTC 2017"}
        ],
        [
            {"location": [[
                {"latitude": 64.235614},
                {"longitude": 27.725384}
            ]]},
            {"altitude": 178.5},
            {"distance_km": 0.75},
            {"speed_kmh": 3.6},
            {"timestamp": "Tue Mar 21 06:56:10 UTC 2017"}
        ],
        [
            {"location": [[
                {"latitude": 64.235709},
                {"longitude": 27.725481}
            ]]},
            {"altitude": 180.5},
            {"distance_km": 0.76},
            {"speed_kmh": 3.6},
            {"timestamp": "Tue Mar 21 06:56:23 UTC 2017"}
        ],
        [
            {"location": [[
                {"latitude": 64.235795},
                {"longitude": 27.725562}
            ]]},
            {"altitude": 183},
            {"distance_km": 0.77},
            {"speed_kmh": 3.6},
            {"timestamp": "Tue Mar 21 06:56:31 UTC 2017"}
        ],
        [
            {"location": [[
                {"latitude": 64.235846},
                {"longitude": 27.725738}
            ]]},
            {"altitude": 185.5},
            {"distance_km": 0.78},
            {"speed_kmh": 2.7},
            {"timestamp": "Tue Mar 21 06:56:43 UTC 2017"}
        ],
        [
            {"location": [[
                {"latitude": 64.235933},
                {"longitude": 27.725866}
            ]]},
            {"altitude": 185.5},
            {"distance_km": 0.79},
            {"speed_kmh": 3.6},
            {"timestamp": "Tue Mar 21 06:56:51 UTC 2017"}
        ],
        [
            {"location": [[
                {"latitude": 64.236024},
                {"longitude": 27.725796}
            ]]},
            {"altitude": 181.5},
            {"distance_km": 0.8},
            {"speed_kmh": 3.6},
            {"timestamp": "Tue Mar 21 06:57:07 UTC 2017"}
        ],
        [
            {"location": [[
                {"latitude": 64.23612},
                {"longitude": 27.725842}
            ]]},
            {"altitude": 188},
            {"distance_km": 0.81},
            {"speed_kmh": 4.5},
            {"timestamp": "Tue Mar 21 06:57:15 UTC 2017"}
        ],
        [
            {"location": [[
                {"latitude": 64.23616},
                {"longitude": 27.726048}
            ]]},
            {"altitude": 191.5},
            {"distance_km": 0.82},
            {"speed_kmh": 3.6},
            {"timestamp": "Tue Mar 21 06:57:25 UTC 2017"}
        ],
        [
            {"location": [[
                {"latitude": 64.23613},
                {"longitude": 27.726263}
            ]]},
            {"altitude": 192},
            {"distance_km": 0.83},
            {"speed_kmh": 3.6},
            {"timestamp": "Tue Mar 21 06:57:35 UTC 2017"}
        ],
        [
            {"location": [[
                {"latitude": 64.2361},
                {"longitude": 27.726475}
            ]]},
            {"altitude": 194.5},
            {"distance_km": 0.84},
            {"speed_kmh": 4.5},
            {"timestamp": "Tue Mar 21 06:57:43 UTC 2017"}
        ],
        [
            {"location": [[
                {"latitude": 64.236042},
                {"longitude": 27.726659}
            ]]},
            {"altitude": 195},
            {"distance_km": 0.86},
            {"speed_kmh": 4.5},
            {"timestamp": "Tue Mar 21 06:57:51 UTC 2017"}
        ],
        [
            {"location": [[
                {"latitude": 64.23603},
                {"longitude": 27.726868}
            ]]},
            {"altitude": 194.5},
            {"distance_km": 0.87},
            {"speed_kmh": 4.5},
            {"timestamp": "Tue Mar 21 06:57:58 UTC 2017"}
        ],
        [
            {"location": [[
                {"latitude": 64.236},
                {"longitude": 27.727083}
            ]]},
            {"altitude": 199},
            {"distance_km": 0.88},
            {"speed_kmh": 4.5},
            {"timestamp": "Tue Mar 21 06:58:06 UTC 2017"}
        ],
        [
            {"location": [[
                {"latitude": 64.235972},
                {"longitude": 27.727312}
            ]]},
            {"altitude": 200.5},
            {"distance_km": 0.89},
            {"speed_kmh": 4.5},
            {"timestamp": "Tue Mar 21 06:58:14 UTC 2017"}
        ],
        [
            {"location": [[
                {"latitude": 64.236006},
                {"longitude": 27.727532}
            ]]},
            {"altitude": 200},
            {"distance_km": 0.9},
            {"speed_kmh": 3.6},
            {"timestamp": "Tue Mar 21 06:58:25 UTC 2017"}
        ],
        [
            {"location": [[
                {"latitude": 64.236116},
                {"longitude": 27.727502}
            ]]},
            {"altitude": 193.5},
            {"distance_km": 0.91},
            {"speed_kmh": 4.5},
            {"timestamp": "Tue Mar 21 06:58:33 UTC 2017"}
        ],
        [
            {"location": [[
                {"latitude": 64.236233},
                {"longitude": 27.727413}
            ]]},
            {"altitude": 194},
            {"distance_km": 0.93},
            {"speed_kmh": 6.3},
            {"timestamp": "Tue Mar 21 06:58:39 UTC 2017"}
        ],
        [
            {"location": [[
                {"latitude": 64.236337},
                {"longitude": 27.727331}
            ]]},
            {"altitude": 195.5},
            {"distance_km": 0.94},
            {"speed_kmh": 5.4},
            {"timestamp": "Tue Mar 21 06:58:45 UTC 2017"}
        ],
        [
            {"location": [[
                {"latitude": 64.236431},
                {"longitude": 27.727303}
            ]]},
            {"altitude": 199},
            {"distance_km": 0.95},
            {"speed_kmh": 5.4},
            {"timestamp": "Tue Mar 21 06:58:51 UTC 2017"}
        ],
        [
            {"location": [[
                {"latitude": 64.236519},
                {"longitude": 27.727361}
            ]]},
            {"altitude": 200},
            {"distance_km": 0.96},
            {"speed_kmh": 4.5},
            {"timestamp": "Tue Mar 21 06:58:57 UTC 2017"}
        ],
        [
            {"location": [[
                {"latitude": 64.236619},
                {"longitude": 27.727385}
            ]]},
            {"altitude": 200.5},
            {"distance_km": 0.97},
            {"speed_kmh": 5.4},
            {"timestamp": "Tue Mar 21 06:59:05 UTC 2017"}
        ],
        [
            {"location": [[
                {"latitude": 64.236737},
                {"longitude": 27.727434}
            ]]},
            {"altitude": 202.5},
            {"distance_km": 0.98},
            {"speed_kmh": 4.5},
            {"timestamp": "Tue Mar 21 06:59:13 UTC 2017"}
        ],
        [
            {"location": [[
                {"latitude": 64.236825},
                {"longitude": 27.727517}
            ]]},
            {"altitude": 204.5},
            {"distance_km": 0.99},
            {"speed_kmh": 5.4},
            {"timestamp": "Tue Mar 21 06:59:19 UTC 2017"}
        ],
        [
            {"location": [[
                {"latitude": 64.236932},
                {"longitude": 27.727606}
            ]]},
            {"altitude": 203.5},
            {"distance_km": 1.01},
            {"speed_kmh": 5.4},
            {"timestamp": "Tue Mar 21 06:59:27 UTC 2017"}
        ],
        [
            {"location": [[
                {"latitude": 64.237023},
                {"longitude": 27.727676}
            ]]},
            {"altitude": 202},
            {"distance_km": 1.02},
            {"speed_kmh": 4.5},
            {"timestamp": "Tue Mar 21 06:59:33 UTC 2017"}
        ],
        [
            {"location": [[
                {"latitude": 64.237133},
                {"longitude": 27.727748}
            ]]},
            {"altitude": 201.5},
            {"distance_km": 1.03},
            {"speed_kmh": 5.4},
            {"timestamp": "Tue Mar 21 06:59:41 UTC 2017"}
        ],
        [
            {"location": [[
                {"latitude": 64.237228},
                {"longitude": 27.72786}
            ]]},
            {"altitude": 198},
            {"distance_km": 1.04},
            {"speed_kmh": 4.5},
            {"timestamp": "Tue Mar 21 06:59:50 UTC 2017"}
        ],
        [
            {"location": [[
                {"latitude": 64.237338},
                {"longitude": 27.727933}
            ]]},
            {"altitude": 196.5},
            {"distance_km": 1.05},
            {"speed_kmh": 4.5},
            {"timestamp": "Tue Mar 21 06:59:58 UTC 2017"}
        ],
        [
            {"location": [[
                {"latitude": 64.237447},
                {"longitude": 27.728}
            ]]},
            {"altitude": 196},
            {"distance_km": 1.07},
            {"speed_kmh": 4.5},
            {"timestamp": "Tue Mar 21 07:00:06 UTC 2017"}
        ],
        [
            {"location": [[
                {"latitude": 64.237528},
                {"longitude": 27.728116}
            ]]},
            {"altitude": 195},
            {"distance_km": 1.08},
            {"speed_kmh": 4.5},
            {"timestamp": "Tue Mar 21 07:00:15 UTC 2017"}
        ],
        [
            {"location": [[
                {"latitude": 64.237614},
                {"longitude": 27.728244}
            ]]},
            {"altitude": 195.5},
            {"distance_km": 1.09},
            {"speed_kmh": 4.5},
            {"timestamp": "Tue Mar 21 07:00:23 UTC 2017"}
        ],
        [
            {"location": [[
                {"latitude": 64.23771},
                {"longitude": 27.728302}
            ]]},
            {"altitude": 194},
            {"distance_km": 1.1},
            {"speed_kmh": 3.6},
            {"timestamp": "Tue Mar 21 07:00:31 UTC 2017"}
        ],
        [
            {"location": [[
                {"latitude": 64.237814},
                {"longitude": 27.728389}
            ]]},
            {"altitude": 194},
            {"distance_km": 1.11},
            {"speed_kmh": 4.5},
            {"timestamp": "Tue Mar 21 07:00:39 UTC 2017"}
        ],
        [
            {"location": [[
                {"latitude": 64.237908},
                {"longitude": 27.728446}
            ]]},
            {"altitude": 195.5},
            {"distance_km": 1.12},
            {"speed_kmh": 4.5},
            {"timestamp": "Tue Mar 21 07:00:45 UTC 2017"}
        ],
        [
            {"location": [[
                {"latitude": 64.238004},
                {"longitude": 27.728548}
            ]]},
            {"altitude": 195},
            {"distance_km": 1.13},
            {"speed_kmh": 4.5},
            {"timestamp": "Tue Mar 21 07:00:51 UTC 2017"}
        ],
        [
            {"location": [[
                {"latitude": 64.237927},
                {"longitude": 27.72871}
            ]]},
            {"altitude": 194},
            {"distance_km": 1.15},
            {"speed_kmh": 4.5},
            {"timestamp": "Tue Mar 21 07:01:03 UTC 2017"}
        ],
        [
            {"location": [[
                {"latitude": 64.237837},
                {"longitude": 27.728854}
            ]]},
            {"altitude": 194.5},
            {"distance_km": 1.16},
            {"speed_kmh": 4.5},
            {"timestamp": "Tue Mar 21 07:01:13 UTC 2017"}
        ],
        [
            {"location": [[
                {"latitude": 64.237748},
                {"longitude": 27.728803}
            ]]},
            {"altitude": 192},
            {"distance_km": 1.17},
            {"speed_kmh": 4.5},
            {"timestamp": "Tue Mar 21 07:01:21 UTC 2017"}
        ],
        [
            {"location": [[
                {"latitude": 64.237663},
                {"longitude": 27.728727}
            ]]},
            {"altitude": 190},
            {"distance_km": 1.18},
            {"speed_kmh": 4.5},
            {"timestamp": "Tue Mar 21 07:01:29 UTC 2017"}
        ],
        [
            {"location": [[
                {"latitude": 64.237565},
                {"longitude": 27.72868}
            ]]},
            {"altitude": 192},
            {"distance_km": 1.19},
            {"speed_kmh": 4.5},
            {"timestamp": "Tue Mar 21 07:01:37 UTC 2017"}
        ],
        [
            {"location": [[
                {"latitude": 64.237473},
                {"longitude": 27.728745}
            ]]},
            {"altitude": 190.5},
            {"distance_km": 1.2},
            {"speed_kmh": 4.5},
            {"timestamp": "Tue Mar 21 07:01:44 UTC 2017"}
        ],
        [
            {"location": [[
                {"latitude": 64.237359},
                {"longitude": 27.728784}
            ]]},
            {"altitude": 193.5},
            {"distance_km": 1.21},
            {"speed_kmh": 4.5},
            {"timestamp": "Tue Mar 21 07:01:52 UTC 2017"}
        ],
        [
            {"location": [[
                {"latitude": 64.237264},
                {"longitude": 27.728788}
            ]]},
            {"altitude": 195},
            {"distance_km": 1.22},
            {"speed_kmh": 4.5},
            {"timestamp": "Tue Mar 21 07:02:01 UTC 2017"}
        ],
        [
            {"location": [[
                {"latitude": 64.237173},
                {"longitude": 27.728793}
            ]]},
            {"altitude": 194},
            {"distance_km": 1.23},
            {"speed_kmh": 3.6},
            {"timestamp": "Tue Mar 21 07:02:11 UTC 2017"}
        ],
        [
            {"location": [[
                {"latitude": 64.23709},
                {"longitude": 27.728711}
            ]]},
            {"altitude": 196.5},
            {"distance_km": 1.24},
            {"speed_kmh": 3.6},
            {"timestamp": "Tue Mar 21 07:02:21 UTC 2017"}
        ],
        [
            {"location": [[
                {"latitude": 64.237018},
                {"longitude": 27.728565}
            ]]},
            {"altitude": 200},
            {"distance_km": 1.25},
            {"speed_kmh": 3.6},
            {"timestamp": "Tue Mar 21 07:02:31 UTC 2017"}
        ],
        [
            {"location": [[
                {"latitude": 64.236926},
                {"longitude": 27.728461}
            ]]},
            {"altitude": 199.5},
            {"distance_km": 1.27},
            {"speed_kmh": 3.6},
            {"timestamp": "Tue Mar 21 07:02:39 UTC 2017"}
        ],
        [
            {"location": [[
                {"latitude": 64.236847},
                {"longitude": 27.728301}
            ]]},
            {"altitude": 201.5},
            {"distance_km": 1.28},
            {"speed_kmh": 4.5},
            {"timestamp": "Tue Mar 21 07:02:47 UTC 2017"}
        ],
        [
            {"location": [[
                {"latitude": 64.23675},
                {"longitude": 27.728286}
            ]]},
            {"altitude": 200},
            {"distance_km": 1.29},
            {"speed_kmh": 4.5},
            {"timestamp": "Tue Mar 21 07:02:53 UTC 2017"}
        ],
        [
            {"location": [[
                {"latitude": 64.236654},
                {"longitude": 27.72828}
            ]]},
            {"altitude": 200},
            {"distance_km": 1.3},
            {"speed_kmh": 4.5},
            {"timestamp": "Tue Mar 21 07:02:59 UTC 2017"}
        ],
        [
            {"location": [[
                {"latitude": 64.236535},
                {"longitude": 27.728272}
            ]]},
            {"altitude": 198},
            {"distance_km": 1.31},
            {"speed_kmh": 4.5},
            {"timestamp": "Tue Mar 21 07:03:07 UTC 2017"}
        ],
        [
            {"location": [[
                {"latitude": 64.236431},
                {"longitude": 27.728331}
            ]]},
            {"altitude": 198},
            {"distance_km": 1.32},
            {"speed_kmh": 4.5},
            {"timestamp": "Tue Mar 21 07:03:15 UTC 2017"}
        ],
        [
            {"location": [[
                {"latitude": 64.236318},
                {"longitude": 27.728363}
            ]]},
            {"altitude": 199},
            {"distance_km": 1.34},
            {"speed_kmh": 4.5},
            {"timestamp": "Tue Mar 21 07:03:23 UTC 2017"}
        ],
        [
            {"location": [[
                {"latitude": 64.236203},
                {"longitude": 27.728402}
            ]]},
            {"altitude": 199.5},
            {"distance_km": 1.35},
            {"speed_kmh": 4.5},
            {"timestamp": "Tue Mar 21 07:03:31 UTC 2017"}
        ],
        [
            {"location": [[
                {"latitude": 64.2361},
                {"longitude": 27.728561}
            ]]},
            {"altitude": 200.5},
            {"distance_km": 1.36},
            {"speed_kmh": 4.5},
            {"timestamp": "Tue Mar 21 07:03:40 UTC 2017"}
        ],
        [
            {"location": [[
                {"latitude": 64.235992},
                {"longitude": 27.72865}
            ]]},
            {"altitude": 200},
            {"distance_km": 1.38},
            {"speed_kmh": 4.5},
            {"timestamp": "Tue Mar 21 07:03:48 UTC 2017"}
        ],
        [
            {"location": [[
                {"latitude": 64.23588},
                {"longitude": 27.728719}
            ]]},
            {"altitude": 202},
            {"distance_km": 1.39},
            {"speed_kmh": 4.5},
            {"timestamp": "Tue Mar 21 07:03:57 UTC 2017"}
        ],
        [
            {"location": [[
                {"latitude": 64.23577},
                {"longitude": 27.728779}
            ]]},
            {"altitude": 205},
            {"distance_km": 1.4},
            {"speed_kmh": 4.5},
            {"timestamp": "Tue Mar 21 07:04:05 UTC 2017"}
        ],
        [
            {"location": [[
                {"latitude": 64.23566},
                {"longitude": 27.72876}
            ]]},
            {"altitude": 201.5},
            {"distance_km": 1.41},
            {"speed_kmh": 4.5},
            {"timestamp": "Tue Mar 21 07:04:13 UTC 2017"}
        ],
        [
            {"location": [[
                {"latitude": 64.235575},
                {"longitude": 27.728838}
            ]]},
            {"altitude": 200.5},
            {"distance_km": 1.42},
            {"speed_kmh": 4.5},
            {"timestamp": "Tue Mar 21 07:04:19 UTC 2017"}
        ],
        [
            {"location": [[
                {"latitude": 64.235494},
                {"longitude": 27.728929}
            ]]},
            {"altitude": 201},
            {"distance_km": 1.43},
            {"speed_kmh": 0.9},
            {"timestamp": "Tue Mar 21 07:04:29 UTC 2017"}
        ],
        [
            {"location": [[
                {"latitude": 64.235397},
                {"longitude": 27.728949}
            ]]},
            {"altitude": 198.5},
            {"distance_km": 1.45},
            {"speed_kmh": 4.5},
            {"timestamp": "Tue Mar 21 07:04:37 UTC 2017"}
        ],
        [
            {"location": [[
                {"latitude": 64.23536},
                {"longitude": 27.729137}
            ]]},
            {"altitude": 196},
            {"distance_km": 1.46},
            {"speed_kmh": 4.5},
            {"timestamp": "Tue Mar 21 07:04:43 UTC 2017"}
        ],
        [
            {"location": [[
                {"latitude": 64.235296},
                {"longitude": 27.729347}
            ]]},
            {"altitude": 196.5},
            {"distance_km": 1.47},
            {"speed_kmh": 5.4},
            {"timestamp": "Tue Mar 21 07:04:51 UTC 2017"}
        ],
        [
            {"location": [[
                {"latitude": 64.235225},
                {"longitude": 27.729528}
            ]]},
            {"altitude": 194.5},
            {"distance_km": 1.48},
            {"speed_kmh": 6.3},
            {"timestamp": "Tue Mar 21 07:04:57 UTC 2017"}
        ],
        [
            {"location": [[
                {"latitude": 64.235132},
                {"longitude": 27.729652}
            ]]},
            {"altitude": 195.5},
            {"distance_km": 1.49},
            {"speed_kmh": 5.4},
            {"timestamp": "Tue Mar 21 07:05:05 UTC 2017"}
        ],
        [
            {"location": [[
                {"latitude": 64.235068},
                {"longitude": 27.729822}
            ]]},
            {"altitude": 194.5},
            {"distance_km": 1.5},
            {"speed_kmh": 5.4},
            {"timestamp": "Tue Mar 21 07:05:11 UTC 2017"}
        ],
        [
            {"location": [[
                {"latitude": 64.235003},
                {"longitude": 27.730018}
            ]]},
            {"altitude": 195},
            {"distance_km": 1.51},
            {"speed_kmh": 4.5},
            {"timestamp": "Tue Mar 21 07:05:19 UTC 2017"}
        ],
        [
            {"location": [[
                {"latitude": 64.234939},
                {"longitude": 27.730239}
            ]]},
            {"altitude": 195.5},
            {"distance_km": 1.53},
            {"speed_kmh": 4.5},
            {"timestamp": "Tue Mar 21 07:05:29 UTC 2017"}
        ],
        [
            {"location": [[
                {"latitude": 64.234878},
                {"longitude": 27.730447}
            ]]},
            {"altitude": 193.5},
            {"distance_km": 1.54},
            {"speed_kmh": 5.4},
            {"timestamp": "Tue Mar 21 07:05:36 UTC 2017"}
        ],
        [
            {"location": [[
                {"latitude": 64.234812},
                {"longitude": 27.730632}
            ]]},
            {"altitude": 191},
            {"distance_km": 1.55},
            {"speed_kmh": 5.4},
            {"timestamp": "Tue Mar 21 07:05:42 UTC 2017"}
        ],
        [
            {"location": [[
                {"latitude": 64.234747},
                {"longitude": 27.730788}
            ]]},
            {"altitude": 193},
            {"distance_km": 1.56},
            {"speed_kmh": 5.4},
            {"timestamp": "Tue Mar 21 07:05:48 UTC 2017"}
        ],
        [
            {"location": [[
                {"latitude": 64.234659},
                {"longitude": 27.730925}
            ]]},
            {"altitude": 191.5},
            {"distance_km": 1.57},
            {"speed_kmh": 4.5},
            {"timestamp": "Tue Mar 21 07:05:56 UTC 2017"}
        ],
        [
            {"location": [[
                {"latitude": 64.234584},
                {"longitude": 27.731128}
            ]]},
            {"altitude": 184.5},
            {"distance_km": 1.59},
            {"speed_kmh": 5.4},
            {"timestamp": "Tue Mar 21 07:06:04 UTC 2017"}
        ],
        [
            {"location": [[
                {"latitude": 64.234544},
                {"longitude": 27.731325}
            ]]},
            {"altitude": 180.5},
            {"distance_km": 1.6},
            {"speed_kmh": 3.6},
            {"timestamp": "Tue Mar 21 07:06:37 UTC 2017"}
        ],
        [
            {"location": [[
                {"latitude": 64.234456},
                {"longitude": 27.731453}
            ]]},
            {"altitude": 178},
            {"distance_km": 1.61},
            {"speed_kmh": 5.4},
            {"timestamp": "Tue Mar 21 07:06:49 UTC 2017"}
        ],
        [
            {"location": [[
                {"latitude": 64.234375},
                {"longitude": 27.731634}
            ]]},
            {"altitude": 178.5},
            {"distance_km": 1.62},
            {"speed_kmh": 3.6},
            {"timestamp": "Tue Mar 21 07:06:59 UTC 2017"}
        ],
        [
            {"location": [[
                {"latitude": 64.234289},
                {"longitude": 27.731764}
            ]]},
            {"altitude": 177},
            {"distance_km": 1.63},
            {"speed_kmh": 4.5},
            {"timestamp": "Tue Mar 21 07:07:07 UTC 2017"}
        ],
        [
            {"location": [[
                {"latitude": 64.234239},
                {"longitude": 27.731963}
            ]]},
            {"altitude": 179.5},
            {"distance_km": 1.64},
            {"speed_kmh": 4.5},
            {"timestamp": "Tue Mar 21 07:07:15 UTC 2017"}
        ],
        [
            {"location": [[
                {"latitude": 64.234141},
                {"longitude": 27.732075}
            ]]},
            {"altitude": 176.5},
            {"distance_km": 1.66},
            {"speed_kmh": 4.5},
            {"timestamp": "Tue Mar 21 07:07:23 UTC 2017"}
        ],
        [
            {"location": [[
                {"latitude": 64.234038},
                {"longitude": 27.732173}
            ]]},
            {"altitude": 175.5},
            {"distance_km": 1.67},
            {"speed_kmh": 4.5},
            {"timestamp": "Tue Mar 21 07:07:31 UTC 2017"}
        ],
        [
            {"location": [[
                {"latitude": 64.233937},
                {"longitude": 27.732253}
            ]]},
            {"altitude": 177},
            {"distance_km": 1.68},
            {"speed_kmh": 4.5},
            {"timestamp": "Tue Mar 21 07:07:39 UTC 2017"}
        ],
        [
            {"location": [[
                {"latitude": 64.233834},
                {"longitude": 27.732294}
            ]]},
            {"altitude": 177.5},
            {"distance_km": 1.69},
            {"speed_kmh": 5.4},
            {"timestamp": "Tue Mar 21 07:07:45 UTC 2017"}
        ],
        [
            {"location": [[
                {"latitude": 64.233735},
                {"longitude": 27.732376}
            ]]},
            {"altitude": 178},
            {"distance_km": 1.7},
            {"speed_kmh": 5.4},
            {"timestamp": "Tue Mar 21 07:07:51 UTC 2017"}
        ],
        [
            {"location": [[
                {"latitude": 64.233645},
                {"longitude": 27.732455}
            ]]},
            {"altitude": 180},
            {"distance_km": 1.71},
            {"speed_kmh": 4.5},
            {"timestamp": "Tue Mar 21 07:07:59 UTC 2017"}
        ],
        [
            {"location": [[
                {"latitude": 64.233549},
                {"longitude": 27.732561}
            ]]},
            {"altitude": 176.5},
            {"distance_km": 1.73},
            {"speed_kmh": 4.5},
            {"timestamp": "Tue Mar 21 07:08:07 UTC 2017"}
        ],
        [
            {"location": [[
                {"latitude": 64.233453},
                {"longitude": 27.732682}
            ]]},
            {"altitude": 178},
            {"distance_km": 1.74},
            {"speed_kmh": 4.5},
            {"timestamp": "Tue Mar 21 07:08:15 UTC 2017"}
        ],
        [
            {"location": [[
                {"latitude": 64.233356},
                {"longitude": 27.73277}
            ]]},
            {"altitude": 175.5},
            {"distance_km": 1.75},
            {"speed_kmh": 4.5},
            {"timestamp": "Tue Mar 21 07:08:22 UTC 2017"}
        ],
        [
            {"location": [[
                {"latitude": 64.23327},
                {"longitude": 27.732863}
            ]]},
            {"altitude": 173.5},
            {"distance_km": 1.76},
            {"speed_kmh": 4.5},
            {"timestamp": "Tue Mar 21 07:08:28 UTC 2017"}
        ],
        [
            {"location": [[
                {"latitude": 64.233174},
                {"longitude": 27.73295}
            ]]},
            {"altitude": 175.5},
            {"distance_km": 1.77},
            {"speed_kmh": 4.5},
            {"timestamp": "Tue Mar 21 07:08:34 UTC 2017"}
        ],
        [
            {"location": [[
                {"latitude": 64.233089},
                {"longitude": 27.733025}
            ]]},
            {"altitude": 176.5},
            {"distance_km": 1.78},
            {"speed_kmh": 4.5},
            {"timestamp": "Tue Mar 21 07:08:41 UTC 2017"}
        ],
        [
            {"location": [[
                {"latitude": 64.232975},
                {"longitude": 27.733106}
            ]]},
            {"altitude": 176.5},
            {"distance_km": 1.8},
            {"speed_kmh": 5.4},
            {"timestamp": "Tue Mar 21 07:08:49 UTC 2017"}
        ],
        [
            {"location": [[
                {"latitude": 64.232881},
                {"longitude": 27.733055}
            ]]},
            {"altitude": 175},
            {"distance_km": 1.81},
            {"speed_kmh": 5.4},
            {"timestamp": "Tue Mar 21 07:08:57 UTC 2017"}
        ],
        [
            {"location": [[
                {"latitude": 64.232767},
                {"longitude": 27.733006}
            ]]},
            {"altitude": 173},
            {"distance_km": 1.82},
            {"speed_kmh": 5.4},
            {"timestamp": "Tue Mar 21 07:09:03 UTC 2017"}
        ],
        [
            {"location": [[
                {"latitude": 64.232674},
                {"longitude": 27.73296}
            ]]},
            {"altitude": 168},
            {"distance_km": 1.83},
            {"speed_kmh": 5.4},
            {"timestamp": "Tue Mar 21 07:09:11 UTC 2017"}
        ],
        [
            {"location": [[
                {"latitude": 64.232727},
                {"longitude": 27.732745}
            ]]},
            {"altitude": 167.5},
            {"distance_km": 1.84},
            {"speed_kmh": 4.5},
            {"timestamp": "Tue Mar 21 07:09:21 UTC 2017"}
        ],
        [
            {"location": [[
                {"latitude": 64.23275},
                {"longitude": 27.732524}
            ]]},
            {"altitude": 163.5},
            {"distance_km": 1.85},
            {"speed_kmh": 4.5},
            {"timestamp": "Tue Mar 21 07:09:29 UTC 2017"}
        ],
        [
            {"location": [[
                {"latitude": 64.232793},
                {"longitude": 27.732324}
            ]]},
            {"altitude": 163},
            {"distance_km": 1.86},
            {"speed_kmh": 4.5},
            {"timestamp": "Tue Mar 21 07:09:35 UTC 2017"}
        ],
        [
            {"location": [[
                {"latitude": 64.232837},
                {"longitude": 27.732135}
            ]]},
            {"altitude": 165},
            {"distance_km": 1.87},
            {"speed_kmh": 5.4},
            {"timestamp": "Tue Mar 21 07:09:41 UTC 2017"}
        ],
        [
            {"location": [[
                {"latitude": 64.232888},
                {"longitude": 27.731938}
            ]]},
            {"altitude": 163},
            {"distance_km": 1.88},
            {"speed_kmh": 5.4},
            {"timestamp": "Tue Mar 21 07:09:47 UTC 2017"}
        ],
        [
            {"location": [[
                {"latitude": 64.232895},
                {"longitude": 27.731692}
            ]]},
            {"altitude": 159.5},
            {"distance_km": 1.9},
            {"speed_kmh": 5.4},
            {"timestamp": "Tue Mar 21 07:09:53 UTC 2017"}
        ],
        [
            {"location": [[
                {"latitude": 64.232893},
                {"longitude": 27.731476}
            ]]},
            {"altitude": 157.5},
            {"distance_km": 1.91},
            {"speed_kmh": 5.4},
            {"timestamp": "Tue Mar 21 07:09:59 UTC 2017"}
        ],
        [
            {"location": [[
                {"latitude": 64.23278},
                {"longitude": 27.731378}
            ]]},
            {"altitude": 151},
            {"distance_km": 1.92},
            {"speed_kmh": 5.4},
            {"timestamp": "Tue Mar 21 07:10:07 UTC 2017"}
        ],
        [
            {"location": [[
                {"latitude": 64.232696},
                {"longitude": 27.73126}
            ]]},
            {"altitude": 152},
            {"distance_km": 1.93},
            {"speed_kmh": 5.4},
            {"timestamp": "Tue Mar 21 07:10:13 UTC 2017"}
        ],
        [
            {"location": [[
                {"latitude": 64.232597},
                {"longitude": 27.731132}
            ]]},
            {"altitude": 154},
            {"distance_km": 1.94},
            {"speed_kmh": 5.4},
            {"timestamp": "Tue Mar 21 07:10:20 UTC 2017"}
        ],
        [
            {"location": [[
                {"latitude": 64.232517},
                {"longitude": 27.731038}
            ]]},
            {"altitude": 154.5},
            {"distance_km": 1.95},
            {"speed_kmh": 5.4},
            {"timestamp": "Tue Mar 21 07:10:26 UTC 2017"}
        ],
        [
            {"location": [[
                {"latitude": 64.232407},
                {"longitude": 27.730937}
            ]]},
            {"altitude": 156},
            {"distance_km": 1.97},
            {"speed_kmh": 5.4},
            {"timestamp": "Tue Mar 21 07:10:34 UTC 2017"}
        ],
        [
            {"location": [[
                {"latitude": 64.2323},
                {"longitude": 27.730838}
            ]]},
            {"altitude": 154.5},
            {"distance_km": 1.98},
            {"speed_kmh": 5.4},
            {"timestamp": "Tue Mar 21 07:10:43 UTC 2017"}
        ],
        [
            {"location": [[
                {"latitude": 64.232206},
                {"longitude": 27.730722}
            ]]},
            {"altitude": 152},
            {"distance_km": 1.99},
            {"speed_kmh": 5.4},
            {"timestamp": "Tue Mar 21 07:10:51 UTC 2017"}
        ],
        [
            {"location": [[
                {"latitude": 64.232129},
                {"longitude": 27.730604}
            ]]},
            {"altitude": 151.5},
            {"distance_km": 2},
            {"speed_kmh": 5.4},
            {"timestamp": "Tue Mar 21 07:10:57 UTC 2017"}
        ],
        [
            {"location": [[
                {"latitude": 64.232059},
                {"longitude": 27.730471}
            ]]},
            {"altitude": 153},
            {"distance_km": 2.01},
            {"speed_kmh": 5.4},
            {"timestamp": "Tue Mar 21 07:11:03 UTC 2017"}
        ],
        [
            {"location": [[
                {"latitude": 64.23197},
                {"longitude": 27.730359}
            ]]},
            {"altitude": 153.5},
            {"distance_km": 2.02},
            {"speed_kmh": 5.4},
            {"timestamp": "Tue Mar 21 07:11:09 UTC 2017"}
        ],
        [
            {"location": [[
                {"latitude": 64.231883},
                {"longitude": 27.730221}
            ]]},
            {"altitude": 153},
            {"distance_km": 2.04},
            {"speed_kmh": 5.4},
            {"timestamp": "Tue Mar 21 07:11:17 UTC 2017"}
        ],
        [
            {"location": [[
                {"latitude": 64.231805},
                {"longitude": 27.73009}
            ]]},
            {"altitude": 150},
            {"distance_km": 2.05},
            {"speed_kmh": 4.5},
            {"timestamp": "Tue Mar 21 07:11:25 UTC 2017"}
        ],
        [
            {"location": [[
                {"latitude": 64.231758},
                {"longitude": 27.729897}
            ]]},
            {"altitude": 152},
            {"distance_km": 2.06},
            {"speed_kmh": 2.7},
            {"timestamp": "Tue Mar 21 07:11:39 UTC 2017"}
        ],
        [
            {"location": [[
                {"latitude": 64.23172},
                {"longitude": 27.729682}
            ]]},
            {"altitude": 150},
            {"distance_km": 2.07},
            {"speed_kmh": 2.7},
            {"timestamp": "Tue Mar 21 07:11:51 UTC 2017"}
        ],
        [
            {"location": [[
                {"latitude": 64.231778},
                {"longitude": 27.729621}
            ]]},
            {"altitude": 155.5},
            {"distance_km": 2.07},
            {"speed_kmh": 0},
            {"timestamp": "Tue Mar 21 07:13:51 UTC 2017"}
        ],
        [
            {"location": [[
                {"latitude": 64.231778},
                {"longitude": 27.729621}
            ]]},
            {"altitude": 155.5},
            {"distance_km": 2.07},
            {"speed_kmh": 0},
            {"timestamp": "Tue Mar 21 07:13:51 UTC 2017"}
        ]
    ]}
]