[
    {"sport": "WALKING"},
    {"source": "TRACK_MOBILE"},
    {"created_date": "2017-07-06 03:15:44.0"},
    {"start_time": "2017-07-06 03:10:36.0"},
    {"end_time": "2017-07-06 03:29:18.0"},
    {"duration_s": 1121},
    {"distance_km": 1.21},
    {"calories_kcal": 94.944},
    {"altitude_min_m": 0},
    {"altitude_max_m": 194.5},
    {"speed_avg_kmh": 3.8858162355040147},
    {"speed_max_kmh": 7.2},
    {"ascend_m": 264.5},
    {"descend_m": 277},
    {"points": [
        [
            {"location": [[
                {"latitude": 64.231901},
                {"longitude": 27.729401}
            ]]},
            {"distance_km": 0},
            {"timestamp": "Thu Jul 06 03:10:36 UTC 2017"}
        ],
        [
            {"location": [[
                {"latitude": 64.231901},
                {"longitude": 27.729401}
            ]]},
            {"altitude": 162},
            {"distance_km": 0},
            {"speed_kmh": 4.5},
            {"timestamp": "Thu Jul 06 03:10:44 UTC 2017"}
        ],
        [
            {"location": [[
                {"latitude": 64.232244},
                {"longitude": 27.729595}
            ]]},
            {"altitude": 180},
            {"distance_km": 0.04},
            {"speed_kmh": 1.8},
            {"timestamp": "Thu Jul 06 03:10:48 UTC 2017"}
        ],
        [
            {"location": [[
                {"latitude": 64.231896},
                {"longitude": 27.729736}
            ]]},
            {"altitude": 130},
            {"distance_km": 0.08},
            {"speed_kmh": 7.2},
            {"timestamp": "Thu Jul 06 03:10:53 UTC 2017"}
        ],
        [
            {"location": [[
                {"latitude": 64.232046},
                {"longitude": 27.729605}
            ]]},
            {"altitude": 180.5},
            {"distance_km": 0.1},
            {"speed_kmh": 1.8},
            {"timestamp": "Thu Jul 06 03:10:57 UTC 2017"}
        ],
        [
            {"location": [[
                {"latitude": 64.232238},
                {"longitude": 27.729433}
            ]]},
            {"altitude": 194.5},
            {"distance_km": 0.12},
            {"speed_kmh": 0.9},
            {"timestamp": "Thu Jul 06 03:10:59 UTC 2017"}
        ],
        [
            {"location": [[
                {"latitude": 64.232157},
                {"longitude": 27.729525}
            ]]},
            {"altitude": 180},
            {"distance_km": 0.13},
            {"speed_kmh": 0},
            {"timestamp": "Thu Jul 06 03:11:01 UTC 2017"}
        ],
        [
            {"location": [[
                {"latitude": 64.232078},
                {"longitude": 27.729333}
            ]]},
            {"altitude": 172},
            {"distance_km": 0.14},
            {"speed_kmh": 1.8},
            {"timestamp": "Thu Jul 06 03:11:09 UTC 2017"}
        ],
        [
            {"location": [[
                {"latitude": 64.232154},
                {"longitude": 27.729511}
            ]]},
            {"altitude": 166},
            {"distance_km": 0.15},
            {"speed_kmh": 4.5},
            {"timestamp": "Thu Jul 06 03:11:13 UTC 2017"}
        ],
        [
            {"location": [[
                {"latitude": 64.232143},
                {"longitude": 27.729718}
            ]]},
            {"altitude": 161},
            {"distance_km": 0.16},
            {"speed_kmh": 4.5},
            {"timestamp": "Thu Jul 06 03:11:19 UTC 2017"}
        ],
        [
            {"location": [[
                {"latitude": 64.232157},
                {"longitude": 27.729971}
            ]]},
            {"altitude": 161.5},
            {"distance_km": 0.18},
            {"speed_kmh": 4.5},
            {"timestamp": "Thu Jul 06 03:11:27 UTC 2017"}
        ],
        [
            {"location": [[
                {"latitude": 64.232138},
                {"longitude": 27.730189}
            ]]},
            {"altitude": 157.5},
            {"distance_km": 0.19},
            {"speed_kmh": 4.5},
            {"timestamp": "Thu Jul 06 03:11:35 UTC 2017"}
        ],
        [
            {"location": [[
                {"latitude": 64.232059},
                {"longitude": 27.730359}
            ]]},
            {"altitude": 152.5},
            {"distance_km": 0.2},
            {"speed_kmh": 4.5},
            {"timestamp": "Thu Jul 06 03:11:51 UTC 2017"}
        ],
        [
            {"location": [[
                {"latitude": 64.231965},
                {"longitude": 27.730443}
            ]]},
            {"altitude": 154},
            {"distance_km": 0.21},
            {"speed_kmh": 4.5},
            {"timestamp": "Thu Jul 06 03:12:01 UTC 2017"}
        ],
        [
            {"location": [[
                {"latitude": 64.231879},
                {"longitude": 27.73033}
            ]]},
            {"altitude": 154.5},
            {"distance_km": 0.22},
            {"speed_kmh": 4.5},
            {"timestamp": "Thu Jul 06 03:12:09 UTC 2017"}
        ],
        [
            {"location": [[
                {"latitude": 64.231787},
                {"longitude": 27.730321}
            ]]},
            {"altitude": 152.5},
            {"distance_km": 0.23},
            {"speed_kmh": 0},
            {"timestamp": "Thu Jul 06 03:12:43 UTC 2017"}
        ],
        [
            {"location": [[
                {"latitude": 64.231699},
                {"longitude": 27.730184}
            ]]},
            {"altitude": 155.5},
            {"distance_km": 0.24},
            {"speed_kmh": 4.5},
            {"timestamp": "Thu Jul 06 03:13:03 UTC 2017"}
        ],
        [
            {"location": [[
                {"latitude": 64.231671},
                {"longitude": 27.729965}
            ]]},
            {"altitude": 153.5},
            {"distance_km": 0.25},
            {"speed_kmh": 4.5},
            {"timestamp": "Thu Jul 06 03:13:11 UTC 2017"}
        ],
        [
            {"location": [[
                {"latitude": 64.231671},
                {"longitude": 27.729725}
            ]]},
            {"altitude": 155},
            {"distance_km": 0.27},
            {"speed_kmh": 4.5},
            {"timestamp": "Thu Jul 06 03:13:19 UTC 2017"}
        ],
        [
            {"location": [[
                {"latitude": 64.231716},
                {"longitude": 27.729521}
            ]]},
            {"altitude": 155.5},
            {"distance_km": 0.28},
            {"speed_kmh": 3.6},
            {"timestamp": "Thu Jul 06 03:13:31 UTC 2017"}
        ],
        [
            {"location": [[
                {"latitude": 64.23186},
                {"longitude": 27.72953}
            ]]},
            {"altitude": 0},
            {"distance_km": 0.29},
            {"timestamp": "Thu Jul 06 03:14:47 UTC 2017"}
        ],
        [
            {"location": [[
                {"latitude": 64.23175},
                {"longitude": 27.72945}
            ]]},
            {"altitude": 159},
            {"distance_km": 0.31},
            {"speed_kmh": 0},
            {"timestamp": "Thu Jul 06 03:14:55 UTC 2017"}
        ],
        [
            {"location": [[
                {"latitude": 64.231724},
                {"longitude": 27.729697}
            ]]},
            {"altitude": 156},
            {"distance_km": 0.32},
            {"speed_kmh": 2.7},
            {"timestamp": "Thu Jul 06 03:15:28 UTC 2017"}
        ],
        [
            {"location": [[
                {"latitude": 64.231739},
                {"longitude": 27.729916}
            ]]},
            {"altitude": 154},
            {"distance_km": 0.33},
            {"speed_kmh": 3.6},
            {"timestamp": "Thu Jul 06 03:15:36 UTC 2017"}
        ],
        [
            {"location": [[
                {"latitude": 64.231768},
                {"longitude": 27.730132}
            ]]},
            {"altitude": 151},
            {"distance_km": 0.34},
            {"speed_kmh": 4.5},
            {"timestamp": "Thu Jul 06 03:15:46 UTC 2017"}
        ],
        [
            {"location": [[
                {"latitude": 64.231742},
                {"longitude": 27.730331}
            ]]},
            {"altitude": 148},
            {"distance_km": 0.35},
            {"speed_kmh": 4.5},
            {"timestamp": "Thu Jul 06 03:15:54 UTC 2017"}
        ],
        [
            {"location": [[
                {"latitude": 64.231674},
                {"longitude": 27.730507}
            ]]},
            {"altitude": 149},
            {"distance_km": 0.36},
            {"speed_kmh": 5.4},
            {"timestamp": "Thu Jul 06 03:16:02 UTC 2017"}
        ],
        [
            {"location": [[
                {"latitude": 64.231621},
                {"longitude": 27.730743}
            ]]},
            {"altitude": 150.5},
            {"distance_km": 0.37},
            {"speed_kmh": 5.4},
            {"timestamp": "Thu Jul 06 03:16:11 UTC 2017"}
        ],
        [
            {"location": [[
                {"latitude": 64.231579},
                {"longitude": 27.730933}
            ]]},
            {"altitude": 148.5},
            {"distance_km": 0.38},
            {"speed_kmh": 5.4},
            {"timestamp": "Thu Jul 06 03:16:17 UTC 2017"}
        ],
        [
            {"location": [[
                {"latitude": 64.231532},
                {"longitude": 27.731175}
            ]]},
            {"altitude": 149},
            {"distance_km": 0.4},
            {"speed_kmh": 5.4},
            {"timestamp": "Thu Jul 06 03:16:25 UTC 2017"}
        ],
        [
            {"location": [[
                {"latitude": 64.231475},
                {"longitude": 27.731372}
            ]]},
            {"altitude": 153.5},
            {"distance_km": 0.41},
            {"speed_kmh": 6.3},
            {"timestamp": "Thu Jul 06 03:16:43 UTC 2017"}
        ],
        [
            {"location": [[
                {"latitude": 64.231419},
                {"longitude": 27.731568}
            ]]},
            {"altitude": 152},
            {"distance_km": 0.42},
            {"speed_kmh": 6.3},
            {"timestamp": "Thu Jul 06 03:16:49 UTC 2017"}
        ],
        [
            {"location": [[
                {"latitude": 64.231364},
                {"longitude": 27.731778}
            ]]},
            {"altitude": 152.5},
            {"distance_km": 0.43},
            {"speed_kmh": 5.4},
            {"timestamp": "Thu Jul 06 03:16:57 UTC 2017"}
        ],
        [
            {"location": [[
                {"latitude": 64.231309},
                {"longitude": 27.732003}
            ]]},
            {"altitude": 154},
            {"distance_km": 0.44},
            {"speed_kmh": 5.4},
            {"timestamp": "Thu Jul 06 03:17:05 UTC 2017"}
        ],
        [
            {"location": [[
                {"latitude": 64.231251},
                {"longitude": 27.732205}
            ]]},
            {"altitude": 158},
            {"distance_km": 0.46},
            {"speed_kmh": 3.6},
            {"timestamp": "Thu Jul 06 03:17:15 UTC 2017"}
        ],
        [
            {"location": [[
                {"latitude": 64.231211},
                {"longitude": 27.732444}
            ]]},
            {"altitude": 160.5},
            {"distance_km": 0.47},
            {"speed_kmh": 3.6},
            {"timestamp": "Thu Jul 06 03:17:25 UTC 2017"}
        ],
        [
            {"location": [[
                {"latitude": 64.231128},
                {"longitude": 27.732615}
            ]]},
            {"altitude": 161},
            {"distance_km": 0.48},
            {"speed_kmh": 3.6},
            {"timestamp": "Thu Jul 06 03:17:34 UTC 2017"}
        ],
        [
            {"location": [[
                {"latitude": 64.23103},
                {"longitude": 27.732715}
            ]]},
            {"altitude": 160.5},
            {"distance_km": 0.49},
            {"speed_kmh": 2.7},
            {"timestamp": "Thu Jul 06 03:17:50 UTC 2017"}
        ],
        [
            {"location": [[
                {"latitude": 64.230932},
                {"longitude": 27.732877}
            ]]},
            {"altitude": 161.5},
            {"distance_km": 0.51},
            {"speed_kmh": 3.6},
            {"timestamp": "Thu Jul 06 03:17:58 UTC 2017"}
        ],
        [
            {"location": [[
                {"latitude": 64.230854},
                {"longitude": 27.733013}
            ]]},
            {"altitude": 162},
            {"distance_km": 0.52},
            {"speed_kmh": 2.7},
            {"timestamp": "Thu Jul 06 03:18:06 UTC 2017"}
        ],
        [
            {"location": [[
                {"latitude": 64.230755},
                {"longitude": 27.733014}
            ]]},
            {"altitude": 160},
            {"distance_km": 0.53},
            {"speed_kmh": 0},
            {"timestamp": "Thu Jul 06 03:18:15 UTC 2017"}
        ],
        [
            {"location": [[
                {"latitude": 64.23064},
                {"longitude": 27.732994}
            ]]},
            {"altitude": 157},
            {"distance_km": 0.54},
            {"speed_kmh": 6.3},
            {"timestamp": "Thu Jul 06 03:18:23 UTC 2017"}
        ],
        [
            {"location": [[
                {"latitude": 64.230543},
                {"longitude": 27.733011}
            ]]},
            {"altitude": 156.5},
            {"distance_km": 0.55},
            {"speed_kmh": 2.7},
            {"timestamp": "Thu Jul 06 03:18:31 UTC 2017"}
        ],
        [
            {"location": [[
                {"latitude": 64.230437},
                {"longitude": 27.733034}
            ]]},
            {"altitude": 154.5},
            {"distance_km": 0.56},
            {"speed_kmh": 4.5},
            {"timestamp": "Thu Jul 06 03:18:39 UTC 2017"}
        ],
        [
            {"location": [[
                {"latitude": 64.230336},
                {"longitude": 27.733055}
            ]]},
            {"altitude": 153},
            {"distance_km": 0.58},
            {"speed_kmh": 3.6},
            {"timestamp": "Thu Jul 06 03:18:47 UTC 2017"}
        ],
        [
            {"location": [[
                {"latitude": 64.230231},
                {"longitude": 27.733145}
            ]]},
            {"altitude": 151.5},
            {"distance_km": 0.59},
            {"speed_kmh": 4.5},
            {"timestamp": "Thu Jul 06 03:18:59 UTC 2017"}
        ],
        [
            {"location": [[
                {"latitude": 64.23014},
                {"longitude": 27.733239}
            ]]},
            {"altitude": 146.5},
            {"distance_km": 0.6},
            {"speed_kmh": 4.5},
            {"timestamp": "Thu Jul 06 03:19:05 UTC 2017"}
        ],
        [
            {"location": [[
                {"latitude": 64.230024},
                {"longitude": 27.733252}
            ]]},
            {"altitude": 140},
            {"distance_km": 0.61},
            {"speed_kmh": 6.3},
            {"timestamp": "Thu Jul 06 03:19:17 UTC 2017"}
        ],
        [
            {"location": [[
                {"latitude": 64.230012},
                {"longitude": 27.732992}
            ]]},
            {"altitude": 136.5},
            {"distance_km": 0.62},
            {"speed_kmh": 5.4},
            {"timestamp": "Thu Jul 06 03:19:25 UTC 2017"}
        ],
        [
            {"location": [[
                {"latitude": 64.230036},
                {"longitude": 27.732738}
            ]]},
            {"altitude": 136},
            {"distance_km": 0.64},
            {"speed_kmh": 5.4},
            {"timestamp": "Thu Jul 06 03:19:33 UTC 2017"}
        ],
        [
            {"location": [[
                {"latitude": 64.23006},
                {"longitude": 27.732489}
            ]]},
            {"altitude": 132.5},
            {"distance_km": 0.65},
            {"speed_kmh": 5.4},
            {"timestamp": "Thu Jul 06 03:19:41 UTC 2017"}
        ],
        [
            {"location": [[
                {"latitude": 64.230109},
                {"longitude": 27.732263}
            ]]},
            {"altitude": 132.5},
            {"distance_km": 0.66},
            {"speed_kmh": 5.4},
            {"timestamp": "Thu Jul 06 03:19:49 UTC 2017"}
        ],
        [
            {"location": [[
                {"latitude": 64.230166},
                {"longitude": 27.732098}
            ]]},
            {"altitude": 131},
            {"distance_km": 0.67},
            {"speed_kmh": 4.5},
            {"timestamp": "Thu Jul 06 03:19:57 UTC 2017"}
        ],
        [
            {"location": [[
                {"latitude": 64.230201},
                {"longitude": 27.731894}
            ]]},
            {"altitude": 129},
            {"distance_km": 0.68},
            {"speed_kmh": 4.5},
            {"timestamp": "Thu Jul 06 03:20:04 UTC 2017"}
        ],
        [
            {"location": [[
                {"latitude": 64.230236},
                {"longitude": 27.731698}
            ]]},
            {"altitude": 130.5},
            {"distance_km": 0.69},
            {"speed_kmh": 4.5},
            {"timestamp": "Thu Jul 06 03:20:10 UTC 2017"}
        ],
        [
            {"location": [[
                {"latitude": 64.230275},
                {"longitude": 27.731482}
            ]]},
            {"altitude": 132},
            {"distance_km": 0.7},
            {"speed_kmh": 4.5},
            {"timestamp": "Thu Jul 06 03:20:18 UTC 2017"}
        ],
        [
            {"location": [[
                {"latitude": 64.230305},
                {"longitude": 27.731284}
            ]]},
            {"altitude": 132},
            {"distance_km": 0.71},
            {"speed_kmh": 3.6},
            {"timestamp": "Thu Jul 06 03:20:35 UTC 2017"}
        ],
        [
            {"location": [[
                {"latitude": 64.230344},
                {"longitude": 27.731047}
            ]]},
            {"altitude": 135.5},
            {"distance_km": 0.73},
            {"speed_kmh": 3.6},
            {"timestamp": "Thu Jul 06 03:20:45 UTC 2017"}
        ],
        [
            {"location": [[
                {"latitude": 64.230383},
                {"longitude": 27.730824}
            ]]},
            {"altitude": 137},
            {"distance_km": 0.74},
            {"speed_kmh": 3.6},
            {"timestamp": "Thu Jul 06 03:20:55 UTC 2017"}
        ],
        [
            {"location": [[
                {"latitude": 64.230443},
                {"longitude": 27.730589}
            ]]},
            {"altitude": 141.5},
            {"distance_km": 0.75},
            {"speed_kmh": 4.5},
            {"timestamp": "Thu Jul 06 03:21:03 UTC 2017"}
        ],
        [
            {"location": [[
                {"latitude": 64.230497},
                {"longitude": 27.730412}
            ]]},
            {"altitude": 141},
            {"distance_km": 0.76},
            {"speed_kmh": 4.5},
            {"timestamp": "Thu Jul 06 03:21:11 UTC 2017"}
        ],
        [
            {"location": [[
                {"latitude": 64.230522},
                {"longitude": 27.730212}
            ]]},
            {"altitude": 144},
            {"distance_km": 0.77},
            {"speed_kmh": 0},
            {"timestamp": "Thu Jul 06 03:21:21 UTC 2017"}
        ],
        [
            {"location": [[
                {"latitude": 64.230607},
                {"longitude": 27.730053}
            ]]},
            {"altitude": 143},
            {"distance_km": 0.78},
            {"speed_kmh": 4.5},
            {"timestamp": "Thu Jul 06 03:21:43 UTC 2017"}
        ],
        [
            {"location": [[
                {"latitude": 64.230684},
                {"longitude": 27.729849}
            ]]},
            {"altitude": 141},
            {"distance_km": 0.8},
            {"speed_kmh": 4.5},
            {"timestamp": "Thu Jul 06 03:21:51 UTC 2017"}
        ],
        [
            {"location": [[
                {"latitude": 64.230749},
                {"longitude": 27.729637}
            ]]},
            {"altitude": 139},
            {"distance_km": 0.81},
            {"speed_kmh": 4.5},
            {"timestamp": "Thu Jul 06 03:21:59 UTC 2017"}
        ],
        [
            {"location": [[
                {"latitude": 64.230807},
                {"longitude": 27.729477}
            ]]},
            {"altitude": 139},
            {"distance_km": 0.82},
            {"speed_kmh": 4.5},
            {"timestamp": "Thu Jul 06 03:22:06 UTC 2017"}
        ],
        [
            {"location": [[
                {"latitude": 64.230855},
                {"longitude": 27.729294}
            ]]},
            {"altitude": 140},
            {"distance_km": 0.83},
            {"speed_kmh": 4.5},
            {"timestamp": "Thu Jul 06 03:22:14 UTC 2017"}
        ],
        [
            {"location": [[
                {"latitude": 64.230936},
                {"longitude": 27.72911}
            ]]},
            {"altitude": 138},
            {"distance_km": 0.84},
            {"speed_kmh": 4.5},
            {"timestamp": "Thu Jul 06 03:22:24 UTC 2017"}
        ],
        [
            {"location": [[
                {"latitude": 64.230988},
                {"longitude": 27.728935}
            ]]},
            {"altitude": 139.5},
            {"distance_km": 0.85},
            {"speed_kmh": 4.5},
            {"timestamp": "Thu Jul 06 03:22:32 UTC 2017"}
        ],
        [
            {"location": [[
                {"latitude": 64.231024},
                {"longitude": 27.728683}
            ]]},
            {"altitude": 143},
            {"distance_km": 0.87},
            {"speed_kmh": 4.5},
            {"timestamp": "Thu Jul 06 03:22:40 UTC 2017"}
        ],
        [
            {"location": [[
                {"latitude": 64.231048},
                {"longitude": 27.728463}
            ]]},
            {"altitude": 142.5},
            {"distance_km": 0.88},
            {"speed_kmh": 3.6},
            {"timestamp": "Thu Jul 06 03:22:49 UTC 2017"}
        ],
        [
            {"location": [[
                {"latitude": 64.231053},
                {"longitude": 27.728246}
            ]]},
            {"altitude": 145},
            {"distance_km": 0.89},
            {"speed_kmh": 0},
            {"timestamp": "Thu Jul 06 03:22:59 UTC 2017"}
        ],
        [
            {"location": [[
                {"latitude": 64.231073},
                {"longitude": 27.728037}
            ]]},
            {"altitude": 142.5},
            {"distance_km": 0.9},
            {"speed_kmh": 3.6},
            {"timestamp": "Thu Jul 06 03:23:07 UTC 2017"}
        ],
        [
            {"location": [[
                {"latitude": 64.231098},
                {"longitude": 27.727837}
            ]]},
            {"altitude": 140},
            {"distance_km": 0.91},
            {"speed_kmh": 3.6},
            {"timestamp": "Thu Jul 06 03:23:13 UTC 2017"}
        ],
        [
            {"location": [[
                {"latitude": 64.231133},
                {"longitude": 27.727642}
            ]]},
            {"altitude": 141},
            {"distance_km": 0.92},
            {"speed_kmh": 3.6},
            {"timestamp": "Thu Jul 06 03:23:19 UTC 2017"}
        ],
        [
            {"location": [[
                {"latitude": 64.231176},
                {"longitude": 27.727437}
            ]]},
            {"altitude": 141},
            {"distance_km": 0.93},
            {"speed_kmh": 2.7},
            {"timestamp": "Thu Jul 06 03:23:29 UTC 2017"}
        ],
        [
            {"location": [[
                {"latitude": 64.23122},
                {"longitude": 27.727205}
            ]]},
            {"altitude": 141.5},
            {"distance_km": 0.94},
            {"speed_kmh": 3.6},
            {"timestamp": "Thu Jul 06 03:23:37 UTC 2017"}
        ],
        [
            {"location": [[
                {"latitude": 64.231263},
                {"longitude": 27.727019}
            ]]},
            {"altitude": 145},
            {"distance_km": 0.95},
            {"speed_kmh": 3.6},
            {"timestamp": "Thu Jul 06 03:23:43 UTC 2017"}
        ],
        [
            {"location": [[
                {"latitude": 64.231313},
                {"longitude": 27.726825}
            ]]},
            {"altitude": 140.5},
            {"distance_km": 0.96},
            {"speed_kmh": 3.6},
            {"timestamp": "Thu Jul 06 03:23:51 UTC 2017"}
        ],
        [
            {"location": [[
                {"latitude": 64.231362},
                {"longitude": 27.726601}
            ]]},
            {"altitude": 146},
            {"distance_km": 0.97},
            {"speed_kmh": 0},
            {"timestamp": "Thu Jul 06 03:24:03 UTC 2017"}
        ],
        [
            {"location": [[
                {"latitude": 64.231408},
                {"longitude": 27.726418}
            ]]},
            {"altitude": 149.5},
            {"distance_km": 0.98},
            {"speed_kmh": 2.7},
            {"timestamp": "Thu Jul 06 03:24:15 UTC 2017"}
        ],
        [
            {"location": [[
                {"latitude": 64.23145},
                {"longitude": 27.726232}
            ]]},
            {"altitude": 150.5},
            {"distance_km": 0.99},
            {"speed_kmh": 2.7},
            {"timestamp": "Thu Jul 06 03:24:30 UTC 2017"}
        ],
        [
            {"location": [[
                {"latitude": 64.231515},
                {"longitude": 27.726066}
            ]]},
            {"altitude": 150},
            {"distance_km": 1.01},
            {"speed_kmh": 2.7},
            {"timestamp": "Thu Jul 06 03:24:38 UTC 2017"}
        ],
        [
            {"location": [[
                {"latitude": 64.231584},
                {"longitude": 27.725916}
            ]]},
            {"altitude": 152},
            {"distance_km": 1.02},
            {"speed_kmh": 2.7},
            {"timestamp": "Thu Jul 06 03:24:46 UTC 2017"}
        ],
        [
            {"location": [[
                {"latitude": 64.231658},
                {"longitude": 27.726099}
            ]]},
            {"altitude": 145.5},
            {"distance_km": 1.03},
            {"speed_kmh": 3.6},
            {"timestamp": "Thu Jul 06 03:24:56 UTC 2017"}
        ],
        [
            {"location": [[
                {"latitude": 64.23166},
                {"longitude": 27.726308}
            ]]},
            {"altitude": 143.5},
            {"distance_km": 1.04},
            {"speed_kmh": 4.5},
            {"timestamp": "Thu Jul 06 03:25:03 UTC 2017"}
        ],
        [
            {"location": [[
                {"latitude": 64.231684},
                {"longitude": 27.726517}
            ]]},
            {"altitude": 148},
            {"distance_km": 1.05},
            {"speed_kmh": 1.8},
            {"timestamp": "Thu Jul 06 03:25:11 UTC 2017"}
        ],
        [
            {"location": [[
                {"latitude": 64.231713},
                {"longitude": 27.726732}
            ]]},
            {"altitude": 147.5},
            {"distance_km": 1.06},
            {"speed_kmh": 2.7},
            {"timestamp": "Thu Jul 06 03:25:25 UTC 2017"}
        ],
        [
            {"location": [[
                {"latitude": 64.231721},
                {"longitude": 27.726942}
            ]]},
            {"altitude": 148.5},
            {"distance_km": 1.07},
            {"speed_kmh": 2.7},
            {"timestamp": "Thu Jul 06 03:25:31 UTC 2017"}
        ],
        [
            {"location": [[
                {"latitude": 64.231724},
                {"longitude": 27.727181}
            ]]},
            {"altitude": 148.5},
            {"distance_km": 1.08},
            {"speed_kmh": 4.5},
            {"timestamp": "Thu Jul 06 03:25:45 UTC 2017"}
        ],
        [
            {"location": [[
                {"latitude": 64.231711},
                {"longitude": 27.727423}
            ]]},
            {"altitude": 148},
            {"distance_km": 1.09},
            {"speed_kmh": 4.5},
            {"timestamp": "Thu Jul 06 03:25:53 UTC 2017"}
        ],
        [
            {"location": [[
                {"latitude": 64.231714},
                {"longitude": 27.727638}
            ]]},
            {"altitude": 147.5},
            {"distance_km": 1.1},
            {"speed_kmh": 4.5},
            {"timestamp": "Thu Jul 06 03:26:01 UTC 2017"}
        ],
        [
            {"location": [[
                {"latitude": 64.231713},
                {"longitude": 27.727875}
            ]]},
            {"altitude": 150.5},
            {"distance_km": 1.12},
            {"speed_kmh": 3.6},
            {"timestamp": "Thu Jul 06 03:26:11 UTC 2017"}
        ],
        [
            {"location": [[
                {"latitude": 64.231679},
                {"longitude": 27.728092}
            ]]},
            {"altitude": 149.5},
            {"distance_km": 1.13},
            {"speed_kmh": 3.6},
            {"timestamp": "Thu Jul 06 03:26:19 UTC 2017"}
        ],
        [
            {"location": [[
                {"latitude": 64.231674},
                {"longitude": 27.728328}
            ]]},
            {"altitude": 149},
            {"distance_km": 1.14},
            {"speed_kmh": 5.4},
            {"timestamp": "Thu Jul 06 03:26:31 UTC 2017"}
        ],
        [
            {"location": [[
                {"latitude": 64.231692},
                {"longitude": 27.728583}
            ]]},
            {"altitude": 148.5},
            {"distance_km": 1.15},
            {"speed_kmh": 3.6},
            {"timestamp": "Thu Jul 06 03:27:11 UTC 2017"}
        ],
        [
            {"location": [[
                {"latitude": 64.231709},
                {"longitude": 27.728809}
            ]]},
            {"altitude": 146.5},
            {"distance_km": 1.16},
            {"speed_kmh": 3.6},
            {"timestamp": "Thu Jul 06 03:27:19 UTC 2017"}
        ],
        [
            {"location": [[
                {"latitude": 64.231679},
                {"longitude": 27.729054}
            ]]},
            {"altitude": 147.5},
            {"distance_km": 1.17},
            {"speed_kmh": 6.3},
            {"timestamp": "Thu Jul 06 03:27:25 UTC 2017"}
        ],
        [
            {"location": [[
                {"latitude": 64.231631},
                {"longitude": 27.729296}
            ]]},
            {"altitude": 146},
            {"distance_km": 1.19},
            {"speed_kmh": 5.4},
            {"timestamp": "Thu Jul 06 03:27:33 UTC 2017"}
        ],
        [
            {"location": [[
                {"latitude": 64.231686},
                {"longitude": 27.729481}
            ]]},
            {"altitude": 147.5},
            {"distance_km": 1.2},
            {"speed_kmh": 4.5},
            {"timestamp": "Thu Jul 06 03:27:43 UTC 2017"}
        ],
        [
            {"location": [[
                {"latitude": 64.231766},
                {"longitude": 27.729379}
            ]]},
            {"altitude": 149.5},
            {"distance_km": 1.21},
            {"speed_kmh": 0},
            {"timestamp": "Thu Jul 06 03:28:03 UTC 2017"}
        ],
        [
            {"location": [[
                {"latitude": 64.231774},
                {"longitude": 27.729434}
            ]]},
            {"altitude": 152.5},
            {"distance_km": 1.21},
            {"speed_kmh": 0},
            {"timestamp": "Thu Jul 06 03:29:18 UTC 2017"}
        ],
        [
            {"location": [[
                {"latitude": 64.231774},
                {"longitude": 27.729434}
            ]]},
            {"altitude": 152.5},
            {"distance_km": 1.21},
            {"speed_kmh": 0},
            {"timestamp": "Thu Jul 06 03:29:19 UTC 2017"}
        ]
    ]}
]