[
    {"sport": "WALKING"},
    {"source": "TRACK_MOBILE"},
    {"created_date": "2017-04-04 18:21:36.0"},
    {"start_time": "2017-04-04 18:18:40.0"},
    {"end_time": "2017-04-04 18:42:04.0"},
    {"duration_s": 1402},
    {"distance_km": 1.93},
    {"calories_kcal": 141.633},
    {"altitude_min_m": 139.5},
    {"altitude_max_m": 206.5},
    {"speed_avg_kmh": 4.955777460770328},
    {"speed_max_kmh": 6.3},
    {"ascend_m": 66.5},
    {"descend_m": 106},
    {"points": [
        [
            {"location": [[
                {"latitude": 64.231646},
                {"longitude": 27.729373}
            ]]},
            {"distance_km": 0},
            {"timestamp": "Tue Apr 04 18:18:40 UTC 2017"}
        ],
        [
            {"location": [[
                {"latitude": 64.231646},
                {"longitude": 27.729373}
            ]]},
            {"altitude": 181.5},
            {"distance_km": 0},
            {"speed_kmh": 6.3},
            {"timestamp": "Tue Apr 04 18:19:15 UTC 2017"}
        ],
        [
            {"location": [[
                {"latitude": 64.23171},
                {"longitude": 27.729076}
            ]]},
            {"altitude": 176},
            {"distance_km": 0.02},
            {"speed_kmh": 1.8},
            {"timestamp": "Tue Apr 04 18:19:18 UTC 2017"}
        ],
        [
            {"location": [[
                {"latitude": 64.231677},
                {"longitude": 27.729288}
            ]]},
            {"altitude": 178.5},
            {"distance_km": 0.03},
            {"speed_kmh": 5.4},
            {"timestamp": "Tue Apr 04 18:19:42 UTC 2017"}
        ],
        [
            {"location": [[
                {"latitude": 64.231696},
                {"longitude": 27.729492}
            ]]},
            {"altitude": 167.5},
            {"distance_km": 0.04},
            {"speed_kmh": 5.4},
            {"timestamp": "Tue Apr 04 18:19:46 UTC 2017"}
        ],
        [
            {"location": [[
                {"latitude": 64.231744},
                {"longitude": 27.729741}
            ]]},
            {"altitude": 158},
            {"distance_km": 0.05},
            {"speed_kmh": 5.4},
            {"timestamp": "Tue Apr 04 18:19:52 UTC 2017"}
        ],
        [
            {"location": [[
                {"latitude": 64.2318},
                {"longitude": 27.729934}
            ]]},
            {"altitude": 151.5},
            {"distance_km": 0.06},
            {"speed_kmh": 4.5},
            {"timestamp": "Tue Apr 04 18:19:58 UTC 2017"}
        ],
        [
            {"location": [[
                {"latitude": 64.23185},
                {"longitude": 27.73013}
            ]]},
            {"altitude": 152.5},
            {"distance_km": 0.07},
            {"speed_kmh": 5.4},
            {"timestamp": "Tue Apr 04 18:20:06 UTC 2017"}
        ],
        [
            {"location": [[
                {"latitude": 64.231907},
                {"longitude": 27.730304}
            ]]},
            {"altitude": 154},
            {"distance_km": 0.08},
            {"speed_kmh": 5.4},
            {"timestamp": "Tue Apr 04 18:20:14 UTC 2017"}
        ],
        [
            {"location": [[
                {"latitude": 64.231981},
                {"longitude": 27.730457}
            ]]},
            {"altitude": 154.5},
            {"distance_km": 0.09},
            {"speed_kmh": 5.4},
            {"timestamp": "Tue Apr 04 18:20:22 UTC 2017"}
        ],
        [
            {"location": [[
                {"latitude": 64.232067},
                {"longitude": 27.730615}
            ]]},
            {"altitude": 157.5},
            {"distance_km": 0.11},
            {"speed_kmh": 5.4},
            {"timestamp": "Tue Apr 04 18:20:30 UTC 2017"}
        ],
        [
            {"location": [[
                {"latitude": 64.232144},
                {"longitude": 27.730736}
            ]]},
            {"altitude": 157},
            {"distance_km": 0.12},
            {"speed_kmh": 5.4},
            {"timestamp": "Tue Apr 04 18:20:37 UTC 2017"}
        ],
        [
            {"location": [[
                {"latitude": 64.232221},
                {"longitude": 27.730849}
            ]]},
            {"altitude": 156},
            {"distance_km": 0.13},
            {"speed_kmh": 5.4},
            {"timestamp": "Tue Apr 04 18:20:43 UTC 2017"}
        ],
        [
            {"location": [[
                {"latitude": 64.232305},
                {"longitude": 27.73097}
            ]]},
            {"altitude": 154.5},
            {"distance_km": 0.14},
            {"speed_kmh": 5.4},
            {"timestamp": "Tue Apr 04 18:20:49 UTC 2017"}
        ],
        [
            {"location": [[
                {"latitude": 64.232392},
                {"longitude": 27.731058}
            ]]},
            {"altitude": 153.5},
            {"distance_km": 0.15},
            {"speed_kmh": 5.4},
            {"timestamp": "Tue Apr 04 18:20:55 UTC 2017"}
        ],
        [
            {"location": [[
                {"latitude": 64.232485},
                {"longitude": 27.731163}
            ]]},
            {"altitude": 152.5},
            {"distance_km": 0.16},
            {"speed_kmh": 5.4},
            {"timestamp": "Tue Apr 04 18:21:03 UTC 2017"}
        ],
        [
            {"location": [[
                {"latitude": 64.232568},
                {"longitude": 27.73132}
            ]]},
            {"altitude": 152},
            {"distance_km": 0.17},
            {"speed_kmh": 2.7},
            {"timestamp": "Tue Apr 04 18:21:14 UTC 2017"}
        ],
        [
            {"location": [[
                {"latitude": 64.232669},
                {"longitude": 27.731378}
            ]]},
            {"altitude": 155},
            {"distance_km": 0.18},
            {"speed_kmh": 6.3},
            {"timestamp": "Tue Apr 04 18:21:22 UTC 2017"}
        ],
        [
            {"location": [[
                {"latitude": 64.232778},
                {"longitude": 27.731453}
            ]]},
            {"altitude": 155.5},
            {"distance_km": 0.2},
            {"speed_kmh": 6.3},
            {"timestamp": "Tue Apr 04 18:21:28 UTC 2017"}
        ],
        [
            {"location": [[
                {"latitude": 64.232869},
                {"longitude": 27.731561}
            ]]},
            {"altitude": 154.5},
            {"distance_km": 0.21},
            {"speed_kmh": 5.4},
            {"timestamp": "Tue Apr 04 18:21:36 UTC 2017"}
        ],
        [
            {"location": [[
                {"latitude": 64.232832},
                {"longitude": 27.73176}
            ]]},
            {"altitude": 155},
            {"distance_km": 0.22},
            {"speed_kmh": 5.4},
            {"timestamp": "Tue Apr 04 18:21:42 UTC 2017"}
        ],
        [
            {"location": [[
                {"latitude": 64.232776},
                {"longitude": 27.73198}
            ]]},
            {"altitude": 153.5},
            {"distance_km": 0.23},
            {"speed_kmh": 5.4},
            {"timestamp": "Tue Apr 04 18:21:50 UTC 2017"}
        ],
        [
            {"location": [[
                {"latitude": 64.232734},
                {"longitude": 27.732235}
            ]]},
            {"altitude": 153.5},
            {"distance_km": 0.24},
            {"speed_kmh": 5.4},
            {"timestamp": "Tue Apr 04 18:21:58 UTC 2017"}
        ],
        [
            {"location": [[
                {"latitude": 64.232678},
                {"longitude": 27.732464}
            ]]},
            {"altitude": 156.5},
            {"distance_km": 0.26},
            {"speed_kmh": 5.4},
            {"timestamp": "Tue Apr 04 18:22:06 UTC 2017"}
        ],
        [
            {"location": [[
                {"latitude": 64.232672},
                {"longitude": 27.732691}
            ]]},
            {"altitude": 155.5},
            {"distance_km": 0.27},
            {"speed_kmh": 5.4},
            {"timestamp": "Tue Apr 04 18:22:14 UTC 2017"}
        ],
        [
            {"location": [[
                {"latitude": 64.232672},
                {"longitude": 27.732941}
            ]]},
            {"altitude": 152},
            {"distance_km": 0.28},
            {"speed_kmh": 5.4},
            {"timestamp": "Tue Apr 04 18:22:22 UTC 2017"}
        ],
        [
            {"location": [[
                {"latitude": 64.232741},
                {"longitude": 27.733099}
            ]]},
            {"altitude": 149.5},
            {"distance_km": 0.29},
            {"speed_kmh": 5.4},
            {"timestamp": "Tue Apr 04 18:22:29 UTC 2017"}
        ],
        [
            {"location": [[
                {"latitude": 64.232836},
                {"longitude": 27.733084}
            ]]},
            {"altitude": 148.5},
            {"distance_km": 0.3},
            {"speed_kmh": 5.4},
            {"timestamp": "Tue Apr 04 18:22:35 UTC 2017"}
        ],
        [
            {"location": [[
                {"latitude": 64.232926},
                {"longitude": 27.733126}
            ]]},
            {"altitude": 150},
            {"distance_km": 0.31},
            {"speed_kmh": 5.4},
            {"timestamp": "Tue Apr 04 18:22:41 UTC 2017"}
        ],
        [
            {"location": [[
                {"latitude": 64.233027},
                {"longitude": 27.733234}
            ]]},
            {"altitude": 150},
            {"distance_km": 0.32},
            {"speed_kmh": 5.4},
            {"timestamp": "Tue Apr 04 18:22:49 UTC 2017"}
        ],
        [
            {"location": [[
                {"latitude": 64.233126},
                {"longitude": 27.733229}
            ]]},
            {"altitude": 148.5},
            {"distance_km": 0.33},
            {"speed_kmh": 4.5},
            {"timestamp": "Tue Apr 04 18:22:57 UTC 2017"}
        ],
        [
            {"location": [[
                {"latitude": 64.233213},
                {"longitude": 27.733145}
            ]]},
            {"altitude": 154},
            {"distance_km": 0.34},
            {"speed_kmh": 4.5},
            {"timestamp": "Tue Apr 04 18:23:06 UTC 2017"}
        ],
        [
            {"location": [[
                {"latitude": 64.233302},
                {"longitude": 27.733094}
            ]]},
            {"altitude": 159},
            {"distance_km": 0.36},
            {"speed_kmh": 3.6},
            {"timestamp": "Tue Apr 04 18:23:16 UTC 2017"}
        ],
        [
            {"location": [[
                {"latitude": 64.23341},
                {"longitude": 27.733074}
            ]]},
            {"altitude": 162.5},
            {"distance_km": 0.37},
            {"speed_kmh": 3.6},
            {"timestamp": "Tue Apr 04 18:23:24 UTC 2017"}
        ],
        [
            {"location": [[
                {"latitude": 64.233498},
                {"longitude": 27.733016}
            ]]},
            {"altitude": 166},
            {"distance_km": 0.38},
            {"speed_kmh": 3.6},
            {"timestamp": "Tue Apr 04 18:23:32 UTC 2017"}
        ],
        [
            {"location": [[
                {"latitude": 64.233584},
                {"longitude": 27.732936}
            ]]},
            {"altitude": 170.5},
            {"distance_km": 0.39},
            {"speed_kmh": 3.6},
            {"timestamp": "Tue Apr 04 18:23:40 UTC 2017"}
        ],
        [
            {"location": [[
                {"latitude": 64.233679},
                {"longitude": 27.732813}
            ]]},
            {"altitude": 172.5},
            {"distance_km": 0.4},
            {"speed_kmh": 3.6},
            {"timestamp": "Tue Apr 04 18:23:48 UTC 2017"}
        ],
        [
            {"location": [[
                {"latitude": 64.233773},
                {"longitude": 27.7327}
            ]]},
            {"altitude": 175},
            {"distance_km": 0.41},
            {"speed_kmh": 3.6},
            {"timestamp": "Tue Apr 04 18:23:56 UTC 2017"}
        ],
        [
            {"location": [[
                {"latitude": 64.233856},
                {"longitude": 27.732613}
            ]]},
            {"altitude": 175.5},
            {"distance_km": 0.42},
            {"speed_kmh": 3.6},
            {"timestamp": "Tue Apr 04 18:24:02 UTC 2017"}
        ],
        [
            {"location": [[
                {"latitude": 64.233939},
                {"longitude": 27.732525}
            ]]},
            {"altitude": 175},
            {"distance_km": 0.43},
            {"speed_kmh": 4.5},
            {"timestamp": "Tue Apr 04 18:24:08 UTC 2017"}
        ],
        [
            {"location": [[
                {"latitude": 64.234037},
                {"longitude": 27.732423}
            ]]},
            {"altitude": 176.5},
            {"distance_km": 0.44},
            {"speed_kmh": 4.5},
            {"timestamp": "Tue Apr 04 18:24:16 UTC 2017"}
        ],
        [
            {"location": [[
                {"latitude": 64.234127},
                {"longitude": 27.732366}
            ]]},
            {"altitude": 177},
            {"distance_km": 0.45},
            {"speed_kmh": 3.6},
            {"timestamp": "Tue Apr 04 18:24:24 UTC 2017"}
        ],
        [
            {"location": [[
                {"latitude": 64.23422},
                {"longitude": 27.732338}
            ]]},
            {"altitude": 170.5},
            {"distance_km": 0.46},
            {"speed_kmh": 3.6},
            {"timestamp": "Tue Apr 04 18:24:41 UTC 2017"}
        ],
        [
            {"location": [[
                {"latitude": 64.234322},
                {"longitude": 27.732294}
            ]]},
            {"altitude": 168.5},
            {"distance_km": 0.48},
            {"speed_kmh": 3.6},
            {"timestamp": "Tue Apr 04 18:24:49 UTC 2017"}
        ],
        [
            {"location": [[
                {"latitude": 64.234411},
                {"longitude": 27.732238}
            ]]},
            {"altitude": 173},
            {"distance_km": 0.49},
            {"speed_kmh": 3.6},
            {"timestamp": "Tue Apr 04 18:24:57 UTC 2017"}
        ],
        [
            {"location": [[
                {"latitude": 64.234503},
                {"longitude": 27.732193}
            ]]},
            {"altitude": 172},
            {"distance_km": 0.5},
            {"speed_kmh": 2.7},
            {"timestamp": "Tue Apr 04 18:25:05 UTC 2017"}
        ],
        [
            {"location": [[
                {"latitude": 64.234598},
                {"longitude": 27.732172}
            ]]},
            {"altitude": 173},
            {"distance_km": 0.51},
            {"speed_kmh": 2.7},
            {"timestamp": "Tue Apr 04 18:25:12 UTC 2017"}
        ],
        [
            {"location": [[
                {"latitude": 64.234705},
                {"longitude": 27.732159}
            ]]},
            {"altitude": 177.5},
            {"distance_km": 0.52},
            {"speed_kmh": 3.6},
            {"timestamp": "Tue Apr 04 18:25:20 UTC 2017"}
        ],
        [
            {"location": [[
                {"latitude": 64.234805},
                {"longitude": 27.732201}
            ]]},
            {"altitude": 181},
            {"distance_km": 0.53},
            {"speed_kmh": 3.6},
            {"timestamp": "Tue Apr 04 18:25:28 UTC 2017"}
        ],
        [
            {"location": [[
                {"latitude": 64.234907},
                {"longitude": 27.732238}
            ]]},
            {"altitude": 184.5},
            {"distance_km": 0.54},
            {"speed_kmh": 2.7},
            {"timestamp": "Tue Apr 04 18:25:38 UTC 2017"}
        ],
        [
            {"location": [[
                {"latitude": 64.235017},
                {"longitude": 27.732235}
            ]]},
            {"altitude": 184},
            {"distance_km": 0.55},
            {"speed_kmh": 3.6},
            {"timestamp": "Tue Apr 04 18:25:46 UTC 2017"}
        ],
        [
            {"location": [[
                {"latitude": 64.235126},
                {"longitude": 27.73223}
            ]]},
            {"altitude": 186.5},
            {"distance_km": 0.57},
            {"speed_kmh": 3.6},
            {"timestamp": "Tue Apr 04 18:25:56 UTC 2017"}
        ],
        [
            {"location": [[
                {"latitude": 64.235232},
                {"longitude": 27.732267}
            ]]},
            {"altitude": 186.5},
            {"distance_km": 0.58},
            {"speed_kmh": 3.6},
            {"timestamp": "Tue Apr 04 18:26:06 UTC 2017"}
        ],
        [
            {"location": [[
                {"latitude": 64.235331},
                {"longitude": 27.732199}
            ]]},
            {"altitude": 189},
            {"distance_km": 0.59},
            {"speed_kmh": 2.7},
            {"timestamp": "Tue Apr 04 18:26:16 UTC 2017"}
        ],
        [
            {"location": [[
                {"latitude": 64.235423},
                {"longitude": 27.732176}
            ]]},
            {"altitude": 189.5},
            {"distance_km": 0.6},
            {"speed_kmh": 2.7},
            {"timestamp": "Tue Apr 04 18:26:24 UTC 2017"}
        ],
        [
            {"location": [[
                {"latitude": 64.235541},
                {"longitude": 27.732045}
            ]]},
            {"altitude": 189.5},
            {"distance_km": 0.62},
            {"speed_kmh": 3.6},
            {"timestamp": "Tue Apr 04 18:26:30 UTC 2017"}
        ],
        [
            {"location": [[
                {"latitude": 64.235649},
                {"longitude": 27.73203}
            ]]},
            {"altitude": 189},
            {"distance_km": 0.63},
            {"speed_kmh": 2.7},
            {"timestamp": "Tue Apr 04 18:26:41 UTC 2017"}
        ],
        [
            {"location": [[
                {"latitude": 64.235759},
                {"longitude": 27.732084}
            ]]},
            {"altitude": 192.5},
            {"distance_km": 0.64},
            {"speed_kmh": 3.6},
            {"timestamp": "Tue Apr 04 18:26:49 UTC 2017"}
        ],
        [
            {"location": [[
                {"latitude": 64.23586},
                {"longitude": 27.732096}
            ]]},
            {"altitude": 194},
            {"distance_km": 0.65},
            {"speed_kmh": 3.6},
            {"timestamp": "Tue Apr 04 18:26:57 UTC 2017"}
        ],
        [
            {"location": [[
                {"latitude": 64.235966},
                {"longitude": 27.732071}
            ]]},
            {"altitude": 194.5},
            {"distance_km": 0.66},
            {"speed_kmh": 2.7},
            {"timestamp": "Tue Apr 04 18:27:19 UTC 2017"}
        ],
        [
            {"location": [[
                {"latitude": 64.236076},
                {"longitude": 27.732067}
            ]]},
            {"altitude": 198},
            {"distance_km": 0.68},
            {"speed_kmh": 3.6},
            {"timestamp": "Tue Apr 04 18:27:26 UTC 2017"}
        ],
        [
            {"location": [[
                {"latitude": 64.236169},
                {"longitude": 27.732062}
            ]]},
            {"altitude": 197},
            {"distance_km": 0.69},
            {"speed_kmh": 0},
            {"timestamp": "Tue Apr 04 18:27:38 UTC 2017"}
        ],
        [
            {"location": [[
                {"latitude": 64.236265},
                {"longitude": 27.732039}
            ]]},
            {"altitude": 195.5},
            {"distance_km": 0.7},
            {"speed_kmh": 3.6},
            {"timestamp": "Tue Apr 04 18:27:46 UTC 2017"}
        ],
        [
            {"location": [[
                {"latitude": 64.236387},
                {"longitude": 27.731951}
            ]]},
            {"altitude": 194.5},
            {"distance_km": 0.71},
            {"speed_kmh": 4.5},
            {"timestamp": "Tue Apr 04 18:27:52 UTC 2017"}
        ],
        [
            {"location": [[
                {"latitude": 64.23651},
                {"longitude": 27.73195}
            ]]},
            {"altitude": 191.5},
            {"distance_km": 0.72},
            {"speed_kmh": 3.6},
            {"timestamp": "Tue Apr 04 18:27:58 UTC 2017"}
        ],
        [
            {"location": [[
                {"latitude": 64.236613},
                {"longitude": 27.731974}
            ]]},
            {"altitude": 194.5},
            {"distance_km": 0.74},
            {"speed_kmh": 3.6},
            {"timestamp": "Tue Apr 04 18:28:04 UTC 2017"}
        ],
        [
            {"location": [[
                {"latitude": 64.236712},
                {"longitude": 27.731999}
            ]]},
            {"altitude": 194.5},
            {"distance_km": 0.75},
            {"speed_kmh": 3.6},
            {"timestamp": "Tue Apr 04 18:28:10 UTC 2017"}
        ],
        [
            {"location": [[
                {"latitude": 64.236825},
                {"longitude": 27.732044}
            ]]},
            {"altitude": 196.5},
            {"distance_km": 0.76},
            {"speed_kmh": 3.6},
            {"timestamp": "Tue Apr 04 18:28:18 UTC 2017"}
        ],
        [
            {"location": [[
                {"latitude": 64.236916},
                {"longitude": 27.732129}
            ]]},
            {"altitude": 199.5},
            {"distance_km": 0.77},
            {"speed_kmh": 3.6},
            {"timestamp": "Tue Apr 04 18:28:26 UTC 2017"}
        ],
        [
            {"location": [[
                {"latitude": 64.237007},
                {"longitude": 27.732139}
            ]]},
            {"altitude": 201.5},
            {"distance_km": 0.78},
            {"speed_kmh": 3.6},
            {"timestamp": "Tue Apr 04 18:28:34 UTC 2017"}
        ],
        [
            {"location": [[
                {"latitude": 64.237112},
                {"longitude": 27.732153}
            ]]},
            {"altitude": 199.5},
            {"distance_km": 0.79},
            {"speed_kmh": 3.6},
            {"timestamp": "Tue Apr 04 18:28:43 UTC 2017"}
        ],
        [
            {"location": [[
                {"latitude": 64.237213},
                {"longitude": 27.732168}
            ]]},
            {"altitude": 200},
            {"distance_km": 0.8},
            {"speed_kmh": 4.5},
            {"timestamp": "Tue Apr 04 18:28:51 UTC 2017"}
        ],
        [
            {"location": [[
                {"latitude": 64.237301},
                {"longitude": 27.732219}
            ]]},
            {"altitude": 199.5},
            {"distance_km": 0.81},
            {"speed_kmh": 1.8},
            {"timestamp": "Tue Apr 04 18:29:05 UTC 2017"}
        ],
        [
            {"location": [[
                {"latitude": 64.237396},
                {"longitude": 27.732322}
            ]]},
            {"altitude": 200.5},
            {"distance_km": 0.83},
            {"speed_kmh": 3.6},
            {"timestamp": "Tue Apr 04 18:29:14 UTC 2017"}
        ],
        [
            {"location": [[
                {"latitude": 64.237485},
                {"longitude": 27.73241}
            ]]},
            {"altitude": 197.5},
            {"distance_km": 0.84},
            {"speed_kmh": 4.5},
            {"timestamp": "Tue Apr 04 18:29:20 UTC 2017"}
        ],
        [
            {"location": [[
                {"latitude": 64.237573},
                {"longitude": 27.732481}
            ]]},
            {"altitude": 198},
            {"distance_km": 0.85},
            {"speed_kmh": 3.6},
            {"timestamp": "Tue Apr 04 18:29:28 UTC 2017"}
        ],
        [
            {"location": [[
                {"latitude": 64.237659},
                {"longitude": 27.732571}
            ]]},
            {"altitude": 199.5},
            {"distance_km": 0.86},
            {"speed_kmh": 4.5},
            {"timestamp": "Tue Apr 04 18:29:34 UTC 2017"}
        ],
        [
            {"location": [[
                {"latitude": 64.237757},
                {"longitude": 27.732641}
            ]]},
            {"altitude": 199.5},
            {"distance_km": 0.87},
            {"speed_kmh": 1.8},
            {"timestamp": "Tue Apr 04 18:29:44 UTC 2017"}
        ],
        [
            {"location": [[
                {"latitude": 64.237856},
                {"longitude": 27.732722}
            ]]},
            {"altitude": 200},
            {"distance_km": 0.88},
            {"speed_kmh": 3.6},
            {"timestamp": "Tue Apr 04 18:29:52 UTC 2017"}
        ],
        [
            {"location": [[
                {"latitude": 64.23795},
                {"longitude": 27.732826}
            ]]},
            {"altitude": 199.5},
            {"distance_km": 0.89},
            {"speed_kmh": 4.5},
            {"timestamp": "Tue Apr 04 18:29:58 UTC 2017"}
        ],
        [
            {"location": [[
                {"latitude": 64.238039},
                {"longitude": 27.732927}
            ]]},
            {"altitude": 197.5},
            {"distance_km": 0.9},
            {"speed_kmh": 3.6},
            {"timestamp": "Tue Apr 04 18:30:06 UTC 2017"}
        ],
        [
            {"location": [[
                {"latitude": 64.238125},
                {"longitude": 27.733014}
            ]]},
            {"altitude": 197},
            {"distance_km": 0.91},
            {"speed_kmh": 3.6},
            {"timestamp": "Tue Apr 04 18:30:14 UTC 2017"}
        ],
        [
            {"location": [[
                {"latitude": 64.238211},
                {"longitude": 27.733168}
            ]]},
            {"altitude": 198.5},
            {"distance_km": 0.93},
            {"speed_kmh": 3.6},
            {"timestamp": "Tue Apr 04 18:30:22 UTC 2017"}
        ],
        [
            {"location": [[
                {"latitude": 64.238108},
                {"longitude": 27.733185}
            ]]},
            {"altitude": 197},
            {"distance_km": 0.94},
            {"speed_kmh": 3.6},
            {"timestamp": "Tue Apr 04 18:30:47 UTC 2017"}
        ],
        [
            {"location": [[
                {"latitude": 64.237998},
                {"longitude": 27.733159}
            ]]},
            {"altitude": 199.5},
            {"distance_km": 0.95},
            {"speed_kmh": 4.5},
            {"timestamp": "Tue Apr 04 18:30:55 UTC 2017"}
        ],
        [
            {"location": [[
                {"latitude": 64.237908},
                {"longitude": 27.733197}
            ]]},
            {"altitude": 202},
            {"distance_km": 0.96},
            {"speed_kmh": 4.5},
            {"timestamp": "Tue Apr 04 18:31:03 UTC 2017"}
        ],
        [
            {"location": [[
                {"latitude": 64.237796},
                {"longitude": 27.733227}
            ]]},
            {"altitude": 206},
            {"distance_km": 0.97},
            {"speed_kmh": 4.5},
            {"timestamp": "Tue Apr 04 18:31:12 UTC 2017"}
        ],
        [
            {"location": [[
                {"latitude": 64.237685},
                {"longitude": 27.733257}
            ]]},
            {"altitude": 206.5},
            {"distance_km": 0.98},
            {"speed_kmh": 4.5},
            {"timestamp": "Tue Apr 04 18:31:20 UTC 2017"}
        ],
        [
            {"location": [[
                {"latitude": 64.237586},
                {"longitude": 27.733324}
            ]]},
            {"altitude": 206},
            {"distance_km": 1},
            {"speed_kmh": 5.4},
            {"timestamp": "Tue Apr 04 18:31:28 UTC 2017"}
        ],
        [
            {"location": [[
                {"latitude": 64.237489},
                {"longitude": 27.733367}
            ]]},
            {"altitude": 203},
            {"distance_km": 1.01},
            {"speed_kmh": 5.4},
            {"timestamp": "Tue Apr 04 18:31:34 UTC 2017"}
        ],
        [
            {"location": [[
                {"latitude": 64.23739},
                {"longitude": 27.733402}
            ]]},
            {"altitude": 201.5},
            {"distance_km": 1.02},
            {"speed_kmh": 5.4},
            {"timestamp": "Tue Apr 04 18:31:40 UTC 2017"}
        ],
        [
            {"location": [[
                {"latitude": 64.237304},
                {"longitude": 27.733497}
            ]]},
            {"altitude": 199},
            {"distance_km": 1.03},
            {"speed_kmh": 5.4},
            {"timestamp": "Tue Apr 04 18:31:46 UTC 2017"}
        ],
        [
            {"location": [[
                {"latitude": 64.237222},
                {"longitude": 27.733591}
            ]]},
            {"altitude": 197},
            {"distance_km": 1.04},
            {"speed_kmh": 5.4},
            {"timestamp": "Tue Apr 04 18:31:52 UTC 2017"}
        ],
        [
            {"location": [[
                {"latitude": 64.237136},
                {"longitude": 27.733693}
            ]]},
            {"altitude": 194},
            {"distance_km": 1.05},
            {"speed_kmh": 5.4},
            {"timestamp": "Tue Apr 04 18:31:58 UTC 2017"}
        ],
        [
            {"location": [[
                {"latitude": 64.237047},
                {"longitude": 27.73376}
            ]]},
            {"altitude": 194},
            {"distance_km": 1.06},
            {"speed_kmh": 5.4},
            {"timestamp": "Tue Apr 04 18:32:04 UTC 2017"}
        ],
        [
            {"location": [[
                {"latitude": 64.236949},
                {"longitude": 27.73382}
            ]]},
            {"altitude": 195},
            {"distance_km": 1.07},
            {"speed_kmh": 5.4},
            {"timestamp": "Tue Apr 04 18:32:10 UTC 2017"}
        ],
        [
            {"location": [[
                {"latitude": 64.236854},
                {"longitude": 27.733905}
            ]]},
            {"altitude": 197},
            {"distance_km": 1.08},
            {"speed_kmh": 5.4},
            {"timestamp": "Tue Apr 04 18:32:16 UTC 2017"}
        ],
        [
            {"location": [[
                {"latitude": 64.236766},
                {"longitude": 27.734016}
            ]]},
            {"altitude": 201.5},
            {"distance_km": 1.09},
            {"speed_kmh": 4.5},
            {"timestamp": "Tue Apr 04 18:32:23 UTC 2017"}
        ],
        [
            {"location": [[
                {"latitude": 64.236681},
                {"longitude": 27.734132}
            ]]},
            {"altitude": 202.5},
            {"distance_km": 1.1},
            {"speed_kmh": 4.5},
            {"timestamp": "Tue Apr 04 18:32:29 UTC 2017"}
        ],
        [
            {"location": [[
                {"latitude": 64.23659},
                {"longitude": 27.734235}
            ]]},
            {"altitude": 199.5},
            {"distance_km": 1.12},
            {"speed_kmh": 4.5},
            {"timestamp": "Tue Apr 04 18:32:35 UTC 2017"}
        ],
        [
            {"location": [[
                {"latitude": 64.236502},
                {"longitude": 27.734368}
            ]]},
            {"altitude": 202},
            {"distance_km": 1.13},
            {"speed_kmh": 4.5},
            {"timestamp": "Tue Apr 04 18:32:41 UTC 2017"}
        ],
        [
            {"location": [[
                {"latitude": 64.236421},
                {"longitude": 27.734496}
            ]]},
            {"altitude": 201.5},
            {"distance_km": 1.14},
            {"speed_kmh": 5.4},
            {"timestamp": "Tue Apr 04 18:32:47 UTC 2017"}
        ],
        [
            {"location": [[
                {"latitude": 64.236346},
                {"longitude": 27.734635}
            ]]},
            {"altitude": 202},
            {"distance_km": 1.15},
            {"speed_kmh": 4.5},
            {"timestamp": "Tue Apr 04 18:32:53 UTC 2017"}
        ],
        [
            {"location": [[
                {"latitude": 64.236247},
                {"longitude": 27.734768}
            ]]},
            {"altitude": 197.5},
            {"distance_km": 1.16},
            {"speed_kmh": 5.4},
            {"timestamp": "Tue Apr 04 18:33:00 UTC 2017"}
        ],
        [
            {"location": [[
                {"latitude": 64.236167},
                {"longitude": 27.734914}
            ]]},
            {"altitude": 197},
            {"distance_km": 1.17},
            {"speed_kmh": 5.4},
            {"timestamp": "Tue Apr 04 18:33:06 UTC 2017"}
        ],
        [
            {"location": [[
                {"latitude": 64.236111},
                {"longitude": 27.735075}
            ]]},
            {"altitude": 197.5},
            {"distance_km": 1.18},
            {"speed_kmh": 5.4},
            {"timestamp": "Tue Apr 04 18:33:12 UTC 2017"}
        ],
        [
            {"location": [[
                {"latitude": 64.236037},
                {"longitude": 27.735237}
            ]]},
            {"altitude": 197},
            {"distance_km": 1.19},
            {"speed_kmh": 5.4},
            {"timestamp": "Tue Apr 04 18:33:18 UTC 2017"}
        ],
        [
            {"location": [[
                {"latitude": 64.235936},
                {"longitude": 27.735368}
            ]]},
            {"altitude": 195.5},
            {"distance_km": 1.21},
            {"speed_kmh": 5.4},
            {"timestamp": "Tue Apr 04 18:33:26 UTC 2017"}
        ],
        [
            {"location": [[
                {"latitude": 64.235861},
                {"longitude": 27.735528}
            ]]},
            {"altitude": 196},
            {"distance_km": 1.22},
            {"speed_kmh": 5.4},
            {"timestamp": "Tue Apr 04 18:33:34 UTC 2017"}
        ],
        [
            {"location": [[
                {"latitude": 64.235788},
                {"longitude": 27.735733}
            ]]},
            {"altitude": 197},
            {"distance_km": 1.23},
            {"speed_kmh": 5.4},
            {"timestamp": "Tue Apr 04 18:33:42 UTC 2017"}
        ],
        [
            {"location": [[
                {"latitude": 64.235713},
                {"longitude": 27.735933}
            ]]},
            {"altitude": 197.5},
            {"distance_km": 1.24},
            {"speed_kmh": 5.4},
            {"timestamp": "Tue Apr 04 18:33:50 UTC 2017"}
        ],
        [
            {"location": [[
                {"latitude": 64.235622},
                {"longitude": 27.736089}
            ]]},
            {"altitude": 198},
            {"distance_km": 1.26},
            {"speed_kmh": 5.4},
            {"timestamp": "Tue Apr 04 18:33:58 UTC 2017"}
        ],
        [
            {"location": [[
                {"latitude": 64.235531},
                {"longitude": 27.736165}
            ]]},
            {"altitude": 198},
            {"distance_km": 1.27},
            {"speed_kmh": 5.4},
            {"timestamp": "Tue Apr 04 18:34:04 UTC 2017"}
        ],
        [
            {"location": [[
                {"latitude": 64.235422},
                {"longitude": 27.736201}
            ]]},
            {"altitude": 195.5},
            {"distance_km": 1.28},
            {"speed_kmh": 5.4},
            {"timestamp": "Tue Apr 04 18:34:12 UTC 2017"}
        ],
        [
            {"location": [[
                {"latitude": 64.235322},
                {"longitude": 27.736353}
            ]]},
            {"altitude": 194.5},
            {"distance_km": 1.29},
            {"speed_kmh": 5.4},
            {"timestamp": "Tue Apr 04 18:34:21 UTC 2017"}
        ],
        [
            {"location": [[
                {"latitude": 64.235261},
                {"longitude": 27.736531}
            ]]},
            {"altitude": 193.5},
            {"distance_km": 1.3},
            {"speed_kmh": 5.4},
            {"timestamp": "Tue Apr 04 18:34:27 UTC 2017"}
        ],
        [
            {"location": [[
                {"latitude": 64.235193},
                {"longitude": 27.736678}
            ]]},
            {"altitude": 186},
            {"distance_km": 1.32},
            {"speed_kmh": 5.4},
            {"timestamp": "Tue Apr 04 18:34:35 UTC 2017"}
        ],
        [
            {"location": [[
                {"latitude": 64.2351},
                {"longitude": 27.736574}
            ]]},
            {"altitude": 176.5},
            {"distance_km": 1.33},
            {"speed_kmh": 5.4},
            {"timestamp": "Tue Apr 04 18:34:49 UTC 2017"}
        ],
        [
            {"location": [[
                {"latitude": 64.235011},
                {"longitude": 27.736497}
            ]]},
            {"altitude": 172.5},
            {"distance_km": 1.34},
            {"speed_kmh": 4.5},
            {"timestamp": "Tue Apr 04 18:34:58 UTC 2017"}
        ],
        [
            {"location": [[
                {"latitude": 64.234915},
                {"longitude": 27.736416}
            ]]},
            {"altitude": 174},
            {"distance_km": 1.35},
            {"speed_kmh": 4.5},
            {"timestamp": "Tue Apr 04 18:35:06 UTC 2017"}
        ],
        [
            {"location": [[
                {"latitude": 64.234829},
                {"longitude": 27.736283}
            ]]},
            {"altitude": 173.5},
            {"distance_km": 1.36},
            {"speed_kmh": 4.5},
            {"timestamp": "Tue Apr 04 18:35:14 UTC 2017"}
        ],
        [
            {"location": [[
                {"latitude": 64.234755},
                {"longitude": 27.73616}
            ]]},
            {"altitude": 170.5},
            {"distance_km": 1.37},
            {"speed_kmh": 4.5},
            {"timestamp": "Tue Apr 04 18:35:20 UTC 2017"}
        ],
        [
            {"location": [[
                {"latitude": 64.234673},
                {"longitude": 27.735952}
            ]]},
            {"altitude": 171},
            {"distance_km": 1.38},
            {"speed_kmh": 4.5},
            {"timestamp": "Tue Apr 04 18:35:26 UTC 2017"}
        ],
        [
            {"location": [[
                {"latitude": 64.234588},
                {"longitude": 27.735882}
            ]]},
            {"altitude": 173},
            {"distance_km": 1.39},
            {"speed_kmh": 4.5},
            {"timestamp": "Tue Apr 04 18:35:32 UTC 2017"}
        ],
        [
            {"location": [[
                {"latitude": 64.234474},
                {"longitude": 27.735826}
            ]]},
            {"altitude": 174},
            {"distance_km": 1.41},
            {"speed_kmh": 4.5},
            {"timestamp": "Tue Apr 04 18:35:48 UTC 2017"}
        ],
        [
            {"location": [[
                {"latitude": 64.234391},
                {"longitude": 27.735739}
            ]]},
            {"altitude": 177},
            {"distance_km": 1.42},
            {"speed_kmh": 4.5},
            {"timestamp": "Tue Apr 04 18:35:54 UTC 2017"}
        ],
        [
            {"location": [[
                {"latitude": 64.23431},
                {"longitude": 27.735528}
            ]]},
            {"altitude": 178.5},
            {"distance_km": 1.43},
            {"speed_kmh": 4.5},
            {"timestamp": "Tue Apr 04 18:36:00 UTC 2017"}
        ],
        [
            {"location": [[
                {"latitude": 64.234248},
                {"longitude": 27.735359}
            ]]},
            {"altitude": 182},
            {"distance_km": 1.44},
            {"speed_kmh": 4.5},
            {"timestamp": "Tue Apr 04 18:36:04 UTC 2017"}
        ],
        [
            {"location": [[
                {"latitude": 64.234169},
                {"longitude": 27.735136}
            ]]},
            {"altitude": 185},
            {"distance_km": 1.46},
            {"speed_kmh": 4.5},
            {"timestamp": "Tue Apr 04 18:36:11 UTC 2017"}
        ],
        [
            {"location": [[
                {"latitude": 64.234073},
                {"longitude": 27.734986}
            ]]},
            {"altitude": 185},
            {"distance_km": 1.47},
            {"speed_kmh": 5.4},
            {"timestamp": "Tue Apr 04 18:36:17 UTC 2017"}
        ],
        [
            {"location": [[
                {"latitude": 64.233994},
                {"longitude": 27.734884}
            ]]},
            {"altitude": 188.5},
            {"distance_km": 1.48},
            {"speed_kmh": 5.4},
            {"timestamp": "Tue Apr 04 18:36:23 UTC 2017"}
        ],
        [
            {"location": [[
                {"latitude": 64.233888},
                {"longitude": 27.73476}
            ]]},
            {"altitude": 184.5},
            {"distance_km": 1.49},
            {"speed_kmh": 5.4},
            {"timestamp": "Tue Apr 04 18:36:31 UTC 2017"}
        ],
        [
            {"location": [[
                {"latitude": 64.233815},
                {"longitude": 27.734604}
            ]]},
            {"altitude": 184},
            {"distance_km": 1.5},
            {"speed_kmh": 5.4},
            {"timestamp": "Tue Apr 04 18:36:37 UTC 2017"}
        ],
        [
            {"location": [[
                {"latitude": 64.233724},
                {"longitude": 27.734538}
            ]]},
            {"altitude": 182},
            {"distance_km": 1.51},
            {"speed_kmh": 5.4},
            {"timestamp": "Tue Apr 04 18:36:43 UTC 2017"}
        ],
        [
            {"location": [[
                {"latitude": 64.233631},
                {"longitude": 27.734436}
            ]]},
            {"altitude": 179},
            {"distance_km": 1.52},
            {"speed_kmh": 5.4},
            {"timestamp": "Tue Apr 04 18:36:50 UTC 2017"}
        ],
        [
            {"location": [[
                {"latitude": 64.233517},
                {"longitude": 27.734341}
            ]]},
            {"altitude": 178.5},
            {"distance_km": 1.54},
            {"speed_kmh": 5.4},
            {"timestamp": "Tue Apr 04 18:36:58 UTC 2017"}
        ],
        [
            {"location": [[
                {"latitude": 64.233401},
                {"longitude": 27.734291}
            ]]},
            {"altitude": 178},
            {"distance_km": 1.55},
            {"speed_kmh": 5.4},
            {"timestamp": "Tue Apr 04 18:37:04 UTC 2017"}
        ],
        [
            {"location": [[
                {"latitude": 64.233306},
                {"longitude": 27.734227}
            ]]},
            {"altitude": 177.5},
            {"distance_km": 1.56},
            {"speed_kmh": 5.4},
            {"timestamp": "Tue Apr 04 18:37:12 UTC 2017"}
        ],
        [
            {"location": [[
                {"latitude": 64.23321},
                {"longitude": 27.734171}
            ]]},
            {"altitude": 176.5},
            {"distance_km": 1.57},
            {"speed_kmh": 6.3},
            {"timestamp": "Tue Apr 04 18:37:18 UTC 2017"}
        ],
        [
            {"location": [[
                {"latitude": 64.233116},
                {"longitude": 27.73413}
            ]]},
            {"altitude": 177},
            {"distance_km": 1.58},
            {"speed_kmh": 6.3},
            {"timestamp": "Tue Apr 04 18:37:24 UTC 2017"}
        ],
        [
            {"location": [[
                {"latitude": 64.233021},
                {"longitude": 27.734004}
            ]]},
            {"altitude": 180.5},
            {"distance_km": 1.6},
            {"speed_kmh": 6.3},
            {"timestamp": "Tue Apr 04 18:37:30 UTC 2017"}
        ],
        [
            {"location": [[
                {"latitude": 64.232926},
                {"longitude": 27.733912}
            ]]},
            {"altitude": 181},
            {"distance_km": 1.61},
            {"speed_kmh": 4.5},
            {"timestamp": "Tue Apr 04 18:37:38 UTC 2017"}
        ],
        [
            {"location": [[
                {"latitude": 64.232841},
                {"longitude": 27.733834}
            ]]},
            {"altitude": 179},
            {"distance_km": 1.62},
            {"speed_kmh": 5.4},
            {"timestamp": "Tue Apr 04 18:37:44 UTC 2017"}
        ],
        [
            {"location": [[
                {"latitude": 64.232759},
                {"longitude": 27.733704}
            ]]},
            {"altitude": 179.5},
            {"distance_km": 1.63},
            {"speed_kmh": 5.4},
            {"timestamp": "Tue Apr 04 18:37:50 UTC 2017"}
        ],
        [
            {"location": [[
                {"latitude": 64.232647},
                {"longitude": 27.733711}
            ]]},
            {"altitude": 174},
            {"distance_km": 1.64},
            {"speed_kmh": 6.3},
            {"timestamp": "Tue Apr 04 18:37:59 UTC 2017"}
        ],
        [
            {"location": [[
                {"latitude": 64.232699},
                {"longitude": 27.733538}
            ]]},
            {"altitude": 163.5},
            {"distance_km": 1.65},
            {"speed_kmh": 5.4},
            {"timestamp": "Tue Apr 04 18:38:17 UTC 2017"}
        ],
        [
            {"location": [[
                {"latitude": 64.23271},
                {"longitude": 27.733316}
            ]]},
            {"altitude": 159},
            {"distance_km": 1.66},
            {"speed_kmh": 5.4},
            {"timestamp": "Tue Apr 04 18:38:25 UTC 2017"}
        ],
        [
            {"location": [[
                {"latitude": 64.232707},
                {"longitude": 27.733057}
            ]]},
            {"altitude": 155},
            {"distance_km": 1.68},
            {"speed_kmh": 5.4},
            {"timestamp": "Tue Apr 04 18:38:33 UTC 2017"}
        ],
        [
            {"location": [[
                {"latitude": 64.232728},
                {"longitude": 27.732822}
            ]]},
            {"altitude": 155},
            {"distance_km": 1.69},
            {"speed_kmh": 4.5},
            {"timestamp": "Tue Apr 04 18:38:42 UTC 2017"}
        ],
        [
            {"location": [[
                {"latitude": 64.232764},
                {"longitude": 27.73259}
            ]]},
            {"altitude": 157.5},
            {"distance_km": 1.7},
            {"speed_kmh": 4.5},
            {"timestamp": "Tue Apr 04 18:38:50 UTC 2017"}
        ],
        [
            {"location": [[
                {"latitude": 64.232777},
                {"longitude": 27.732335}
            ]]},
            {"altitude": 162},
            {"distance_km": 1.71},
            {"speed_kmh": 4.5},
            {"timestamp": "Tue Apr 04 18:38:58 UTC 2017"}
        ],
        [
            {"location": [[
                {"latitude": 64.232832},
                {"longitude": 27.732157}
            ]]},
            {"altitude": 163},
            {"distance_km": 1.72},
            {"speed_kmh": 4.5},
            {"timestamp": "Tue Apr 04 18:39:04 UTC 2017"}
        ],
        [
            {"location": [[
                {"latitude": 64.232857},
                {"longitude": 27.731949}
            ]]},
            {"altitude": 165},
            {"distance_km": 1.73},
            {"speed_kmh": 4.5},
            {"timestamp": "Tue Apr 04 18:39:10 UTC 2017"}
        ],
        [
            {"location": [[
                {"latitude": 64.232895},
                {"longitude": 27.731694}
            ]]},
            {"altitude": 163.5},
            {"distance_km": 1.75},
            {"speed_kmh": 4.5},
            {"timestamp": "Tue Apr 04 18:39:18 UTC 2017"}
        ],
        [
            {"location": [[
                {"latitude": 64.232918},
                {"longitude": 27.731471}
            ]]},
            {"altitude": 163.5},
            {"distance_km": 1.76},
            {"speed_kmh": 4.5},
            {"timestamp": "Tue Apr 04 18:39:26 UTC 2017"}
        ],
        [
            {"location": [[
                {"latitude": 64.23284},
                {"longitude": 27.731367}
            ]]},
            {"altitude": 155.5},
            {"distance_km": 1.77},
            {"speed_kmh": 4.5},
            {"timestamp": "Tue Apr 04 18:39:32 UTC 2017"}
        ],
        [
            {"location": [[
                {"latitude": 64.232749},
                {"longitude": 27.731287}
            ]]},
            {"altitude": 153},
            {"distance_km": 1.78},
            {"speed_kmh": 4.5},
            {"timestamp": "Tue Apr 04 18:39:38 UTC 2017"}
        ],
        [
            {"location": [[
                {"latitude": 64.232657},
                {"longitude": 27.731205}
            ]]},
            {"altitude": 155.5},
            {"distance_km": 1.79},
            {"speed_kmh": 4.5},
            {"timestamp": "Tue Apr 04 18:39:45 UTC 2017"}
        ],
        [
            {"location": [[
                {"latitude": 64.232577},
                {"longitude": 27.731062}
            ]]},
            {"altitude": 154},
            {"distance_km": 1.8},
            {"speed_kmh": 5.4},
            {"timestamp": "Tue Apr 04 18:39:51 UTC 2017"}
        ],
        [
            {"location": [[
                {"latitude": 64.232468},
                {"longitude": 27.730991}
            ]]},
            {"altitude": 149.5},
            {"distance_km": 1.81},
            {"speed_kmh": 5.4},
            {"timestamp": "Tue Apr 04 18:40:01 UTC 2017"}
        ],
        [
            {"location": [[
                {"latitude": 64.232395},
                {"longitude": 27.730858}
            ]]},
            {"altitude": 151.5},
            {"distance_km": 1.82},
            {"speed_kmh": 4.5},
            {"timestamp": "Tue Apr 04 18:40:09 UTC 2017"}
        ],
        [
            {"location": [[
                {"latitude": 64.232288},
                {"longitude": 27.730754}
            ]]},
            {"altitude": 148},
            {"distance_km": 1.84},
            {"speed_kmh": 4.5},
            {"timestamp": "Tue Apr 04 18:40:18 UTC 2017"}
        ],
        [
            {"location": [[
                {"latitude": 64.23218},
                {"longitude": 27.730621}
            ]]},
            {"altitude": 144},
            {"distance_km": 1.85},
            {"speed_kmh": 4.5},
            {"timestamp": "Tue Apr 04 18:40:26 UTC 2017"}
        ],
        [
            {"location": [[
                {"latitude": 64.232081},
                {"longitude": 27.730517}
            ]]},
            {"altitude": 142},
            {"distance_km": 1.86},
            {"speed_kmh": 4.5},
            {"timestamp": "Tue Apr 04 18:40:34 UTC 2017"}
        ],
        [
            {"location": [[
                {"latitude": 64.232003},
                {"longitude": 27.730381}
            ]]},
            {"altitude": 142.5},
            {"distance_km": 1.87},
            {"speed_kmh": 4.5},
            {"timestamp": "Tue Apr 04 18:40:42 UTC 2017"}
        ],
        [
            {"location": [[
                {"latitude": 64.231908},
                {"longitude": 27.730266}
            ]]},
            {"altitude": 139.5},
            {"distance_km": 1.88},
            {"speed_kmh": 4.5},
            {"timestamp": "Tue Apr 04 18:40:50 UTC 2017"}
        ],
        [
            {"location": [[
                {"latitude": 64.231816},
                {"longitude": 27.730136}
            ]]},
            {"altitude": 142.5},
            {"distance_km": 1.9},
            {"speed_kmh": 4.5},
            {"timestamp": "Tue Apr 04 18:41:00 UTC 2017"}
        ],
        [
            {"location": [[
                {"latitude": 64.231754},
                {"longitude": 27.729935}
            ]]},
            {"altitude": 145.5},
            {"distance_km": 1.91},
            {"speed_kmh": 4.5},
            {"timestamp": "Tue Apr 04 18:41:08 UTC 2017"}
        ],
        [
            {"location": [[
                {"latitude": 64.231722},
                {"longitude": 27.729698}
            ]]},
            {"altitude": 149},
            {"distance_km": 1.92},
            {"speed_kmh": 4.5},
            {"timestamp": "Tue Apr 04 18:41:16 UTC 2017"}
        ],
        [
            {"location": [[
                {"latitude": 64.231794},
                {"longitude": 27.729572}
            ]]},
            {"altitude": 149.5},
            {"distance_km": 1.93},
            {"speed_kmh": 0},
            {"timestamp": "Tue Apr 04 18:41:49 UTC 2017"}
        ],
        [
            {"location": [[
                {"latitude": 64.231796},
                {"longitude": 27.729568}
            ]]},
            {"altitude": 150},
            {"distance_km": 1.93},
            {"speed_kmh": 0},
            {"timestamp": "Tue Apr 04 18:42:04 UTC 2017"}
        ],
        [
            {"location": [[
                {"latitude": 64.231796},
                {"longitude": 27.729568}
            ]]},
            {"altitude": 150},
            {"distance_km": 1.93},
            {"speed_kmh": 0},
            {"timestamp": "Tue Apr 04 18:42:05 UTC 2017"}
        ]
    ]}
]