[
    {"sport": "ROLLER_SKATING"},
    {"source": "TRACK_MOBILE"},
    {"created_date": "2017-02-18 12:11:29.0"},
    {"start_time": "2017-02-18 12:10:20.0"},
    {"end_time": "2017-02-18 12:24:32.0"},
    {"duration_s": 852},
    {"distance_km": 2.29},
    {"calories_kcal": 126.645},
    {"altitude_min_m": 134},
    {"altitude_max_m": 166},
    {"speed_avg_kmh": 9.676056338028168},
    {"speed_max_kmh": 23.4},
    {"ascend_m": 21},
    {"descend_m": 10},
    {"points": [
        [
            {"location": [[
                {"latitude": 64.211188},
                {"longitude": 27.768826}
            ]]},
            {"distance_km": 0},
            {"timestamp": "Sat Feb 18 12:10:20 UTC 2017"}
        ],
        [
            {"location": [[
                {"latitude": 64.211188},
                {"longitude": 27.768826}
            ]]},
            {"altitude": 142.5},
            {"distance_km": 0},
            {"speed_kmh": 2.7},
            {"timestamp": "Sat Feb 18 12:10:25 UTC 2017"}
        ],
        [
            {"location": [[
                {"latitude": 64.211283},
                {"longitude": 27.768771}
            ]]},
            {"altitude": 148},
            {"distance_km": 0.01},
            {"speed_kmh": 1.8},
            {"timestamp": "Sat Feb 18 12:10:29 UTC 2017"}
        ],
        [
            {"location": [[
                {"latitude": 64.211206},
                {"longitude": 27.76859}
            ]]},
            {"altitude": 138},
            {"distance_km": 0.02},
            {"speed_kmh": 9},
            {"timestamp": "Sat Feb 18 12:11:19 UTC 2017"}
        ],
        [
            {"location": [[
                {"latitude": 64.211084},
                {"longitude": 27.768236}
            ]]},
            {"altitude": 138.5},
            {"distance_km": 0.05},
            {"speed_kmh": 15.3},
            {"timestamp": "Sat Feb 18 12:11:24 UTC 2017"}
        ],
        [
            {"location": [[
                {"latitude": 64.211023},
                {"longitude": 27.768067}
            ]]},
            {"altitude": 138},
            {"distance_km": 0.06},
            {"speed_kmh": 18},
            {"timestamp": "Sat Feb 18 12:11:26 UTC 2017"}
        ],
        [
            {"location": [[
                {"latitude": 64.210935},
                {"longitude": 27.767865}
            ]]},
            {"altitude": 138.5},
            {"distance_km": 0.07},
            {"speed_kmh": 19.8},
            {"timestamp": "Sat Feb 18 12:11:28 UTC 2017"}
        ],
        [
            {"location": [[
                {"latitude": 64.210864},
                {"longitude": 27.767669}
            ]]},
            {"altitude": 137.5},
            {"distance_km": 0.08},
            {"speed_kmh": 21.6},
            {"timestamp": "Sat Feb 18 12:11:30 UTC 2017"}
        ],
        [
            {"location": [[
                {"latitude": 64.210784},
                {"longitude": 27.767511}
            ]]},
            {"altitude": 137.5},
            {"distance_km": 0.09},
            {"speed_kmh": 22.5},
            {"timestamp": "Sat Feb 18 12:11:33 UTC 2017"}
        ],
        [
            {"location": [[
                {"latitude": 64.21071},
                {"longitude": 27.767341}
            ]]},
            {"altitude": 138},
            {"distance_km": 0.11},
            {"speed_kmh": 20.7},
            {"timestamp": "Sat Feb 18 12:11:35 UTC 2017"}
        ],
        [
            {"location": [[
                {"latitude": 64.21064},
                {"longitude": 27.767167}
            ]]},
            {"altitude": 140.5},
            {"distance_km": 0.12},
            {"speed_kmh": 20.7},
            {"timestamp": "Sat Feb 18 12:11:37 UTC 2017"}
        ],
        [
            {"location": [[
                {"latitude": 64.210513},
                {"longitude": 27.76689}
            ]]},
            {"altitude": 140.5},
            {"distance_km": 0.14},
            {"speed_kmh": 17.1},
            {"timestamp": "Sat Feb 18 12:11:41 UTC 2017"}
        ],
        [
            {"location": [[
                {"latitude": 64.210383},
                {"longitude": 27.766611}
            ]]},
            {"altitude": 141.5},
            {"distance_km": 0.16},
            {"speed_kmh": 18},
            {"timestamp": "Sat Feb 18 12:11:45 UTC 2017"}
        ],
        [
            {"location": [[
                {"latitude": 64.210313},
                {"longitude": 27.766379}
            ]]},
            {"altitude": 141},
            {"distance_km": 0.17},
            {"speed_kmh": 7.2},
            {"timestamp": "Sat Feb 18 12:11:49 UTC 2017"}
        ],
        [
            {"location": [[
                {"latitude": 64.210246},
                {"longitude": 27.766234}
            ]]},
            {"altitude": 138.5},
            {"distance_km": 0.18},
            {"speed_kmh": 1.8},
            {"timestamp": "Sat Feb 18 12:12:35 UTC 2017"}
        ],
        [
            {"location": [[
                {"latitude": 64.210335},
                {"longitude": 27.766311}
            ]]},
            {"altitude": 134},
            {"distance_km": 0.19},
            {"speed_kmh": 1.8},
            {"timestamp": "Sat Feb 18 12:13:14 UTC 2017"}
        ],
        [
            {"location": [[
                {"latitude": 64.210439},
                {"longitude": 27.766302}
            ]]},
            {"altitude": 136},
            {"distance_km": 0.2},
            {"speed_kmh": 4.5},
            {"timestamp": "Sat Feb 18 12:13:25 UTC 2017"}
        ],
        [
            {"location": [[
                {"latitude": 64.21051},
                {"longitude": 27.766083}
            ]]},
            {"altitude": 136},
            {"distance_km": 0.22},
            {"speed_kmh": 9},
            {"timestamp": "Sat Feb 18 12:13:31 UTC 2017"}
        ],
        [
            {"location": [[
                {"latitude": 64.210613},
                {"longitude": 27.765807}
            ]]},
            {"altitude": 138},
            {"distance_km": 0.23},
            {"speed_kmh": 18.9},
            {"timestamp": "Sat Feb 18 12:13:35 UTC 2017"}
        ],
        [
            {"location": [[
                {"latitude": 64.210685},
                {"longitude": 27.7656}
            ]]},
            {"altitude": 138.5},
            {"distance_km": 0.25},
            {"speed_kmh": 19.8},
            {"timestamp": "Sat Feb 18 12:13:37 UTC 2017"}
        ],
        [
            {"location": [[
                {"latitude": 64.210751},
                {"longitude": 27.765432}
            ]]},
            {"altitude": 139},
            {"distance_km": 0.26},
            {"speed_kmh": 19.8},
            {"timestamp": "Sat Feb 18 12:13:39 UTC 2017"}
        ],
        [
            {"location": [[
                {"latitude": 64.210826},
                {"longitude": 27.765264}
            ]]},
            {"altitude": 139},
            {"distance_km": 0.27},
            {"speed_kmh": 21.6},
            {"timestamp": "Sat Feb 18 12:13:41 UTC 2017"}
        ],
        [
            {"location": [[
                {"latitude": 64.210904},
                {"longitude": 27.765077}
            ]]},
            {"altitude": 139.5},
            {"distance_km": 0.28},
            {"speed_kmh": 23.4},
            {"timestamp": "Sat Feb 18 12:13:43 UTC 2017"}
        ],
        [
            {"location": [[
                {"latitude": 64.210976},
                {"longitude": 27.764906}
            ]]},
            {"altitude": 139},
            {"distance_km": 0.29},
            {"speed_kmh": 20.7},
            {"timestamp": "Sat Feb 18 12:13:45 UTC 2017"}
        ],
        [
            {"location": [[
                {"latitude": 64.211049},
                {"longitude": 27.764763}
            ]]},
            {"altitude": 139},
            {"distance_km": 0.3},
            {"speed_kmh": 18.9},
            {"timestamp": "Sat Feb 18 12:13:47 UTC 2017"}
        ],
        [
            {"location": [[
                {"latitude": 64.211156},
                {"longitude": 27.764559}
            ]]},
            {"altitude": 138.5},
            {"distance_km": 0.32},
            {"speed_kmh": 18.9},
            {"timestamp": "Sat Feb 18 12:13:49 UTC 2017"}
        ],
        [
            {"location": [[
                {"latitude": 64.211225},
                {"longitude": 27.764415}
            ]]},
            {"altitude": 138.5},
            {"distance_km": 0.33},
            {"speed_kmh": 18.9},
            {"timestamp": "Sat Feb 18 12:13:51 UTC 2017"}
        ],
        [
            {"location": [[
                {"latitude": 64.211295},
                {"longitude": 27.764277}
            ]]},
            {"altitude": 138.5},
            {"distance_km": 0.34},
            {"speed_kmh": 18},
            {"timestamp": "Sat Feb 18 12:13:53 UTC 2017"}
        ],
        [
            {"location": [[
                {"latitude": 64.211368},
                {"longitude": 27.764135}
            ]]},
            {"altitude": 139},
            {"distance_km": 0.35},
            {"speed_kmh": 18},
            {"timestamp": "Sat Feb 18 12:13:55 UTC 2017"}
        ],
        [
            {"location": [[
                {"latitude": 64.211514},
                {"longitude": 27.763908}
            ]]},
            {"altitude": 139.5},
            {"distance_km": 0.37},
            {"speed_kmh": 18},
            {"timestamp": "Sat Feb 18 12:13:59 UTC 2017"}
        ],
        [
            {"location": [[
                {"latitude": 64.211587},
                {"longitude": 27.763784}
            ]]},
            {"altitude": 140.5},
            {"distance_km": 0.38},
            {"speed_kmh": 17.1},
            {"timestamp": "Sat Feb 18 12:14:01 UTC 2017"}
        ],
        [
            {"location": [[
                {"latitude": 64.211731},
                {"longitude": 27.763538}
            ]]},
            {"altitude": 139.5},
            {"distance_km": 0.4},
            {"speed_kmh": 18},
            {"timestamp": "Sat Feb 18 12:14:05 UTC 2017"}
        ],
        [
            {"location": [[
                {"latitude": 64.211866},
                {"longitude": 27.763335}
            ]]},
            {"altitude": 139},
            {"distance_km": 0.42},
            {"speed_kmh": 14.4},
            {"timestamp": "Sat Feb 18 12:14:09 UTC 2017"}
        ],
        [
            {"location": [[
                {"latitude": 64.211984},
                {"longitude": 27.763163}
            ]]},
            {"altitude": 141},
            {"distance_km": 0.43},
            {"speed_kmh": 12.6},
            {"timestamp": "Sat Feb 18 12:14:13 UTC 2017"}
        ],
        [
            {"location": [[
                {"latitude": 64.212072},
                {"longitude": 27.762889}
            ]]},
            {"altitude": 141},
            {"distance_km": 0.45},
            {"speed_kmh": 14.4},
            {"timestamp": "Sat Feb 18 12:14:17 UTC 2017"}
        ],
        [
            {"location": [[
                {"latitude": 64.212161},
                {"longitude": 27.762632}
            ]]},
            {"altitude": 142},
            {"distance_km": 0.47},
            {"speed_kmh": 14.4},
            {"timestamp": "Sat Feb 18 12:14:21 UTC 2017"}
        ],
        [
            {"location": [[
                {"latitude": 64.212257},
                {"longitude": 27.762333}
            ]]},
            {"altitude": 141.5},
            {"distance_km": 0.48},
            {"speed_kmh": 17.1},
            {"timestamp": "Sat Feb 18 12:14:25 UTC 2017"}
        ],
        [
            {"location": [[
                {"latitude": 64.212321},
                {"longitude": 27.762127}
            ]]},
            {"altitude": 142},
            {"distance_km": 0.5},
            {"speed_kmh": 17.1},
            {"timestamp": "Sat Feb 18 12:14:27 UTC 2017"}
        ],
        [
            {"location": [[
                {"latitude": 64.212434},
                {"longitude": 27.761822}
            ]]},
            {"altitude": 144},
            {"distance_km": 0.52},
            {"speed_kmh": 16.2},
            {"timestamp": "Sat Feb 18 12:14:31 UTC 2017"}
        ],
        [
            {"location": [[
                {"latitude": 64.212552},
                {"longitude": 27.76154}
            ]]},
            {"altitude": 145.5},
            {"distance_km": 0.53},
            {"speed_kmh": 16.2},
            {"timestamp": "Sat Feb 18 12:14:35 UTC 2017"}
        ],
        [
            {"location": [[
                {"latitude": 64.212662},
                {"longitude": 27.761262}
            ]]},
            {"altitude": 146.5},
            {"distance_km": 0.55},
            {"speed_kmh": 15.3},
            {"timestamp": "Sat Feb 18 12:14:39 UTC 2017"}
        ],
        [
            {"location": [[
                {"latitude": 64.212729},
                {"longitude": 27.761028}
            ]]},
            {"altitude": 147.5},
            {"distance_km": 0.57},
            {"speed_kmh": 9.9},
            {"timestamp": "Sat Feb 18 12:14:43 UTC 2017"}
        ],
        [
            {"location": [[
                {"latitude": 64.212811},
                {"longitude": 27.760882}
            ]]},
            {"altitude": 147},
            {"distance_km": 0.58},
            {"speed_kmh": 10.8},
            {"timestamp": "Sat Feb 18 12:14:47 UTC 2017"}
        ],
        [
            {"location": [[
                {"latitude": 64.212946},
                {"longitude": 27.760808}
            ]]},
            {"altitude": 147},
            {"distance_km": 0.59},
            {"speed_kmh": 13.5},
            {"timestamp": "Sat Feb 18 12:14:51 UTC 2017"}
        ],
        [
            {"location": [[
                {"latitude": 64.213108},
                {"longitude": 27.760714}
            ]]},
            {"altitude": 146.5},
            {"distance_km": 0.61},
            {"speed_kmh": 15.3},
            {"timestamp": "Sat Feb 18 12:14:55 UTC 2017"}
        ],
        [
            {"location": [[
                {"latitude": 64.213256},
                {"longitude": 27.760533}
            ]]},
            {"altitude": 150.5},
            {"distance_km": 0.63},
            {"speed_kmh": 15.3},
            {"timestamp": "Sat Feb 18 12:14:59 UTC 2017"}
        ],
        [
            {"location": [[
                {"latitude": 64.213365},
                {"longitude": 27.760268}
            ]]},
            {"altitude": 150},
            {"distance_km": 0.65},
            {"speed_kmh": 15.3},
            {"timestamp": "Sat Feb 18 12:15:03 UTC 2017"}
        ],
        [
            {"location": [[
                {"latitude": 64.213451},
                {"longitude": 27.760066}
            ]]},
            {"altitude": 150},
            {"distance_km": 0.66},
            {"speed_kmh": 9},
            {"timestamp": "Sat Feb 18 12:15:07 UTC 2017"}
        ],
        [
            {"location": [[
                {"latitude": 64.213536},
                {"longitude": 27.759986}
            ]]},
            {"altitude": 148.5},
            {"distance_km": 0.67},
            {"speed_kmh": 7.2},
            {"timestamp": "Sat Feb 18 12:15:13 UTC 2017"}
        ],
        [
            {"location": [[
                {"latitude": 64.213612},
                {"longitude": 27.759826}
            ]]},
            {"altitude": 148.5},
            {"distance_km": 0.68},
            {"speed_kmh": 8.1},
            {"timestamp": "Sat Feb 18 12:15:18 UTC 2017"}
        ],
        [
            {"location": [[
                {"latitude": 64.213682},
                {"longitude": 27.759565}
            ]]},
            {"altitude": 148},
            {"distance_km": 0.7},
            {"speed_kmh": 8.1},
            {"timestamp": "Sat Feb 18 12:15:24 UTC 2017"}
        ],
        [
            {"location": [[
                {"latitude": 64.21369},
                {"longitude": 27.75935}
            ]]},
            {"altitude": 149.5},
            {"distance_km": 0.71},
            {"speed_kmh": 8.1},
            {"timestamp": "Sat Feb 18 12:15:29 UTC 2017"}
        ],
        [
            {"location": [[
                {"latitude": 64.213686},
                {"longitude": 27.759133}
            ]]},
            {"altitude": 152},
            {"distance_km": 0.72},
            {"speed_kmh": 0.9},
            {"timestamp": "Sat Feb 18 12:15:35 UTC 2017"}
        ],
        [
            {"location": [[
                {"latitude": 64.213631},
                {"longitude": 27.758895}
            ]]},
            {"altitude": 153.5},
            {"distance_km": 0.73},
            {"speed_kmh": 6.3},
            {"timestamp": "Sat Feb 18 12:16:19 UTC 2017"}
        ],
        [
            {"location": [[
                {"latitude": 64.213558},
                {"longitude": 27.758641}
            ]]},
            {"altitude": 152.5},
            {"distance_km": 0.75},
            {"speed_kmh": 7.2},
            {"timestamp": "Sat Feb 18 12:16:37 UTC 2017"}
        ],
        [
            {"location": [[
                {"latitude": 64.213513},
                {"longitude": 27.75839}
            ]]},
            {"altitude": 153},
            {"distance_km": 0.76},
            {"speed_kmh": 10.8},
            {"timestamp": "Sat Feb 18 12:16:41 UTC 2017"}
        ],
        [
            {"location": [[
                {"latitude": 64.213482},
                {"longitude": 27.758095}
            ]]},
            {"altitude": 155},
            {"distance_km": 0.77},
            {"speed_kmh": 10.8},
            {"timestamp": "Sat Feb 18 12:16:45 UTC 2017"}
        ],
        [
            {"location": [[
                {"latitude": 64.213461},
                {"longitude": 27.757821}
            ]]},
            {"altitude": 154.5},
            {"distance_km": 0.79},
            {"speed_kmh": 10.8},
            {"timestamp": "Sat Feb 18 12:16:49 UTC 2017"}
        ],
        [
            {"location": [[
                {"latitude": 64.213436},
                {"longitude": 27.757571}
            ]]},
            {"altitude": 153},
            {"distance_km": 0.8},
            {"speed_kmh": 10.8},
            {"timestamp": "Sat Feb 18 12:16:53 UTC 2017"}
        ],
        [
            {"location": [[
                {"latitude": 64.213428},
                {"longitude": 27.757335}
            ]]},
            {"altitude": 154},
            {"distance_km": 0.81},
            {"speed_kmh": 9.9},
            {"timestamp": "Sat Feb 18 12:16:57 UTC 2017"}
        ],
        [
            {"location": [[
                {"latitude": 64.213357},
                {"longitude": 27.757163}
            ]]},
            {"altitude": 155},
            {"distance_km": 0.82},
            {"speed_kmh": 6.3},
            {"timestamp": "Sat Feb 18 12:17:04 UTC 2017"}
        ],
        [
            {"location": [[
                {"latitude": 64.213267},
                {"longitude": 27.757161}
            ]]},
            {"altitude": 155},
            {"distance_km": 0.83},
            {"speed_kmh": 3.6},
            {"timestamp": "Sat Feb 18 12:17:10 UTC 2017"}
        ],
        [
            {"location": [[
                {"latitude": 64.213178},
                {"longitude": 27.75739}
            ]]},
            {"altitude": 156},
            {"distance_km": 0.85},
            {"speed_kmh": 8.1},
            {"timestamp": "Sat Feb 18 12:17:20 UTC 2017"}
        ],
        [
            {"location": [[
                {"latitude": 64.213108},
                {"longitude": 27.757532}
            ]]},
            {"altitude": 154.5},
            {"distance_km": 0.86},
            {"speed_kmh": 9},
            {"timestamp": "Sat Feb 18 12:17:25 UTC 2017"}
        ],
        [
            {"location": [[
                {"latitude": 64.212994},
                {"longitude": 27.757764}
            ]]},
            {"altitude": 156.5},
            {"distance_km": 0.88},
            {"speed_kmh": 13.5},
            {"timestamp": "Sat Feb 18 12:17:29 UTC 2017"}
        ],
        [
            {"location": [[
                {"latitude": 64.212885},
                {"longitude": 27.757984}
            ]]},
            {"altitude": 156},
            {"distance_km": 0.89},
            {"speed_kmh": 13.5},
            {"timestamp": "Sat Feb 18 12:17:33 UTC 2017"}
        ],
        [
            {"location": [[
                {"latitude": 64.212765},
                {"longitude": 27.758254}
            ]]},
            {"altitude": 155.5},
            {"distance_km": 0.91},
            {"speed_kmh": 16.2},
            {"timestamp": "Sat Feb 18 12:17:37 UTC 2017"}
        ],
        [
            {"location": [[
                {"latitude": 64.212636},
                {"longitude": 27.758531}
            ]]},
            {"altitude": 160},
            {"distance_km": 0.93},
            {"speed_kmh": 16.2},
            {"timestamp": "Sat Feb 18 12:17:41 UTC 2017"}
        ],
        [
            {"location": [[
                {"latitude": 64.212516},
                {"longitude": 27.758771}
            ]]},
            {"altitude": 160},
            {"distance_km": 0.95},
            {"speed_kmh": 15.3},
            {"timestamp": "Sat Feb 18 12:17:45 UTC 2017"}
        ],
        [
            {"location": [[
                {"latitude": 64.212394},
                {"longitude": 27.759025}
            ]]},
            {"altitude": 162.5},
            {"distance_km": 0.97},
            {"speed_kmh": 15.3},
            {"timestamp": "Sat Feb 18 12:17:49 UTC 2017"}
        ],
        [
            {"location": [[
                {"latitude": 64.212293},
                {"longitude": 27.759219}
            ]]},
            {"altitude": 159.5},
            {"distance_km": 0.98},
            {"speed_kmh": 14.4},
            {"timestamp": "Sat Feb 18 12:17:51 UTC 2017"}
        ],
        [
            {"location": [[
                {"latitude": 64.212179},
                {"longitude": 27.759461}
            ]]},
            {"altitude": 162.5},
            {"distance_km": 1},
            {"speed_kmh": 14.4},
            {"timestamp": "Sat Feb 18 12:17:55 UTC 2017"}
        ],
        [
            {"location": [[
                {"latitude": 64.21211},
                {"longitude": 27.75962}
            ]]},
            {"altitude": 161.5},
            {"distance_km": 1.01},
            {"speed_kmh": 4.5},
            {"timestamp": "Sat Feb 18 12:18:03 UTC 2017"}
        ],
        [
            {"location": [[
                {"latitude": 64.212028},
                {"longitude": 27.759434}
            ]]},
            {"altitude": 158.5},
            {"distance_km": 1.02},
            {"speed_kmh": 12.6},
            {"timestamp": "Sat Feb 18 12:18:09 UTC 2017"}
        ],
        [
            {"location": [[
                {"latitude": 64.211914},
                {"longitude": 27.759178}
            ]]},
            {"altitude": 157},
            {"distance_km": 1.04},
            {"speed_kmh": 14.4},
            {"timestamp": "Sat Feb 18 12:18:13 UTC 2017"}
        ],
        [
            {"location": [[
                {"latitude": 64.211811},
                {"longitude": 27.758928}
            ]]},
            {"altitude": 157.5},
            {"distance_km": 1.06},
            {"speed_kmh": 14.4},
            {"timestamp": "Sat Feb 18 12:18:17 UTC 2017"}
        ],
        [
            {"location": [[
                {"latitude": 64.21171},
                {"longitude": 27.758661}
            ]]},
            {"altitude": 159},
            {"distance_km": 1.07},
            {"speed_kmh": 14.4},
            {"timestamp": "Sat Feb 18 12:18:21 UTC 2017"}
        ],
        [
            {"location": [[
                {"latitude": 64.211608},
                {"longitude": 27.758404}
            ]]},
            {"altitude": 159},
            {"distance_km": 1.09},
            {"speed_kmh": 14.4},
            {"timestamp": "Sat Feb 18 12:18:25 UTC 2017"}
        ],
        [
            {"location": [[
                {"latitude": 64.211509},
                {"longitude": 27.758148}
            ]]},
            {"altitude": 159.5},
            {"distance_km": 1.11},
            {"speed_kmh": 14.4},
            {"timestamp": "Sat Feb 18 12:18:29 UTC 2017"}
        ],
        [
            {"location": [[
                {"latitude": 64.2114},
                {"longitude": 27.758044}
            ]]},
            {"altitude": 159.5},
            {"distance_km": 1.12},
            {"speed_kmh": 10.8},
            {"timestamp": "Sat Feb 18 12:18:33 UTC 2017"}
        ],
        [
            {"location": [[
                {"latitude": 64.211307},
                {"longitude": 27.758243}
            ]]},
            {"altitude": 162},
            {"distance_km": 1.13},
            {"speed_kmh": 11.7},
            {"timestamp": "Sat Feb 18 12:18:37 UTC 2017"}
        ],
        [
            {"location": [[
                {"latitude": 64.211209},
                {"longitude": 27.758524}
            ]]},
            {"altitude": 163.5},
            {"distance_km": 1.15},
            {"speed_kmh": 16.2},
            {"timestamp": "Sat Feb 18 12:18:41 UTC 2017"}
        ],
        [
            {"location": [[
                {"latitude": 64.211091},
                {"longitude": 27.758816}
            ]]},
            {"altitude": 164.5},
            {"distance_km": 1.17},
            {"speed_kmh": 16.2},
            {"timestamp": "Sat Feb 18 12:18:45 UTC 2017"}
        ],
        [
            {"location": [[
                {"latitude": 64.210963},
                {"longitude": 27.759032}
            ]]},
            {"altitude": 162},
            {"distance_km": 1.19},
            {"speed_kmh": 14.4},
            {"timestamp": "Sat Feb 18 12:18:49 UTC 2017"}
        ],
        [
            {"location": [[
                {"latitude": 64.210871},
                {"longitude": 27.759233}
            ]]},
            {"altitude": 163},
            {"distance_km": 1.2},
            {"speed_kmh": 13.5},
            {"timestamp": "Sat Feb 18 12:18:53 UTC 2017"}
        ],
        [
            {"location": [[
                {"latitude": 64.210797},
                {"longitude": 27.759434}
            ]]},
            {"altitude": 164.5},
            {"distance_km": 1.22},
            {"speed_kmh": 11.7},
            {"timestamp": "Sat Feb 18 12:18:57 UTC 2017"}
        ],
        [
            {"location": [[
                {"latitude": 64.21069},
                {"longitude": 27.759653}
            ]]},
            {"altitude": 163.5},
            {"distance_km": 1.23},
            {"speed_kmh": 10.8},
            {"timestamp": "Sat Feb 18 12:19:02 UTC 2017"}
        ],
        [
            {"location": [[
                {"latitude": 64.210587},
                {"longitude": 27.7598}
            ]]},
            {"altitude": 163.5},
            {"distance_km": 1.24},
            {"speed_kmh": 10.8},
            {"timestamp": "Sat Feb 18 12:19:06 UTC 2017"}
        ],
        [
            {"location": [[
                {"latitude": 64.210503},
                {"longitude": 27.759965}
            ]]},
            {"altitude": 164.5},
            {"distance_km": 1.26},
            {"speed_kmh": 10.8},
            {"timestamp": "Sat Feb 18 12:19:10 UTC 2017"}
        ],
        [
            {"location": [[
                {"latitude": 64.21044},
                {"longitude": 27.760134}
            ]]},
            {"altitude": 165},
            {"distance_km": 1.27},
            {"speed_kmh": 8.1},
            {"timestamp": "Sat Feb 18 12:19:15 UTC 2017"}
        ],
        [
            {"location": [[
                {"latitude": 64.210362},
                {"longitude": 27.760396}
            ]]},
            {"altitude": 163.5},
            {"distance_km": 1.28},
            {"speed_kmh": 9.9},
            {"timestamp": "Sat Feb 18 12:19:25 UTC 2017"}
        ],
        [
            {"location": [[
                {"latitude": 64.210257},
                {"longitude": 27.760623}
            ]]},
            {"altitude": 163.5},
            {"distance_km": 1.3},
            {"speed_kmh": 13.5},
            {"timestamp": "Sat Feb 18 12:19:29 UTC 2017"}
        ],
        [
            {"location": [[
                {"latitude": 64.210144},
                {"longitude": 27.760872}
            ]]},
            {"altitude": 166},
            {"distance_km": 1.32},
            {"speed_kmh": 15.3},
            {"timestamp": "Sat Feb 18 12:19:33 UTC 2017"}
        ],
        [
            {"location": [[
                {"latitude": 64.210029},
                {"longitude": 27.761128}
            ]]},
            {"altitude": 165.5},
            {"distance_km": 1.33},
            {"speed_kmh": 15.3},
            {"timestamp": "Sat Feb 18 12:19:37 UTC 2017"}
        ],
        [
            {"location": [[
                {"latitude": 64.209888},
                {"longitude": 27.761432}
            ]]},
            {"altitude": 166},
            {"distance_km": 1.36},
            {"speed_kmh": 15.3},
            {"timestamp": "Sat Feb 18 12:19:41 UTC 2017"}
        ],
        [
            {"location": [[
                {"latitude": 64.20978},
                {"longitude": 27.761603}
            ]]},
            {"altitude": 166},
            {"distance_km": 1.37},
            {"speed_kmh": 12.6},
            {"timestamp": "Sat Feb 18 12:19:45 UTC 2017"}
        ],
        [
            {"location": [[
                {"latitude": 64.209693},
                {"longitude": 27.761797}
            ]]},
            {"altitude": 165.5},
            {"distance_km": 1.38},
            {"speed_kmh": 12.6},
            {"timestamp": "Sat Feb 18 12:19:49 UTC 2017"}
        ],
        [
            {"location": [[
                {"latitude": 64.209703},
                {"longitude": 27.762038}
            ]]},
            {"altitude": 164.5},
            {"distance_km": 1.4},
            {"speed_kmh": 10.8},
            {"timestamp": "Sat Feb 18 12:19:53 UTC 2017"}
        ],
        [
            {"location": [[
                {"latitude": 64.20982},
                {"longitude": 27.76225}
            ]]},
            {"altitude": 164.5},
            {"distance_km": 1.41},
            {"speed_kmh": 14.4},
            {"timestamp": "Sat Feb 18 12:19:57 UTC 2017"}
        ],
        [
            {"location": [[
                {"latitude": 64.209936},
                {"longitude": 27.762521}
            ]]},
            {"altitude": 161},
            {"distance_km": 1.43},
            {"speed_kmh": 17.1},
            {"timestamp": "Sat Feb 18 12:20:01 UTC 2017"}
        ],
        [
            {"location": [[
                {"latitude": 64.210002},
                {"longitude": 27.762683}
            ]]},
            {"altitude": 160.5},
            {"distance_km": 1.44},
            {"speed_kmh": 18},
            {"timestamp": "Sat Feb 18 12:20:03 UTC 2017"}
        ],
        [
            {"location": [[
                {"latitude": 64.210066},
                {"longitude": 27.76283}
            ]]},
            {"altitude": 162},
            {"distance_km": 1.45},
            {"speed_kmh": 18.9},
            {"timestamp": "Sat Feb 18 12:20:05 UTC 2017"}
        ],
        [
            {"location": [[
                {"latitude": 64.210133},
                {"longitude": 27.762993}
            ]]},
            {"altitude": 162},
            {"distance_km": 1.46},
            {"speed_kmh": 19.8},
            {"timestamp": "Sat Feb 18 12:20:07 UTC 2017"}
        ],
        [
            {"location": [[
                {"latitude": 64.2102},
                {"longitude": 27.763162}
            ]]},
            {"altitude": 162},
            {"distance_km": 1.47},
            {"speed_kmh": 20.7},
            {"timestamp": "Sat Feb 18 12:20:09 UTC 2017"}
        ],
        [
            {"location": [[
                {"latitude": 64.210292},
                {"longitude": 27.763439}
            ]]},
            {"altitude": 159},
            {"distance_km": 1.49},
            {"speed_kmh": 12.6},
            {"timestamp": "Sat Feb 18 12:20:13 UTC 2017"}
        ],
        [
            {"location": [[
                {"latitude": 64.210232},
                {"longitude": 27.763631}
            ]]},
            {"altitude": 155.5},
            {"distance_km": 1.5},
            {"speed_kmh": 5.4},
            {"timestamp": "Sat Feb 18 12:20:29 UTC 2017"}
        ],
        [
            {"location": [[
                {"latitude": 64.210147},
                {"longitude": 27.763824}
            ]]},
            {"altitude": 154.5},
            {"distance_km": 1.52},
            {"speed_kmh": 9.9},
            {"timestamp": "Sat Feb 18 12:20:33 UTC 2017"}
        ],
        [
            {"location": [[
                {"latitude": 64.210071},
                {"longitude": 27.764053}
            ]]},
            {"altitude": 153.5},
            {"distance_km": 1.53},
            {"speed_kmh": 10.8},
            {"timestamp": "Sat Feb 18 12:20:37 UTC 2017"}
        ],
        [
            {"location": [[
                {"latitude": 64.210011},
                {"longitude": 27.764401}
            ]]},
            {"altitude": 155},
            {"distance_km": 1.55},
            {"speed_kmh": 13.5},
            {"timestamp": "Sat Feb 18 12:20:41 UTC 2017"}
        ],
        [
            {"location": [[
                {"latitude": 64.20994},
                {"longitude": 27.764745}
            ]]},
            {"altitude": 156},
            {"distance_km": 1.57},
            {"speed_kmh": 13.5},
            {"timestamp": "Sat Feb 18 12:20:45 UTC 2017"}
        ],
        [
            {"location": [[
                {"latitude": 64.209848},
                {"longitude": 27.764975}
            ]]},
            {"altitude": 154.5},
            {"distance_km": 1.58},
            {"speed_kmh": 9.9},
            {"timestamp": "Sat Feb 18 12:20:49 UTC 2017"}
        ],
        [
            {"location": [[
                {"latitude": 64.209835},
                {"longitude": 27.765252}
            ]]},
            {"altitude": 155},
            {"distance_km": 1.59},
            {"speed_kmh": 9},
            {"timestamp": "Sat Feb 18 12:20:55 UTC 2017"}
        ],
        [
            {"location": [[
                {"latitude": 64.209931},
                {"longitude": 27.765413}
            ]]},
            {"altitude": 153.5},
            {"distance_km": 1.61},
            {"speed_kmh": 10.8},
            {"timestamp": "Sat Feb 18 12:20:59 UTC 2017"}
        ],
        [
            {"location": [[
                {"latitude": 64.210029},
                {"longitude": 27.765598}
            ]]},
            {"altitude": 151.5},
            {"distance_km": 1.62},
            {"speed_kmh": 11.7},
            {"timestamp": "Sat Feb 18 12:21:03 UTC 2017"}
        ],
        [
            {"location": [[
                {"latitude": 64.21012},
                {"longitude": 27.765801}
            ]]},
            {"altitude": 150.5},
            {"distance_km": 1.64},
            {"speed_kmh": 12.6},
            {"timestamp": "Sat Feb 18 12:21:07 UTC 2017"}
        ],
        [
            {"location": [[
                {"latitude": 64.210187},
                {"longitude": 27.765967}
            ]]},
            {"altitude": 150.5},
            {"distance_km": 1.65},
            {"speed_kmh": 12.6},
            {"timestamp": "Sat Feb 18 12:21:10 UTC 2017"}
        ],
        [
            {"location": [[
                {"latitude": 64.210284},
                {"longitude": 27.766185}
            ]]},
            {"altitude": 151.5},
            {"distance_km": 1.66},
            {"speed_kmh": 12.6},
            {"timestamp": "Sat Feb 18 12:21:14 UTC 2017"}
        ],
        [
            {"location": [[
                {"latitude": 64.210386},
                {"longitude": 27.766373}
            ]]},
            {"altitude": 153.5},
            {"distance_km": 1.68},
            {"speed_kmh": 12.6},
            {"timestamp": "Sat Feb 18 12:21:19 UTC 2017"}
        ],
        [
            {"location": [[
                {"latitude": 64.210459},
                {"longitude": 27.76654}
            ]]},
            {"altitude": 153.5},
            {"distance_km": 1.69},
            {"speed_kmh": 9},
            {"timestamp": "Sat Feb 18 12:21:23 UTC 2017"}
        ],
        [
            {"location": [[
                {"latitude": 64.210518},
                {"longitude": 27.766704}
            ]]},
            {"altitude": 153.5},
            {"distance_km": 1.7},
            {"speed_kmh": 9.9},
            {"timestamp": "Sat Feb 18 12:21:27 UTC 2017"}
        ],
        [
            {"location": [[
                {"latitude": 64.210595},
                {"longitude": 27.766874}
            ]]},
            {"altitude": 154},
            {"distance_km": 1.71},
            {"speed_kmh": 10.8},
            {"timestamp": "Sat Feb 18 12:21:31 UTC 2017"}
        ],
        [
            {"location": [[
                {"latitude": 64.210671},
                {"longitude": 27.767067}
            ]]},
            {"altitude": 156},
            {"distance_km": 1.72},
            {"speed_kmh": 9.9},
            {"timestamp": "Sat Feb 18 12:21:35 UTC 2017"}
        ],
        [
            {"location": [[
                {"latitude": 64.210759},
                {"longitude": 27.767127}
            ]]},
            {"altitude": 155},
            {"distance_km": 1.73},
            {"speed_kmh": 9.9},
            {"timestamp": "Sat Feb 18 12:21:39 UTC 2017"}
        ],
        [
            {"location": [[
                {"latitude": 64.210823},
                {"longitude": 27.766929}
            ]]},
            {"altitude": 154.5},
            {"distance_km": 1.74},
            {"speed_kmh": 9.9},
            {"timestamp": "Sat Feb 18 12:21:43 UTC 2017"}
        ],
        [
            {"location": [[
                {"latitude": 64.210912},
                {"longitude": 27.766695}
            ]]},
            {"altitude": 156},
            {"distance_km": 1.76},
            {"speed_kmh": 13.5},
            {"timestamp": "Sat Feb 18 12:21:47 UTC 2017"}
        ],
        [
            {"location": [[
                {"latitude": 64.21105},
                {"longitude": 27.766359}
            ]]},
            {"altitude": 155.5},
            {"distance_km": 1.78},
            {"speed_kmh": 14.4},
            {"timestamp": "Sat Feb 18 12:21:51 UTC 2017"}
        ],
        [
            {"location": [[
                {"latitude": 64.211157},
                {"longitude": 27.766087}
            ]]},
            {"altitude": 156},
            {"distance_km": 1.8},
            {"speed_kmh": 14.4},
            {"timestamp": "Sat Feb 18 12:21:55 UTC 2017"}
        ],
        [
            {"location": [[
                {"latitude": 64.211265},
                {"longitude": 27.765829}
            ]]},
            {"altitude": 155},
            {"distance_km": 1.82},
            {"speed_kmh": 14.4},
            {"timestamp": "Sat Feb 18 12:21:59 UTC 2017"}
        ],
        [
            {"location": [[
                {"latitude": 64.211389},
                {"longitude": 27.765589}
            ]]},
            {"altitude": 155.5},
            {"distance_km": 1.84},
            {"speed_kmh": 14.4},
            {"timestamp": "Sat Feb 18 12:22:03 UTC 2017"}
        ],
        [
            {"location": [[
                {"latitude": 64.211507},
                {"longitude": 27.765348}
            ]]},
            {"altitude": 154},
            {"distance_km": 1.85},
            {"speed_kmh": 14.4},
            {"timestamp": "Sat Feb 18 12:22:07 UTC 2017"}
        ],
        [
            {"location": [[
                {"latitude": 64.211633},
                {"longitude": 27.765118}
            ]]},
            {"altitude": 155.5},
            {"distance_km": 1.87},
            {"speed_kmh": 14.4},
            {"timestamp": "Sat Feb 18 12:22:11 UTC 2017"}
        ],
        [
            {"location": [[
                {"latitude": 64.211741},
                {"longitude": 27.764836}
            ]]},
            {"altitude": 156.5},
            {"distance_km": 1.89},
            {"speed_kmh": 14.4},
            {"timestamp": "Sat Feb 18 12:22:15 UTC 2017"}
        ],
        [
            {"location": [[
                {"latitude": 64.211853},
                {"longitude": 27.7646}
            ]]},
            {"altitude": 155.5},
            {"distance_km": 1.91},
            {"speed_kmh": 14.4},
            {"timestamp": "Sat Feb 18 12:22:19 UTC 2017"}
        ],
        [
            {"location": [[
                {"latitude": 64.211974},
                {"longitude": 27.764368}
            ]]},
            {"altitude": 158},
            {"distance_km": 1.92},
            {"speed_kmh": 14.4},
            {"timestamp": "Sat Feb 18 12:22:23 UTC 2017"}
        ],
        [
            {"location": [[
                {"latitude": 64.212078},
                {"longitude": 27.76414}
            ]]},
            {"altitude": 156.5},
            {"distance_km": 1.94},
            {"speed_kmh": 14.4},
            {"timestamp": "Sat Feb 18 12:22:27 UTC 2017"}
        ],
        [
            {"location": [[
                {"latitude": 64.212164},
                {"longitude": 27.763961}
            ]]},
            {"altitude": 153.5},
            {"distance_km": 1.95},
            {"speed_kmh": 11.7},
            {"timestamp": "Sat Feb 18 12:22:31 UTC 2017"}
        ],
        [
            {"location": [[
                {"latitude": 64.212293},
                {"longitude": 27.763996}
            ]]},
            {"altitude": 152.5},
            {"distance_km": 1.97},
            {"speed_kmh": 9.9},
            {"timestamp": "Sat Feb 18 12:22:37 UTC 2017"}
        ],
        [
            {"location": [[
                {"latitude": 64.212373},
                {"longitude": 27.76418}
            ]]},
            {"altitude": 154.5},
            {"distance_km": 1.98},
            {"speed_kmh": 10.8},
            {"timestamp": "Sat Feb 18 12:22:41 UTC 2017"}
        ],
        [
            {"location": [[
                {"latitude": 64.212467},
                {"longitude": 27.764391}
            ]]},
            {"altitude": 153.5},
            {"distance_km": 1.99},
            {"speed_kmh": 10.8},
            {"timestamp": "Sat Feb 18 12:22:45 UTC 2017"}
        ],
        [
            {"location": [[
                {"latitude": 64.212575},
                {"longitude": 27.764628}
            ]]},
            {"altitude": 152.5},
            {"distance_km": 2.01},
            {"speed_kmh": 11.7},
            {"timestamp": "Sat Feb 18 12:22:50 UTC 2017"}
        ],
        [
            {"location": [[
                {"latitude": 64.212657},
                {"longitude": 27.764823}
            ]]},
            {"altitude": 152.5},
            {"distance_km": 2.02},
            {"speed_kmh": 10.8},
            {"timestamp": "Sat Feb 18 12:22:55 UTC 2017"}
        ],
        [
            {"location": [[
                {"latitude": 64.212691},
                {"longitude": 27.765027}
            ]]},
            {"altitude": 152.5},
            {"distance_km": 2.03},
            {"speed_kmh": 7.2},
            {"timestamp": "Sat Feb 18 12:22:59 UTC 2017"}
        ],
        [
            {"location": [[
                {"latitude": 64.21258},
                {"longitude": 27.76521}
            ]]},
            {"altitude": 153.5},
            {"distance_km": 2.05},
            {"speed_kmh": 10.8},
            {"timestamp": "Sat Feb 18 12:23:13 UTC 2017"}
        ],
        [
            {"location": [[
                {"latitude": 64.212477},
                {"longitude": 27.765409}
            ]]},
            {"altitude": 154.5},
            {"distance_km": 2.06},
            {"speed_kmh": 11.7},
            {"timestamp": "Sat Feb 18 12:23:17 UTC 2017"}
        ],
        [
            {"location": [[
                {"latitude": 64.212386},
                {"longitude": 27.765621}
            ]]},
            {"altitude": 157},
            {"distance_km": 2.08},
            {"speed_kmh": 11.7},
            {"timestamp": "Sat Feb 18 12:23:21 UTC 2017"}
        ],
        [
            {"location": [[
                {"latitude": 64.212285},
                {"longitude": 27.765864}
            ]]},
            {"altitude": 157.5},
            {"distance_km": 2.1},
            {"speed_kmh": 11.7},
            {"timestamp": "Sat Feb 18 12:23:25 UTC 2017"}
        ],
        [
            {"location": [[
                {"latitude": 64.212179},
                {"longitude": 27.766093}
            ]]},
            {"altitude": 157},
            {"distance_km": 2.11},
            {"speed_kmh": 13.5},
            {"timestamp": "Sat Feb 18 12:23:29 UTC 2017"}
        ],
        [
            {"location": [[
                {"latitude": 64.212066},
                {"longitude": 27.766339}
            ]]},
            {"altitude": 157.5},
            {"distance_km": 2.13},
            {"speed_kmh": 13.5},
            {"timestamp": "Sat Feb 18 12:23:33 UTC 2017"}
        ],
        [
            {"location": [[
                {"latitude": 64.211956},
                {"longitude": 27.766575}
            ]]},
            {"altitude": 159},
            {"distance_km": 2.15},
            {"speed_kmh": 13.5},
            {"timestamp": "Sat Feb 18 12:23:37 UTC 2017"}
        ],
        [
            {"location": [[
                {"latitude": 64.211857},
                {"longitude": 27.766805}
            ]]},
            {"altitude": 159},
            {"distance_km": 2.16},
            {"speed_kmh": 13.5},
            {"timestamp": "Sat Feb 18 12:23:41 UTC 2017"}
        ],
        [
            {"location": [[
                {"latitude": 64.211745},
                {"longitude": 27.767002}
            ]]},
            {"altitude": 156.5},
            {"distance_km": 2.18},
            {"speed_kmh": 13.5},
            {"timestamp": "Sat Feb 18 12:23:45 UTC 2017"}
        ],
        [
            {"location": [[
                {"latitude": 64.21163},
                {"longitude": 27.767258}
            ]]},
            {"altitude": 154.5},
            {"distance_km": 2.19},
            {"speed_kmh": 13.5},
            {"timestamp": "Sat Feb 18 12:23:49 UTC 2017"}
        ],
        [
            {"location": [[
                {"latitude": 64.211527},
                {"longitude": 27.767499}
            ]]},
            {"altitude": 155.5},
            {"distance_km": 2.21},
            {"speed_kmh": 13.5},
            {"timestamp": "Sat Feb 18 12:23:53 UTC 2017"}
        ],
        [
            {"location": [[
                {"latitude": 64.211416},
                {"longitude": 27.76772}
            ]]},
            {"altitude": 154.5},
            {"distance_km": 2.23},
            {"speed_kmh": 13.5},
            {"timestamp": "Sat Feb 18 12:23:57 UTC 2017"}
        ],
        [
            {"location": [[
                {"latitude": 64.211321},
                {"longitude": 27.767903}
            ]]},
            {"altitude": 152},
            {"distance_km": 2.24},
            {"speed_kmh": 13.5},
            {"timestamp": "Sat Feb 18 12:24:01 UTC 2017"}
        ],
        [
            {"location": [[
                {"latitude": 64.211234},
                {"longitude": 27.768079}
            ]]},
            {"altitude": 156.5},
            {"distance_km": 2.25},
            {"speed_kmh": 13.5},
            {"timestamp": "Sat Feb 18 12:24:05 UTC 2017"}
        ],
        [
            {"location": [[
                {"latitude": 64.211217},
                {"longitude": 27.768358}
            ]]},
            {"altitude": 157.5},
            {"distance_km": 2.27},
            {"speed_kmh": 9.9},
            {"timestamp": "Sat Feb 18 12:24:11 UTC 2017"}
        ],
        [
            {"location": [[
                {"latitude": 64.211306},
                {"longitude": 27.768528}
            ]]},
            {"altitude": 155.5},
            {"distance_km": 2.28},
            {"speed_kmh": 9.9},
            {"timestamp": "Sat Feb 18 12:24:15 UTC 2017"}
        ],
        [
            {"location": [[
                {"latitude": 64.211362},
                {"longitude": 27.768728}
            ]]},
            {"altitude": 158},
            {"distance_km": 2.29},
            {"speed_kmh": 6.3},
            {"timestamp": "Sat Feb 18 12:24:21 UTC 2017"}
        ],
        [
            {"location": [[
                {"latitude": 64.211325},
                {"longitude": 27.768701}
            ]]},
            {"altitude": 157.5},
            {"distance_km": 2.29},
            {"speed_kmh": 0},
            {"timestamp": "Sat Feb 18 12:24:32 UTC 2017"}
        ],
        [
            {"location": [[
                {"latitude": 64.211327},
                {"longitude": 27.768723}
            ]]},
            {"altitude": 158},
            {"distance_km": 2.29},
            {"speed_kmh": 0},
            {"timestamp": "Sat Feb 18 12:24:38 UTC 2017"}
        ]
    ]}
]