[
    {"sport": "WALKING"},
    {"source": "TRACK_MOBILE"},
    {"created_date": "2017-03-04 14:39:41.0"},
    {"start_time": "2017-03-04 14:38:14.0"},
    {"end_time": "2017-03-04 15:04:49.0"},
    {"duration_s": 1594},
    {"distance_km": 2.01},
    {"calories_kcal": 146.925},
    {"altitude_min_m": 124.5},
    {"altitude_max_m": 157.5},
    {"speed_avg_kmh": 4.539523212045169},
    {"speed_max_kmh": 7.2},
    {"ascend_m": 23.5},
    {"descend_m": 30},
    {"points": [
        [
            {"location": [[
                {"latitude": 64.231868},
                {"longitude": 27.729579}
            ]]},
            {"altitude": 151},
            {"distance_km": 0},
            {"speed_kmh": 0},
            {"timestamp": "Sat Mar 04 14:38:14 UTC 2017"}
        ],
        [
            {"location": [[
                {"latitude": 64.231754},
                {"longitude": 27.729616}
            ]]},
            {"altitude": 153},
            {"distance_km": 0.01},
            {"speed_kmh": 2.7},
            {"timestamp": "Sat Mar 04 14:39:25 UTC 2017"}
        ],
        [
            {"location": [[
                {"latitude": 64.231725},
                {"longitude": 27.729832}
            ]]},
            {"altitude": 153.5},
            {"distance_km": 0.02},
            {"speed_kmh": 4.5},
            {"timestamp": "Sat Mar 04 14:39:35 UTC 2017"}
        ],
        [
            {"location": [[
                {"latitude": 64.231775},
                {"longitude": 27.730053}
            ]]},
            {"altitude": 157},
            {"distance_km": 0.04},
            {"speed_kmh": 4.5},
            {"timestamp": "Sat Mar 04 14:39:45 UTC 2017"}
        ],
        [
            {"location": [[
                {"latitude": 64.231824},
                {"longitude": 27.730226}
            ]]},
            {"altitude": 154},
            {"distance_km": 0.05},
            {"speed_kmh": 4.5},
            {"timestamp": "Sat Mar 04 14:39:53 UTC 2017"}
        ],
        [
            {"location": [[
                {"latitude": 64.23191},
                {"longitude": 27.730354}
            ]]},
            {"altitude": 155},
            {"distance_km": 0.06},
            {"speed_kmh": 4.5},
            {"timestamp": "Sat Mar 04 14:40:02 UTC 2017"}
        ],
        [
            {"location": [[
                {"latitude": 64.232007},
                {"longitude": 27.730462}
            ]]},
            {"altitude": 156.5},
            {"distance_km": 0.07},
            {"speed_kmh": 4.5},
            {"timestamp": "Sat Mar 04 14:40:10 UTC 2017"}
        ],
        [
            {"location": [[
                {"latitude": 64.232091},
                {"longitude": 27.730565}
            ]]},
            {"altitude": 151.5},
            {"distance_km": 0.08},
            {"speed_kmh": 5.4},
            {"timestamp": "Sat Mar 04 14:40:18 UTC 2017"}
        ],
        [
            {"location": [[
                {"latitude": 64.232196},
                {"longitude": 27.730687}
            ]]},
            {"altitude": 154},
            {"distance_km": 0.09},
            {"speed_kmh": 5.4},
            {"timestamp": "Sat Mar 04 14:40:26 UTC 2017"}
        ],
        [
            {"location": [[
                {"latitude": 64.232272},
                {"longitude": 27.730799}
            ]]},
            {"altitude": 154},
            {"distance_km": 0.1},
            {"speed_kmh": 5.4},
            {"timestamp": "Sat Mar 04 14:40:32 UTC 2017"}
        ],
        [
            {"location": [[
                {"latitude": 64.232369},
                {"longitude": 27.730933}
            ]]},
            {"altitude": 154},
            {"distance_km": 0.12},
            {"speed_kmh": 5.4},
            {"timestamp": "Sat Mar 04 14:40:41 UTC 2017"}
        ],
        [
            {"location": [[
                {"latitude": 64.232472},
                {"longitude": 27.731048}
            ]]},
            {"altitude": 155.5},
            {"distance_km": 0.13},
            {"speed_kmh": 5.4},
            {"timestamp": "Sat Mar 04 14:40:49 UTC 2017"}
        ],
        [
            {"location": [[
                {"latitude": 64.232567},
                {"longitude": 27.731099}
            ]]},
            {"altitude": 155.5},
            {"distance_km": 0.14},
            {"speed_kmh": 4.5},
            {"timestamp": "Sat Mar 04 14:40:57 UTC 2017"}
        ],
        [
            {"location": [[
                {"latitude": 64.232662},
                {"longitude": 27.731184}
            ]]},
            {"altitude": 156.5},
            {"distance_km": 0.15},
            {"speed_kmh": 6.3},
            {"timestamp": "Sat Mar 04 14:41:11 UTC 2017"}
        ],
        [
            {"location": [[
                {"latitude": 64.232749},
                {"longitude": 27.731259}
            ]]},
            {"altitude": 157},
            {"distance_km": 0.16},
            {"speed_kmh": 5.4},
            {"timestamp": "Sat Mar 04 14:41:17 UTC 2017"}
        ],
        [
            {"location": [[
                {"latitude": 64.232843},
                {"longitude": 27.731302}
            ]]},
            {"altitude": 157},
            {"distance_km": 0.17},
            {"speed_kmh": 5.4},
            {"timestamp": "Sat Mar 04 14:41:24 UTC 2017"}
        ],
        [
            {"location": [[
                {"latitude": 64.23288},
                {"longitude": 27.731064}
            ]]},
            {"altitude": 155},
            {"distance_km": 0.18},
            {"speed_kmh": 5.4},
            {"timestamp": "Sat Mar 04 14:41:36 UTC 2017"}
        ],
        [
            {"location": [[
                {"latitude": 64.232872},
                {"longitude": 27.730825}
            ]]},
            {"altitude": 155.5},
            {"distance_km": 0.2},
            {"speed_kmh": 5.4},
            {"timestamp": "Sat Mar 04 14:41:44 UTC 2017"}
        ],
        [
            {"location": [[
                {"latitude": 64.232858},
                {"longitude": 27.730584}
            ]]},
            {"altitude": 156.5},
            {"distance_km": 0.21},
            {"speed_kmh": 4.5},
            {"timestamp": "Sat Mar 04 14:41:54 UTC 2017"}
        ],
        [
            {"location": [[
                {"latitude": 64.232841},
                {"longitude": 27.730329}
            ]]},
            {"altitude": 155.5},
            {"distance_km": 0.22},
            {"speed_kmh": 5.4},
            {"timestamp": "Sat Mar 04 14:42:02 UTC 2017"}
        ],
        [
            {"location": [[
                {"latitude": 64.23281},
                {"longitude": 27.730119}
            ]]},
            {"altitude": 156},
            {"distance_km": 0.23},
            {"speed_kmh": 5.4},
            {"timestamp": "Sat Mar 04 14:42:09 UTC 2017"}
        ],
        [
            {"location": [[
                {"latitude": 64.232804},
                {"longitude": 27.729895}
            ]]},
            {"altitude": 156.5},
            {"distance_km": 0.24},
            {"speed_kmh": 5.4},
            {"timestamp": "Sat Mar 04 14:42:15 UTC 2017"}
        ],
        [
            {"location": [[
                {"latitude": 64.232804},
                {"longitude": 27.729622}
            ]]},
            {"altitude": 154},
            {"distance_km": 0.25},
            {"speed_kmh": 6.3},
            {"timestamp": "Sat Mar 04 14:42:23 UTC 2017"}
        ],
        [
            {"location": [[
                {"latitude": 64.232803},
                {"longitude": 27.729395}
            ]]},
            {"altitude": 154},
            {"distance_km": 0.27},
            {"speed_kmh": 6.3},
            {"timestamp": "Sat Mar 04 14:42:29 UTC 2017"}
        ],
        [
            {"location": [[
                {"latitude": 64.232802},
                {"longitude": 27.729177}
            ]]},
            {"altitude": 154},
            {"distance_km": 0.28},
            {"speed_kmh": 6.3},
            {"timestamp": "Sat Mar 04 14:42:35 UTC 2017"}
        ],
        [
            {"location": [[
                {"latitude": 64.232812},
                {"longitude": 27.728958}
            ]]},
            {"altitude": 151},
            {"distance_km": 0.29},
            {"speed_kmh": 6.3},
            {"timestamp": "Sat Mar 04 14:42:41 UTC 2017"}
        ],
        [
            {"location": [[
                {"latitude": 64.232808},
                {"longitude": 27.72873}
            ]]},
            {"altitude": 153},
            {"distance_km": 0.3},
            {"speed_kmh": 6.3},
            {"timestamp": "Sat Mar 04 14:42:47 UTC 2017"}
        ],
        [
            {"location": [[
                {"latitude": 64.232795},
                {"longitude": 27.728499}
            ]]},
            {"altitude": 154.5},
            {"distance_km": 0.31},
            {"speed_kmh": 6.3},
            {"timestamp": "Sat Mar 04 14:42:53 UTC 2017"}
        ],
        [
            {"location": [[
                {"latitude": 64.232784},
                {"longitude": 27.728269}
            ]]},
            {"altitude": 155},
            {"distance_km": 0.32},
            {"speed_kmh": 6.3},
            {"timestamp": "Sat Mar 04 14:42:59 UTC 2017"}
        ],
        [
            {"location": [[
                {"latitude": 64.232783},
                {"longitude": 27.728052}
            ]]},
            {"altitude": 157.5},
            {"distance_km": 0.33},
            {"speed_kmh": 6.3},
            {"timestamp": "Sat Mar 04 14:43:05 UTC 2017"}
        ],
        [
            {"location": [[
                {"latitude": 64.2328},
                {"longitude": 27.727835}
            ]]},
            {"altitude": 157},
            {"distance_km": 0.34},
            {"speed_kmh": 6.3},
            {"timestamp": "Sat Mar 04 14:43:11 UTC 2017"}
        ],
        [
            {"location": [[
                {"latitude": 64.232816},
                {"longitude": 27.727618}
            ]]},
            {"altitude": 155.5},
            {"distance_km": 0.35},
            {"speed_kmh": 6.3},
            {"timestamp": "Sat Mar 04 14:43:16 UTC 2017"}
        ],
        [
            {"location": [[
                {"latitude": 64.232826},
                {"longitude": 27.727407}
            ]]},
            {"altitude": 155.5},
            {"distance_km": 0.36},
            {"speed_kmh": 6.3},
            {"timestamp": "Sat Mar 04 14:43:22 UTC 2017"}
        ],
        [
            {"location": [[
                {"latitude": 64.232821},
                {"longitude": 27.727183}
            ]]},
            {"altitude": 155},
            {"distance_km": 0.37},
            {"speed_kmh": 6.3},
            {"timestamp": "Sat Mar 04 14:43:28 UTC 2017"}
        ],
        [
            {"location": [[
                {"latitude": 64.232827},
                {"longitude": 27.726964}
            ]]},
            {"altitude": 155.5},
            {"distance_km": 0.38},
            {"speed_kmh": 6.3},
            {"timestamp": "Sat Mar 04 14:43:34 UTC 2017"}
        ],
        [
            {"location": [[
                {"latitude": 64.232832},
                {"longitude": 27.726742}
            ]]},
            {"altitude": 156},
            {"distance_km": 0.39},
            {"speed_kmh": 6.3},
            {"timestamp": "Sat Mar 04 14:43:40 UTC 2017"}
        ],
        [
            {"location": [[
                {"latitude": 64.23284},
                {"longitude": 27.726511}
            ]]},
            {"altitude": 155},
            {"distance_km": 0.41},
            {"speed_kmh": 6.3},
            {"timestamp": "Sat Mar 04 14:43:46 UTC 2017"}
        ],
        [
            {"location": [[
                {"latitude": 64.232857},
                {"longitude": 27.726289}
            ]]},
            {"altitude": 155.5},
            {"distance_km": 0.42},
            {"speed_kmh": 6.3},
            {"timestamp": "Sat Mar 04 14:43:52 UTC 2017"}
        ],
        [
            {"location": [[
                {"latitude": 64.232871},
                {"longitude": 27.726062}
            ]]},
            {"altitude": 155},
            {"distance_km": 0.43},
            {"speed_kmh": 6.3},
            {"timestamp": "Sat Mar 04 14:43:59 UTC 2017"}
        ],
        [
            {"location": [[
                {"latitude": 64.232884},
                {"longitude": 27.725848}
            ]]},
            {"altitude": 154},
            {"distance_km": 0.44},
            {"speed_kmh": 6.3},
            {"timestamp": "Sat Mar 04 14:44:05 UTC 2017"}
        ],
        [
            {"location": [[
                {"latitude": 64.232899},
                {"longitude": 27.725627}
            ]]},
            {"altitude": 155.5},
            {"distance_km": 0.45},
            {"speed_kmh": 6.3},
            {"timestamp": "Sat Mar 04 14:44:11 UTC 2017"}
        ],
        [
            {"location": [[
                {"latitude": 64.232916},
                {"longitude": 27.725397}
            ]]},
            {"altitude": 156.5},
            {"distance_km": 0.46},
            {"speed_kmh": 6.3},
            {"timestamp": "Sat Mar 04 14:44:17 UTC 2017"}
        ],
        [
            {"location": [[
                {"latitude": 64.23293},
                {"longitude": 27.725183}
            ]]},
            {"altitude": 157},
            {"distance_km": 0.47},
            {"speed_kmh": 6.3},
            {"timestamp": "Sat Mar 04 14:44:23 UTC 2017"}
        ],
        [
            {"location": [[
                {"latitude": 64.232954},
                {"longitude": 27.72498}
            ]]},
            {"altitude": 157},
            {"distance_km": 0.48},
            {"speed_kmh": 6.3},
            {"timestamp": "Sat Mar 04 14:44:29 UTC 2017"}
        ],
        [
            {"location": [[
                {"latitude": 64.232974},
                {"longitude": 27.724746}
            ]]},
            {"altitude": 155.5},
            {"distance_km": 0.49},
            {"speed_kmh": 6.3},
            {"timestamp": "Sat Mar 04 14:44:35 UTC 2017"}
        ],
        [
            {"location": [[
                {"latitude": 64.233004},
                {"longitude": 27.724487}
            ]]},
            {"altitude": 155.5},
            {"distance_km": 0.51},
            {"speed_kmh": 6.3},
            {"timestamp": "Sat Mar 04 14:44:43 UTC 2017"}
        ],
        [
            {"location": [[
                {"latitude": 64.233029},
                {"longitude": 27.724277}
            ]]},
            {"altitude": 155.5},
            {"distance_km": 0.52},
            {"speed_kmh": 6.3},
            {"timestamp": "Sat Mar 04 14:44:49 UTC 2017"}
        ],
        [
            {"location": [[
                {"latitude": 64.233069},
                {"longitude": 27.724025}
            ]]},
            {"altitude": 153.5},
            {"distance_km": 0.53},
            {"speed_kmh": 6.3},
            {"timestamp": "Sat Mar 04 14:44:56 UTC 2017"}
        ],
        [
            {"location": [[
                {"latitude": 64.2331},
                {"longitude": 27.723813}
            ]]},
            {"altitude": 154},
            {"distance_km": 0.54},
            {"speed_kmh": 6.3},
            {"timestamp": "Sat Mar 04 14:45:02 UTC 2017"}
        ],
        [
            {"location": [[
                {"latitude": 64.233143},
                {"longitude": 27.723605}
            ]]},
            {"altitude": 153},
            {"distance_km": 0.55},
            {"speed_kmh": 6.3},
            {"timestamp": "Sat Mar 04 14:45:08 UTC 2017"}
        ],
        [
            {"location": [[
                {"latitude": 64.233198},
                {"longitude": 27.723426}
            ]]},
            {"altitude": 152.5},
            {"distance_km": 0.56},
            {"speed_kmh": 6.3},
            {"timestamp": "Sat Mar 04 14:45:14 UTC 2017"}
        ],
        [
            {"location": [[
                {"latitude": 64.233257},
                {"longitude": 27.72325}
            ]]},
            {"altitude": 151},
            {"distance_km": 0.57},
            {"speed_kmh": 6.3},
            {"timestamp": "Sat Mar 04 14:45:20 UTC 2017"}
        ],
        [
            {"location": [[
                {"latitude": 64.233311},
                {"longitude": 27.723068}
            ]]},
            {"altitude": 149.5},
            {"distance_km": 0.58},
            {"speed_kmh": 6.3},
            {"timestamp": "Sat Mar 04 14:45:26 UTC 2017"}
        ],
        [
            {"location": [[
                {"latitude": 64.233362},
                {"longitude": 27.722894}
            ]]},
            {"altitude": 149.5},
            {"distance_km": 0.59},
            {"speed_kmh": 6.3},
            {"timestamp": "Sat Mar 04 14:45:32 UTC 2017"}
        ],
        [
            {"location": [[
                {"latitude": 64.23342},
                {"longitude": 27.722726}
            ]]},
            {"altitude": 147.5},
            {"distance_km": 0.6},
            {"speed_kmh": 6.3},
            {"timestamp": "Sat Mar 04 14:45:38 UTC 2017"}
        ],
        [
            {"location": [[
                {"latitude": 64.233475},
                {"longitude": 27.722524}
            ]]},
            {"altitude": 147.5},
            {"distance_km": 0.61},
            {"speed_kmh": 6.3},
            {"timestamp": "Sat Mar 04 14:45:45 UTC 2017"}
        ],
        [
            {"location": [[
                {"latitude": 64.233547},
                {"longitude": 27.722375}
            ]]},
            {"altitude": 147},
            {"distance_km": 0.63},
            {"speed_kmh": 6.3},
            {"timestamp": "Sat Mar 04 14:45:51 UTC 2017"}
        ],
        [
            {"location": [[
                {"latitude": 64.233611},
                {"longitude": 27.722186}
            ]]},
            {"altitude": 146},
            {"distance_km": 0.64},
            {"speed_kmh": 6.3},
            {"timestamp": "Sat Mar 04 14:45:57 UTC 2017"}
        ],
        [
            {"location": [[
                {"latitude": 64.233686},
                {"longitude": 27.722044}
            ]]},
            {"altitude": 145},
            {"distance_km": 0.65},
            {"speed_kmh": 6.3},
            {"timestamp": "Sat Mar 04 14:46:03 UTC 2017"}
        ],
        [
            {"location": [[
                {"latitude": 64.233753},
                {"longitude": 27.721893}
            ]]},
            {"altitude": 144.5},
            {"distance_km": 0.66},
            {"speed_kmh": 6.3},
            {"timestamp": "Sat Mar 04 14:46:09 UTC 2017"}
        ],
        [
            {"location": [[
                {"latitude": 64.233816},
                {"longitude": 27.721721}
            ]]},
            {"altitude": 146},
            {"distance_km": 0.67},
            {"speed_kmh": 6.3},
            {"timestamp": "Sat Mar 04 14:46:15 UTC 2017"}
        ],
        [
            {"location": [[
                {"latitude": 64.233892},
                {"longitude": 27.721554}
            ]]},
            {"altitude": 145},
            {"distance_km": 0.68},
            {"speed_kmh": 6.3},
            {"timestamp": "Sat Mar 04 14:46:23 UTC 2017"}
        ],
        [
            {"location": [[
                {"latitude": 64.233959},
                {"longitude": 27.721367}
            ]]},
            {"altitude": 144.5},
            {"distance_km": 0.69},
            {"speed_kmh": 6.3},
            {"timestamp": "Sat Mar 04 14:46:31 UTC 2017"}
        ],
        [
            {"location": [[
                {"latitude": 64.234036},
                {"longitude": 27.721161}
            ]]},
            {"altitude": 143},
            {"distance_km": 0.71},
            {"speed_kmh": 6.3},
            {"timestamp": "Sat Mar 04 14:46:39 UTC 2017"}
        ],
        [
            {"location": [[
                {"latitude": 64.234089},
                {"longitude": 27.72098}
            ]]},
            {"altitude": 142},
            {"distance_km": 0.72},
            {"speed_kmh": 6.3},
            {"timestamp": "Sat Mar 04 14:46:45 UTC 2017"}
        ],
        [
            {"location": [[
                {"latitude": 64.234156},
                {"longitude": 27.720804}
            ]]},
            {"altitude": 143.5},
            {"distance_km": 0.73},
            {"speed_kmh": 5.4},
            {"timestamp": "Sat Mar 04 14:46:52 UTC 2017"}
        ],
        [
            {"location": [[
                {"latitude": 64.234236},
                {"longitude": 27.720626}
            ]]},
            {"altitude": 143},
            {"distance_km": 0.74},
            {"speed_kmh": 6.3},
            {"timestamp": "Sat Mar 04 14:47:02 UTC 2017"}
        ],
        [
            {"location": [[
                {"latitude": 64.234301},
                {"longitude": 27.720482}
            ]]},
            {"altitude": 142},
            {"distance_km": 0.75},
            {"speed_kmh": 6.3},
            {"timestamp": "Sat Mar 04 14:47:08 UTC 2017"}
        ],
        [
            {"location": [[
                {"latitude": 64.23438},
                {"longitude": 27.720315}
            ]]},
            {"altitude": 142.5},
            {"distance_km": 0.76},
            {"speed_kmh": 5.4},
            {"timestamp": "Sat Mar 04 14:47:16 UTC 2017"}
        ],
        [
            {"location": [[
                {"latitude": 64.234456},
                {"longitude": 27.720134}
            ]]},
            {"altitude": 141},
            {"distance_km": 0.77},
            {"speed_kmh": 5.4},
            {"timestamp": "Sat Mar 04 14:47:24 UTC 2017"}
        ],
        [
            {"location": [[
                {"latitude": 64.234415},
                {"longitude": 27.719943}
            ]]},
            {"altitude": 143},
            {"distance_km": 0.78},
            {"speed_kmh": 7.2},
            {"timestamp": "Sat Mar 04 14:48:23 UTC 2017"}
        ],
        [
            {"location": [[
                {"latitude": 64.234333},
                {"longitude": 27.719804}
            ]]},
            {"altitude": 141},
            {"distance_km": 0.8},
            {"speed_kmh": 5.4},
            {"timestamp": "Sat Mar 04 14:48:29 UTC 2017"}
        ],
        [
            {"location": [[
                {"latitude": 64.234255},
                {"longitude": 27.719629}
            ]]},
            {"altitude": 140},
            {"distance_km": 0.81},
            {"speed_kmh": 5.4},
            {"timestamp": "Sat Mar 04 14:48:36 UTC 2017"}
        ],
        [
            {"location": [[
                {"latitude": 64.234191},
                {"longitude": 27.719399}
            ]]},
            {"altitude": 140.5},
            {"distance_km": 0.82},
            {"speed_kmh": 5.4},
            {"timestamp": "Sat Mar 04 14:48:44 UTC 2017"}
        ],
        [
            {"location": [[
                {"latitude": 64.234102},
                {"longitude": 27.719363}
            ]]},
            {"altitude": 138.5},
            {"distance_km": 0.83},
            {"speed_kmh": 5.4},
            {"timestamp": "Sat Mar 04 14:48:58 UTC 2017"}
        ],
        [
            {"location": [[
                {"latitude": 64.234032},
                {"longitude": 27.719525}
            ]]},
            {"altitude": 138},
            {"distance_km": 0.84},
            {"speed_kmh": 6.3},
            {"timestamp": "Sat Mar 04 14:49:04 UTC 2017"}
        ],
        [
            {"location": [[
                {"latitude": 64.233943},
                {"longitude": 27.719725}
            ]]},
            {"altitude": 141},
            {"distance_km": 0.86},
            {"speed_kmh": 7.2},
            {"timestamp": "Sat Mar 04 14:49:10 UTC 2017"}
        ],
        [
            {"location": [[
                {"latitude": 64.233855},
                {"longitude": 27.719789}
            ]]},
            {"altitude": 140},
            {"distance_km": 0.87},
            {"speed_kmh": 6.3},
            {"timestamp": "Sat Mar 04 14:49:18 UTC 2017"}
        ],
        [
            {"location": [[
                {"latitude": 64.233764},
                {"longitude": 27.719799}
            ]]},
            {"altitude": 138},
            {"distance_km": 0.88},
            {"speed_kmh": 6.3},
            {"timestamp": "Sat Mar 04 14:49:24 UTC 2017"}
        ],
        [
            {"location": [[
                {"latitude": 64.233664},
                {"longitude": 27.71993}
            ]]},
            {"altitude": 138.5},
            {"distance_km": 0.89},
            {"speed_kmh": 6.3},
            {"timestamp": "Sat Mar 04 14:49:31 UTC 2017"}
        ],
        [
            {"location": [[
                {"latitude": 64.233607},
                {"longitude": 27.720105}
            ]]},
            {"altitude": 138},
            {"distance_km": 0.9},
            {"speed_kmh": 5.4},
            {"timestamp": "Sat Mar 04 14:49:39 UTC 2017"}
        ],
        [
            {"location": [[
                {"latitude": 64.233566},
                {"longitude": 27.720341}
            ]]},
            {"altitude": 138},
            {"distance_km": 0.91},
            {"speed_kmh": 6.3},
            {"timestamp": "Sat Mar 04 14:49:47 UTC 2017"}
        ],
        [
            {"location": [[
                {"latitude": 64.233497},
                {"longitude": 27.720577}
            ]]},
            {"altitude": 139},
            {"distance_km": 0.93},
            {"speed_kmh": 5.4},
            {"timestamp": "Sat Mar 04 14:50:01 UTC 2017"}
        ],
        [
            {"location": [[
                {"latitude": 64.233428},
                {"longitude": 27.720769}
            ]]},
            {"altitude": 138},
            {"distance_km": 0.94},
            {"speed_kmh": 6.3},
            {"timestamp": "Sat Mar 04 14:50:07 UTC 2017"}
        ],
        [
            {"location": [[
                {"latitude": 64.233373},
                {"longitude": 27.72095}
            ]]},
            {"altitude": 137.5},
            {"distance_km": 0.95},
            {"speed_kmh": 6.3},
            {"timestamp": "Sat Mar 04 14:50:13 UTC 2017"}
        ],
        [
            {"location": [[
                {"latitude": 64.233318},
                {"longitude": 27.721125}
            ]]},
            {"altitude": 138.5},
            {"distance_km": 0.96},
            {"speed_kmh": 6.3},
            {"timestamp": "Sat Mar 04 14:50:19 UTC 2017"}
        ],
        [
            {"location": [[
                {"latitude": 64.233283},
                {"longitude": 27.721383}
            ]]},
            {"altitude": 141.5},
            {"distance_km": 0.97},
            {"speed_kmh": 5.4},
            {"timestamp": "Sat Mar 04 14:50:26 UTC 2017"}
        ],
        [
            {"location": [[
                {"latitude": 64.233249},
                {"longitude": 27.721575}
            ]]},
            {"altitude": 141},
            {"distance_km": 0.98},
            {"speed_kmh": 6.3},
            {"timestamp": "Sat Mar 04 14:50:32 UTC 2017"}
        ],
        [
            {"location": [[
                {"latitude": 64.233197},
                {"longitude": 27.721749}
            ]]},
            {"altitude": 140.5},
            {"distance_km": 0.99},
            {"speed_kmh": 6.3},
            {"timestamp": "Sat Mar 04 14:50:38 UTC 2017"}
        ],
        [
            {"location": [[
                {"latitude": 64.23309},
                {"longitude": 27.721865}
            ]]},
            {"altitude": 140.5},
            {"distance_km": 1.01},
            {"speed_kmh": 6.3},
            {"timestamp": "Sat Mar 04 14:50:46 UTC 2017"}
        ],
        [
            {"location": [[
                {"latitude": 64.232996},
                {"longitude": 27.721886}
            ]]},
            {"altitude": 139},
            {"distance_km": 1.02},
            {"speed_kmh": 5.4},
            {"timestamp": "Sat Mar 04 14:50:52 UTC 2017"}
        ],
        [
            {"location": [[
                {"latitude": 64.232897},
                {"longitude": 27.721879}
            ]]},
            {"altitude": 138},
            {"distance_km": 1.03},
            {"speed_kmh": 5.4},
            {"timestamp": "Sat Mar 04 14:50:58 UTC 2017"}
        ],
        [
            {"location": [[
                {"latitude": 64.232804},
                {"longitude": 27.721852}
            ]]},
            {"altitude": 137.5},
            {"distance_km": 1.04},
            {"speed_kmh": 5.4},
            {"timestamp": "Sat Mar 04 14:51:04 UTC 2017"}
        ],
        [
            {"location": [[
                {"latitude": 64.232714},
                {"longitude": 27.72186}
            ]]},
            {"altitude": 138.5},
            {"distance_km": 1.05},
            {"speed_kmh": 5.4},
            {"timestamp": "Sat Mar 04 14:51:10 UTC 2017"}
        ],
        [
            {"location": [[
                {"latitude": 64.232599},
                {"longitude": 27.721892}
            ]]},
            {"altitude": 138},
            {"distance_km": 1.06},
            {"speed_kmh": 5.4},
            {"timestamp": "Sat Mar 04 14:51:18 UTC 2017"}
        ],
        [
            {"location": [[
                {"latitude": 64.232518},
                {"longitude": 27.722009}
            ]]},
            {"altitude": 137},
            {"distance_km": 1.07},
            {"speed_kmh": 5.4},
            {"timestamp": "Sat Mar 04 14:51:25 UTC 2017"}
        ],
        [
            {"location": [[
                {"latitude": 64.23243},
                {"longitude": 27.721943}
            ]]},
            {"altitude": 138.5},
            {"distance_km": 1.08},
            {"speed_kmh": 4.5},
            {"timestamp": "Sat Mar 04 14:51:37 UTC 2017"}
        ],
        [
            {"location": [[
                {"latitude": 64.232313},
                {"longitude": 27.721874}
            ]]},
            {"altitude": 134},
            {"distance_km": 1.09},
            {"speed_kmh": 5.4},
            {"timestamp": "Sat Mar 04 14:51:45 UTC 2017"}
        ],
        [
            {"location": [[
                {"latitude": 64.232226},
                {"longitude": 27.721983}
            ]]},
            {"altitude": 131},
            {"distance_km": 1.11},
            {"speed_kmh": 5.4},
            {"timestamp": "Sat Mar 04 14:51:53 UTC 2017"}
        ],
        [
            {"location": [[
                {"latitude": 64.232169},
                {"longitude": 27.722179}
            ]]},
            {"altitude": 131},
            {"distance_km": 1.12},
            {"speed_kmh": 5.4},
            {"timestamp": "Sat Mar 04 14:52:01 UTC 2017"}
        ],
        [
            {"location": [[
                {"latitude": 64.232109},
                {"longitude": 27.72236}
            ]]},
            {"altitude": 134},
            {"distance_km": 1.13},
            {"speed_kmh": 5.4},
            {"timestamp": "Sat Mar 04 14:52:09 UTC 2017"}
        ],
        [
            {"location": [[
                {"latitude": 64.232064},
                {"longitude": 27.722546}
            ]]},
            {"altitude": 134},
            {"distance_km": 1.14},
            {"speed_kmh": 5.4},
            {"timestamp": "Sat Mar 04 14:52:17 UTC 2017"}
        ],
        [
            {"location": [[
                {"latitude": 64.231997},
                {"longitude": 27.722735}
            ]]},
            {"altitude": 135.5},
            {"distance_km": 1.15},
            {"speed_kmh": 5.4},
            {"timestamp": "Sat Mar 04 14:52:24 UTC 2017"}
        ],
        [
            {"location": [[
                {"latitude": 64.231909},
                {"longitude": 27.72288}
            ]]},
            {"altitude": 135.5},
            {"distance_km": 1.16},
            {"speed_kmh": 5.4},
            {"timestamp": "Sat Mar 04 14:52:32 UTC 2017"}
        ],
        [
            {"location": [[
                {"latitude": 64.231852},
                {"longitude": 27.72305}
            ]]},
            {"altitude": 134},
            {"distance_km": 1.17},
            {"speed_kmh": 5.4},
            {"timestamp": "Sat Mar 04 14:52:40 UTC 2017"}
        ],
        [
            {"location": [[
                {"latitude": 64.23181},
                {"longitude": 27.723258}
            ]]},
            {"altitude": 132.5},
            {"distance_km": 1.18},
            {"speed_kmh": 5.4},
            {"timestamp": "Sat Mar 04 14:52:48 UTC 2017"}
        ],
        [
            {"location": [[
                {"latitude": 64.231776},
                {"longitude": 27.723451}
            ]]},
            {"altitude": 133},
            {"distance_km": 1.19},
            {"speed_kmh": 4.5},
            {"timestamp": "Sat Mar 04 14:52:56 UTC 2017"}
        ],
        [
            {"location": [[
                {"latitude": 64.231715},
                {"longitude": 27.723653}
            ]]},
            {"altitude": 135},
            {"distance_km": 1.21},
            {"speed_kmh": 4.5},
            {"timestamp": "Sat Mar 04 14:53:06 UTC 2017"}
        ],
        [
            {"location": [[
                {"latitude": 64.231675},
                {"longitude": 27.723852}
            ]]},
            {"altitude": 137.5},
            {"distance_km": 1.22},
            {"speed_kmh": 4.5},
            {"timestamp": "Sat Mar 04 14:53:14 UTC 2017"}
        ],
        [
            {"location": [[
                {"latitude": 64.231609},
                {"longitude": 27.724064}
            ]]},
            {"altitude": 136.5},
            {"distance_km": 1.23},
            {"speed_kmh": 4.5},
            {"timestamp": "Sat Mar 04 14:53:24 UTC 2017"}
        ],
        [
            {"location": [[
                {"latitude": 64.231537},
                {"longitude": 27.724229}
            ]]},
            {"altitude": 134.5},
            {"distance_km": 1.24},
            {"speed_kmh": 4.5},
            {"timestamp": "Sat Mar 04 14:53:32 UTC 2017"}
        ],
        [
            {"location": [[
                {"latitude": 64.231443},
                {"longitude": 27.724336}
            ]]},
            {"altitude": 132},
            {"distance_km": 1.25},
            {"speed_kmh": 5.4},
            {"timestamp": "Sat Mar 04 14:53:41 UTC 2017"}
        ],
        [
            {"location": [[
                {"latitude": 64.231382},
                {"longitude": 27.72456}
            ]]},
            {"altitude": 130.5},
            {"distance_km": 1.26},
            {"speed_kmh": 4.5},
            {"timestamp": "Sat Mar 04 14:53:49 UTC 2017"}
        ],
        [
            {"location": [[
                {"latitude": 64.231332},
                {"longitude": 27.724752}
            ]]},
            {"altitude": 132.5},
            {"distance_km": 1.28},
            {"speed_kmh": 1.8},
            {"timestamp": "Sat Mar 04 14:53:59 UTC 2017"}
        ],
        [
            {"location": [[
                {"latitude": 64.231285},
                {"longitude": 27.72497}
            ]]},
            {"altitude": 134},
            {"distance_km": 1.29},
            {"speed_kmh": 6.3},
            {"timestamp": "Sat Mar 04 14:54:07 UTC 2017"}
        ],
        [
            {"location": [[
                {"latitude": 64.231264},
                {"longitude": 27.725172}
            ]]},
            {"altitude": 133.5},
            {"distance_km": 1.3},
            {"speed_kmh": 5.4},
            {"timestamp": "Sat Mar 04 14:54:13 UTC 2017"}
        ],
        [
            {"location": [[
                {"latitude": 64.231232},
                {"longitude": 27.725413}
            ]]},
            {"altitude": 133},
            {"distance_km": 1.31},
            {"speed_kmh": 5.4},
            {"timestamp": "Sat Mar 04 14:54:21 UTC 2017"}
        ],
        [
            {"location": [[
                {"latitude": 64.231189},
                {"longitude": 27.725661}
            ]]},
            {"altitude": 132.5},
            {"distance_km": 1.32},
            {"speed_kmh": 5.4},
            {"timestamp": "Sat Mar 04 14:54:29 UTC 2017"}
        ],
        [
            {"location": [[
                {"latitude": 64.231144},
                {"longitude": 27.725909}
            ]]},
            {"altitude": 130},
            {"distance_km": 1.34},
            {"speed_kmh": 5.4},
            {"timestamp": "Sat Mar 04 14:54:37 UTC 2017"}
        ],
        [
            {"location": [[
                {"latitude": 64.231116},
                {"longitude": 27.726146}
            ]]},
            {"altitude": 127.5},
            {"distance_km": 1.35},
            {"speed_kmh": 5.4},
            {"timestamp": "Sat Mar 04 14:54:44 UTC 2017"}
        ],
        [
            {"location": [[
                {"latitude": 64.231084},
                {"longitude": 27.726367}
            ]]},
            {"altitude": 127},
            {"distance_km": 1.36},
            {"speed_kmh": 5.4},
            {"timestamp": "Sat Mar 04 14:54:52 UTC 2017"}
        ],
        [
            {"location": [[
                {"latitude": 64.231053},
                {"longitude": 27.726633}
            ]]},
            {"altitude": 124.5},
            {"distance_km": 1.37},
            {"speed_kmh": 5.4},
            {"timestamp": "Sat Mar 04 14:55:00 UTC 2017"}
        ],
        [
            {"location": [[
                {"latitude": 64.231018},
                {"longitude": 27.726828}
            ]]},
            {"altitude": 125},
            {"distance_km": 1.38},
            {"speed_kmh": 5.4},
            {"timestamp": "Sat Mar 04 14:55:06 UTC 2017"}
        ],
        [
            {"location": [[
                {"latitude": 64.231002},
                {"longitude": 27.727057}
            ]]},
            {"altitude": 127},
            {"distance_km": 1.39},
            {"speed_kmh": 3.6},
            {"timestamp": "Sat Mar 04 14:55:16 UTC 2017"}
        ],
        [
            {"location": [[
                {"latitude": 64.23095},
                {"longitude": 27.727267}
            ]]},
            {"altitude": 126},
            {"distance_km": 1.41},
            {"speed_kmh": 6.3},
            {"timestamp": "Sat Mar 04 14:55:24 UTC 2017"}
        ],
        [
            {"location": [[
                {"latitude": 64.230913},
                {"longitude": 27.727468}
            ]]},
            {"altitude": 126},
            {"distance_km": 1.42},
            {"speed_kmh": 5.4},
            {"timestamp": "Sat Mar 04 14:55:30 UTC 2017"}
        ],
        [
            {"location": [[
                {"latitude": 64.23087},
                {"longitude": 27.727654}
            ]]},
            {"altitude": 126.5},
            {"distance_km": 1.43},
            {"speed_kmh": 5.4},
            {"timestamp": "Sat Mar 04 14:55:36 UTC 2017"}
        ],
        [
            {"location": [[
                {"latitude": 64.230837},
                {"longitude": 27.727894}
            ]]},
            {"altitude": 128},
            {"distance_km": 1.44},
            {"speed_kmh": 5.4},
            {"timestamp": "Sat Mar 04 14:55:45 UTC 2017"}
        ],
        [
            {"location": [[
                {"latitude": 64.230796},
                {"longitude": 27.72809}
            ]]},
            {"altitude": 128.5},
            {"distance_km": 1.45},
            {"speed_kmh": 6.3},
            {"timestamp": "Sat Mar 04 14:55:51 UTC 2017"}
        ],
        [
            {"location": [[
                {"latitude": 64.230759},
                {"longitude": 27.728312}
            ]]},
            {"altitude": 131},
            {"distance_km": 1.46},
            {"speed_kmh": 4.5},
            {"timestamp": "Sat Mar 04 14:55:59 UTC 2017"}
        ],
        [
            {"location": [[
                {"latitude": 64.230712},
                {"longitude": 27.728523}
            ]]},
            {"altitude": 133},
            {"distance_km": 1.47},
            {"speed_kmh": 5.4},
            {"timestamp": "Sat Mar 04 14:56:05 UTC 2017"}
        ],
        [
            {"location": [[
                {"latitude": 64.230648},
                {"longitude": 27.728758}
            ]]},
            {"altitude": 134.5},
            {"distance_km": 1.49},
            {"speed_kmh": 5.4},
            {"timestamp": "Sat Mar 04 14:56:13 UTC 2017"}
        ],
        [
            {"location": [[
                {"latitude": 64.230598},
                {"longitude": 27.728984}
            ]]},
            {"altitude": 135.5},
            {"distance_km": 1.5},
            {"speed_kmh": 5.4},
            {"timestamp": "Sat Mar 04 14:56:21 UTC 2017"}
        ],
        [
            {"location": [[
                {"latitude": 64.230543},
                {"longitude": 27.729199}
            ]]},
            {"altitude": 139.5},
            {"distance_km": 1.51},
            {"speed_kmh": 5.4},
            {"timestamp": "Sat Mar 04 14:56:29 UTC 2017"}
        ],
        [
            {"location": [[
                {"latitude": 64.230468},
                {"longitude": 27.729418}
            ]]},
            {"altitude": 137.5},
            {"distance_km": 1.52},
            {"speed_kmh": 5.4},
            {"timestamp": "Sat Mar 04 14:56:37 UTC 2017"}
        ],
        [
            {"location": [[
                {"latitude": 64.230409},
                {"longitude": 27.729574}
            ]]},
            {"altitude": 136.5},
            {"distance_km": 1.53},
            {"speed_kmh": 4.5},
            {"timestamp": "Sat Mar 04 14:56:46 UTC 2017"}
        ],
        [
            {"location": [[
                {"latitude": 64.230372},
                {"longitude": 27.729774}
            ]]},
            {"altitude": 136.5},
            {"distance_km": 1.54},
            {"speed_kmh": 4.5},
            {"timestamp": "Sat Mar 04 14:56:56 UTC 2017"}
        ],
        [
            {"location": [[
                {"latitude": 64.230335},
                {"longitude": 27.729984}
            ]]},
            {"altitude": 141},
            {"distance_km": 1.55},
            {"speed_kmh": 4.5},
            {"timestamp": "Sat Mar 04 14:57:06 UTC 2017"}
        ],
        [
            {"location": [[
                {"latitude": 64.230296},
                {"longitude": 27.730209}
            ]]},
            {"altitude": 141},
            {"distance_km": 1.57},
            {"speed_kmh": 4.5},
            {"timestamp": "Sat Mar 04 14:57:16 UTC 2017"}
        ],
        [
            {"location": [[
                {"latitude": 64.230261},
                {"longitude": 27.730422}
            ]]},
            {"altitude": 136},
            {"distance_km": 1.58},
            {"speed_kmh": 1.8},
            {"timestamp": "Sat Mar 04 14:57:26 UTC 2017"}
        ],
        [
            {"location": [[
                {"latitude": 64.230219},
                {"longitude": 27.730637}
            ]]},
            {"altitude": 136.5},
            {"distance_km": 1.59},
            {"speed_kmh": 5.4},
            {"timestamp": "Sat Mar 04 14:57:34 UTC 2017"}
        ],
        [
            {"location": [[
                {"latitude": 64.230189},
                {"longitude": 27.730882}
            ]]},
            {"altitude": 135.5},
            {"distance_km": 1.6},
            {"speed_kmh": 5.4},
            {"timestamp": "Sat Mar 04 14:57:42 UTC 2017"}
        ],
        [
            {"location": [[
                {"latitude": 64.230165},
                {"longitude": 27.731141}
            ]]},
            {"altitude": 135},
            {"distance_km": 1.61},
            {"speed_kmh": 5.4},
            {"timestamp": "Sat Mar 04 14:57:51 UTC 2017"}
        ],
        [
            {"location": [[
                {"latitude": 64.230148},
                {"longitude": 27.731401}
            ]]},
            {"altitude": 132.5},
            {"distance_km": 1.63},
            {"speed_kmh": 4.5},
            {"timestamp": "Sat Mar 04 14:58:07 UTC 2017"}
        ],
        [
            {"location": [[
                {"latitude": 64.230132},
                {"longitude": 27.731647}
            ]]},
            {"altitude": 132.5},
            {"distance_km": 1.64},
            {"speed_kmh": 5.4},
            {"timestamp": "Sat Mar 04 14:58:15 UTC 2017"}
        ],
        [
            {"location": [[
                {"latitude": 64.230149},
                {"longitude": 27.731885}
            ]]},
            {"altitude": 131},
            {"distance_km": 1.65},
            {"speed_kmh": 4.5},
            {"timestamp": "Sat Mar 04 14:58:25 UTC 2017"}
        ],
        [
            {"location": [[
                {"latitude": 64.230146},
                {"longitude": 27.732109}
            ]]},
            {"altitude": 133.5},
            {"distance_km": 1.66},
            {"speed_kmh": 4.5},
            {"timestamp": "Sat Mar 04 14:58:33 UTC 2017"}
        ],
        [
            {"location": [[
                {"latitude": 64.230121},
                {"longitude": 27.732317}
            ]]},
            {"altitude": 134},
            {"distance_km": 1.67},
            {"speed_kmh": 1.8},
            {"timestamp": "Sat Mar 04 14:58:40 UTC 2017"}
        ],
        [
            {"location": [[
                {"latitude": 64.230113},
                {"longitude": 27.732582}
            ]]},
            {"altitude": 137.5},
            {"distance_km": 1.68},
            {"speed_kmh": 4.5},
            {"timestamp": "Sat Mar 04 14:58:50 UTC 2017"}
        ],
        [
            {"location": [[
                {"latitude": 64.230089},
                {"longitude": 27.732836}
            ]]},
            {"altitude": 136},
            {"distance_km": 1.7},
            {"speed_kmh": 5.4},
            {"timestamp": "Sat Mar 04 14:58:58 UTC 2017"}
        ],
        [
            {"location": [[
                {"latitude": 64.230062},
                {"longitude": 27.733059}
            ]]},
            {"altitude": 136.5},
            {"distance_km": 1.71},
            {"speed_kmh": 4.5},
            {"timestamp": "Sat Mar 04 14:59:06 UTC 2017"}
        ],
        [
            {"location": [[
                {"latitude": 64.230152},
                {"longitude": 27.733133}
            ]]},
            {"altitude": 136},
            {"distance_km": 1.72},
            {"speed_kmh": 3.6},
            {"timestamp": "Sat Mar 04 14:59:20 UTC 2017"}
        ],
        [
            {"location": [[
                {"latitude": 64.23024},
                {"longitude": 27.733014}
            ]]},
            {"altitude": 140},
            {"distance_km": 1.73},
            {"speed_kmh": 3.6},
            {"timestamp": "Sat Mar 04 14:59:35 UTC 2017"}
        ],
        [
            {"location": [[
                {"latitude": 64.230332},
                {"longitude": 27.732877}
            ]]},
            {"altitude": 144.5},
            {"distance_km": 1.74},
            {"speed_kmh": 3.6},
            {"timestamp": "Sat Mar 04 14:59:47 UTC 2017"}
        ],
        [
            {"location": [[
                {"latitude": 64.230445},
                {"longitude": 27.732837}
            ]]},
            {"altitude": 146.5},
            {"distance_km": 1.76},
            {"speed_kmh": 4.5},
            {"timestamp": "Sat Mar 04 14:59:57 UTC 2017"}
        ],
        [
            {"location": [[
                {"latitude": 64.230536},
                {"longitude": 27.732869}
            ]]},
            {"altitude": 146.5},
            {"distance_km": 1.77},
            {"speed_kmh": 4.5},
            {"timestamp": "Sat Mar 04 15:00:05 UTC 2017"}
        ],
        [
            {"location": [[
                {"latitude": 64.230645},
                {"longitude": 27.732857}
            ]]},
            {"altitude": 146},
            {"distance_km": 1.78},
            {"speed_kmh": 3.6},
            {"timestamp": "Sat Mar 04 15:00:15 UTC 2017"}
        ],
        [
            {"location": [[
                {"latitude": 64.230762},
                {"longitude": 27.73279}
            ]]},
            {"altitude": 146},
            {"distance_km": 1.79},
            {"speed_kmh": 3.6},
            {"timestamp": "Sat Mar 04 15:00:25 UTC 2017"}
        ],
        [
            {"location": [[
                {"latitude": 64.230855},
                {"longitude": 27.73274}
            ]]},
            {"altitude": 144.5},
            {"distance_km": 1.8},
            {"speed_kmh": 1.8},
            {"timestamp": "Sat Mar 04 15:00:36 UTC 2017"}
        ],
        [
            {"location": [[
                {"latitude": 64.23095},
                {"longitude": 27.732668}
            ]]},
            {"altitude": 143.5},
            {"distance_km": 1.81},
            {"speed_kmh": 2.7},
            {"timestamp": "Sat Mar 04 15:00:46 UTC 2017"}
        ],
        [
            {"location": [[
                {"latitude": 64.231059},
                {"longitude": 27.732661}
            ]]},
            {"altitude": 145},
            {"distance_km": 1.82},
            {"speed_kmh": 3.6},
            {"timestamp": "Sat Mar 04 15:00:56 UTC 2017"}
        ],
        [
            {"location": [[
                {"latitude": 64.231145},
                {"longitude": 27.73251}
            ]]},
            {"altitude": 146.5},
            {"distance_km": 1.84},
            {"speed_kmh": 3.6},
            {"timestamp": "Sat Mar 04 15:01:08 UTC 2017"}
        ],
        [
            {"location": [[
                {"latitude": 64.231195},
                {"longitude": 27.732314}
            ]]},
            {"altitude": 146.5},
            {"distance_km": 1.85},
            {"speed_kmh": 3.6},
            {"timestamp": "Sat Mar 04 15:01:16 UTC 2017"}
        ],
        [
            {"location": [[
                {"latitude": 64.231239},
                {"longitude": 27.732127}
            ]]},
            {"altitude": 145.5},
            {"distance_km": 1.86},
            {"speed_kmh": 5.4},
            {"timestamp": "Sat Mar 04 15:01:25 UTC 2017"}
        ],
        [
            {"location": [[
                {"latitude": 64.231303},
                {"longitude": 27.731914}
            ]]},
            {"altitude": 147},
            {"distance_km": 1.87},
            {"speed_kmh": 5.4},
            {"timestamp": "Sat Mar 04 15:01:33 UTC 2017"}
        ],
        [
            {"location": [[
                {"latitude": 64.231361},
                {"longitude": 27.731711}
            ]]},
            {"altitude": 146.5},
            {"distance_km": 1.88},
            {"speed_kmh": 5.4},
            {"timestamp": "Sat Mar 04 15:01:41 UTC 2017"}
        ],
        [
            {"location": [[
                {"latitude": 64.231409},
                {"longitude": 27.731503}
            ]]},
            {"altitude": 148},
            {"distance_km": 1.89},
            {"speed_kmh": 5.4},
            {"timestamp": "Sat Mar 04 15:01:49 UTC 2017"}
        ],
        [
            {"location": [[
                {"latitude": 64.231453},
                {"longitude": 27.731271}
            ]]},
            {"altitude": 150},
            {"distance_km": 1.91},
            {"speed_kmh": 5.4},
            {"timestamp": "Sat Mar 04 15:01:57 UTC 2017"}
        ],
        [
            {"location": [[
                {"latitude": 64.231525},
                {"longitude": 27.731056}
            ]]},
            {"altitude": 151},
            {"distance_km": 1.92},
            {"speed_kmh": 5.4},
            {"timestamp": "Sat Mar 04 15:02:05 UTC 2017"}
        ],
        [
            {"location": [[
                {"latitude": 64.231583},
                {"longitude": 27.730827}
            ]]},
            {"altitude": 152},
            {"distance_km": 1.93},
            {"speed_kmh": 5.4},
            {"timestamp": "Sat Mar 04 15:02:13 UTC 2017"}
        ],
        [
            {"location": [[
                {"latitude": 64.231633},
                {"longitude": 27.730653}
            ]]},
            {"altitude": 151.5},
            {"distance_km": 1.94},
            {"speed_kmh": 5.4},
            {"timestamp": "Sat Mar 04 15:02:19 UTC 2017"}
        ],
        [
            {"location": [[
                {"latitude": 64.23168},
                {"longitude": 27.730473}
            ]]},
            {"altitude": 152},
            {"distance_km": 1.95},
            {"speed_kmh": 5.4},
            {"timestamp": "Sat Mar 04 15:02:26 UTC 2017"}
        ],
        [
            {"location": [[
                {"latitude": 64.231725},
                {"longitude": 27.730268}
            ]]},
            {"altitude": 153.5},
            {"distance_km": 1.96},
            {"speed_kmh": 5.4},
            {"timestamp": "Sat Mar 04 15:02:34 UTC 2017"}
        ],
        [
            {"location": [[
                {"latitude": 64.231712},
                {"longitude": 27.730039}
            ]]},
            {"altitude": 152.5},
            {"distance_km": 1.97},
            {"speed_kmh": 5.4},
            {"timestamp": "Sat Mar 04 15:02:44 UTC 2017"}
        ],
        [
            {"location": [[
                {"latitude": 64.231651},
                {"longitude": 27.729867}
            ]]},
            {"altitude": 151.5},
            {"distance_km": 1.99},
            {"speed_kmh": 4.5},
            {"timestamp": "Sat Mar 04 15:02:52 UTC 2017"}
        ],
        [
            {"location": [[
                {"latitude": 64.231692},
                {"longitude": 27.729658}
            ]]},
            {"altitude": 147.5},
            {"distance_km": 2},
            {"speed_kmh": 1.8},
            {"timestamp": "Sat Mar 04 15:03:53 UTC 2017"}
        ],
        [
            {"location": [[
                {"latitude": 64.231778},
                {"longitude": 27.729537}
            ]]},
            {"altitude": 153.5},
            {"distance_km": 2.01},
            {"speed_kmh": 4.5},
            {"timestamp": "Sat Mar 04 15:04:03 UTC 2017"}
        ],
        [
            {"location": [[
                {"latitude": 64.231778},
                {"longitude": 27.729537}
            ]]},
            {"distance_km": 2.01},
            {"timestamp": "Sat Mar 04 15:04:49 UTC 2017"}
        ],
        [
            {"location": [[
                {"latitude": 64.231778},
                {"longitude": 27.729537}
            ]]},
            {"distance_km": 2.01},
            {"timestamp": "Sat Mar 04 15:04:50 UTC 2017"}
        ]
    ]}
]