[
    {"sport": "BADMINTON"},
    {"source": "INPUT_MANUAL_MOBILE"},
    {"created_date": "2017-02-05 09:12:54.0"},
    {"start_time": "2017-02-04 13:00:00.0"},
    {"end_time": "2017-02-04 14:10:00.0"},
    {"duration_s": 4200},
    {"distance_km": 0},
    {"calories_kcal": 630.972},
    {"speed_avg_kmh": 0},
    {"points": [
        [
            {"distance_km": 0},
            {"timestamp": "Sat Feb 04 13:00:00 UTC 2017"}
        ],
        [
            {"distance_km": 0},
            {"timestamp": "Sat Feb 04 14:10:00 UTC 2017"}
        ]
    ]}
]