[
    {"sport": "WALKING"},
    {"source": "TRACK_MOBILE"},
    {"created_date": "2017-04-22 16:02:15.0"},
    {"start_time": "2017-04-22 16:00:21.0"},
    {"end_time": "2017-04-22 16:22:14.0"},
    {"duration_s": 1313},
    {"distance_km": 1.88},
    {"calories_kcal": 144.21},
    {"altitude_min_m": 0},
    {"altitude_max_m": 169},
    {"speed_avg_kmh": 5.154607768469154},
    {"speed_max_kmh": 6.3},
    {"ascend_m": 264.5},
    {"descend_m": 113.5},
    {"points": [
        [
            {"location": [[
                {"latitude": 64.231847},
                {"longitude": 27.72956}
            ]]},
            {"distance_km": 0},
            {"timestamp": "Sat Apr 22 16:00:21 UTC 2017"}
        ],
        [
            {"location": [[
                {"latitude": 64.231847},
                {"longitude": 27.72956}
            ]]},
            {"altitude": 0},
            {"distance_km": 0},
            {"timestamp": "Sat Apr 22 16:00:52 UTC 2017"}
        ],
        [
            {"location": [[
                {"latitude": 64.231739},
                {"longitude": 27.729687}
            ]]},
            {"altitude": 162},
            {"distance_km": 0.01},
            {"speed_kmh": 2.7},
            {"timestamp": "Sat Apr 22 16:00:56 UTC 2017"}
        ],
        [
            {"location": [[
                {"latitude": 64.231979},
                {"longitude": 27.729381}
            ]]},
            {"altitude": 169},
            {"distance_km": 0.04},
            {"speed_kmh": 0},
            {"timestamp": "Sat Apr 22 16:01:00 UTC 2017"}
        ],
        [
            {"location": [[
                {"latitude": 64.23182},
                {"longitude": 27.729345}
            ]]},
            {"altitude": 164},
            {"distance_km": 0.06},
            {"speed_kmh": 0.9},
            {"timestamp": "Sat Apr 22 16:01:02 UTC 2017"}
        ],
        [
            {"location": [[
                {"latitude": 64.232046},
                {"longitude": 27.729478}
            ]]},
            {"altitude": 156},
            {"distance_km": 0.09},
            {"speed_kmh": 1.8},
            {"timestamp": "Sat Apr 22 16:01:04 UTC 2017"}
        ],
        [
            {"location": [[
                {"latitude": 64.231936},
                {"longitude": 27.729381}
            ]]},
            {"altitude": 154},
            {"distance_km": 0.1},
            {"speed_kmh": 1.8},
            {"timestamp": "Sat Apr 22 16:01:11 UTC 2017"}
        ],
        [
            {"location": [[
                {"latitude": 64.231805},
                {"longitude": 27.729332}
            ]]},
            {"altitude": 147.5},
            {"distance_km": 0.12},
            {"speed_kmh": 4.5},
            {"timestamp": "Sat Apr 22 16:01:23 UTC 2017"}
        ],
        [
            {"location": [[
                {"latitude": 64.231727},
                {"longitude": 27.729456}
            ]]},
            {"altitude": 138},
            {"distance_km": 0.13},
            {"speed_kmh": 6.3},
            {"timestamp": "Sat Apr 22 16:01:27 UTC 2017"}
        ],
        [
            {"location": [[
                {"latitude": 64.23176},
                {"longitude": 27.729669}
            ]]},
            {"altitude": 132},
            {"distance_km": 0.14},
            {"speed_kmh": 5.4},
            {"timestamp": "Sat Apr 22 16:01:31 UTC 2017"}
        ],
        [
            {"location": [[
                {"latitude": 64.231781},
                {"longitude": 27.729881}
            ]]},
            {"altitude": 127.5},
            {"distance_km": 0.15},
            {"speed_kmh": 5.4},
            {"timestamp": "Sat Apr 22 16:01:37 UTC 2017"}
        ],
        [
            {"location": [[
                {"latitude": 64.231851},
                {"longitude": 27.730096}
            ]]},
            {"altitude": 125.5},
            {"distance_km": 0.16},
            {"speed_kmh": 4.5},
            {"timestamp": "Sat Apr 22 16:01:45 UTC 2017"}
        ],
        [
            {"location": [[
                {"latitude": 64.231924},
                {"longitude": 27.73028}
            ]]},
            {"altitude": 129.5},
            {"distance_km": 0.17},
            {"speed_kmh": 5.4},
            {"timestamp": "Sat Apr 22 16:01:53 UTC 2017"}
        ],
        [
            {"location": [[
                {"latitude": 64.232},
                {"longitude": 27.730426}
            ]]},
            {"altitude": 127},
            {"distance_km": 0.18},
            {"speed_kmh": 5.4},
            {"timestamp": "Sat Apr 22 16:02:01 UTC 2017"}
        ],
        [
            {"location": [[
                {"latitude": 64.232105},
                {"longitude": 27.730542}
            ]]},
            {"altitude": 125.5},
            {"distance_km": 0.2},
            {"speed_kmh": 5.4},
            {"timestamp": "Sat Apr 22 16:02:09 UTC 2017"}
        ],
        [
            {"location": [[
                {"latitude": 64.232194},
                {"longitude": 27.730665}
            ]]},
            {"altitude": 124},
            {"distance_km": 0.21},
            {"speed_kmh": 5.4},
            {"timestamp": "Sat Apr 22 16:02:16 UTC 2017"}
        ],
        [
            {"location": [[
                {"latitude": 64.232263},
                {"longitude": 27.730802}
            ]]},
            {"altitude": 124},
            {"distance_km": 0.22},
            {"speed_kmh": 5.4},
            {"timestamp": "Sat Apr 22 16:02:22 UTC 2017"}
        ],
        [
            {"location": [[
                {"latitude": 64.23238},
                {"longitude": 27.730854}
            ]]},
            {"altitude": 121.5},
            {"distance_km": 0.23},
            {"speed_kmh": 5.4},
            {"timestamp": "Sat Apr 22 16:02:30 UTC 2017"}
        ],
        [
            {"location": [[
                {"latitude": 64.232472},
                {"longitude": 27.730975}
            ]]},
            {"altitude": 127},
            {"distance_km": 0.24},
            {"speed_kmh": 5.4},
            {"timestamp": "Sat Apr 22 16:02:38 UTC 2017"}
        ],
        [
            {"location": [[
                {"latitude": 64.232565},
                {"longitude": 27.731063}
            ]]},
            {"altitude": 130},
            {"distance_km": 0.25},
            {"speed_kmh": 5.4},
            {"timestamp": "Sat Apr 22 16:02:46 UTC 2017"}
        ],
        [
            {"location": [[
                {"latitude": 64.232644},
                {"longitude": 27.731165}
            ]]},
            {"altitude": 129.5},
            {"distance_km": 0.26},
            {"speed_kmh": 5.4},
            {"timestamp": "Sat Apr 22 16:02:52 UTC 2017"}
        ],
        [
            {"location": [[
                {"latitude": 64.232724},
                {"longitude": 27.731285}
            ]]},
            {"altitude": 128},
            {"distance_km": 0.28},
            {"speed_kmh": 5.4},
            {"timestamp": "Sat Apr 22 16:02:58 UTC 2017"}
        ],
        [
            {"location": [[
                {"latitude": 64.232802},
                {"longitude": 27.73139}
            ]]},
            {"altitude": 130},
            {"distance_km": 0.29},
            {"speed_kmh": 5.4},
            {"timestamp": "Sat Apr 22 16:03:04 UTC 2017"}
        ],
        [
            {"location": [[
                {"latitude": 64.23286},
                {"longitude": 27.731228}
            ]]},
            {"altitude": 126},
            {"distance_km": 0.3},
            {"speed_kmh": 5.4},
            {"timestamp": "Sat Apr 22 16:03:13 UTC 2017"}
        ],
        [
            {"location": [[
                {"latitude": 64.232865},
                {"longitude": 27.730957}
            ]]},
            {"altitude": 124.5},
            {"distance_km": 0.31},
            {"speed_kmh": 5.4},
            {"timestamp": "Sat Apr 22 16:03:21 UTC 2017"}
        ],
        [
            {"location": [[
                {"latitude": 64.232863},
                {"longitude": 27.730721}
            ]]},
            {"altitude": 126.5},
            {"distance_km": 0.32},
            {"speed_kmh": 5.4},
            {"timestamp": "Sat Apr 22 16:03:27 UTC 2017"}
        ],
        [
            {"location": [[
                {"latitude": 64.232858},
                {"longitude": 27.730482}
            ]]},
            {"altitude": 129},
            {"distance_km": 0.33},
            {"speed_kmh": 6.3},
            {"timestamp": "Sat Apr 22 16:03:37 UTC 2017"}
        ],
        [
            {"location": [[
                {"latitude": 64.232811},
                {"longitude": 27.730262}
            ]]},
            {"altitude": 127},
            {"distance_km": 0.34},
            {"speed_kmh": 6.3},
            {"timestamp": "Sat Apr 22 16:03:43 UTC 2017"}
        ],
        [
            {"location": [[
                {"latitude": 64.232779},
                {"longitude": 27.730069}
            ]]},
            {"altitude": 126.5},
            {"distance_km": 0.35},
            {"speed_kmh": 6.3},
            {"timestamp": "Sat Apr 22 16:03:47 UTC 2017"}
        ],
        [
            {"location": [[
                {"latitude": 64.232759},
                {"longitude": 27.729837}
            ]]},
            {"altitude": 128},
            {"distance_km": 0.36},
            {"speed_kmh": 6.3},
            {"timestamp": "Sat Apr 22 16:03:53 UTC 2017"}
        ],
        [
            {"location": [[
                {"latitude": 64.232768},
                {"longitude": 27.72962}
            ]]},
            {"altitude": 129},
            {"distance_km": 0.38},
            {"speed_kmh": 5.4},
            {"timestamp": "Sat Apr 22 16:03:59 UTC 2017"}
        ],
        [
            {"location": [[
                {"latitude": 64.232735},
                {"longitude": 27.729384}
            ]]},
            {"altitude": 131.5},
            {"distance_km": 0.39},
            {"speed_kmh": 5.4},
            {"timestamp": "Sat Apr 22 16:04:07 UTC 2017"}
        ],
        [
            {"location": [[
                {"latitude": 64.232744},
                {"longitude": 27.729163}
            ]]},
            {"altitude": 137},
            {"distance_km": 0.4},
            {"speed_kmh": 5.4},
            {"timestamp": "Sat Apr 22 16:04:13 UTC 2017"}
        ],
        [
            {"location": [[
                {"latitude": 64.232728},
                {"longitude": 27.728955}
            ]]},
            {"altitude": 138.5},
            {"distance_km": 0.41},
            {"speed_kmh": 5.4},
            {"timestamp": "Sat Apr 22 16:04:20 UTC 2017"}
        ],
        [
            {"location": [[
                {"latitude": 64.232716},
                {"longitude": 27.728707}
            ]]},
            {"altitude": 140},
            {"distance_km": 0.42},
            {"speed_kmh": 5.4},
            {"timestamp": "Sat Apr 22 16:04:28 UTC 2017"}
        ],
        [
            {"location": [[
                {"latitude": 64.232718},
                {"longitude": 27.728485}
            ]]},
            {"altitude": 138},
            {"distance_km": 0.43},
            {"speed_kmh": 5.4},
            {"timestamp": "Sat Apr 22 16:04:34 UTC 2017"}
        ],
        [
            {"location": [[
                {"latitude": 64.2327},
                {"longitude": 27.728229}
            ]]},
            {"altitude": 141.5},
            {"distance_km": 0.44},
            {"speed_kmh": 5.4},
            {"timestamp": "Sat Apr 22 16:04:42 UTC 2017"}
        ],
        [
            {"location": [[
                {"latitude": 64.232712},
                {"longitude": 27.727993}
            ]]},
            {"altitude": 141.5},
            {"distance_km": 0.46},
            {"speed_kmh": 5.4},
            {"timestamp": "Sat Apr 22 16:04:48 UTC 2017"}
        ],
        [
            {"location": [[
                {"latitude": 64.232709},
                {"longitude": 27.727778}
            ]]},
            {"altitude": 138.5},
            {"distance_km": 0.47},
            {"speed_kmh": 4.5},
            {"timestamp": "Sat Apr 22 16:04:54 UTC 2017"}
        ],
        [
            {"location": [[
                {"latitude": 64.23268},
                {"longitude": 27.727551}
            ]]},
            {"altitude": 135.5},
            {"distance_km": 0.48},
            {"speed_kmh": 5.4},
            {"timestamp": "Sat Apr 22 16:05:00 UTC 2017"}
        ],
        [
            {"location": [[
                {"latitude": 64.232693},
                {"longitude": 27.727323}
            ]]},
            {"altitude": 137.5},
            {"distance_km": 0.49},
            {"speed_kmh": 4.5},
            {"timestamp": "Sat Apr 22 16:05:06 UTC 2017"}
        ],
        [
            {"location": [[
                {"latitude": 64.232729},
                {"longitude": 27.727118}
            ]]},
            {"altitude": 136.5},
            {"distance_km": 0.5},
            {"speed_kmh": 4.5},
            {"timestamp": "Sat Apr 22 16:05:13 UTC 2017"}
        ],
        [
            {"location": [[
                {"latitude": 64.232772},
                {"longitude": 27.726896}
            ]]},
            {"altitude": 134},
            {"distance_km": 0.51},
            {"speed_kmh": 4.5},
            {"timestamp": "Sat Apr 22 16:05:19 UTC 2017"}
        ],
        [
            {"location": [[
                {"latitude": 64.232815},
                {"longitude": 27.726638}
            ]]},
            {"altitude": 132},
            {"distance_km": 0.52},
            {"speed_kmh": 4.5},
            {"timestamp": "Sat Apr 22 16:05:27 UTC 2017"}
        ],
        [
            {"location": [[
                {"latitude": 64.232816},
                {"longitude": 27.726405}
            ]]},
            {"altitude": 130},
            {"distance_km": 0.54},
            {"speed_kmh": 4.5},
            {"timestamp": "Sat Apr 22 16:05:35 UTC 2017"}
        ],
        [
            {"location": [[
                {"latitude": 64.232821},
                {"longitude": 27.726158}
            ]]},
            {"altitude": 130.5},
            {"distance_km": 0.55},
            {"speed_kmh": 4.5},
            {"timestamp": "Sat Apr 22 16:05:41 UTC 2017"}
        ],
        [
            {"location": [[
                {"latitude": 64.232846},
                {"longitude": 27.725928}
            ]]},
            {"altitude": 130},
            {"distance_km": 0.56},
            {"speed_kmh": 5.4},
            {"timestamp": "Sat Apr 22 16:05:47 UTC 2017"}
        ],
        [
            {"location": [[
                {"latitude": 64.232877},
                {"longitude": 27.725672}
            ]]},
            {"altitude": 130.5},
            {"distance_km": 0.57},
            {"speed_kmh": 5.4},
            {"timestamp": "Sat Apr 22 16:05:53 UTC 2017"}
        ],
        [
            {"location": [[
                {"latitude": 64.232932},
                {"longitude": 27.725467}
            ]]},
            {"altitude": 129.5},
            {"distance_km": 0.58},
            {"speed_kmh": 5.4},
            {"timestamp": "Sat Apr 22 16:05:59 UTC 2017"}
        ],
        [
            {"location": [[
                {"latitude": 64.232945},
                {"longitude": 27.725217}
            ]]},
            {"altitude": 127.5},
            {"distance_km": 0.6},
            {"speed_kmh": 5.4},
            {"timestamp": "Sat Apr 22 16:06:06 UTC 2017"}
        ],
        [
            {"location": [[
                {"latitude": 64.232959},
                {"longitude": 27.72501}
            ]]},
            {"altitude": 129.5},
            {"distance_km": 0.61},
            {"speed_kmh": 5.4},
            {"timestamp": "Sat Apr 22 16:06:12 UTC 2017"}
        ],
        [
            {"location": [[
                {"latitude": 64.233005},
                {"longitude": 27.724803}
            ]]},
            {"altitude": 133.5},
            {"distance_km": 0.62},
            {"speed_kmh": 5.4},
            {"timestamp": "Sat Apr 22 16:06:18 UTC 2017"}
        ],
        [
            {"location": [[
                {"latitude": 64.233048},
                {"longitude": 27.724578}
            ]]},
            {"altitude": 135.5},
            {"distance_km": 0.63},
            {"speed_kmh": 4.5},
            {"timestamp": "Sat Apr 22 16:06:26 UTC 2017"}
        ],
        [
            {"location": [[
                {"latitude": 64.233016},
                {"longitude": 27.724367}
            ]]},
            {"altitude": 140},
            {"distance_km": 0.64},
            {"speed_kmh": 3.6},
            {"timestamp": "Sat Apr 22 16:06:44 UTC 2017"}
        ],
        [
            {"location": [[
                {"latitude": 64.232919},
                {"longitude": 27.724174}
            ]]},
            {"altitude": 139.5},
            {"distance_km": 0.65},
            {"speed_kmh": 6.3},
            {"timestamp": "Sat Apr 22 16:06:52 UTC 2017"}
        ],
        [
            {"location": [[
                {"latitude": 64.232832},
                {"longitude": 27.72402}
            ]]},
            {"altitude": 143},
            {"distance_km": 0.67},
            {"speed_kmh": 5.4},
            {"timestamp": "Sat Apr 22 16:06:58 UTC 2017"}
        ],
        [
            {"location": [[
                {"latitude": 64.232762},
                {"longitude": 27.723859}
            ]]},
            {"altitude": 145},
            {"distance_km": 0.68},
            {"speed_kmh": 5.4},
            {"timestamp": "Sat Apr 22 16:07:05 UTC 2017"}
        ],
        [
            {"location": [[
                {"latitude": 64.232704},
                {"longitude": 27.7237}
            ]]},
            {"altitude": 145.5},
            {"distance_km": 0.69},
            {"speed_kmh": 5.4},
            {"timestamp": "Sat Apr 22 16:07:11 UTC 2017"}
        ],
        [
            {"location": [[
                {"latitude": 64.232618},
                {"longitude": 27.723546}
            ]]},
            {"altitude": 148},
            {"distance_km": 0.7},
            {"speed_kmh": 5.4},
            {"timestamp": "Sat Apr 22 16:07:19 UTC 2017"}
        ],
        [
            {"location": [[
                {"latitude": 64.232545},
                {"longitude": 27.723397}
            ]]},
            {"altitude": 148},
            {"distance_km": 0.71},
            {"speed_kmh": 5.4},
            {"timestamp": "Sat Apr 22 16:07:25 UTC 2017"}
        ],
        [
            {"location": [[
                {"latitude": 64.232451},
                {"longitude": 27.723259}
            ]]},
            {"altitude": 149.5},
            {"distance_km": 0.72},
            {"speed_kmh": 6.3},
            {"timestamp": "Sat Apr 22 16:07:31 UTC 2017"}
        ],
        [
            {"location": [[
                {"latitude": 64.232369},
                {"longitude": 27.723127}
            ]]},
            {"altitude": 155.5},
            {"distance_km": 0.73},
            {"speed_kmh": 6.3},
            {"timestamp": "Sat Apr 22 16:07:37 UTC 2017"}
        ],
        [
            {"location": [[
                {"latitude": 64.232277},
                {"longitude": 27.723116}
            ]]},
            {"altitude": 142},
            {"distance_km": 0.74},
            {"speed_kmh": 6.3},
            {"timestamp": "Sat Apr 22 16:07:43 UTC 2017"}
        ],
        [
            {"location": [[
                {"latitude": 64.232175},
                {"longitude": 27.723037}
            ]]},
            {"altitude": 140.5},
            {"distance_km": 0.76},
            {"speed_kmh": 4.5},
            {"timestamp": "Sat Apr 22 16:07:51 UTC 2017"}
        ],
        [
            {"location": [[
                {"latitude": 64.232222},
                {"longitude": 27.722849}
            ]]},
            {"altitude": 135},
            {"distance_km": 0.77},
            {"speed_kmh": 5.4},
            {"timestamp": "Sat Apr 22 16:08:01 UTC 2017"}
        ],
        [
            {"location": [[
                {"latitude": 64.232247},
                {"longitude": 27.722623}
            ]]},
            {"altitude": 134},
            {"distance_km": 0.78},
            {"speed_kmh": 4.5},
            {"timestamp": "Sat Apr 22 16:08:09 UTC 2017"}
        ],
        [
            {"location": [[
                {"latitude": 64.232293},
                {"longitude": 27.722425}
            ]]},
            {"altitude": 131},
            {"distance_km": 0.79},
            {"speed_kmh": 4.5},
            {"timestamp": "Sat Apr 22 16:08:16 UTC 2017"}
        ],
        [
            {"location": [[
                {"latitude": 64.232353},
                {"longitude": 27.722233}
            ]]},
            {"altitude": 129},
            {"distance_km": 0.8},
            {"speed_kmh": 4.5},
            {"timestamp": "Sat Apr 22 16:08:24 UTC 2017"}
        ],
        [
            {"location": [[
                {"latitude": 64.232426},
                {"longitude": 27.722049}
            ]]},
            {"altitude": 128},
            {"distance_km": 0.81},
            {"speed_kmh": 4.5},
            {"timestamp": "Sat Apr 22 16:08:32 UTC 2017"}
        ],
        [
            {"location": [[
                {"latitude": 64.232474},
                {"longitude": 27.721853}
            ]]},
            {"altitude": 123},
            {"distance_km": 0.82},
            {"speed_kmh": 4.5},
            {"timestamp": "Sat Apr 22 16:08:40 UTC 2017"}
        ],
        [
            {"location": [[
                {"latitude": 64.232382},
                {"longitude": 27.721804}
            ]]},
            {"altitude": 128},
            {"distance_km": 0.83},
            {"speed_kmh": 3.6},
            {"timestamp": "Sat Apr 22 16:08:56 UTC 2017"}
        ],
        [
            {"location": [[
                {"latitude": 64.2323},
                {"longitude": 27.721717}
            ]]},
            {"altitude": 124.5},
            {"distance_km": 0.84},
            {"speed_kmh": 3.6},
            {"timestamp": "Sat Apr 22 16:09:06 UTC 2017"}
        ],
        [
            {"location": [[
                {"latitude": 64.232236},
                {"longitude": 27.721884}
            ]]},
            {"altitude": 123.5},
            {"distance_km": 0.85},
            {"speed_kmh": 3.6},
            {"timestamp": "Sat Apr 22 16:09:21 UTC 2017"}
        ],
        [
            {"location": [[
                {"latitude": 64.232141},
                {"longitude": 27.722042}
            ]]},
            {"altitude": 120},
            {"distance_km": 0.87},
            {"speed_kmh": 3.6},
            {"timestamp": "Sat Apr 22 16:09:29 UTC 2017"}
        ],
        [
            {"location": [[
                {"latitude": 64.232058},
                {"longitude": 27.722222}
            ]]},
            {"altitude": 119},
            {"distance_km": 0.88},
            {"speed_kmh": 0},
            {"timestamp": "Sat Apr 22 16:09:39 UTC 2017"}
        ],
        [
            {"location": [[
                {"latitude": 64.231976},
                {"longitude": 27.722323}
            ]]},
            {"altitude": 116},
            {"distance_km": 0.89},
            {"speed_kmh": 2.7},
            {"timestamp": "Sat Apr 22 16:09:51 UTC 2017"}
        ],
        [
            {"location": [[
                {"latitude": 64.231876},
                {"longitude": 27.722463}
            ]]},
            {"altitude": 116},
            {"distance_km": 0.9},
            {"speed_kmh": 3.6},
            {"timestamp": "Sat Apr 22 16:09:59 UTC 2017"}
        ],
        [
            {"location": [[
                {"latitude": 64.2318},
                {"longitude": 27.722665}
            ]]},
            {"altitude": 113.5},
            {"distance_km": 0.92},
            {"speed_kmh": 3.6},
            {"timestamp": "Sat Apr 22 16:10:07 UTC 2017"}
        ],
        [
            {"location": [[
                {"latitude": 64.231733},
                {"longitude": 27.722826}
            ]]},
            {"altitude": 113},
            {"distance_km": 0.93},
            {"speed_kmh": 3.6},
            {"timestamp": "Sat Apr 22 16:10:14 UTC 2017"}
        ],
        [
            {"location": [[
                {"latitude": 64.231669},
                {"longitude": 27.723024}
            ]]},
            {"altitude": 115.5},
            {"distance_km": 0.94},
            {"speed_kmh": 3.6},
            {"timestamp": "Sat Apr 22 16:10:22 UTC 2017"}
        ],
        [
            {"location": [[
                {"latitude": 64.231645},
                {"longitude": 27.723267}
            ]]},
            {"altitude": 112.5},
            {"distance_km": 0.95},
            {"speed_kmh": 4.5},
            {"timestamp": "Sat Apr 22 16:10:28 UTC 2017"}
        ],
        [
            {"location": [[
                {"latitude": 64.231601},
                {"longitude": 27.723466}
            ]]},
            {"altitude": 112},
            {"distance_km": 0.96},
            {"speed_kmh": 3.6},
            {"timestamp": "Sat Apr 22 16:10:36 UTC 2017"}
        ],
        [
            {"location": [[
                {"latitude": 64.231516},
                {"longitude": 27.723599}
            ]]},
            {"altitude": 115.5},
            {"distance_km": 0.97},
            {"speed_kmh": 3.6},
            {"timestamp": "Sat Apr 22 16:10:44 UTC 2017"}
        ],
        [
            {"location": [[
                {"latitude": 64.231435},
                {"longitude": 27.72375}
            ]]},
            {"altitude": 118.5},
            {"distance_km": 0.98},
            {"speed_kmh": 3.6},
            {"timestamp": "Sat Apr 22 16:10:52 UTC 2017"}
        ],
        [
            {"location": [[
                {"latitude": 64.231358},
                {"longitude": 27.723887}
            ]]},
            {"altitude": 115.5},
            {"distance_km": 1},
            {"speed_kmh": 3.6},
            {"timestamp": "Sat Apr 22 16:11:00 UTC 2017"}
        ],
        [
            {"location": [[
                {"latitude": 64.23132},
                {"longitude": 27.724151}
            ]]},
            {"altitude": 113},
            {"distance_km": 1.01},
            {"speed_kmh": 6.3},
            {"timestamp": "Sat Apr 22 16:11:11 UTC 2017"}
        ],
        [
            {"location": [[
                {"latitude": 64.231285},
                {"longitude": 27.724382}
            ]]},
            {"altitude": 107.5},
            {"distance_km": 1.02},
            {"speed_kmh": 5.4},
            {"timestamp": "Sat Apr 22 16:11:17 UTC 2017"}
        ],
        [
            {"location": [[
                {"latitude": 64.231241},
                {"longitude": 27.724582}
            ]]},
            {"altitude": 106.5},
            {"distance_km": 1.03},
            {"speed_kmh": 5.4},
            {"timestamp": "Sat Apr 22 16:11:23 UTC 2017"}
        ],
        [
            {"location": [[
                {"latitude": 64.231207},
                {"longitude": 27.724774}
            ]]},
            {"altitude": 105},
            {"distance_km": 1.04},
            {"speed_kmh": 5.4},
            {"timestamp": "Sat Apr 22 16:11:29 UTC 2017"}
        ],
        [
            {"location": [[
                {"latitude": 64.231228},
                {"longitude": 27.725042}
            ]]},
            {"altitude": 103},
            {"distance_km": 1.06},
            {"speed_kmh": 4.5},
            {"timestamp": "Sat Apr 22 16:11:37 UTC 2017"}
        ],
        [
            {"location": [[
                {"latitude": 64.231202},
                {"longitude": 27.725286}
            ]]},
            {"altitude": 100.5},
            {"distance_km": 1.07},
            {"speed_kmh": 5.4},
            {"timestamp": "Sat Apr 22 16:11:53 UTC 2017"}
        ],
        [
            {"location": [[
                {"latitude": 64.23118},
                {"longitude": 27.72549}
            ]]},
            {"altitude": 100.5},
            {"distance_km": 1.08},
            {"speed_kmh": 6.3},
            {"timestamp": "Sat Apr 22 16:11:59 UTC 2017"}
        ],
        [
            {"location": [[
                {"latitude": 64.231136},
                {"longitude": 27.72569}
            ]]},
            {"altitude": 100},
            {"distance_km": 1.09},
            {"speed_kmh": 6.3},
            {"timestamp": "Sat Apr 22 16:12:06 UTC 2017"}
        ],
        [
            {"location": [[
                {"latitude": 64.231143},
                {"longitude": 27.725906}
            ]]},
            {"altitude": 99},
            {"distance_km": 1.1},
            {"speed_kmh": 5.4},
            {"timestamp": "Sat Apr 22 16:12:12 UTC 2017"}
        ],
        [
            {"location": [[
                {"latitude": 64.231119},
                {"longitude": 27.72617}
            ]]},
            {"altitude": 102.5},
            {"distance_km": 1.11},
            {"speed_kmh": 6.3},
            {"timestamp": "Sat Apr 22 16:12:20 UTC 2017"}
        ],
        [
            {"location": [[
                {"latitude": 64.231141},
                {"longitude": 27.726442}
            ]]},
            {"altitude": 102.5},
            {"distance_km": 1.13},
            {"speed_kmh": 5.4},
            {"timestamp": "Sat Apr 22 16:12:28 UTC 2017"}
        ],
        [
            {"location": [[
                {"latitude": 64.231114},
                {"longitude": 27.726651}
            ]]},
            {"altitude": 104.5},
            {"distance_km": 1.14},
            {"speed_kmh": 6.3},
            {"timestamp": "Sat Apr 22 16:12:34 UTC 2017"}
        ],
        [
            {"location": [[
                {"latitude": 64.23109},
                {"longitude": 27.726902}
            ]]},
            {"altitude": 104},
            {"distance_km": 1.15},
            {"speed_kmh": 6.3},
            {"timestamp": "Sat Apr 22 16:12:42 UTC 2017"}
        ],
        [
            {"location": [[
                {"latitude": 64.231064},
                {"longitude": 27.727141}
            ]]},
            {"altitude": 103.5},
            {"distance_km": 1.16},
            {"speed_kmh": 4.5},
            {"timestamp": "Sat Apr 22 16:12:50 UTC 2017"}
        ],
        [
            {"location": [[
                {"latitude": 64.231005},
                {"longitude": 27.727363}
            ]]},
            {"altitude": 104.5},
            {"distance_km": 1.17},
            {"speed_kmh": 6.3},
            {"timestamp": "Sat Apr 22 16:12:58 UTC 2017"}
        ],
        [
            {"location": [[
                {"latitude": 64.230967},
                {"longitude": 27.727556}
            ]]},
            {"altitude": 106.5},
            {"distance_km": 1.18},
            {"speed_kmh": 6.3},
            {"timestamp": "Sat Apr 22 16:13:05 UTC 2017"}
        ],
        [
            {"location": [[
                {"latitude": 64.230936},
                {"longitude": 27.727803}
            ]]},
            {"altitude": 109},
            {"distance_km": 1.2},
            {"speed_kmh": 5.4},
            {"timestamp": "Sat Apr 22 16:13:13 UTC 2017"}
        ],
        [
            {"location": [[
                {"latitude": 64.230901},
                {"longitude": 27.728011}
            ]]},
            {"altitude": 111},
            {"distance_km": 1.21},
            {"speed_kmh": 5.4},
            {"timestamp": "Sat Apr 22 16:13:21 UTC 2017"}
        ],
        [
            {"location": [[
                {"latitude": 64.23082},
                {"longitude": 27.728177}
            ]]},
            {"altitude": 113.5},
            {"distance_km": 1.22},
            {"speed_kmh": 5.4},
            {"timestamp": "Sat Apr 22 16:13:29 UTC 2017"}
        ],
        [
            {"location": [[
                {"latitude": 64.23074},
                {"longitude": 27.728288}
            ]]},
            {"altitude": 119.5},
            {"distance_km": 1.23},
            {"speed_kmh": 4.5},
            {"timestamp": "Sat Apr 22 16:13:35 UTC 2017"}
        ],
        [
            {"location": [[
                {"latitude": 64.230674},
                {"longitude": 27.728477}
            ]]},
            {"altitude": 123},
            {"distance_km": 1.24},
            {"speed_kmh": 4.5},
            {"timestamp": "Sat Apr 22 16:13:43 UTC 2017"}
        ],
        [
            {"location": [[
                {"latitude": 64.230606},
                {"longitude": 27.728648}
            ]]},
            {"altitude": 127.5},
            {"distance_km": 1.25},
            {"speed_kmh": 4.5},
            {"timestamp": "Sat Apr 22 16:13:51 UTC 2017"}
        ],
        [
            {"location": [[
                {"latitude": 64.230518},
                {"longitude": 27.728768}
            ]]},
            {"altitude": 134.5},
            {"distance_km": 1.26},
            {"speed_kmh": 4.5},
            {"timestamp": "Sat Apr 22 16:14:00 UTC 2017"}
        ],
        [
            {"location": [[
                {"latitude": 64.230442},
                {"longitude": 27.728879}
            ]]},
            {"altitude": 137.5},
            {"distance_km": 1.27},
            {"speed_kmh": 4.5},
            {"timestamp": "Sat Apr 22 16:14:08 UTC 2017"}
        ],
        [
            {"location": [[
                {"latitude": 64.230394},
                {"longitude": 27.729113}
            ]]},
            {"altitude": 129.5},
            {"distance_km": 1.29},
            {"speed_kmh": 4.5},
            {"timestamp": "Sat Apr 22 16:14:18 UTC 2017"}
        ],
        [
            {"location": [[
                {"latitude": 64.230376},
                {"longitude": 27.729365}
            ]]},
            {"altitude": 121},
            {"distance_km": 1.3},
            {"speed_kmh": 4.5},
            {"timestamp": "Sat Apr 22 16:14:26 UTC 2017"}
        ],
        [
            {"location": [[
                {"latitude": 64.230376},
                {"longitude": 27.729622}
            ]]},
            {"altitude": 114},
            {"distance_km": 1.31},
            {"speed_kmh": 3.6},
            {"timestamp": "Sat Apr 22 16:14:34 UTC 2017"}
        ],
        [
            {"location": [[
                {"latitude": 64.230351},
                {"longitude": 27.729821}
            ]]},
            {"altitude": 113.5},
            {"distance_km": 1.32},
            {"speed_kmh": 3.6},
            {"timestamp": "Sat Apr 22 16:14:42 UTC 2017"}
        ],
        [
            {"location": [[
                {"latitude": 64.230305},
                {"longitude": 27.730008}
            ]]},
            {"altitude": 116.5},
            {"distance_km": 1.33},
            {"speed_kmh": 3.6},
            {"timestamp": "Sat Apr 22 16:14:51 UTC 2017"}
        ],
        [
            {"location": [[
                {"latitude": 64.230243},
                {"longitude": 27.730185}
            ]]},
            {"altitude": 121},
            {"distance_km": 1.34},
            {"speed_kmh": 3.6},
            {"timestamp": "Sat Apr 22 16:14:59 UTC 2017"}
        ],
        [
            {"location": [[
                {"latitude": 64.230183},
                {"longitude": 27.730395}
            ]]},
            {"altitude": 124},
            {"distance_km": 1.35},
            {"speed_kmh": 4.5},
            {"timestamp": "Sat Apr 22 16:15:07 UTC 2017"}
        ],
        [
            {"location": [[
                {"latitude": 64.230166},
                {"longitude": 27.730608}
            ]]},
            {"altitude": 125},
            {"distance_km": 1.36},
            {"speed_kmh": 3.6},
            {"timestamp": "Sat Apr 22 16:15:15 UTC 2017"}
        ],
        [
            {"location": [[
                {"latitude": 64.230096},
                {"longitude": 27.730743}
            ]]},
            {"altitude": 126},
            {"distance_km": 1.37},
            {"speed_kmh": 3.6},
            {"timestamp": "Sat Apr 22 16:15:25 UTC 2017"}
        ],
        [
            {"location": [[
                {"latitude": 64.230097},
                {"longitude": 27.730951}
            ]]},
            {"altitude": 126},
            {"distance_km": 1.38},
            {"speed_kmh": 3.6},
            {"timestamp": "Sat Apr 22 16:15:37 UTC 2017"}
        ],
        [
            {"location": [[
                {"latitude": 64.230085},
                {"longitude": 27.731191}
            ]]},
            {"altitude": 126.5},
            {"distance_km": 1.4},
            {"speed_kmh": 3.6},
            {"timestamp": "Sat Apr 22 16:15:48 UTC 2017"}
        ],
        [
            {"location": [[
                {"latitude": 64.23015},
                {"longitude": 27.73134}
            ]]},
            {"altitude": 129},
            {"distance_km": 1.41},
            {"speed_kmh": 3.6},
            {"timestamp": "Sat Apr 22 16:16:04 UTC 2017"}
        ],
        [
            {"location": [[
                {"latitude": 64.230252},
                {"longitude": 27.73135}
            ]]},
            {"altitude": 125},
            {"distance_km": 1.42},
            {"speed_kmh": 2.7},
            {"timestamp": "Sat Apr 22 16:16:18 UTC 2017"}
        ],
        [
            {"location": [[
                {"latitude": 64.230338},
                {"longitude": 27.731208}
            ]]},
            {"altitude": 124.5},
            {"distance_km": 1.43},
            {"speed_kmh": 3.6},
            {"timestamp": "Sat Apr 22 16:16:30 UTC 2017"}
        ],
        [
            {"location": [[
                {"latitude": 64.230409},
                {"longitude": 27.731069}
            ]]},
            {"altitude": 123.5},
            {"distance_km": 1.44},
            {"speed_kmh": 3.6},
            {"timestamp": "Sat Apr 22 16:16:38 UTC 2017"}
        ],
        [
            {"location": [[
                {"latitude": 64.230466},
                {"longitude": 27.730865}
            ]]},
            {"altitude": 120},
            {"distance_km": 1.45},
            {"speed_kmh": 3.6},
            {"timestamp": "Sat Apr 22 16:16:50 UTC 2017"}
        ],
        [
            {"location": [[
                {"latitude": 64.230548},
                {"longitude": 27.73069}
            ]]},
            {"altitude": 126},
            {"distance_km": 1.46},
            {"speed_kmh": 3.6},
            {"timestamp": "Sat Apr 22 16:17:05 UTC 2017"}
        ],
        [
            {"location": [[
                {"latitude": 64.23059},
                {"longitude": 27.730451}
            ]]},
            {"altitude": 127},
            {"distance_km": 1.48},
            {"speed_kmh": 5.4},
            {"timestamp": "Sat Apr 22 16:17:15 UTC 2017"}
        ],
        [
            {"location": [[
                {"latitude": 64.230635},
                {"longitude": 27.73027}
            ]]},
            {"altitude": 129},
            {"distance_km": 1.49},
            {"speed_kmh": 5.4},
            {"timestamp": "Sat Apr 22 16:17:19 UTC 2017"}
        ],
        [
            {"location": [[
                {"latitude": 64.230683},
                {"longitude": 27.730075}
            ]]},
            {"altitude": 127},
            {"distance_km": 1.5},
            {"speed_kmh": 4.5},
            {"timestamp": "Sat Apr 22 16:17:25 UTC 2017"}
        ],
        [
            {"location": [[
                {"latitude": 64.230738},
                {"longitude": 27.729871}
            ]]},
            {"altitude": 127},
            {"distance_km": 1.51},
            {"speed_kmh": 4.5},
            {"timestamp": "Sat Apr 22 16:17:33 UTC 2017"}
        ],
        [
            {"location": [[
                {"latitude": 64.230785},
                {"longitude": 27.729656}
            ]]},
            {"altitude": 126.5},
            {"distance_km": 1.52},
            {"speed_kmh": 4.5},
            {"timestamp": "Sat Apr 22 16:17:41 UTC 2017"}
        ],
        [
            {"location": [[
                {"latitude": 64.23083},
                {"longitude": 27.72947}
            ]]},
            {"altitude": 129.5},
            {"distance_km": 1.53},
            {"speed_kmh": 4.5},
            {"timestamp": "Sat Apr 22 16:17:48 UTC 2017"}
        ],
        [
            {"location": [[
                {"latitude": 64.23087},
                {"longitude": 27.729247}
            ]]},
            {"altitude": 134.5},
            {"distance_km": 1.54},
            {"speed_kmh": 3.6},
            {"timestamp": "Sat Apr 22 16:18:00 UTC 2017"}
        ],
        [
            {"location": [[
                {"latitude": 64.230919},
                {"longitude": 27.729059}
            ]]},
            {"altitude": 133},
            {"distance_km": 1.55},
            {"speed_kmh": 3.6},
            {"timestamp": "Sat Apr 22 16:18:06 UTC 2017"}
        ],
        [
            {"location": [[
                {"latitude": 64.230971},
                {"longitude": 27.728843}
            ]]},
            {"altitude": 134.5},
            {"distance_km": 1.57},
            {"speed_kmh": 3.6},
            {"timestamp": "Sat Apr 22 16:18:14 UTC 2017"}
        ],
        [
            {"location": [[
                {"latitude": 64.231028},
                {"longitude": 27.728644}
            ]]},
            {"altitude": 135.5},
            {"distance_km": 1.58},
            {"speed_kmh": 5.4},
            {"timestamp": "Sat Apr 22 16:18:22 UTC 2017"}
        ],
        [
            {"location": [[
                {"latitude": 64.231077},
                {"longitude": 27.728385}
            ]]},
            {"altitude": 128},
            {"distance_km": 1.59},
            {"speed_kmh": 4.5},
            {"timestamp": "Sat Apr 22 16:18:28 UTC 2017"}
        ],
        [
            {"location": [[
                {"latitude": 64.231116},
                {"longitude": 27.728167}
            ]]},
            {"altitude": 128},
            {"distance_km": 1.6},
            {"speed_kmh": 4.5},
            {"timestamp": "Sat Apr 22 16:18:34 UTC 2017"}
        ],
        [
            {"location": [[
                {"latitude": 64.231129},
                {"longitude": 27.727953}
            ]]},
            {"altitude": 132.5},
            {"distance_km": 1.61},
            {"speed_kmh": 4.5},
            {"timestamp": "Sat Apr 22 16:18:40 UTC 2017"}
        ],
        [
            {"location": [[
                {"latitude": 64.231179},
                {"longitude": 27.72771}
            ]]},
            {"altitude": 132},
            {"distance_km": 1.63},
            {"speed_kmh": 4.5},
            {"timestamp": "Sat Apr 22 16:18:49 UTC 2017"}
        ],
        [
            {"location": [[
                {"latitude": 64.231221},
                {"longitude": 27.727473}
            ]]},
            {"altitude": 135},
            {"distance_km": 1.64},
            {"speed_kmh": 4.5},
            {"timestamp": "Sat Apr 22 16:18:57 UTC 2017"}
        ],
        [
            {"location": [[
                {"latitude": 64.231269},
                {"longitude": 27.727277}
            ]]},
            {"altitude": 137},
            {"distance_km": 1.65},
            {"speed_kmh": 4.5},
            {"timestamp": "Sat Apr 22 16:19:03 UTC 2017"}
        ],
        [
            {"location": [[
                {"latitude": 64.231286},
                {"longitude": 27.726973}
            ]]},
            {"altitude": 135},
            {"distance_km": 1.66},
            {"speed_kmh": 4.5},
            {"timestamp": "Sat Apr 22 16:19:11 UTC 2017"}
        ],
        [
            {"location": [[
                {"latitude": 64.231342},
                {"longitude": 27.726763}
            ]]},
            {"altitude": 135.5},
            {"distance_km": 1.68},
            {"speed_kmh": 4.5},
            {"timestamp": "Sat Apr 22 16:19:19 UTC 2017"}
        ],
        [
            {"location": [[
                {"latitude": 64.231399},
                {"longitude": 27.726597}
            ]]},
            {"altitude": 143},
            {"distance_km": 1.69},
            {"speed_kmh": 0.9},
            {"timestamp": "Sat Apr 22 16:19:29 UTC 2017"}
        ],
        [
            {"location": [[
                {"latitude": 64.231472},
                {"longitude": 27.726423}
            ]]},
            {"altitude": 141.5},
            {"distance_km": 1.7},
            {"speed_kmh": 2.7},
            {"timestamp": "Sat Apr 22 16:19:39 UTC 2017"}
        ],
        [
            {"location": [[
                {"latitude": 64.23153},
                {"longitude": 27.726239}
            ]]},
            {"altitude": 141.5},
            {"distance_km": 1.71},
            {"speed_kmh": 2.7},
            {"timestamp": "Sat Apr 22 16:19:46 UTC 2017"}
        ],
        [
            {"location": [[
                {"latitude": 64.231587},
                {"longitude": 27.726433}
            ]]},
            {"altitude": 151},
            {"distance_km": 1.72},
            {"speed_kmh": 3.6},
            {"timestamp": "Sat Apr 22 16:20:12 UTC 2017"}
        ],
        [
            {"location": [[
                {"latitude": 64.231619},
                {"longitude": 27.72664}
            ]]},
            {"altitude": 150},
            {"distance_km": 1.73},
            {"speed_kmh": 3.6},
            {"timestamp": "Sat Apr 22 16:20:20 UTC 2017"}
        ],
        [
            {"location": [[
                {"latitude": 64.231626},
                {"longitude": 27.726848}
            ]]},
            {"altitude": 150},
            {"distance_km": 1.74},
            {"speed_kmh": 4.5},
            {"timestamp": "Sat Apr 22 16:20:26 UTC 2017"}
        ],
        [
            {"location": [[
                {"latitude": 64.231646},
                {"longitude": 27.727097}
            ]]},
            {"altitude": 148},
            {"distance_km": 1.75},
            {"speed_kmh": 4.5},
            {"timestamp": "Sat Apr 22 16:20:34 UTC 2017"}
        ],
        [
            {"location": [[
                {"latitude": 64.231632},
                {"longitude": 27.727312}
            ]]},
            {"altitude": 147.5},
            {"distance_km": 1.76},
            {"speed_kmh": 5.4},
            {"timestamp": "Sat Apr 22 16:20:41 UTC 2017"}
        ],
        [
            {"location": [[
                {"latitude": 64.231621},
                {"longitude": 27.727536}
            ]]},
            {"altitude": 147},
            {"distance_km": 1.77},
            {"speed_kmh": 5.4},
            {"timestamp": "Sat Apr 22 16:20:47 UTC 2017"}
        ],
        [
            {"location": [[
                {"latitude": 64.23162},
                {"longitude": 27.727749}
            ]]},
            {"altitude": 146.5},
            {"distance_km": 1.78},
            {"speed_kmh": 5.4},
            {"timestamp": "Sat Apr 22 16:20:53 UTC 2017"}
        ],
        [
            {"location": [[
                {"latitude": 64.231622},
                {"longitude": 27.728008}
            ]]},
            {"altitude": 147.5},
            {"distance_km": 1.8},
            {"speed_kmh": 5.4},
            {"timestamp": "Sat Apr 22 16:21:01 UTC 2017"}
        ],
        [
            {"location": [[
                {"latitude": 64.231632},
                {"longitude": 27.728239}
            ]]},
            {"altitude": 149},
            {"distance_km": 1.81},
            {"speed_kmh": 5.4},
            {"timestamp": "Sat Apr 22 16:21:07 UTC 2017"}
        ],
        [
            {"location": [[
                {"latitude": 64.231659},
                {"longitude": 27.728492}
            ]]},
            {"altitude": 147},
            {"distance_km": 1.82},
            {"speed_kmh": 5.4},
            {"timestamp": "Sat Apr 22 16:21:15 UTC 2017"}
        ],
        [
            {"location": [[
                {"latitude": 64.231676},
                {"longitude": 27.728752}
            ]]},
            {"altitude": 148},
            {"distance_km": 1.83},
            {"speed_kmh": 5.4},
            {"timestamp": "Sat Apr 22 16:21:23 UTC 2017"}
        ],
        [
            {"location": [[
                {"latitude": 64.231655},
                {"longitude": 27.729015}
            ]]},
            {"altitude": 148.5},
            {"distance_km": 1.85},
            {"speed_kmh": 5.4},
            {"timestamp": "Sat Apr 22 16:21:31 UTC 2017"}
        ],
        [
            {"location": [[
                {"latitude": 64.231645},
                {"longitude": 27.729223}
            ]]},
            {"altitude": 151},
            {"distance_km": 1.86},
            {"speed_kmh": 5.4},
            {"timestamp": "Sat Apr 22 16:21:38 UTC 2017"}
        ],
        [
            {"location": [[
                {"latitude": 64.231653},
                {"longitude": 27.729438}
            ]]},
            {"altitude": 151.5},
            {"distance_km": 1.87},
            {"speed_kmh": 4.5},
            {"timestamp": "Sat Apr 22 16:21:46 UTC 2017"}
        ],
        [
            {"location": [[
                {"latitude": 64.231739},
                {"longitude": 27.729536}
            ]]},
            {"altitude": 153},
            {"distance_km": 1.88},
            {"speed_kmh": 0.9},
            {"timestamp": "Sat Apr 22 16:22:12 UTC 2017"}
        ],
        [
            {"location": [[
                {"latitude": 64.231753},
                {"longitude": 27.729542}
            ]]},
            {"altitude": 152.5},
            {"distance_km": 1.88},
            {"speed_kmh": 1.8},
            {"timestamp": "Sat Apr 22 16:22:14 UTC 2017"}
        ],
        [
            {"location": [[
                {"latitude": 64.231753},
                {"longitude": 27.729542}
            ]]},
            {"altitude": 152.5},
            {"distance_km": 1.88},
            {"speed_kmh": 1.8},
            {"timestamp": "Sat Apr 22 16:22:15 UTC 2017"}
        ]
    ]}
]