[
    {"sport": "WALKING"},
    {"source": "TRACK_MOBILE"},
    {"created_date": "2017-03-06 04:34:31.0"},
    {"start_time": "2017-03-06 04:33:07.0"},
    {"end_time": "2017-03-06 04:51:49.0"},
    {"duration_s": 1121},
    {"distance_km": 1.3},
    {"calories_kcal": 98.4702},
    {"altitude_min_m": 134.5},
    {"altitude_max_m": 168},
    {"speed_avg_kmh": 4.174843889384478},
    {"speed_max_kmh": 9.9},
    {"ascend_m": 35},
    {"descend_m": 32.5},
    {"points": [
        [
            {"location": [[
                {"latitude": 64.231685},
                {"longitude": 27.729515}
            ]]},
            {"distance_km": 0},
            {"timestamp": "Mon Mar 06 04:33:07 UTC 2017"}
        ],
        [
            {"location": [[
                {"latitude": 64.231685},
                {"longitude": 27.729515}
            ]]},
            {"altitude": 142},
            {"distance_km": 0},
            {"speed_kmh": 0.9},
            {"timestamp": "Mon Mar 06 04:33:11 UTC 2017"}
        ],
        [
            {"location": [[
                {"latitude": 64.231655},
                {"longitude": 27.729715}
            ]]},
            {"altitude": 140.5},
            {"distance_km": 0.01},
            {"speed_kmh": 3.6},
            {"timestamp": "Mon Mar 06 04:33:55 UTC 2017"}
        ],
        [
            {"location": [[
                {"latitude": 64.231684},
                {"longitude": 27.729913}
            ]]},
            {"altitude": 141.5},
            {"distance_km": 0.02},
            {"speed_kmh": 4.5},
            {"timestamp": "Mon Mar 06 04:34:03 UTC 2017"}
        ],
        [
            {"location": [[
                {"latitude": 64.231762},
                {"longitude": 27.7301}
            ]]},
            {"altitude": 142},
            {"distance_km": 0.03},
            {"speed_kmh": 4.5},
            {"timestamp": "Mon Mar 06 04:34:13 UTC 2017"}
        ],
        [
            {"location": [[
                {"latitude": 64.231854},
                {"longitude": 27.730256}
            ]]},
            {"altitude": 142.5},
            {"distance_km": 0.05},
            {"speed_kmh": 4.5},
            {"timestamp": "Mon Mar 06 04:34:21 UTC 2017"}
        ],
        [
            {"location": [[
                {"latitude": 64.231947},
                {"longitude": 27.730382}
            ]]},
            {"altitude": 142},
            {"distance_km": 0.06},
            {"speed_kmh": 4.5},
            {"timestamp": "Mon Mar 06 04:34:29 UTC 2017"}
        ],
        [
            {"location": [[
                {"latitude": 64.232045},
                {"longitude": 27.730382}
            ]]},
            {"altitude": 143.5},
            {"distance_km": 0.07},
            {"speed_kmh": 4.5},
            {"timestamp": "Mon Mar 06 04:34:38 UTC 2017"}
        ],
        [
            {"location": [[
                {"latitude": 64.232086},
                {"longitude": 27.730197}
            ]]},
            {"altitude": 145.5},
            {"distance_km": 0.08},
            {"speed_kmh": 4.5},
            {"timestamp": "Mon Mar 06 04:34:45 UTC 2017"}
        ],
        [
            {"location": [[
                {"latitude": 64.232066},
                {"longitude": 27.730416}
            ]]},
            {"altitude": 145.5},
            {"distance_km": 0.09},
            {"speed_kmh": 4.5},
            {"timestamp": "Mon Mar 06 04:35:11 UTC 2017"}
        ],
        [
            {"location": [[
                {"latitude": 64.232121},
                {"longitude": 27.730638}
            ]]},
            {"altitude": 147},
            {"distance_km": 0.1},
            {"speed_kmh": 5.4},
            {"timestamp": "Mon Mar 06 04:35:19 UTC 2017"}
        ],
        [
            {"location": [[
                {"latitude": 64.232213},
                {"longitude": 27.730782}
            ]]},
            {"altitude": 147.5},
            {"distance_km": 0.11},
            {"speed_kmh": 5.4},
            {"timestamp": "Mon Mar 06 04:35:27 UTC 2017"}
        ],
        [
            {"location": [[
                {"latitude": 64.232298},
                {"longitude": 27.7309}
            ]]},
            {"altitude": 148},
            {"distance_km": 0.13},
            {"speed_kmh": 5.4},
            {"timestamp": "Mon Mar 06 04:35:35 UTC 2017"}
        ],
        [
            {"location": [[
                {"latitude": 64.232386},
                {"longitude": 27.73095}
            ]]},
            {"altitude": 143.5},
            {"distance_km": 0.14},
            {"speed_kmh": 0},
            {"timestamp": "Mon Mar 06 04:36:27 UTC 2017"}
        ],
        [
            {"location": [[
                {"latitude": 64.23249},
                {"longitude": 27.731027}
            ]]},
            {"altitude": 146},
            {"distance_km": 0.15},
            {"speed_kmh": 3.6},
            {"timestamp": "Mon Mar 06 04:37:39 UTC 2017"}
        ],
        [
            {"location": [[
                {"latitude": 64.232572},
                {"longitude": 27.731116}
            ]]},
            {"altitude": 144},
            {"distance_km": 0.16},
            {"speed_kmh": 4.5},
            {"timestamp": "Mon Mar 06 04:37:45 UTC 2017"}
        ],
        [
            {"location": [[
                {"latitude": 64.232676},
                {"longitude": 27.731203}
            ]]},
            {"altitude": 145.5},
            {"distance_km": 0.17},
            {"speed_kmh": 5.4},
            {"timestamp": "Mon Mar 06 04:37:51 UTC 2017"}
        ],
        [
            {"location": [[
                {"latitude": 64.23277},
                {"longitude": 27.731294}
            ]]},
            {"altitude": 151},
            {"distance_km": 0.18},
            {"speed_kmh": 5.4},
            {"timestamp": "Mon Mar 06 04:37:57 UTC 2017"}
        ],
        [
            {"location": [[
                {"latitude": 64.232868},
                {"longitude": 27.731395}
            ]]},
            {"altitude": 154.5},
            {"distance_km": 0.19},
            {"speed_kmh": 5.4},
            {"timestamp": "Mon Mar 06 04:38:04 UTC 2017"}
        ],
        [
            {"location": [[
                {"latitude": 64.232862},
                {"longitude": 27.731135}
            ]]},
            {"altitude": 159.5},
            {"distance_km": 0.21},
            {"speed_kmh": 4.5},
            {"timestamp": "Mon Mar 06 04:38:25 UTC 2017"}
        ],
        [
            {"location": [[
                {"latitude": 64.232873},
                {"longitude": 27.730898}
            ]]},
            {"altitude": 161},
            {"distance_km": 0.22},
            {"speed_kmh": 5.4},
            {"timestamp": "Mon Mar 06 04:38:31 UTC 2017"}
        ],
        [
            {"location": [[
                {"latitude": 64.232861},
                {"longitude": 27.730664}
            ]]},
            {"altitude": 159.5},
            {"distance_km": 0.23},
            {"speed_kmh": 5.4},
            {"timestamp": "Mon Mar 06 04:38:39 UTC 2017"}
        ],
        [
            {"location": [[
                {"latitude": 64.232853},
                {"longitude": 27.730442}
            ]]},
            {"altitude": 161},
            {"distance_km": 0.24},
            {"speed_kmh": 5.4},
            {"timestamp": "Mon Mar 06 04:38:45 UTC 2017"}
        ],
        [
            {"location": [[
                {"latitude": 64.232812},
                {"longitude": 27.730206}
            ]]},
            {"altitude": 161.5},
            {"distance_km": 0.25},
            {"speed_kmh": 5.4},
            {"timestamp": "Mon Mar 06 04:38:53 UTC 2017"}
        ],
        [
            {"location": [[
                {"latitude": 64.232789},
                {"longitude": 27.729981}
            ]]},
            {"altitude": 161},
            {"distance_km": 0.26},
            {"speed_kmh": 5.4},
            {"timestamp": "Mon Mar 06 04:38:59 UTC 2017"}
        ],
        [
            {"location": [[
                {"latitude": 64.232791},
                {"longitude": 27.729748}
            ]]},
            {"altitude": 161.5},
            {"distance_km": 0.27},
            {"speed_kmh": 6.3},
            {"timestamp": "Mon Mar 06 04:39:05 UTC 2017"}
        ],
        [
            {"location": [[
                {"latitude": 64.232775},
                {"longitude": 27.729513}
            ]]},
            {"altitude": 159.5},
            {"distance_km": 0.29},
            {"speed_kmh": 6.3},
            {"timestamp": "Mon Mar 06 04:39:11 UTC 2017"}
        ],
        [
            {"location": [[
                {"latitude": 64.232782},
                {"longitude": 27.729303}
            ]]},
            {"altitude": 160},
            {"distance_km": 0.3},
            {"speed_kmh": 8.1},
            {"timestamp": "Mon Mar 06 04:39:15 UTC 2017"}
        ],
        [
            {"location": [[
                {"latitude": 64.232785},
                {"longitude": 27.729044}
            ]]},
            {"altitude": 159.5},
            {"distance_km": 0.31},
            {"speed_kmh": 8.1},
            {"timestamp": "Mon Mar 06 04:39:21 UTC 2017"}
        ],
        [
            {"location": [[
                {"latitude": 64.232786},
                {"longitude": 27.728832}
            ]]},
            {"altitude": 157.5},
            {"distance_km": 0.32},
            {"speed_kmh": 8.1},
            {"timestamp": "Mon Mar 06 04:39:27 UTC 2017"}
        ],
        [
            {"location": [[
                {"latitude": 64.232806},
                {"longitude": 27.728549}
            ]]},
            {"altitude": 158.5},
            {"distance_km": 0.33},
            {"speed_kmh": 8.1},
            {"timestamp": "Mon Mar 06 04:39:33 UTC 2017"}
        ],
        [
            {"location": [[
                {"latitude": 64.232812},
                {"longitude": 27.728293}
            ]]},
            {"altitude": 161},
            {"distance_km": 0.35},
            {"speed_kmh": 8.1},
            {"timestamp": "Mon Mar 06 04:39:39 UTC 2017"}
        ],
        [
            {"location": [[
                {"latitude": 64.23282},
                {"longitude": 27.728066}
            ]]},
            {"altitude": 167},
            {"distance_km": 0.36},
            {"speed_kmh": 8.1},
            {"timestamp": "Mon Mar 06 04:39:45 UTC 2017"}
        ],
        [
            {"location": [[
                {"latitude": 64.232832},
                {"longitude": 27.727817}
            ]]},
            {"altitude": 168},
            {"distance_km": 0.37},
            {"speed_kmh": 8.1},
            {"timestamp": "Mon Mar 06 04:39:52 UTC 2017"}
        ],
        [
            {"location": [[
                {"latitude": 64.232843},
                {"longitude": 27.727602}
            ]]},
            {"altitude": 162.5},
            {"distance_km": 0.38},
            {"speed_kmh": 8.1},
            {"timestamp": "Mon Mar 06 04:39:59 UTC 2017"}
        ],
        [
            {"location": [[
                {"latitude": 64.232844},
                {"longitude": 27.727387}
            ]]},
            {"altitude": 160.5},
            {"distance_km": 0.39},
            {"speed_kmh": 4.5},
            {"timestamp": "Mon Mar 06 04:40:07 UTC 2017"}
        ],
        [
            {"location": [[
                {"latitude": 64.232861},
                {"longitude": 27.727166}
            ]]},
            {"altitude": 162.5},
            {"distance_km": 0.4},
            {"speed_kmh": 5.4},
            {"timestamp": "Mon Mar 06 04:40:15 UTC 2017"}
        ],
        [
            {"location": [[
                {"latitude": 64.232868},
                {"longitude": 27.726891}
            ]]},
            {"altitude": 160.5},
            {"distance_km": 0.41},
            {"speed_kmh": 6.3},
            {"timestamp": "Mon Mar 06 04:40:21 UTC 2017"}
        ],
        [
            {"location": [[
                {"latitude": 64.232885},
                {"longitude": 27.72668}
            ]]},
            {"altitude": 158},
            {"distance_km": 0.42},
            {"speed_kmh": 9},
            {"timestamp": "Mon Mar 06 04:40:25 UTC 2017"}
        ],
        [
            {"location": [[
                {"latitude": 64.232901},
                {"longitude": 27.726455}
            ]]},
            {"altitude": 154.5},
            {"distance_km": 0.43},
            {"speed_kmh": 9},
            {"timestamp": "Mon Mar 06 04:40:29 UTC 2017"}
        ],
        [
            {"location": [[
                {"latitude": 64.232916},
                {"longitude": 27.72617}
            ]]},
            {"altitude": 157.5},
            {"distance_km": 0.45},
            {"speed_kmh": 9},
            {"timestamp": "Mon Mar 06 04:40:35 UTC 2017"}
        ],
        [
            {"location": [[
                {"latitude": 64.232917},
                {"longitude": 27.725955}
            ]]},
            {"altitude": 157},
            {"distance_km": 0.46},
            {"speed_kmh": 7.2},
            {"timestamp": "Mon Mar 06 04:40:41 UTC 2017"}
        ],
        [
            {"location": [[
                {"latitude": 64.232935},
                {"longitude": 27.725684}
            ]]},
            {"altitude": 154.5},
            {"distance_km": 0.47},
            {"speed_kmh": 7.2},
            {"timestamp": "Mon Mar 06 04:40:49 UTC 2017"}
        ],
        [
            {"location": [[
                {"latitude": 64.232955},
                {"longitude": 27.725478}
            ]]},
            {"altitude": 155.5},
            {"distance_km": 0.48},
            {"speed_kmh": 7.2},
            {"timestamp": "Mon Mar 06 04:40:55 UTC 2017"}
        ],
        [
            {"location": [[
                {"latitude": 64.23298},
                {"longitude": 27.72526}
            ]]},
            {"altitude": 155},
            {"distance_km": 0.49},
            {"speed_kmh": 6.3},
            {"timestamp": "Mon Mar 06 04:41:03 UTC 2017"}
        ],
        [
            {"location": [[
                {"latitude": 64.233004},
                {"longitude": 27.725018}
            ]]},
            {"altitude": 154.5},
            {"distance_km": 0.51},
            {"speed_kmh": 6.3},
            {"timestamp": "Mon Mar 06 04:41:11 UTC 2017"}
        ],
        [
            {"location": [[
                {"latitude": 64.233038},
                {"longitude": 27.724753}
            ]]},
            {"altitude": 154.5},
            {"distance_km": 0.52},
            {"speed_kmh": 6.3},
            {"timestamp": "Mon Mar 06 04:41:19 UTC 2017"}
        ],
        [
            {"location": [[
                {"latitude": 64.23306},
                {"longitude": 27.724547}
            ]]},
            {"altitude": 154.5},
            {"distance_km": 0.53},
            {"speed_kmh": 6.3},
            {"timestamp": "Mon Mar 06 04:41:25 UTC 2017"}
        ],
        [
            {"location": [[
                {"latitude": 64.233091},
                {"longitude": 27.724344}
            ]]},
            {"altitude": 153},
            {"distance_km": 0.54},
            {"speed_kmh": 6.3},
            {"timestamp": "Mon Mar 06 04:41:31 UTC 2017"}
        ],
        [
            {"location": [[
                {"latitude": 64.23313},
                {"longitude": 27.724139}
            ]]},
            {"altitude": 152},
            {"distance_km": 0.55},
            {"speed_kmh": 6.3},
            {"timestamp": "Mon Mar 06 04:41:36 UTC 2017"}
        ],
        [
            {"location": [[
                {"latitude": 64.233169},
                {"longitude": 27.723952}
            ]]},
            {"altitude": 150.5},
            {"distance_km": 0.56},
            {"speed_kmh": 6.3},
            {"timestamp": "Mon Mar 06 04:41:41 UTC 2017"}
        ],
        [
            {"location": [[
                {"latitude": 64.233216},
                {"longitude": 27.723732}
            ]]},
            {"altitude": 149},
            {"distance_km": 0.57},
            {"speed_kmh": 6.3},
            {"timestamp": "Mon Mar 06 04:41:47 UTC 2017"}
        ],
        [
            {"location": [[
                {"latitude": 64.233264},
                {"longitude": 27.723544}
            ]]},
            {"altitude": 147},
            {"distance_km": 0.58},
            {"speed_kmh": 9},
            {"timestamp": "Mon Mar 06 04:41:51 UTC 2017"}
        ],
        [
            {"location": [[
                {"latitude": 64.233318},
                {"longitude": 27.723332}
            ]]},
            {"altitude": 148},
            {"distance_km": 0.59},
            {"speed_kmh": 9.9},
            {"timestamp": "Mon Mar 06 04:41:55 UTC 2017"}
        ],
        [
            {"location": [[
                {"latitude": 64.233366},
                {"longitude": 27.723149}
            ]]},
            {"altitude": 150},
            {"distance_km": 0.6},
            {"speed_kmh": 9},
            {"timestamp": "Mon Mar 06 04:41:59 UTC 2017"}
        ],
        [
            {"location": [[
                {"latitude": 64.233423},
                {"longitude": 27.722918}
            ]]},
            {"altitude": 152.5},
            {"distance_km": 0.62},
            {"speed_kmh": 9},
            {"timestamp": "Mon Mar 06 04:42:05 UTC 2017"}
        ],
        [
            {"location": [[
                {"latitude": 64.233491},
                {"longitude": 27.722738}
            ]]},
            {"altitude": 156},
            {"distance_km": 0.63},
            {"speed_kmh": 9},
            {"timestamp": "Mon Mar 06 04:42:11 UTC 2017"}
        ],
        [
            {"location": [[
                {"latitude": 64.233548},
                {"longitude": 27.722544}
            ]]},
            {"altitude": 152.5},
            {"distance_km": 0.64},
            {"speed_kmh": 9},
            {"timestamp": "Mon Mar 06 04:42:17 UTC 2017"}
        ],
        [
            {"location": [[
                {"latitude": 64.233612},
                {"longitude": 27.722378}
            ]]},
            {"altitude": 149.5},
            {"distance_km": 0.65},
            {"speed_kmh": 8.1},
            {"timestamp": "Mon Mar 06 04:42:23 UTC 2017"}
        ],
        [
            {"location": [[
                {"latitude": 64.233681},
                {"longitude": 27.722237}
            ]]},
            {"altitude": 144.5},
            {"distance_km": 0.66},
            {"speed_kmh": 8.1},
            {"timestamp": "Mon Mar 06 04:42:29 UTC 2017"}
        ],
        [
            {"location": [[
                {"latitude": 64.233759},
                {"longitude": 27.722126}
            ]]},
            {"altitude": 140.5},
            {"distance_km": 0.67},
            {"speed_kmh": 8.1},
            {"timestamp": "Mon Mar 06 04:42:35 UTC 2017"}
        ],
        [
            {"location": [[
                {"latitude": 64.233859},
                {"longitude": 27.722003}
            ]]},
            {"altitude": 136.5},
            {"distance_km": 0.68},
            {"speed_kmh": 8.1},
            {"timestamp": "Mon Mar 06 04:42:43 UTC 2017"}
        ],
        [
            {"location": [[
                {"latitude": 64.233914},
                {"longitude": 27.721834}
            ]]},
            {"altitude": 134.5},
            {"distance_km": 0.69},
            {"speed_kmh": 8.1},
            {"timestamp": "Mon Mar 06 04:42:49 UTC 2017"}
        ],
        [
            {"location": [[
                {"latitude": 64.233899},
                {"longitude": 27.721619}
            ]]},
            {"altitude": 137},
            {"distance_km": 0.71},
            {"speed_kmh": 7.2},
            {"timestamp": "Mon Mar 06 04:42:55 UTC 2017"}
        ],
        [
            {"location": [[
                {"latitude": 64.2338},
                {"longitude": 27.721467}
            ]]},
            {"altitude": 139.5},
            {"distance_km": 0.72},
            {"speed_kmh": 7.2},
            {"timestamp": "Mon Mar 06 04:43:01 UTC 2017"}
        ],
        [
            {"location": [[
                {"latitude": 64.23372},
                {"longitude": 27.721313}
            ]]},
            {"altitude": 139.5},
            {"distance_km": 0.73},
            {"speed_kmh": 7.2},
            {"timestamp": "Mon Mar 06 04:43:07 UTC 2017"}
        ],
        [
            {"location": [[
                {"latitude": 64.233644},
                {"longitude": 27.721183}
            ]]},
            {"altitude": 142.5},
            {"distance_km": 0.74},
            {"speed_kmh": 7.2},
            {"timestamp": "Mon Mar 06 04:43:13 UTC 2017"}
        ],
        [
            {"location": [[
                {"latitude": 64.233544},
                {"longitude": 27.721061}
            ]]},
            {"altitude": 141.5},
            {"distance_km": 0.75},
            {"speed_kmh": 6.3},
            {"timestamp": "Mon Mar 06 04:43:20 UTC 2017"}
        ],
        [
            {"location": [[
                {"latitude": 64.233464},
                {"longitude": 27.720955}
            ]]},
            {"altitude": 138.5},
            {"distance_km": 0.76},
            {"speed_kmh": 6.3},
            {"timestamp": "Mon Mar 06 04:43:27 UTC 2017"}
        ],
        [
            {"location": [[
                {"latitude": 64.233389},
                {"longitude": 27.721075}
            ]]},
            {"altitude": 141},
            {"distance_km": 0.77},
            {"speed_kmh": 5.4},
            {"timestamp": "Mon Mar 06 04:43:37 UTC 2017"}
        ],
        [
            {"location": [[
                {"latitude": 64.233319},
                {"longitude": 27.72131}
            ]]},
            {"altitude": 138},
            {"distance_km": 0.79},
            {"speed_kmh": 6.3},
            {"timestamp": "Mon Mar 06 04:44:07 UTC 2017"}
        ],
        [
            {"location": [[
                {"latitude": 64.233252},
                {"longitude": 27.721548}
            ]]},
            {"altitude": 139.5},
            {"distance_km": 0.8},
            {"speed_kmh": 6.3},
            {"timestamp": "Mon Mar 06 04:44:13 UTC 2017"}
        ],
        [
            {"location": [[
                {"latitude": 64.233172},
                {"longitude": 27.721721}
            ]]},
            {"altitude": 140.5},
            {"distance_km": 0.81},
            {"speed_kmh": 4.5},
            {"timestamp": "Mon Mar 06 04:44:21 UTC 2017"}
        ],
        [
            {"location": [[
                {"latitude": 64.233079},
                {"longitude": 27.721785}
            ]]},
            {"altitude": 142},
            {"distance_km": 0.82},
            {"speed_kmh": 3.6},
            {"timestamp": "Mon Mar 06 04:44:31 UTC 2017"}
        ],
        [
            {"location": [[
                {"latitude": 64.232977},
                {"longitude": 27.721824}
            ]]},
            {"altitude": 140.5},
            {"distance_km": 0.84},
            {"speed_kmh": 4.5},
            {"timestamp": "Mon Mar 06 04:44:39 UTC 2017"}
        ],
        [
            {"location": [[
                {"latitude": 64.23287},
                {"longitude": 27.721864}
            ]]},
            {"altitude": 140.5},
            {"distance_km": 0.85},
            {"speed_kmh": 4.5},
            {"timestamp": "Mon Mar 06 04:44:45 UTC 2017"}
        ],
        [
            {"location": [[
                {"latitude": 64.23276},
                {"longitude": 27.721852}
            ]]},
            {"altitude": 143.5},
            {"distance_km": 0.86},
            {"speed_kmh": 5.4},
            {"timestamp": "Mon Mar 06 04:44:51 UTC 2017"}
        ],
        [
            {"location": [[
                {"latitude": 64.23267},
                {"longitude": 27.721844}
            ]]},
            {"altitude": 144.5},
            {"distance_km": 0.87},
            {"speed_kmh": 5.4},
            {"timestamp": "Mon Mar 06 04:45:06 UTC 2017"}
        ],
        [
            {"location": [[
                {"latitude": 64.232565},
                {"longitude": 27.721848}
            ]]},
            {"altitude": 145},
            {"distance_km": 0.88},
            {"speed_kmh": 5.4},
            {"timestamp": "Mon Mar 06 04:45:13 UTC 2017"}
        ],
        [
            {"location": [[
                {"latitude": 64.232497},
                {"longitude": 27.721994}
            ]]},
            {"altitude": 142.5},
            {"distance_km": 0.89},
            {"speed_kmh": 5.4},
            {"timestamp": "Mon Mar 06 04:45:21 UTC 2017"}
        ],
        [
            {"location": [[
                {"latitude": 64.232432},
                {"longitude": 27.722165}
            ]]},
            {"altitude": 145},
            {"distance_km": 0.9},
            {"speed_kmh": 5.4},
            {"timestamp": "Mon Mar 06 04:45:27 UTC 2017"}
        ],
        [
            {"location": [[
                {"latitude": 64.232371},
                {"longitude": 27.722371}
            ]]},
            {"altitude": 147},
            {"distance_km": 0.92},
            {"speed_kmh": 5.4},
            {"timestamp": "Mon Mar 06 04:45:33 UTC 2017"}
        ],
        [
            {"location": [[
                {"latitude": 64.232338},
                {"longitude": 27.72258}
            ]]},
            {"altitude": 145.5},
            {"distance_km": 0.93},
            {"speed_kmh": 5.4},
            {"timestamp": "Mon Mar 06 04:45:41 UTC 2017"}
        ],
        [
            {"location": [[
                {"latitude": 64.232289},
                {"longitude": 27.72277}
            ]]},
            {"altitude": 145},
            {"distance_km": 0.94},
            {"speed_kmh": 5.4},
            {"timestamp": "Mon Mar 06 04:45:47 UTC 2017"}
        ],
        [
            {"location": [[
                {"latitude": 64.232217},
                {"longitude": 27.722961}
            ]]},
            {"altitude": 146.5},
            {"distance_km": 0.95},
            {"speed_kmh": 5.4},
            {"timestamp": "Mon Mar 06 04:45:53 UTC 2017"}
        ],
        [
            {"location": [[
                {"latitude": 64.232157},
                {"longitude": 27.723156}
            ]]},
            {"altitude": 141.5},
            {"distance_km": 0.96},
            {"speed_kmh": 5.4},
            {"timestamp": "Mon Mar 06 04:46:03 UTC 2017"}
        ],
        [
            {"location": [[
                {"latitude": 64.232108},
                {"longitude": 27.72337}
            ]]},
            {"altitude": 141.5},
            {"distance_km": 0.97},
            {"speed_kmh": 5.4},
            {"timestamp": "Mon Mar 06 04:46:11 UTC 2017"}
        ],
        [
            {"location": [[
                {"latitude": 64.232062},
                {"longitude": 27.723549}
            ]]},
            {"altitude": 142},
            {"distance_km": 0.98},
            {"speed_kmh": 5.4},
            {"timestamp": "Mon Mar 06 04:46:17 UTC 2017"}
        ],
        [
            {"location": [[
                {"latitude": 64.231988},
                {"longitude": 27.723747}
            ]]},
            {"altitude": 143},
            {"distance_km": 0.99},
            {"speed_kmh": 5.4},
            {"timestamp": "Mon Mar 06 04:46:25 UTC 2017"}
        ],
        [
            {"location": [[
                {"latitude": 64.231928},
                {"longitude": 27.723971}
            ]]},
            {"altitude": 138.5},
            {"distance_km": 1.01},
            {"speed_kmh": 5.4},
            {"timestamp": "Mon Mar 06 04:46:33 UTC 2017"}
        ],
        [
            {"location": [[
                {"latitude": 64.23187},
                {"longitude": 27.724162}
            ]]},
            {"altitude": 138},
            {"distance_km": 1.02},
            {"speed_kmh": 5.4},
            {"timestamp": "Mon Mar 06 04:46:40 UTC 2017"}
        ],
        [
            {"location": [[
                {"latitude": 64.231823},
                {"longitude": 27.72437}
            ]]},
            {"altitude": 142},
            {"distance_km": 1.03},
            {"speed_kmh": 5.4},
            {"timestamp": "Mon Mar 06 04:46:45 UTC 2017"}
        ],
        [
            {"location": [[
                {"latitude": 64.231766},
                {"longitude": 27.724544}
            ]]},
            {"altitude": 143},
            {"distance_km": 1.04},
            {"speed_kmh": 5.4},
            {"timestamp": "Mon Mar 06 04:46:51 UTC 2017"}
        ],
        [
            {"location": [[
                {"latitude": 64.231724},
                {"longitude": 27.724767}
            ]]},
            {"altitude": 144.5},
            {"distance_km": 1.05},
            {"speed_kmh": 5.4},
            {"timestamp": "Mon Mar 06 04:46:59 UTC 2017"}
        ],
        [
            {"location": [[
                {"latitude": 64.231696},
                {"longitude": 27.724987}
            ]]},
            {"altitude": 148},
            {"distance_km": 1.06},
            {"speed_kmh": 6.3},
            {"timestamp": "Mon Mar 06 04:47:05 UTC 2017"}
        ],
        [
            {"location": [[
                {"latitude": 64.231675},
                {"longitude": 27.725231}
            ]]},
            {"altitude": 146},
            {"distance_km": 1.08},
            {"speed_kmh": 6.3},
            {"timestamp": "Mon Mar 06 04:47:11 UTC 2017"}
        ],
        [
            {"location": [[
                {"latitude": 64.231673},
                {"longitude": 27.725452}
            ]]},
            {"altitude": 147},
            {"distance_km": 1.09},
            {"speed_kmh": 5.4},
            {"timestamp": "Mon Mar 06 04:47:19 UTC 2017"}
        ],
        [
            {"location": [[
                {"latitude": 64.231686},
                {"longitude": 27.725664}
            ]]},
            {"altitude": 149},
            {"distance_km": 1.1},
            {"speed_kmh": 6.3},
            {"timestamp": "Mon Mar 06 04:47:25 UTC 2017"}
        ],
        [
            {"location": [[
                {"latitude": 64.231679},
                {"longitude": 27.72591}
            ]]},
            {"altitude": 147},
            {"distance_km": 1.11},
            {"speed_kmh": 5.4},
            {"timestamp": "Mon Mar 06 04:47:33 UTC 2017"}
        ],
        [
            {"location": [[
                {"latitude": 64.231681},
                {"longitude": 27.726173}
            ]]},
            {"altitude": 145.5},
            {"distance_km": 1.12},
            {"speed_kmh": 5.4},
            {"timestamp": "Mon Mar 06 04:47:41 UTC 2017"}
        ],
        [
            {"location": [[
                {"latitude": 64.231676},
                {"longitude": 27.726439}
            ]]},
            {"altitude": 145},
            {"distance_km": 1.13},
            {"speed_kmh": 5.4},
            {"timestamp": "Mon Mar 06 04:47:49 UTC 2017"}
        ],
        [
            {"location": [[
                {"latitude": 64.231689},
                {"longitude": 27.726722}
            ]]},
            {"altitude": 148},
            {"distance_km": 1.15},
            {"speed_kmh": 5.4},
            {"timestamp": "Mon Mar 06 04:47:57 UTC 2017"}
        ],
        [
            {"location": [[
                {"latitude": 64.23171},
                {"longitude": 27.726965}
            ]]},
            {"altitude": 146},
            {"distance_km": 1.16},
            {"speed_kmh": 5.4},
            {"timestamp": "Mon Mar 06 04:48:05 UTC 2017"}
        ],
        [
            {"location": [[
                {"latitude": 64.231712},
                {"longitude": 27.72719}
            ]]},
            {"altitude": 147.5},
            {"distance_km": 1.17},
            {"speed_kmh": 6.3},
            {"timestamp": "Mon Mar 06 04:48:11 UTC 2017"}
        ],
        [
            {"location": [[
                {"latitude": 64.231693},
                {"longitude": 27.727484}
            ]]},
            {"altitude": 147},
            {"distance_km": 1.19},
            {"speed_kmh": 5.4},
            {"timestamp": "Mon Mar 06 04:48:19 UTC 2017"}
        ],
        [
            {"location": [[
                {"latitude": 64.23172},
                {"longitude": 27.727731}
            ]]},
            {"altitude": 147},
            {"distance_km": 1.2},
            {"speed_kmh": 5.4},
            {"timestamp": "Mon Mar 06 04:48:27 UTC 2017"}
        ],
        [
            {"location": [[
                {"latitude": 64.231717},
                {"longitude": 27.727947}
            ]]},
            {"altitude": 149},
            {"distance_km": 1.21},
            {"speed_kmh": 5.4},
            {"timestamp": "Mon Mar 06 04:48:33 UTC 2017"}
        ],
        [
            {"location": [[
                {"latitude": 64.231714},
                {"longitude": 27.72818}
            ]]},
            {"altitude": 147.5},
            {"distance_km": 1.22},
            {"speed_kmh": 5.4},
            {"timestamp": "Mon Mar 06 04:48:41 UTC 2017"}
        ],
        [
            {"location": [[
                {"latitude": 64.231693},
                {"longitude": 27.728388}
            ]]},
            {"altitude": 148},
            {"distance_km": 1.23},
            {"speed_kmh": 5.4},
            {"timestamp": "Mon Mar 06 04:48:47 UTC 2017"}
        ],
        [
            {"location": [[
                {"latitude": 64.231667},
                {"longitude": 27.728635}
            ]]},
            {"altitude": 147.5},
            {"distance_km": 1.24},
            {"speed_kmh": 6.3},
            {"timestamp": "Mon Mar 06 04:48:53 UTC 2017"}
        ],
        [
            {"location": [[
                {"latitude": 64.231675},
                {"longitude": 27.728884}
            ]]},
            {"altitude": 146},
            {"distance_km": 1.25},
            {"speed_kmh": 5.4},
            {"timestamp": "Mon Mar 06 04:49:01 UTC 2017"}
        ],
        [
            {"location": [[
                {"latitude": 64.231681},
                {"longitude": 27.729093}
            ]]},
            {"altitude": 149},
            {"distance_km": 1.26},
            {"speed_kmh": 5.4},
            {"timestamp": "Mon Mar 06 04:49:07 UTC 2017"}
        ],
        [
            {"location": [[
                {"latitude": 64.231675},
                {"longitude": 27.729351}
            ]]},
            {"altitude": 143.5},
            {"distance_km": 1.28},
            {"speed_kmh": 5.4},
            {"timestamp": "Mon Mar 06 04:49:15 UTC 2017"}
        ],
        [
            {"location": [[
                {"latitude": 64.231698},
                {"longitude": 27.729552}
            ]]},
            {"altitude": 144.5},
            {"distance_km": 1.29},
            {"speed_kmh": 5.4},
            {"timestamp": "Mon Mar 06 04:49:23 UTC 2017"}
        ],
        [
            {"location": [[
                {"latitude": 64.231785},
                {"longitude": 27.729499}
            ]]},
            {"altitude": 152},
            {"distance_km": 1.3},
            {"speed_kmh": 0},
            {"timestamp": "Mon Mar 06 04:49:45 UTC 2017"}
        ],
        [
            {"location": [[
                {"latitude": 64.231789},
                {"longitude": 27.729494}
            ]]},
            {"altitude": 152.5},
            {"distance_km": 1.3},
            {"speed_kmh": 0},
            {"timestamp": "Mon Mar 06 04:51:49 UTC 2017"}
        ],
        [
            {"location": [[
                {"latitude": 64.231789},
                {"longitude": 27.729494}
            ]]},
            {"altitude": 152.5},
            {"distance_km": 1.3},
            {"speed_kmh": 0},
            {"timestamp": "Mon Mar 06 04:51:50 UTC 2017"}
        ]
    ]}
]