[
    {"sport": "WALKING"},
    {"source": "TRACK_MOBILE"},
    {"created_date": "2017-03-20 14:18:32.0"},
    {"start_time": "2017-03-20 14:17:31.0"},
    {"end_time": "2017-03-20 14:46:33.0"},
    {"duration_s": 1741},
    {"distance_km": 2.43},
    {"calories_kcal": 180.971},
    {"altitude_min_m": 145},
    {"altitude_max_m": 218},
    {"speed_avg_kmh": 5.024698449167146},
    {"speed_max_kmh": 7.2},
    {"ascend_m": 151},
    {"descend_m": 146.5},
    {"points": [
        [
            {"location": [[
                {"latitude": 64.231651},
                {"longitude": 27.730049}
            ]]},
            {"distance_km": 0},
            {"timestamp": "Mon Mar 20 14:17:31 UTC 2017"}
        ],
        [
            {"location": [[
                {"latitude": 64.231651},
                {"longitude": 27.730049}
            ]]},
            {"altitude": 152.5},
            {"distance_km": 0},
            {"speed_kmh": 0},
            {"timestamp": "Mon Mar 20 14:17:39 UTC 2017"}
        ],
        [
            {"location": [[
                {"latitude": 64.231762},
                {"longitude": 27.729859}
            ]]},
            {"altitude": 152.5},
            {"distance_km": 0.02},
            {"speed_kmh": 0},
            {"timestamp": "Mon Mar 20 14:17:41 UTC 2017"}
        ],
        [
            {"location": [[
                {"latitude": 64.231679},
                {"longitude": 27.729939}
            ]]},
            {"altitude": 152.5},
            {"distance_km": 0.03},
            {"speed_kmh": 0},
            {"timestamp": "Mon Mar 20 14:18:13 UTC 2017"}
        ],
        [
            {"location": [[
                {"latitude": 64.231822},
                {"longitude": 27.729549}
            ]]},
            {"altitude": 149.5},
            {"distance_km": 0.05},
            {"speed_kmh": 3.6},
            {"timestamp": "Mon Mar 20 14:18:30 UTC 2017"}
        ],
        [
            {"location": [[
                {"latitude": 64.231713},
                {"longitude": 27.729588}
            ]]},
            {"altitude": 156},
            {"distance_km": 0.06},
            {"speed_kmh": 4.5},
            {"timestamp": "Mon Mar 20 14:18:42 UTC 2017"}
        ],
        [
            {"location": [[
                {"latitude": 64.23165},
                {"longitude": 27.729776}
            ]]},
            {"altitude": 150},
            {"distance_km": 0.07},
            {"speed_kmh": 4.5},
            {"timestamp": "Mon Mar 20 14:18:52 UTC 2017"}
        ],
        [
            {"location": [[
                {"latitude": 64.231639},
                {"longitude": 27.730015}
            ]]},
            {"altitude": 151},
            {"distance_km": 0.09},
            {"speed_kmh": 5.4},
            {"timestamp": "Mon Mar 20 14:18:58 UTC 2017"}
        ],
        [
            {"location": [[
                {"latitude": 64.231717},
                {"longitude": 27.730187}
            ]]},
            {"altitude": 148.5},
            {"distance_km": 0.1},
            {"speed_kmh": 4.5},
            {"timestamp": "Mon Mar 20 14:19:06 UTC 2017"}
        ],
        [
            {"location": [[
                {"latitude": 64.231808},
                {"longitude": 27.730335}
            ]]},
            {"altitude": 145},
            {"distance_km": 0.11},
            {"speed_kmh": 4.5},
            {"timestamp": "Mon Mar 20 14:19:16 UTC 2017"}
        ],
        [
            {"location": [[
                {"latitude": 64.231885},
                {"longitude": 27.730459}
            ]]},
            {"altitude": 147},
            {"distance_km": 0.12},
            {"speed_kmh": 4.5},
            {"timestamp": "Mon Mar 20 14:19:22 UTC 2017"}
        ],
        [
            {"location": [[
                {"latitude": 64.231962},
                {"longitude": 27.730633}
            ]]},
            {"altitude": 150},
            {"distance_km": 0.13},
            {"speed_kmh": 4.5},
            {"timestamp": "Mon Mar 20 14:19:29 UTC 2017"}
        ],
        [
            {"location": [[
                {"latitude": 64.232047},
                {"longitude": 27.730794}
            ]]},
            {"altitude": 151},
            {"distance_km": 0.14},
            {"speed_kmh": 6.3},
            {"timestamp": "Mon Mar 20 14:19:35 UTC 2017"}
        ],
        [
            {"location": [[
                {"latitude": 64.232112},
                {"longitude": 27.731}
            ]]},
            {"altitude": 157.5},
            {"distance_km": 0.16},
            {"speed_kmh": 3.6},
            {"timestamp": "Mon Mar 20 14:19:43 UTC 2017"}
        ],
        [
            {"location": [[
                {"latitude": 64.232212},
                {"longitude": 27.731133}
            ]]},
            {"altitude": 157},
            {"distance_km": 0.17},
            {"speed_kmh": 4.5},
            {"timestamp": "Mon Mar 20 14:19:51 UTC 2017"}
        ],
        [
            {"location": [[
                {"latitude": 64.232313},
                {"longitude": 27.731279}
            ]]},
            {"altitude": 159},
            {"distance_km": 0.18},
            {"speed_kmh": 4.5},
            {"timestamp": "Mon Mar 20 14:19:59 UTC 2017"}
        ],
        [
            {"location": [[
                {"latitude": 64.232403},
                {"longitude": 27.731406}
            ]]},
            {"altitude": 159},
            {"distance_km": 0.2},
            {"speed_kmh": 3.6},
            {"timestamp": "Mon Mar 20 14:20:07 UTC 2017"}
        ],
        [
            {"location": [[
                {"latitude": 64.232493},
                {"longitude": 27.731524}
            ]]},
            {"altitude": 160.5},
            {"distance_km": 0.21},
            {"speed_kmh": 5.4},
            {"timestamp": "Mon Mar 20 14:20:22 UTC 2017"}
        ],
        [
            {"location": [[
                {"latitude": 64.232597},
                {"longitude": 27.731579}
            ]]},
            {"altitude": 162.5},
            {"distance_km": 0.22},
            {"speed_kmh": 5.4},
            {"timestamp": "Mon Mar 20 14:20:28 UTC 2017"}
        ],
        [
            {"location": [[
                {"latitude": 64.232694},
                {"longitude": 27.731632}
            ]]},
            {"altitude": 165},
            {"distance_km": 0.23},
            {"speed_kmh": 5.4},
            {"timestamp": "Mon Mar 20 14:20:36 UTC 2017"}
        ],
        [
            {"location": [[
                {"latitude": 64.232806},
                {"longitude": 27.731705}
            ]]},
            {"altitude": 168},
            {"distance_km": 0.24},
            {"speed_kmh": 4.5},
            {"timestamp": "Mon Mar 20 14:20:46 UTC 2017"}
        ],
        [
            {"location": [[
                {"latitude": 64.232915},
                {"longitude": 27.731735}
            ]]},
            {"altitude": 169},
            {"distance_km": 0.25},
            {"speed_kmh": 3.6},
            {"timestamp": "Mon Mar 20 14:20:58 UTC 2017"}
        ],
        [
            {"location": [[
                {"latitude": 64.233015},
                {"longitude": 27.731751}
            ]]},
            {"altitude": 168},
            {"distance_km": 0.27},
            {"speed_kmh": 2.7},
            {"timestamp": "Mon Mar 20 14:21:09 UTC 2017"}
        ],
        [
            {"location": [[
                {"latitude": 64.233107},
                {"longitude": 27.731754}
            ]]},
            {"altitude": 170},
            {"distance_km": 0.28},
            {"speed_kmh": 2.7},
            {"timestamp": "Mon Mar 20 14:21:19 UTC 2017"}
        ],
        [
            {"location": [[
                {"latitude": 64.233227},
                {"longitude": 27.731807}
            ]]},
            {"altitude": 173},
            {"distance_km": 0.29},
            {"speed_kmh": 4.5},
            {"timestamp": "Mon Mar 20 14:21:27 UTC 2017"}
        ],
        [
            {"location": [[
                {"latitude": 64.233336},
                {"longitude": 27.731794}
            ]]},
            {"altitude": 168},
            {"distance_km": 0.3},
            {"speed_kmh": 3.6},
            {"timestamp": "Mon Mar 20 14:21:35 UTC 2017"}
        ],
        [
            {"location": [[
                {"latitude": 64.233426},
                {"longitude": 27.731761}
            ]]},
            {"altitude": 169.5},
            {"distance_km": 0.31},
            {"speed_kmh": 2.7},
            {"timestamp": "Mon Mar 20 14:21:47 UTC 2017"}
        ],
        [
            {"location": [[
                {"latitude": 64.23351},
                {"longitude": 27.731686}
            ]]},
            {"altitude": 168.5},
            {"distance_km": 0.32},
            {"speed_kmh": 3.6},
            {"timestamp": "Mon Mar 20 14:21:56 UTC 2017"}
        ],
        [
            {"location": [[
                {"latitude": 64.233602},
                {"longitude": 27.731624}
            ]]},
            {"altitude": 172},
            {"distance_km": 0.33},
            {"speed_kmh": 2.7},
            {"timestamp": "Mon Mar 20 14:22:04 UTC 2017"}
        ],
        [
            {"location": [[
                {"latitude": 64.233683},
                {"longitude": 27.731514}
            ]]},
            {"altitude": 171},
            {"distance_km": 0.34},
            {"speed_kmh": 3.6},
            {"timestamp": "Mon Mar 20 14:22:10 UTC 2017"}
        ],
        [
            {"location": [[
                {"latitude": 64.233769},
                {"longitude": 27.731431}
            ]]},
            {"altitude": 173.5},
            {"distance_km": 0.35},
            {"speed_kmh": 0},
            {"timestamp": "Mon Mar 20 14:22:18 UTC 2017"}
        ],
        [
            {"location": [[
                {"latitude": 64.233874},
                {"longitude": 27.731328}
            ]]},
            {"altitude": 179.5},
            {"distance_km": 0.37},
            {"speed_kmh": 4.5},
            {"timestamp": "Mon Mar 20 14:22:32 UTC 2017"}
        ],
        [
            {"location": [[
                {"latitude": 64.233947},
                {"longitude": 27.731129}
            ]]},
            {"altitude": 181},
            {"distance_km": 0.38},
            {"speed_kmh": 3.6},
            {"timestamp": "Mon Mar 20 14:22:38 UTC 2017"}
        ],
        [
            {"location": [[
                {"latitude": 64.234016},
                {"longitude": 27.730963}
            ]]},
            {"altitude": 187.5},
            {"distance_km": 0.39},
            {"speed_kmh": 3.6},
            {"timestamp": "Mon Mar 20 14:22:44 UTC 2017"}
        ],
        [
            {"location": [[
                {"latitude": 64.234097},
                {"longitude": 27.730787}
            ]]},
            {"altitude": 189.5},
            {"distance_km": 0.4},
            {"speed_kmh": 3.6},
            {"timestamp": "Mon Mar 20 14:22:50 UTC 2017"}
        ],
        [
            {"location": [[
                {"latitude": 64.234177},
                {"longitude": 27.730626}
            ]]},
            {"altitude": 189},
            {"distance_km": 0.41},
            {"speed_kmh": 4.5},
            {"timestamp": "Mon Mar 20 14:22:56 UTC 2017"}
        ],
        [
            {"location": [[
                {"latitude": 64.234239},
                {"longitude": 27.730452}
            ]]},
            {"altitude": 187},
            {"distance_km": 0.43},
            {"speed_kmh": 3.6},
            {"timestamp": "Mon Mar 20 14:23:05 UTC 2017"}
        ],
        [
            {"location": [[
                {"latitude": 64.234288},
                {"longitude": 27.730278}
            ]]},
            {"altitude": 189.5},
            {"distance_km": 0.44},
            {"speed_kmh": 4.5},
            {"timestamp": "Mon Mar 20 14:23:11 UTC 2017"}
        ],
        [
            {"location": [[
                {"latitude": 64.23437},
                {"longitude": 27.730159}
            ]]},
            {"altitude": 192},
            {"distance_km": 0.45},
            {"speed_kmh": 3.6},
            {"timestamp": "Mon Mar 20 14:23:19 UTC 2017"}
        ],
        [
            {"location": [[
                {"latitude": 64.234468},
                {"longitude": 27.730066}
            ]]},
            {"altitude": 190.5},
            {"distance_km": 0.46},
            {"speed_kmh": 3.6},
            {"timestamp": "Mon Mar 20 14:23:25 UTC 2017"}
        ],
        [
            {"location": [[
                {"latitude": 64.234568},
                {"longitude": 27.729953}
            ]]},
            {"altitude": 194.5},
            {"distance_km": 0.47},
            {"speed_kmh": 3.6},
            {"timestamp": "Mon Mar 20 14:23:33 UTC 2017"}
        ],
        [
            {"location": [[
                {"latitude": 64.23464},
                {"longitude": 27.729823}
            ]]},
            {"altitude": 197},
            {"distance_km": 0.48},
            {"speed_kmh": 3.6},
            {"timestamp": "Mon Mar 20 14:23:39 UTC 2017"}
        ],
        [
            {"location": [[
                {"latitude": 64.234717},
                {"longitude": 27.729704}
            ]]},
            {"altitude": 193.5},
            {"distance_km": 0.49},
            {"speed_kmh": 0},
            {"timestamp": "Mon Mar 20 14:23:47 UTC 2017"}
        ],
        [
            {"location": [[
                {"latitude": 64.23477},
                {"longitude": 27.729499}
            ]]},
            {"altitude": 192.5},
            {"distance_km": 0.5},
            {"speed_kmh": 1.8},
            {"timestamp": "Mon Mar 20 14:24:00 UTC 2017"}
        ],
        [
            {"location": [[
                {"latitude": 64.234853},
                {"longitude": 27.729358}
            ]]},
            {"altitude": 192.5},
            {"distance_km": 0.51},
            {"speed_kmh": 2.7},
            {"timestamp": "Mon Mar 20 14:24:10 UTC 2017"}
        ],
        [
            {"location": [[
                {"latitude": 64.234913},
                {"longitude": 27.729184}
            ]]},
            {"altitude": 193.5},
            {"distance_km": 0.52},
            {"speed_kmh": 3.6},
            {"timestamp": "Mon Mar 20 14:24:18 UTC 2017"}
        ],
        [
            {"location": [[
                {"latitude": 64.235005},
                {"longitude": 27.729117}
            ]]},
            {"altitude": 201.5},
            {"distance_km": 0.54},
            {"speed_kmh": 3.6},
            {"timestamp": "Mon Mar 20 14:24:28 UTC 2017"}
        ],
        [
            {"location": [[
                {"latitude": 64.235105},
                {"longitude": 27.729224}
            ]]},
            {"altitude": 201},
            {"distance_km": 0.55},
            {"speed_kmh": 2.7},
            {"timestamp": "Mon Mar 20 14:24:40 UTC 2017"}
        ],
        [
            {"location": [[
                {"latitude": 64.235195},
                {"longitude": 27.729172}
            ]]},
            {"altitude": 200},
            {"distance_km": 0.56},
            {"speed_kmh": 5.4},
            {"timestamp": "Mon Mar 20 14:24:47 UTC 2017"}
        ],
        [
            {"location": [[
                {"latitude": 64.235192},
                {"longitude": 27.728923}
            ]]},
            {"altitude": 199.5},
            {"distance_km": 0.57},
            {"speed_kmh": 4.5},
            {"timestamp": "Mon Mar 20 14:25:01 UTC 2017"}
        ],
        [
            {"location": [[
                {"latitude": 64.235192},
                {"longitude": 27.728711}
            ]]},
            {"altitude": 195.5},
            {"distance_km": 0.58},
            {"speed_kmh": 3.6},
            {"timestamp": "Mon Mar 20 14:25:09 UTC 2017"}
        ],
        [
            {"location": [[
                {"latitude": 64.235305},
                {"longitude": 27.728668}
            ]]},
            {"altitude": 202.5},
            {"distance_km": 0.59},
            {"speed_kmh": 3.6},
            {"timestamp": "Mon Mar 20 14:25:17 UTC 2017"}
        ],
        [
            {"location": [[
                {"latitude": 64.235399},
                {"longitude": 27.728574}
            ]]},
            {"altitude": 201.5},
            {"distance_km": 0.6},
            {"speed_kmh": 4.5},
            {"timestamp": "Mon Mar 20 14:25:25 UTC 2017"}
        ],
        [
            {"location": [[
                {"latitude": 64.2355},
                {"longitude": 27.728438}
            ]]},
            {"altitude": 198.5},
            {"distance_km": 0.62},
            {"speed_kmh": 4.5},
            {"timestamp": "Mon Mar 20 14:25:31 UTC 2017"}
        ],
        [
            {"location": [[
                {"latitude": 64.235587},
                {"longitude": 27.728348}
            ]]},
            {"altitude": 197},
            {"distance_km": 0.63},
            {"speed_kmh": 4.5},
            {"timestamp": "Mon Mar 20 14:25:38 UTC 2017"}
        ],
        [
            {"location": [[
                {"latitude": 64.235676},
                {"longitude": 27.728271}
            ]]},
            {"altitude": 199.5},
            {"distance_km": 0.64},
            {"speed_kmh": 4.5},
            {"timestamp": "Mon Mar 20 14:25:44 UTC 2017"}
        ],
        [
            {"location": [[
                {"latitude": 64.235788},
                {"longitude": 27.72813}
            ]]},
            {"altitude": 194.5},
            {"distance_km": 0.65},
            {"speed_kmh": 4.5},
            {"timestamp": "Mon Mar 20 14:25:52 UTC 2017"}
        ],
        [
            {"location": [[
                {"latitude": 64.235861},
                {"longitude": 27.727968}
            ]]},
            {"altitude": 194},
            {"distance_km": 0.66},
            {"speed_kmh": 4.5},
            {"timestamp": "Mon Mar 20 14:25:58 UTC 2017"}
        ],
        [
            {"location": [[
                {"latitude": 64.235906},
                {"longitude": 27.727711}
            ]]},
            {"altitude": 189.5},
            {"distance_km": 0.68},
            {"speed_kmh": 4.5},
            {"timestamp": "Mon Mar 20 14:26:06 UTC 2017"}
        ],
        [
            {"location": [[
                {"latitude": 64.235908},
                {"longitude": 27.727499}
            ]]},
            {"altitude": 188},
            {"distance_km": 0.69},
            {"speed_kmh": 4.5},
            {"timestamp": "Mon Mar 20 14:26:12 UTC 2017"}
        ],
        [
            {"location": [[
                {"latitude": 64.235947},
                {"longitude": 27.727267}
            ]]},
            {"altitude": 184.5},
            {"distance_km": 0.7},
            {"speed_kmh": 6.3},
            {"timestamp": "Mon Mar 20 14:26:18 UTC 2017"}
        ],
        [
            {"location": [[
                {"latitude": 64.235967},
                {"longitude": 27.727028}
            ]]},
            {"altitude": 180.5},
            {"distance_km": 0.71},
            {"speed_kmh": 5.4},
            {"timestamp": "Mon Mar 20 14:26:24 UTC 2017"}
        ],
        [
            {"location": [[
                {"latitude": 64.236017},
                {"longitude": 27.72678}
            ]]},
            {"altitude": 173.5},
            {"distance_km": 0.72},
            {"speed_kmh": 5.4},
            {"timestamp": "Mon Mar 20 14:26:32 UTC 2017"}
        ],
        [
            {"location": [[
                {"latitude": 64.23605},
                {"longitude": 27.726559}
            ]]},
            {"altitude": 168},
            {"distance_km": 0.74},
            {"speed_kmh": 5.4},
            {"timestamp": "Mon Mar 20 14:26:39 UTC 2017"}
        ],
        [
            {"location": [[
                {"latitude": 64.236023},
                {"longitude": 27.726293}
            ]]},
            {"altitude": 152.5},
            {"distance_km": 0.75},
            {"speed_kmh": 5.4},
            {"timestamp": "Mon Mar 20 14:26:47 UTC 2017"}
        ],
        [
            {"location": [[
                {"latitude": 64.235996},
                {"longitude": 27.726072}
            ]]},
            {"altitude": 146},
            {"distance_km": 0.76},
            {"speed_kmh": 5.4},
            {"timestamp": "Mon Mar 20 14:26:53 UTC 2017"}
        ],
        [
            {"location": [[
                {"latitude": 64.236012},
                {"longitude": 27.725827}
            ]]},
            {"altitude": 146.5},
            {"distance_km": 0.77},
            {"speed_kmh": 4.5},
            {"timestamp": "Mon Mar 20 14:27:01 UTC 2017"}
        ],
        [
            {"location": [[
                {"latitude": 64.23608},
                {"longitude": 27.725628}
            ]]},
            {"altitude": 149.5},
            {"distance_km": 0.78},
            {"speed_kmh": 4.5},
            {"timestamp": "Mon Mar 20 14:27:09 UTC 2017"}
        ],
        [
            {"location": [[
                {"latitude": 64.236152},
                {"longitude": 27.725504}
            ]]},
            {"altitude": 151},
            {"distance_km": 0.79},
            {"speed_kmh": 4.5},
            {"timestamp": "Mon Mar 20 14:27:15 UTC 2017"}
        ],
        [
            {"location": [[
                {"latitude": 64.236252},
                {"longitude": 27.725529}
            ]]},
            {"altitude": 150.5},
            {"distance_km": 0.81},
            {"speed_kmh": 3.6},
            {"timestamp": "Mon Mar 20 14:27:23 UTC 2017"}
        ],
        [
            {"location": [[
                {"latitude": 64.236358},
                {"longitude": 27.725562}
            ]]},
            {"altitude": 158.5},
            {"distance_km": 0.82},
            {"speed_kmh": 3.6},
            {"timestamp": "Mon Mar 20 14:27:29 UTC 2017"}
        ],
        [
            {"location": [[
                {"latitude": 64.236472},
                {"longitude": 27.725571}
            ]]},
            {"altitude": 164},
            {"distance_km": 0.83},
            {"speed_kmh": 3.6},
            {"timestamp": "Mon Mar 20 14:27:36 UTC 2017"}
        ],
        [
            {"location": [[
                {"latitude": 64.236587},
                {"longitude": 27.725593}
            ]]},
            {"altitude": 173.5},
            {"distance_km": 0.84},
            {"speed_kmh": 3.6},
            {"timestamp": "Mon Mar 20 14:27:42 UTC 2017"}
        ],
        [
            {"location": [[
                {"latitude": 64.236705},
                {"longitude": 27.725555}
            ]]},
            {"altitude": 174},
            {"distance_km": 0.86},
            {"speed_kmh": 0},
            {"timestamp": "Mon Mar 20 14:27:48 UTC 2017"}
        ],
        [
            {"location": [[
                {"latitude": 64.236796},
                {"longitude": 27.725556}
            ]]},
            {"altitude": 177.5},
            {"distance_km": 0.87},
            {"speed_kmh": 6.3},
            {"timestamp": "Mon Mar 20 14:27:54 UTC 2017"}
        ],
        [
            {"location": [[
                {"latitude": 64.236918},
                {"longitude": 27.725583}
            ]]},
            {"altitude": 187.5},
            {"distance_km": 0.88},
            {"speed_kmh": 4.5},
            {"timestamp": "Mon Mar 20 14:28:00 UTC 2017"}
        ],
        [
            {"location": [[
                {"latitude": 64.237024},
                {"longitude": 27.725722}
            ]]},
            {"altitude": 191},
            {"distance_km": 0.89},
            {"speed_kmh": 4.5},
            {"timestamp": "Mon Mar 20 14:28:08 UTC 2017"}
        ],
        [
            {"location": [[
                {"latitude": 64.237111},
                {"longitude": 27.725799}
            ]]},
            {"altitude": 192},
            {"distance_km": 0.9},
            {"speed_kmh": 3.6},
            {"timestamp": "Mon Mar 20 14:28:14 UTC 2017"}
        ],
        [
            {"location": [[
                {"latitude": 64.237187},
                {"longitude": 27.725968}
            ]]},
            {"altitude": 195.5},
            {"distance_km": 0.92},
            {"speed_kmh": 3.6},
            {"timestamp": "Mon Mar 20 14:28:23 UTC 2017"}
        ],
        [
            {"location": [[
                {"latitude": 64.237259},
                {"longitude": 27.726123}
            ]]},
            {"altitude": 202},
            {"distance_km": 0.93},
            {"speed_kmh": 2.7},
            {"timestamp": "Mon Mar 20 14:28:31 UTC 2017"}
        ],
        [
            {"location": [[
                {"latitude": 64.237352},
                {"longitude": 27.726279}
            ]]},
            {"altitude": 200.5},
            {"distance_km": 0.94},
            {"speed_kmh": 2.7},
            {"timestamp": "Mon Mar 20 14:28:41 UTC 2017"}
        ],
        [
            {"location": [[
                {"latitude": 64.237444},
                {"longitude": 27.726344}
            ]]},
            {"altitude": 201.5},
            {"distance_km": 0.95},
            {"speed_kmh": 3.6},
            {"timestamp": "Mon Mar 20 14:28:47 UTC 2017"}
        ],
        [
            {"location": [[
                {"latitude": 64.237513},
                {"longitude": 27.726509}
            ]]},
            {"altitude": 202},
            {"distance_km": 0.96},
            {"speed_kmh": 3.6},
            {"timestamp": "Mon Mar 20 14:28:53 UTC 2017"}
        ],
        [
            {"location": [[
                {"latitude": 64.237598},
                {"longitude": 27.726586}
            ]]},
            {"altitude": 205},
            {"distance_km": 0.97},
            {"speed_kmh": 3.6},
            {"timestamp": "Mon Mar 20 14:28:59 UTC 2017"}
        ],
        [
            {"location": [[
                {"latitude": 64.23769},
                {"longitude": 27.72666}
            ]]},
            {"altitude": 205.5},
            {"distance_km": 0.98},
            {"speed_kmh": 3.6},
            {"timestamp": "Mon Mar 20 14:29:05 UTC 2017"}
        ],
        [
            {"location": [[
                {"latitude": 64.237791},
                {"longitude": 27.726738}
            ]]},
            {"altitude": 206},
            {"distance_km": 0.99},
            {"speed_kmh": 3.6},
            {"timestamp": "Mon Mar 20 14:29:11 UTC 2017"}
        ],
        [
            {"location": [[
                {"latitude": 64.237879},
                {"longitude": 27.726783}
            ]]},
            {"altitude": 204.5},
            {"distance_km": 1},
            {"speed_kmh": 3.6},
            {"timestamp": "Mon Mar 20 14:29:17 UTC 2017"}
        ],
        [
            {"location": [[
                {"latitude": 64.237981},
                {"longitude": 27.726913}
            ]]},
            {"altitude": 206},
            {"distance_km": 1.02},
            {"speed_kmh": 3.6},
            {"timestamp": "Mon Mar 20 14:29:26 UTC 2017"}
        ],
        [
            {"location": [[
                {"latitude": 64.238049},
                {"longitude": 27.727048}
            ]]},
            {"altitude": 206},
            {"distance_km": 1.03},
            {"speed_kmh": 3.6},
            {"timestamp": "Mon Mar 20 14:29:34 UTC 2017"}
        ],
        [
            {"location": [[
                {"latitude": 64.238162},
                {"longitude": 27.727079}
            ]]},
            {"altitude": 206.5},
            {"distance_km": 1.04},
            {"speed_kmh": 3.6},
            {"timestamp": "Mon Mar 20 14:29:42 UTC 2017"}
        ],
        [
            {"location": [[
                {"latitude": 64.238256},
                {"longitude": 27.727095}
            ]]},
            {"altitude": 208.5},
            {"distance_km": 1.05},
            {"speed_kmh": 3.6},
            {"timestamp": "Mon Mar 20 14:29:48 UTC 2017"}
        ],
        [
            {"location": [[
                {"latitude": 64.238355},
                {"longitude": 27.7271}
            ]]},
            {"altitude": 208.5},
            {"distance_km": 1.06},
            {"speed_kmh": 3.6},
            {"timestamp": "Mon Mar 20 14:29:54 UTC 2017"}
        ],
        [
            {"location": [[
                {"latitude": 64.238451},
                {"longitude": 27.727146}
            ]]},
            {"altitude": 204.5},
            {"distance_km": 1.07},
            {"speed_kmh": 3.6},
            {"timestamp": "Mon Mar 20 14:30:00 UTC 2017"}
        ],
        [
            {"location": [[
                {"latitude": 64.238546},
                {"longitude": 27.727223}
            ]]},
            {"altitude": 201},
            {"distance_km": 1.08},
            {"speed_kmh": 4.5},
            {"timestamp": "Mon Mar 20 14:30:06 UTC 2017"}
        ],
        [
            {"location": [[
                {"latitude": 64.23858},
                {"longitude": 27.727429}
            ]]},
            {"altitude": 202},
            {"distance_km": 1.09},
            {"speed_kmh": 4.5},
            {"timestamp": "Mon Mar 20 14:30:13 UTC 2017"}
        ],
        [
            {"location": [[
                {"latitude": 64.238572},
                {"longitude": 27.727671}
            ]]},
            {"altitude": 199},
            {"distance_km": 1.11},
            {"speed_kmh": 4.5},
            {"timestamp": "Mon Mar 20 14:30:21 UTC 2017"}
        ],
        [
            {"location": [[
                {"latitude": 64.238643},
                {"longitude": 27.727869}
            ]]},
            {"altitude": 199.5},
            {"distance_km": 1.12},
            {"speed_kmh": 3.6},
            {"timestamp": "Mon Mar 20 14:30:29 UTC 2017"}
        ],
        [
            {"location": [[
                {"latitude": 64.238696},
                {"longitude": 27.728055}
            ]]},
            {"altitude": 200},
            {"distance_km": 1.13},
            {"speed_kmh": 3.6},
            {"timestamp": "Mon Mar 20 14:30:37 UTC 2017"}
        ],
        [
            {"location": [[
                {"latitude": 64.238707},
                {"longitude": 27.72828}
            ]]},
            {"altitude": 204},
            {"distance_km": 1.14},
            {"speed_kmh": 3.6},
            {"timestamp": "Mon Mar 20 14:30:43 UTC 2017"}
        ],
        [
            {"location": [[
                {"latitude": 64.238756},
                {"longitude": 27.728499}
            ]]},
            {"altitude": 203.5},
            {"distance_km": 1.15},
            {"speed_kmh": 2.7},
            {"timestamp": "Mon Mar 20 14:30:53 UTC 2017"}
        ],
        [
            {"location": [[
                {"latitude": 64.23875},
                {"longitude": 27.728751}
            ]]},
            {"altitude": 204.5},
            {"distance_km": 1.16},
            {"speed_kmh": 2.7},
            {"timestamp": "Mon Mar 20 14:31:01 UTC 2017"}
        ],
        [
            {"location": [[
                {"latitude": 64.238729},
                {"longitude": 27.728957}
            ]]},
            {"altitude": 206},
            {"distance_km": 1.17},
            {"speed_kmh": 3.6},
            {"timestamp": "Mon Mar 20 14:31:07 UTC 2017"}
        ],
        [
            {"location": [[
                {"latitude": 64.238747},
                {"longitude": 27.729171}
            ]]},
            {"altitude": 212},
            {"distance_km": 1.19},
            {"speed_kmh": 3.6},
            {"timestamp": "Mon Mar 20 14:31:13 UTC 2017"}
        ],
        [
            {"location": [[
                {"latitude": 64.238808},
                {"longitude": 27.729333}
            ]]},
            {"altitude": 214},
            {"distance_km": 1.2},
            {"speed_kmh": 3.6},
            {"timestamp": "Mon Mar 20 14:31:20 UTC 2017"}
        ],
        [
            {"location": [[
                {"latitude": 64.238827},
                {"longitude": 27.729537}
            ]]},
            {"altitude": 216},
            {"distance_km": 1.21},
            {"speed_kmh": 3.6},
            {"timestamp": "Mon Mar 20 14:31:26 UTC 2017"}
        ],
        [
            {"location": [[
                {"latitude": 64.238829},
                {"longitude": 27.729802}
            ]]},
            {"altitude": 218},
            {"distance_km": 1.22},
            {"speed_kmh": 3.6},
            {"timestamp": "Mon Mar 20 14:31:34 UTC 2017"}
        ],
        [
            {"location": [[
                {"latitude": 64.238834},
                {"longitude": 27.730018}
            ]]},
            {"altitude": 217},
            {"distance_km": 1.23},
            {"speed_kmh": 3.6},
            {"timestamp": "Mon Mar 20 14:31:42 UTC 2017"}
        ],
        [
            {"location": [[
                {"latitude": 64.238806},
                {"longitude": 27.730276}
            ]]},
            {"altitude": 212.5},
            {"distance_km": 1.24},
            {"speed_kmh": 4.5},
            {"timestamp": "Mon Mar 20 14:31:50 UTC 2017"}
        ],
        [
            {"location": [[
                {"latitude": 64.238766},
                {"longitude": 27.730469}
            ]]},
            {"altitude": 211.5},
            {"distance_km": 1.25},
            {"speed_kmh": 4.5},
            {"timestamp": "Mon Mar 20 14:31:56 UTC 2017"}
        ],
        [
            {"location": [[
                {"latitude": 64.238725},
                {"longitude": 27.730697}
            ]]},
            {"altitude": 211.5},
            {"distance_km": 1.26},
            {"speed_kmh": 3.6},
            {"timestamp": "Mon Mar 20 14:32:04 UTC 2017"}
        ],
        [
            {"location": [[
                {"latitude": 64.238696},
                {"longitude": 27.730907}
            ]]},
            {"altitude": 212.5},
            {"distance_km": 1.27},
            {"speed_kmh": 3.6},
            {"timestamp": "Mon Mar 20 14:32:11 UTC 2017"}
        ],
        [
            {"location": [[
                {"latitude": 64.238731},
                {"longitude": 27.731147}
            ]]},
            {"altitude": 211},
            {"distance_km": 1.29},
            {"speed_kmh": 3.6},
            {"timestamp": "Mon Mar 20 14:32:19 UTC 2017"}
        ],
        [
            {"location": [[
                {"latitude": 64.238723},
                {"longitude": 27.731379}
            ]]},
            {"altitude": 209.5},
            {"distance_km": 1.3},
            {"speed_kmh": 3.6},
            {"timestamp": "Mon Mar 20 14:32:27 UTC 2017"}
        ],
        [
            {"location": [[
                {"latitude": 64.238711},
                {"longitude": 27.731584}
            ]]},
            {"altitude": 211},
            {"distance_km": 1.31},
            {"speed_kmh": 3.6},
            {"timestamp": "Mon Mar 20 14:32:33 UTC 2017"}
        ],
        [
            {"location": [[
                {"latitude": 64.238694},
                {"longitude": 27.731795}
            ]]},
            {"altitude": 210},
            {"distance_km": 1.32},
            {"speed_kmh": 3.6},
            {"timestamp": "Mon Mar 20 14:32:39 UTC 2017"}
        ],
        [
            {"location": [[
                {"latitude": 64.238684},
                {"longitude": 27.732011}
            ]]},
            {"altitude": 214.5},
            {"distance_km": 1.33},
            {"speed_kmh": 3.6},
            {"timestamp": "Mon Mar 20 14:32:45 UTC 2017"}
        ],
        [
            {"location": [[
                {"latitude": 64.238702},
                {"longitude": 27.732279}
            ]]},
            {"altitude": 215.5},
            {"distance_km": 1.34},
            {"speed_kmh": 3.6},
            {"timestamp": "Mon Mar 20 14:32:53 UTC 2017"}
        ],
        [
            {"location": [[
                {"latitude": 64.238692},
                {"longitude": 27.732535}
            ]]},
            {"altitude": 215},
            {"distance_km": 1.35},
            {"speed_kmh": 3.6},
            {"timestamp": "Mon Mar 20 14:33:01 UTC 2017"}
        ],
        [
            {"location": [[
                {"latitude": 64.238675},
                {"longitude": 27.732781}
            ]]},
            {"altitude": 217},
            {"distance_km": 1.37},
            {"speed_kmh": 3.6},
            {"timestamp": "Mon Mar 20 14:33:12 UTC 2017"}
        ],
        [
            {"location": [[
                {"latitude": 64.238626},
                {"longitude": 27.732967}
            ]]},
            {"altitude": 214},
            {"distance_km": 1.38},
            {"speed_kmh": 3.6},
            {"timestamp": "Mon Mar 20 14:33:20 UTC 2017"}
        ],
        [
            {"location": [[
                {"latitude": 64.238521},
                {"longitude": 27.733014}
            ]]},
            {"altitude": 214.5},
            {"distance_km": 1.39},
            {"speed_kmh": 4.5},
            {"timestamp": "Mon Mar 20 14:33:30 UTC 2017"}
        ],
        [
            {"location": [[
                {"latitude": 64.238427},
                {"longitude": 27.733017}
            ]]},
            {"altitude": 214},
            {"distance_km": 1.4},
            {"speed_kmh": 0},
            {"timestamp": "Mon Mar 20 14:33:40 UTC 2017"}
        ],
        [
            {"location": [[
                {"latitude": 64.238311},
                {"longitude": 27.733028}
            ]]},
            {"altitude": 213},
            {"distance_km": 1.41},
            {"speed_kmh": 5.4},
            {"timestamp": "Mon Mar 20 14:33:52 UTC 2017"}
        ],
        [
            {"location": [[
                {"latitude": 64.238219},
                {"longitude": 27.733068}
            ]]},
            {"altitude": 205.5},
            {"distance_km": 1.42},
            {"speed_kmh": 5.4},
            {"timestamp": "Mon Mar 20 14:33:58 UTC 2017"}
        ],
        [
            {"location": [[
                {"latitude": 64.238199},
                {"longitude": 27.733299}
            ]]},
            {"altitude": 202},
            {"distance_km": 1.43},
            {"speed_kmh": 3.6},
            {"timestamp": "Mon Mar 20 14:34:06 UTC 2017"}
        ],
        [
            {"location": [[
                {"latitude": 64.238105},
                {"longitude": 27.733363}
            ]]},
            {"altitude": 202},
            {"distance_km": 1.45},
            {"speed_kmh": 0},
            {"timestamp": "Mon Mar 20 14:34:13 UTC 2017"}
        ],
        [
            {"location": [[
                {"latitude": 64.23801},
                {"longitude": 27.733386}
            ]]},
            {"altitude": 206.5},
            {"distance_km": 1.46},
            {"speed_kmh": 4.5},
            {"timestamp": "Mon Mar 20 14:34:19 UTC 2017"}
        ],
        [
            {"location": [[
                {"latitude": 64.237919},
                {"longitude": 27.733425}
            ]]},
            {"altitude": 207},
            {"distance_km": 1.47},
            {"speed_kmh": 5.4},
            {"timestamp": "Mon Mar 20 14:34:25 UTC 2017"}
        ],
        [
            {"location": [[
                {"latitude": 64.237827},
                {"longitude": 27.733451}
            ]]},
            {"altitude": 206},
            {"distance_km": 1.48},
            {"speed_kmh": 5.4},
            {"timestamp": "Mon Mar 20 14:34:31 UTC 2017"}
        ],
        [
            {"location": [[
                {"latitude": 64.237712},
                {"longitude": 27.733507}
            ]]},
            {"altitude": 207},
            {"distance_km": 1.49},
            {"speed_kmh": 5.4},
            {"timestamp": "Mon Mar 20 14:34:43 UTC 2017"}
        ],
        [
            {"location": [[
                {"latitude": 64.237614},
                {"longitude": 27.733505}
            ]]},
            {"altitude": 206},
            {"distance_km": 1.5},
            {"speed_kmh": 5.4},
            {"timestamp": "Mon Mar 20 14:34:49 UTC 2017"}
        ],
        [
            {"location": [[
                {"latitude": 64.237518},
                {"longitude": 27.733529}
            ]]},
            {"altitude": 206},
            {"distance_km": 1.51},
            {"speed_kmh": 5.4},
            {"timestamp": "Mon Mar 20 14:34:55 UTC 2017"}
        ],
        [
            {"location": [[
                {"latitude": 64.237412},
                {"longitude": 27.733642}
            ]]},
            {"altitude": 211.5},
            {"distance_km": 1.52},
            {"speed_kmh": 4.5},
            {"timestamp": "Mon Mar 20 14:35:07 UTC 2017"}
        ],
        [
            {"location": [[
                {"latitude": 64.237315},
                {"longitude": 27.733694}
            ]]},
            {"altitude": 211},
            {"distance_km": 1.54},
            {"speed_kmh": 4.5},
            {"timestamp": "Mon Mar 20 14:35:14 UTC 2017"}
        ],
        [
            {"location": [[
                {"latitude": 64.237225},
                {"longitude": 27.733765}
            ]]},
            {"altitude": 208.5},
            {"distance_km": 1.55},
            {"speed_kmh": 5.4},
            {"timestamp": "Mon Mar 20 14:35:20 UTC 2017"}
        ],
        [
            {"location": [[
                {"latitude": 64.237138},
                {"longitude": 27.733837}
            ]]},
            {"altitude": 213.5},
            {"distance_km": 1.56},
            {"speed_kmh": 7.2},
            {"timestamp": "Mon Mar 20 14:35:26 UTC 2017"}
        ],
        [
            {"location": [[
                {"latitude": 64.237043},
                {"longitude": 27.733929}
            ]]},
            {"altitude": 213},
            {"distance_km": 1.57},
            {"speed_kmh": 3.6},
            {"timestamp": "Mon Mar 20 14:35:32 UTC 2017"}
        ],
        [
            {"location": [[
                {"latitude": 64.236955},
                {"longitude": 27.734065}
            ]]},
            {"altitude": 213.5},
            {"distance_km": 1.58},
            {"speed_kmh": 4.5},
            {"timestamp": "Mon Mar 20 14:35:40 UTC 2017"}
        ],
        [
            {"location": [[
                {"latitude": 64.236869},
                {"longitude": 27.734157}
            ]]},
            {"altitude": 203.5},
            {"distance_km": 1.59},
            {"speed_kmh": 4.5},
            {"timestamp": "Mon Mar 20 14:35:46 UTC 2017"}
        ],
        [
            {"location": [[
                {"latitude": 64.236781},
                {"longitude": 27.734308}
            ]]},
            {"altitude": 205},
            {"distance_km": 1.6},
            {"speed_kmh": 4.5},
            {"timestamp": "Mon Mar 20 14:35:52 UTC 2017"}
        ],
        [
            {"location": [[
                {"latitude": 64.236685},
                {"longitude": 27.734462}
            ]]},
            {"altitude": 199},
            {"distance_km": 1.62},
            {"speed_kmh": 5.4},
            {"timestamp": "Mon Mar 20 14:35:58 UTC 2017"}
        ],
        [
            {"location": [[
                {"latitude": 64.236586},
                {"longitude": 27.734593}
            ]]},
            {"altitude": 197},
            {"distance_km": 1.63},
            {"speed_kmh": 5.4},
            {"timestamp": "Mon Mar 20 14:36:05 UTC 2017"}
        ],
        [
            {"location": [[
                {"latitude": 64.236489},
                {"longitude": 27.734731}
            ]]},
            {"altitude": 192.5},
            {"distance_km": 1.64},
            {"speed_kmh": 4.5},
            {"timestamp": "Mon Mar 20 14:36:13 UTC 2017"}
        ],
        [
            {"location": [[
                {"latitude": 64.236396},
                {"longitude": 27.734868}
            ]]},
            {"altitude": 184.5},
            {"distance_km": 1.65},
            {"speed_kmh": 4.5},
            {"timestamp": "Mon Mar 20 14:36:19 UTC 2017"}
        ],
        [
            {"location": [[
                {"latitude": 64.236317},
                {"longitude": 27.734996}
            ]]},
            {"altitude": 180},
            {"distance_km": 1.66},
            {"speed_kmh": 6.3},
            {"timestamp": "Mon Mar 20 14:36:23 UTC 2017"}
        ],
        [
            {"location": [[
                {"latitude": 64.236224},
                {"longitude": 27.735176}
            ]]},
            {"altitude": 176.5},
            {"distance_km": 1.68},
            {"speed_kmh": 5.4},
            {"timestamp": "Mon Mar 20 14:36:29 UTC 2017"}
        ],
        [
            {"location": [[
                {"latitude": 64.23614},
                {"longitude": 27.735326}
            ]]},
            {"altitude": 174},
            {"distance_km": 1.69},
            {"speed_kmh": 5.4},
            {"timestamp": "Mon Mar 20 14:36:35 UTC 2017"}
        ],
        [
            {"location": [[
                {"latitude": 64.236038},
                {"longitude": 27.735455}
            ]]},
            {"altitude": 173},
            {"distance_km": 1.7},
            {"speed_kmh": 6.3},
            {"timestamp": "Mon Mar 20 14:36:41 UTC 2017"}
        ],
        [
            {"location": [[
                {"latitude": 64.235942},
                {"longitude": 27.735579}
            ]]},
            {"altitude": 177.5},
            {"distance_km": 1.71},
            {"speed_kmh": 5.4},
            {"timestamp": "Mon Mar 20 14:36:47 UTC 2017"}
        ],
        [
            {"location": [[
                {"latitude": 64.235874},
                {"longitude": 27.735715}
            ]]},
            {"altitude": 176.5},
            {"distance_km": 1.72},
            {"speed_kmh": 5.4},
            {"timestamp": "Mon Mar 20 14:36:53 UTC 2017"}
        ],
        [
            {"location": [[
                {"latitude": 64.235808},
                {"longitude": 27.735875}
            ]]},
            {"altitude": 176.5},
            {"distance_km": 1.73},
            {"speed_kmh": 6.3},
            {"timestamp": "Mon Mar 20 14:36:59 UTC 2017"}
        ],
        [
            {"location": [[
                {"latitude": 64.235734},
                {"longitude": 27.736047}
            ]]},
            {"altitude": 173.5},
            {"distance_km": 1.75},
            {"speed_kmh": 6.3},
            {"timestamp": "Mon Mar 20 14:37:06 UTC 2017"}
        ],
        [
            {"location": [[
                {"latitude": 64.235666},
                {"longitude": 27.736206}
            ]]},
            {"altitude": 169.5},
            {"distance_km": 1.76},
            {"speed_kmh": 6.3},
            {"timestamp": "Mon Mar 20 14:37:12 UTC 2017"}
        ],
        [
            {"location": [[
                {"latitude": 64.235594},
                {"longitude": 27.736332}
            ]]},
            {"altitude": 168},
            {"distance_km": 1.77},
            {"speed_kmh": 6.3},
            {"timestamp": "Mon Mar 20 14:37:18 UTC 2017"}
        ],
        [
            {"location": [[
                {"latitude": 64.2355},
                {"longitude": 27.736412}
            ]]},
            {"altitude": 173},
            {"distance_km": 1.78},
            {"speed_kmh": 6.3},
            {"timestamp": "Mon Mar 20 14:37:24 UTC 2017"}
        ],
        [
            {"location": [[
                {"latitude": 64.235404},
                {"longitude": 27.736427}
            ]]},
            {"altitude": 175.5},
            {"distance_km": 1.79},
            {"speed_kmh": 6.3},
            {"timestamp": "Mon Mar 20 14:37:30 UTC 2017"}
        ],
        [
            {"location": [[
                {"latitude": 64.235329},
                {"longitude": 27.736602}
            ]]},
            {"altitude": 176},
            {"distance_km": 1.8},
            {"speed_kmh": 4.5},
            {"timestamp": "Mon Mar 20 14:37:38 UTC 2017"}
        ],
        [
            {"location": [[
                {"latitude": 64.235268},
                {"longitude": 27.736782}
            ]]},
            {"altitude": 173.5},
            {"distance_km": 1.81},
            {"speed_kmh": 5.4},
            {"timestamp": "Mon Mar 20 14:37:46 UTC 2017"}
        ],
        [
            {"location": [[
                {"latitude": 64.235178},
                {"longitude": 27.736676}
            ]]},
            {"altitude": 179.5},
            {"distance_km": 1.82},
            {"speed_kmh": 5.4},
            {"timestamp": "Mon Mar 20 14:37:54 UTC 2017"}
        ],
        [
            {"location": [[
                {"latitude": 64.235089},
                {"longitude": 27.736537}
            ]]},
            {"altitude": 179.5},
            {"distance_km": 1.84},
            {"speed_kmh": 5.4},
            {"timestamp": "Mon Mar 20 14:38:02 UTC 2017"}
        ],
        [
            {"location": [[
                {"latitude": 64.235017},
                {"longitude": 27.736405}
            ]]},
            {"altitude": 180.5},
            {"distance_km": 1.85},
            {"speed_kmh": 6.3},
            {"timestamp": "Mon Mar 20 14:38:07 UTC 2017"}
        ],
        [
            {"location": [[
                {"latitude": 64.234934},
                {"longitude": 27.736299}
            ]]},
            {"altitude": 183.5},
            {"distance_km": 1.86},
            {"speed_kmh": 4.5},
            {"timestamp": "Mon Mar 20 14:38:15 UTC 2017"}
        ],
        [
            {"location": [[
                {"latitude": 64.234851},
                {"longitude": 27.736184}
            ]]},
            {"altitude": 183},
            {"distance_km": 1.87},
            {"speed_kmh": 4.5},
            {"timestamp": "Mon Mar 20 14:38:21 UTC 2017"}
        ],
        [
            {"location": [[
                {"latitude": 64.234761},
                {"longitude": 27.736094}
            ]]},
            {"altitude": 180.5},
            {"distance_km": 1.88},
            {"speed_kmh": 4.5},
            {"timestamp": "Mon Mar 20 14:38:27 UTC 2017"}
        ],
        [
            {"location": [[
                {"latitude": 64.234669},
                {"longitude": 27.735979}
            ]]},
            {"altitude": 178},
            {"distance_km": 1.89},
            {"speed_kmh": 4.5},
            {"timestamp": "Mon Mar 20 14:38:33 UTC 2017"}
        ],
        [
            {"location": [[
                {"latitude": 64.234581},
                {"longitude": 27.735908}
            ]]},
            {"altitude": 180.5},
            {"distance_km": 1.9},
            {"speed_kmh": 4.5},
            {"timestamp": "Mon Mar 20 14:38:39 UTC 2017"}
        ],
        [
            {"location": [[
                {"latitude": 64.234481},
                {"longitude": 27.735862}
            ]]},
            {"altitude": 181},
            {"distance_km": 1.91},
            {"speed_kmh": 5.4},
            {"timestamp": "Mon Mar 20 14:38:45 UTC 2017"}
        ],
        [
            {"location": [[
                {"latitude": 64.234372},
                {"longitude": 27.73578}
            ]]},
            {"altitude": 186},
            {"distance_km": 1.92},
            {"speed_kmh": 4.5},
            {"timestamp": "Mon Mar 20 14:38:53 UTC 2017"}
        ],
        [
            {"location": [[
                {"latitude": 64.234277},
                {"longitude": 27.735608}
            ]]},
            {"altitude": 188.5},
            {"distance_km": 1.94},
            {"speed_kmh": 4.5},
            {"timestamp": "Mon Mar 20 14:38:59 UTC 2017"}
        ],
        [
            {"location": [[
                {"latitude": 64.234208},
                {"longitude": 27.735391}
            ]]},
            {"altitude": 186.5},
            {"distance_km": 1.95},
            {"speed_kmh": 4.5},
            {"timestamp": "Mon Mar 20 14:39:07 UTC 2017"}
        ],
        [
            {"location": [[
                {"latitude": 64.23413},
                {"longitude": 27.735182}
            ]]},
            {"altitude": 187.5},
            {"distance_km": 1.96},
            {"speed_kmh": 5.4},
            {"timestamp": "Mon Mar 20 14:39:16 UTC 2017"}
        ],
        [
            {"location": [[
                {"latitude": 64.234033},
                {"longitude": 27.735053}
            ]]},
            {"altitude": 174.5},
            {"distance_km": 1.98},
            {"speed_kmh": 4.5},
            {"timestamp": "Mon Mar 20 14:39:22 UTC 2017"}
        ],
        [
            {"location": [[
                {"latitude": 64.23395},
                {"longitude": 27.734968}
            ]]},
            {"altitude": 173.5},
            {"distance_km": 1.99},
            {"speed_kmh": 4.5},
            {"timestamp": "Mon Mar 20 14:39:28 UTC 2017"}
        ],
        [
            {"location": [[
                {"latitude": 64.233874},
                {"longitude": 27.734851}
            ]]},
            {"altitude": 171},
            {"distance_km": 2},
            {"speed_kmh": 3.6},
            {"timestamp": "Mon Mar 20 14:39:40 UTC 2017"}
        ],
        [
            {"location": [[
                {"latitude": 64.233788},
                {"longitude": 27.73476}
            ]]},
            {"altitude": 174.5},
            {"distance_km": 2.01},
            {"speed_kmh": 3.6},
            {"timestamp": "Mon Mar 20 14:39:47 UTC 2017"}
        ],
        [
            {"location": [[
                {"latitude": 64.2337},
                {"longitude": 27.734639}
            ]]},
            {"altitude": 190.5},
            {"distance_km": 2.02},
            {"speed_kmh": 4.5},
            {"timestamp": "Mon Mar 20 14:40:15 UTC 2017"}
        ],
        [
            {"location": [[
                {"latitude": 64.233597},
                {"longitude": 27.734549}
            ]]},
            {"altitude": 191.5},
            {"distance_km": 2.03},
            {"speed_kmh": 4.5},
            {"timestamp": "Mon Mar 20 14:40:23 UTC 2017"}
        ],
        [
            {"location": [[
                {"latitude": 64.233499},
                {"longitude": 27.734477}
            ]]},
            {"altitude": 190.5},
            {"distance_km": 2.04},
            {"speed_kmh": 4.5},
            {"timestamp": "Mon Mar 20 14:40:31 UTC 2017"}
        ],
        [
            {"location": [[
                {"latitude": 64.233399},
                {"longitude": 27.734391}
            ]]},
            {"altitude": 192},
            {"distance_km": 2.05},
            {"speed_kmh": 6.3},
            {"timestamp": "Mon Mar 20 14:40:37 UTC 2017"}
        ],
        [
            {"location": [[
                {"latitude": 64.233293},
                {"longitude": 27.734308}
            ]]},
            {"altitude": 191},
            {"distance_km": 2.07},
            {"speed_kmh": 6.3},
            {"timestamp": "Mon Mar 20 14:40:43 UTC 2017"}
        ],
        [
            {"location": [[
                {"latitude": 64.233205},
                {"longitude": 27.734242}
            ]]},
            {"altitude": 200.5},
            {"distance_km": 2.08},
            {"speed_kmh": 4.5},
            {"timestamp": "Mon Mar 20 14:40:51 UTC 2017"}
        ],
        [
            {"location": [[
                {"latitude": 64.233118},
                {"longitude": 27.734185}
            ]]},
            {"altitude": 197},
            {"distance_km": 2.09},
            {"speed_kmh": 3.6},
            {"timestamp": "Mon Mar 20 14:41:00 UTC 2017"}
        ],
        [
            {"location": [[
                {"latitude": 64.233022},
                {"longitude": 27.734137}
            ]]},
            {"altitude": 191},
            {"distance_km": 2.1},
            {"speed_kmh": 2.7},
            {"timestamp": "Mon Mar 20 14:41:08 UTC 2017"}
        ],
        [
            {"location": [[
                {"latitude": 64.23293},
                {"longitude": 27.73415}
            ]]},
            {"altitude": 188.5},
            {"distance_km": 2.11},
            {"speed_kmh": 4.5},
            {"timestamp": "Mon Mar 20 14:41:18 UTC 2017"}
        ],
        [
            {"location": [[
                {"latitude": 64.232794},
                {"longitude": 27.734029}
            ]]},
            {"altitude": 169.5},
            {"distance_km": 2.12},
            {"speed_kmh": 6.3},
            {"timestamp": "Mon Mar 20 14:41:26 UTC 2017"}
        ],
        [
            {"location": [[
                {"latitude": 64.232732},
                {"longitude": 27.733861}
            ]]},
            {"altitude": 161.5},
            {"distance_km": 2.14},
            {"speed_kmh": 5.4},
            {"timestamp": "Mon Mar 20 14:41:32 UTC 2017"}
        ],
        [
            {"location": [[
                {"latitude": 64.232731},
                {"longitude": 27.733624}
            ]]},
            {"altitude": 161.5},
            {"distance_km": 2.15},
            {"speed_kmh": 3.6},
            {"timestamp": "Mon Mar 20 14:41:44 UTC 2017"}
        ],
        [
            {"location": [[
                {"latitude": 64.232716},
                {"longitude": 27.733367}
            ]]},
            {"altitude": 160.5},
            {"distance_km": 2.16},
            {"speed_kmh": 5.4},
            {"timestamp": "Mon Mar 20 14:41:52 UTC 2017"}
        ],
        [
            {"location": [[
                {"latitude": 64.2327},
                {"longitude": 27.73313}
            ]]},
            {"altitude": 161},
            {"distance_km": 2.17},
            {"speed_kmh": 5.4},
            {"timestamp": "Mon Mar 20 14:42:00 UTC 2017"}
        ],
        [
            {"location": [[
                {"latitude": 64.232723},
                {"longitude": 27.732896}
            ]]},
            {"altitude": 157},
            {"distance_km": 2.18},
            {"speed_kmh": 5.4},
            {"timestamp": "Mon Mar 20 14:42:07 UTC 2017"}
        ],
        [
            {"location": [[
                {"latitude": 64.232747},
                {"longitude": 27.732644}
            ]]},
            {"altitude": 153.5},
            {"distance_km": 2.19},
            {"speed_kmh": 5.4},
            {"timestamp": "Mon Mar 20 14:42:15 UTC 2017"}
        ],
        [
            {"location": [[
                {"latitude": 64.232783},
                {"longitude": 27.73239}
            ]]},
            {"altitude": 156.5},
            {"distance_km": 2.21},
            {"speed_kmh": 5.4},
            {"timestamp": "Mon Mar 20 14:42:23 UTC 2017"}
        ],
        [
            {"location": [[
                {"latitude": 64.232821},
                {"longitude": 27.732126}
            ]]},
            {"altitude": 157},
            {"distance_km": 2.22},
            {"speed_kmh": 5.4},
            {"timestamp": "Mon Mar 20 14:42:31 UTC 2017"}
        ],
        [
            {"location": [[
                {"latitude": 64.232855},
                {"longitude": 27.731877}
            ]]},
            {"altitude": 155.5},
            {"distance_km": 2.23},
            {"speed_kmh": 5.4},
            {"timestamp": "Mon Mar 20 14:42:37 UTC 2017"}
        ],
        [
            {"location": [[
                {"latitude": 64.232882},
                {"longitude": 27.731668}
            ]]},
            {"altitude": 158.5},
            {"distance_km": 2.24},
            {"speed_kmh": 5.4},
            {"timestamp": "Mon Mar 20 14:42:43 UTC 2017"}
        ],
        [
            {"location": [[
                {"latitude": 64.232901},
                {"longitude": 27.731459}
            ]]},
            {"altitude": 161},
            {"distance_km": 2.25},
            {"speed_kmh": 5.4},
            {"timestamp": "Mon Mar 20 14:42:49 UTC 2017"}
        ],
        [
            {"location": [[
                {"latitude": 64.232801},
                {"longitude": 27.731362}
            ]]},
            {"altitude": 156.5},
            {"distance_km": 2.27},
            {"speed_kmh": 5.4},
            {"timestamp": "Mon Mar 20 14:42:57 UTC 2017"}
        ],
        [
            {"location": [[
                {"latitude": 64.232706},
                {"longitude": 27.731355}
            ]]},
            {"altitude": 160},
            {"distance_km": 2.28},
            {"speed_kmh": 2.7},
            {"timestamp": "Mon Mar 20 14:43:14 UTC 2017"}
        ],
        [
            {"location": [[
                {"latitude": 64.23263},
                {"longitude": 27.73124}
            ]]},
            {"altitude": 160},
            {"distance_km": 2.29},
            {"speed_kmh": 5.4},
            {"timestamp": "Mon Mar 20 14:43:20 UTC 2017"}
        ],
        [
            {"location": [[
                {"latitude": 64.232553},
                {"longitude": 27.731129}
            ]]},
            {"altitude": 161},
            {"distance_km": 2.3},
            {"speed_kmh": 5.4},
            {"timestamp": "Mon Mar 20 14:43:26 UTC 2017"}
        ],
        [
            {"location": [[
                {"latitude": 64.232449},
                {"longitude": 27.73103}
            ]]},
            {"altitude": 162},
            {"distance_km": 2.31},
            {"speed_kmh": 5.4},
            {"timestamp": "Mon Mar 20 14:43:34 UTC 2017"}
        ],
        [
            {"location": [[
                {"latitude": 64.232355},
                {"longitude": 27.730867}
            ]]},
            {"altitude": 160},
            {"distance_km": 2.32},
            {"speed_kmh": 5.4},
            {"timestamp": "Mon Mar 20 14:43:42 UTC 2017"}
        ],
        [
            {"location": [[
                {"latitude": 64.232267},
                {"longitude": 27.730743}
            ]]},
            {"altitude": 158},
            {"distance_km": 2.33},
            {"speed_kmh": 5.4},
            {"timestamp": "Mon Mar 20 14:43:49 UTC 2017"}
        ],
        [
            {"location": [[
                {"latitude": 64.232186},
                {"longitude": 27.730649}
            ]]},
            {"altitude": 155.5},
            {"distance_km": 2.34},
            {"speed_kmh": 5.4},
            {"timestamp": "Mon Mar 20 14:43:55 UTC 2017"}
        ],
        [
            {"location": [[
                {"latitude": 64.232087},
                {"longitude": 27.730531}
            ]]},
            {"altitude": 156.5},
            {"distance_km": 2.36},
            {"speed_kmh": 5.4},
            {"timestamp": "Mon Mar 20 14:44:03 UTC 2017"}
        ],
        [
            {"location": [[
                {"latitude": 64.231996},
                {"longitude": 27.730408}
            ]]},
            {"altitude": 155},
            {"distance_km": 2.37},
            {"speed_kmh": 5.4},
            {"timestamp": "Mon Mar 20 14:44:11 UTC 2017"}
        ],
        [
            {"location": [[
                {"latitude": 64.231893},
                {"longitude": 27.730287}
            ]]},
            {"altitude": 152.5},
            {"distance_km": 2.38},
            {"speed_kmh": 5.4},
            {"timestamp": "Mon Mar 20 14:44:19 UTC 2017"}
        ],
        [
            {"location": [[
                {"latitude": 64.231812},
                {"longitude": 27.730158}
            ]]},
            {"altitude": 154},
            {"distance_km": 2.39},
            {"speed_kmh": 3.6},
            {"timestamp": "Mon Mar 20 14:44:29 UTC 2017"}
        ],
        [
            {"location": [[
                {"latitude": 64.231731},
                {"longitude": 27.730002}
            ]]},
            {"altitude": 148.5},
            {"distance_km": 2.4},
            {"speed_kmh": 3.6},
            {"timestamp": "Mon Mar 20 14:44:35 UTC 2017"}
        ],
        [
            {"location": [[
                {"latitude": 64.231663},
                {"longitude": 27.729807}
            ]]},
            {"altitude": 147.5},
            {"distance_km": 2.42},
            {"speed_kmh": 4.5},
            {"timestamp": "Mon Mar 20 14:44:43 UTC 2017"}
        ],
        [
            {"location": [[
                {"latitude": 64.231696},
                {"longitude": 27.729602}
            ]]},
            {"altitude": 149.5},
            {"distance_km": 2.43},
            {"speed_kmh": 3.6},
            {"timestamp": "Mon Mar 20 14:44:51 UTC 2017"}
        ],
        [
            {"location": [[
                {"latitude": 64.231774},
                {"longitude": 27.729615}
            ]]},
            {"altitude": 149},
            {"distance_km": 2.43},
            {"speed_kmh": 0},
            {"timestamp": "Mon Mar 20 14:46:33 UTC 2017"}
        ],
        [
            {"location": [[
                {"latitude": 64.231774},
                {"longitude": 27.729615}
            ]]},
            {"altitude": 149},
            {"distance_km": 2.43},
            {"speed_kmh": 0},
            {"timestamp": "Mon Mar 20 14:46:34 UTC 2017"}
        ]
    ]}
]