[
    {"sport": "WEIGHT_TRAINING"},
    {"source": "INPUT_MANUAL_MOBILE"},
    {"created_date": "2017-04-07 15:37:33.0"},
    {"start_time": "2017-04-06 14:37:00.0"},
    {"end_time": "2017-04-06 15:37:00.0"},
    {"duration_s": 3600},
    {"distance_km": 0},
    {"calories_kcal": 590},
    {"speed_avg_kmh": 0},
    {"points": [
        [
            {"distance_km": 0},
            {"timestamp": "Thu Apr 06 14:37:00 UTC 2017"}
        ],
        [
            {"distance_km": 0},
            {"timestamp": "Thu Apr 06 15:37:00 UTC 2017"}
        ]
    ]}
]