[
    {"sport": "WALKING"},
    {"source": "TRACK_MOBILE"},
    {"created_date": "2017-03-21 13:04:56.0"},
    {"start_time": "2017-03-21 12:36:32.0"},
    {"end_time": "2017-03-21 13:05:13.0"},
    {"duration_s": 1720},
    {"distance_km": 2.28},
    {"calories_kcal": 163.292},
    {"altitude_min_m": 134},
    {"altitude_max_m": 207},
    {"speed_avg_kmh": 4.772093023255814},
    {"speed_max_kmh": 7.2},
    {"ascend_m": 111.5},
    {"descend_m": 112.5},
    {"points": [
        [
            {"location": [[
                {"latitude": 64.231765},
                {"longitude": 27.729684}
            ]]},
            {"distance_km": 0},
            {"timestamp": "Tue Mar 21 12:36:32 UTC 2017"}
        ],
        [
            {"location": [[
                {"latitude": 64.231765},
                {"longitude": 27.729684}
            ]]},
            {"altitude": 154},
            {"distance_km": 0},
            {"speed_kmh": 0},
            {"timestamp": "Tue Mar 21 12:36:41 UTC 2017"}
        ],
        [
            {"location": [[
                {"latitude": 64.231893},
                {"longitude": 27.729697}
            ]]},
            {"altitude": 155},
            {"distance_km": 0.01},
            {"speed_kmh": 1.8},
            {"timestamp": "Tue Mar 21 12:36:47 UTC 2017"}
        ],
        [
            {"location": [[
                {"latitude": 64.231803},
                {"longitude": 27.729565}
            ]]},
            {"altitude": 147.5},
            {"distance_km": 0.03},
            {"speed_kmh": 0},
            {"timestamp": "Tue Mar 21 12:36:57 UTC 2017"}
        ],
        [
            {"location": [[
                {"latitude": 64.231711},
                {"longitude": 27.729682}
            ]]},
            {"altitude": 134},
            {"distance_km": 0.04},
            {"speed_kmh": 3.6},
            {"timestamp": "Tue Mar 21 12:37:11 UTC 2017"}
        ],
        [
            {"location": [[
                {"latitude": 64.231729},
                {"longitude": 27.729919}
            ]]},
            {"altitude": 134},
            {"distance_km": 0.05},
            {"speed_kmh": 4.5},
            {"timestamp": "Tue Mar 21 12:37:19 UTC 2017"}
        ],
        [
            {"location": [[
                {"latitude": 64.231762},
                {"longitude": 27.730146}
            ]]},
            {"altitude": 137},
            {"distance_km": 0.06},
            {"speed_kmh": 3.6},
            {"timestamp": "Tue Mar 21 12:37:29 UTC 2017"}
        ],
        [
            {"location": [[
                {"latitude": 64.23182},
                {"longitude": 27.730338}
            ]]},
            {"altitude": 147},
            {"distance_km": 0.07},
            {"speed_kmh": 4.5},
            {"timestamp": "Tue Mar 21 12:37:40 UTC 2017"}
        ],
        [
            {"location": [[
                {"latitude": 64.231895},
                {"longitude": 27.730496}
            ]]},
            {"altitude": 155.5},
            {"distance_km": 0.08},
            {"speed_kmh": 4.5},
            {"timestamp": "Tue Mar 21 12:37:50 UTC 2017"}
        ],
        [
            {"location": [[
                {"latitude": 64.231992},
                {"longitude": 27.730584}
            ]]},
            {"altitude": 159.5},
            {"distance_km": 0.1},
            {"speed_kmh": 4.5},
            {"timestamp": "Tue Mar 21 12:37:59 UTC 2017"}
        ],
        [
            {"location": [[
                {"latitude": 64.232086},
                {"longitude": 27.730697}
            ]]},
            {"altitude": 161},
            {"distance_km": 0.11},
            {"speed_kmh": 6.3},
            {"timestamp": "Tue Mar 21 12:38:09 UTC 2017"}
        ],
        [
            {"location": [[
                {"latitude": 64.232165},
                {"longitude": 27.73081}
            ]]},
            {"altitude": 161.5},
            {"distance_km": 0.12},
            {"speed_kmh": 5.4},
            {"timestamp": "Tue Mar 21 12:38:15 UTC 2017"}
        ],
        [
            {"location": [[
                {"latitude": 64.232251},
                {"longitude": 27.730991}
            ]]},
            {"altitude": 163.5},
            {"distance_km": 0.13},
            {"speed_kmh": 5.4},
            {"timestamp": "Tue Mar 21 12:38:23 UTC 2017"}
        ],
        [
            {"location": [[
                {"latitude": 64.232344},
                {"longitude": 27.731142}
            ]]},
            {"altitude": 164},
            {"distance_km": 0.14},
            {"speed_kmh": 5.4},
            {"timestamp": "Tue Mar 21 12:38:31 UTC 2017"}
        ],
        [
            {"location": [[
                {"latitude": 64.23245},
                {"longitude": 27.731229}
            ]]},
            {"altitude": 163},
            {"distance_km": 0.16},
            {"speed_kmh": 5.4},
            {"timestamp": "Tue Mar 21 12:38:39 UTC 2017"}
        ],
        [
            {"location": [[
                {"latitude": 64.232558},
                {"longitude": 27.731306}
            ]]},
            {"altitude": 163.5},
            {"distance_km": 0.17},
            {"speed_kmh": 7.2},
            {"timestamp": "Tue Mar 21 12:38:51 UTC 2017"}
        ],
        [
            {"location": [[
                {"latitude": 64.232648},
                {"longitude": 27.731353}
            ]]},
            {"altitude": 164.5},
            {"distance_km": 0.18},
            {"speed_kmh": 4.5},
            {"timestamp": "Tue Mar 21 12:38:57 UTC 2017"}
        ],
        [
            {"location": [[
                {"latitude": 64.23274},
                {"longitude": 27.731418}
            ]]},
            {"altitude": 168.5},
            {"distance_km": 0.19},
            {"speed_kmh": 5.4},
            {"timestamp": "Tue Mar 21 12:39:05 UTC 2017"}
        ],
        [
            {"location": [[
                {"latitude": 64.232831},
                {"longitude": 27.731475}
            ]]},
            {"altitude": 168.5},
            {"distance_km": 0.2},
            {"speed_kmh": 4.5},
            {"timestamp": "Tue Mar 21 12:39:13 UTC 2017"}
        ],
        [
            {"location": [[
                {"latitude": 64.232923},
                {"longitude": 27.731547}
            ]]},
            {"altitude": 170},
            {"distance_km": 0.21},
            {"speed_kmh": 4.5},
            {"timestamp": "Tue Mar 21 12:39:21 UTC 2017"}
        ],
        [
            {"location": [[
                {"latitude": 64.233031},
                {"longitude": 27.731594}
            ]]},
            {"altitude": 170.5},
            {"distance_km": 0.22},
            {"speed_kmh": 4.5},
            {"timestamp": "Tue Mar 21 12:39:32 UTC 2017"}
        ],
        [
            {"location": [[
                {"latitude": 64.233128},
                {"longitude": 27.731644}
            ]]},
            {"altitude": 170},
            {"distance_km": 0.23},
            {"speed_kmh": 2.7},
            {"timestamp": "Tue Mar 21 12:39:43 UTC 2017"}
        ],
        [
            {"location": [[
                {"latitude": 64.233237},
                {"longitude": 27.731623}
            ]]},
            {"altitude": 176},
            {"distance_km": 0.25},
            {"speed_kmh": 3.6},
            {"timestamp": "Tue Mar 21 12:39:53 UTC 2017"}
        ],
        [
            {"location": [[
                {"latitude": 64.233321},
                {"longitude": 27.731706}
            ]]},
            {"altitude": 173.5},
            {"distance_km": 0.26},
            {"speed_kmh": 2.7},
            {"timestamp": "Tue Mar 21 12:40:05 UTC 2017"}
        ],
        [
            {"location": [[
                {"latitude": 64.233413},
                {"longitude": 27.731715}
            ]]},
            {"altitude": 171.5},
            {"distance_km": 0.27},
            {"speed_kmh": 0},
            {"timestamp": "Tue Mar 21 12:40:21 UTC 2017"}
        ],
        [
            {"location": [[
                {"latitude": 64.233525},
                {"longitude": 27.73168}
            ]]},
            {"altitude": 172.5},
            {"distance_km": 0.28},
            {"speed_kmh": 0},
            {"timestamp": "Tue Mar 21 12:40:31 UTC 2017"}
        ],
        [
            {"location": [[
                {"latitude": 64.233622},
                {"longitude": 27.731635}
            ]]},
            {"altitude": 174},
            {"distance_km": 0.29},
            {"speed_kmh": 3.6},
            {"timestamp": "Tue Mar 21 12:40:41 UTC 2017"}
        ],
        [
            {"location": [[
                {"latitude": 64.233712},
                {"longitude": 27.731531}
            ]]},
            {"altitude": 177},
            {"distance_km": 0.3},
            {"speed_kmh": 2.7},
            {"timestamp": "Tue Mar 21 12:41:08 UTC 2017"}
        ],
        [
            {"location": [[
                {"latitude": 64.23379},
                {"longitude": 27.731381}
            ]]},
            {"altitude": 176.5},
            {"distance_km": 0.31},
            {"speed_kmh": 2.7},
            {"timestamp": "Tue Mar 21 12:41:17 UTC 2017"}
        ],
        [
            {"location": [[
                {"latitude": 64.233882},
                {"longitude": 27.7313}
            ]]},
            {"altitude": 177.5},
            {"distance_km": 0.32},
            {"speed_kmh": 1.8},
            {"timestamp": "Tue Mar 21 12:41:25 UTC 2017"}
        ],
        [
            {"location": [[
                {"latitude": 64.233974},
                {"longitude": 27.731241}
            ]]},
            {"altitude": 177},
            {"distance_km": 0.33},
            {"speed_kmh": 2.7},
            {"timestamp": "Tue Mar 21 12:41:33 UTC 2017"}
        ],
        [
            {"location": [[
                {"latitude": 64.234047},
                {"longitude": 27.731042}
            ]]},
            {"altitude": 172},
            {"distance_km": 0.35},
            {"speed_kmh": 2.7},
            {"timestamp": "Tue Mar 21 12:41:43 UTC 2017"}
        ],
        [
            {"location": [[
                {"latitude": 64.234089},
                {"longitude": 27.730821}
            ]]},
            {"altitude": 170.5},
            {"distance_km": 0.36},
            {"speed_kmh": 2.7},
            {"timestamp": "Tue Mar 21 12:41:53 UTC 2017"}
        ],
        [
            {"location": [[
                {"latitude": 64.234145},
                {"longitude": 27.730571}
            ]]},
            {"altitude": 174},
            {"distance_km": 0.37},
            {"speed_kmh": 3.6},
            {"timestamp": "Tue Mar 21 12:42:01 UTC 2017"}
        ],
        [
            {"location": [[
                {"latitude": 64.234231},
                {"longitude": 27.730427}
            ]]},
            {"altitude": 181},
            {"distance_km": 0.38},
            {"speed_kmh": 3.6},
            {"timestamp": "Tue Mar 21 12:42:07 UTC 2017"}
        ],
        [
            {"location": [[
                {"latitude": 64.234317},
                {"longitude": 27.730253}
            ]]},
            {"altitude": 188.5},
            {"distance_km": 0.4},
            {"speed_kmh": 3.6},
            {"timestamp": "Tue Mar 21 12:42:15 UTC 2017"}
        ],
        [
            {"location": [[
                {"latitude": 64.234401},
                {"longitude": 27.730104}
            ]]},
            {"altitude": 190.5},
            {"distance_km": 0.41},
            {"speed_kmh": 2.7},
            {"timestamp": "Tue Mar 21 12:42:25 UTC 2017"}
        ],
        [
            {"location": [[
                {"latitude": 64.234488},
                {"longitude": 27.729998}
            ]]},
            {"altitude": 192},
            {"distance_km": 0.42},
            {"speed_kmh": 2.7},
            {"timestamp": "Tue Mar 21 12:42:35 UTC 2017"}
        ],
        [
            {"location": [[
                {"latitude": 64.234558},
                {"longitude": 27.729858}
            ]]},
            {"altitude": 193},
            {"distance_km": 0.43},
            {"speed_kmh": 2.7},
            {"timestamp": "Tue Mar 21 12:42:43 UTC 2017"}
        ],
        [
            {"location": [[
                {"latitude": 64.234649},
                {"longitude": 27.729717}
            ]]},
            {"altitude": 194.5},
            {"distance_km": 0.44},
            {"speed_kmh": 2.7},
            {"timestamp": "Tue Mar 21 12:42:51 UTC 2017"}
        ],
        [
            {"location": [[
                {"latitude": 64.234729},
                {"longitude": 27.72955}
            ]]},
            {"altitude": 196},
            {"distance_km": 0.45},
            {"speed_kmh": 2.7},
            {"timestamp": "Tue Mar 21 12:43:01 UTC 2017"}
        ],
        [
            {"location": [[
                {"latitude": 64.234787},
                {"longitude": 27.729356}
            ]]},
            {"altitude": 197},
            {"distance_km": 0.47},
            {"speed_kmh": 2.7},
            {"timestamp": "Tue Mar 21 12:43:12 UTC 2017"}
        ],
        [
            {"location": [[
                {"latitude": 64.234881},
                {"longitude": 27.729251}
            ]]},
            {"altitude": 201},
            {"distance_km": 0.48},
            {"speed_kmh": 2.7},
            {"timestamp": "Tue Mar 21 12:43:23 UTC 2017"}
        ],
        [
            {"location": [[
                {"latitude": 64.234965},
                {"longitude": 27.729083}
            ]]},
            {"altitude": 201},
            {"distance_km": 0.49},
            {"speed_kmh": 2.7},
            {"timestamp": "Tue Mar 21 12:43:35 UTC 2017"}
        ],
        [
            {"location": [[
                {"latitude": 64.235049},
                {"longitude": 27.729003}
            ]]},
            {"altitude": 196},
            {"distance_km": 0.5},
            {"speed_kmh": 2.7},
            {"timestamp": "Tue Mar 21 12:43:45 UTC 2017"}
        ],
        [
            {"location": [[
                {"latitude": 64.235141},
                {"longitude": 27.729106}
            ]]},
            {"altitude": 199.5},
            {"distance_km": 0.51},
            {"speed_kmh": 3.6},
            {"timestamp": "Tue Mar 21 12:43:55 UTC 2017"}
        ],
        [
            {"location": [[
                {"latitude": 64.235237},
                {"longitude": 27.729069}
            ]]},
            {"altitude": 196.5},
            {"distance_km": 0.52},
            {"speed_kmh": 3.6},
            {"timestamp": "Tue Mar 21 12:44:03 UTC 2017"}
        ],
        [
            {"location": [[
                {"latitude": 64.23531},
                {"longitude": 27.728946}
            ]]},
            {"altitude": 194.5},
            {"distance_km": 0.53},
            {"speed_kmh": 3.6},
            {"timestamp": "Tue Mar 21 12:44:11 UTC 2017"}
        ],
        [
            {"location": [[
                {"latitude": 64.235325},
                {"longitude": 27.728741}
            ]]},
            {"altitude": 192},
            {"distance_km": 0.54},
            {"speed_kmh": 2.7},
            {"timestamp": "Tue Mar 21 12:44:19 UTC 2017"}
        ],
        [
            {"location": [[
                {"latitude": 64.23538},
                {"longitude": 27.728543}
            ]]},
            {"altitude": 193},
            {"distance_km": 0.55},
            {"speed_kmh": 2.7},
            {"timestamp": "Tue Mar 21 12:44:29 UTC 2017"}
        ],
        [
            {"location": [[
                {"latitude": 64.235488},
                {"longitude": 27.728477}
            ]]},
            {"altitude": 196.5},
            {"distance_km": 0.57},
            {"speed_kmh": 4.5},
            {"timestamp": "Tue Mar 21 12:44:39 UTC 2017"}
        ],
        [
            {"location": [[
                {"latitude": 64.235594},
                {"longitude": 27.728347}
            ]]},
            {"altitude": 195.5},
            {"distance_km": 0.58},
            {"speed_kmh": 4.5},
            {"timestamp": "Tue Mar 21 12:44:51 UTC 2017"}
        ],
        [
            {"location": [[
                {"latitude": 64.2357},
                {"longitude": 27.728239}
            ]]},
            {"altitude": 194},
            {"distance_km": 0.59},
            {"speed_kmh": 4.5},
            {"timestamp": "Tue Mar 21 12:44:59 UTC 2017"}
        ],
        [
            {"location": [[
                {"latitude": 64.235793},
                {"longitude": 27.728109}
            ]]},
            {"altitude": 197.5},
            {"distance_km": 0.6},
            {"speed_kmh": 3.6},
            {"timestamp": "Tue Mar 21 12:45:08 UTC 2017"}
        ],
        [
            {"location": [[
                {"latitude": 64.235888},
                {"longitude": 27.728001}
            ]]},
            {"altitude": 199.5},
            {"distance_km": 0.62},
            {"speed_kmh": 4.5},
            {"timestamp": "Tue Mar 21 12:45:15 UTC 2017"}
        ],
        [
            {"location": [[
                {"latitude": 64.235966},
                {"longitude": 27.727858}
            ]]},
            {"altitude": 202},
            {"distance_km": 0.63},
            {"speed_kmh": 4.5},
            {"timestamp": "Tue Mar 21 12:45:21 UTC 2017"}
        ],
        [
            {"location": [[
                {"latitude": 64.236026},
                {"longitude": 27.727669}
            ]]},
            {"altitude": 207},
            {"distance_km": 0.64},
            {"speed_kmh": 3.6},
            {"timestamp": "Tue Mar 21 12:45:29 UTC 2017"}
        ],
        [
            {"location": [[
                {"latitude": 64.236062},
                {"longitude": 27.727463}
            ]]},
            {"altitude": 204.5},
            {"distance_km": 0.65},
            {"speed_kmh": 4.5},
            {"timestamp": "Tue Mar 21 12:45:35 UTC 2017"}
        ],
        [
            {"location": [[
                {"latitude": 64.236098},
                {"longitude": 27.727208}
            ]]},
            {"altitude": 200},
            {"distance_km": 0.66},
            {"speed_kmh": 3.6},
            {"timestamp": "Tue Mar 21 12:45:43 UTC 2017"}
        ],
        [
            {"location": [[
                {"latitude": 64.236135},
                {"longitude": 27.726997}
            ]]},
            {"altitude": 197},
            {"distance_km": 0.67},
            {"speed_kmh": 4.5},
            {"timestamp": "Tue Mar 21 12:45:49 UTC 2017"}
        ],
        [
            {"location": [[
                {"latitude": 64.236174},
                {"longitude": 27.726789}
            ]]},
            {"altitude": 194},
            {"distance_km": 0.68},
            {"speed_kmh": 3.6},
            {"timestamp": "Tue Mar 21 12:45:55 UTC 2017"}
        ],
        [
            {"location": [[
                {"latitude": 64.236201},
                {"longitude": 27.726562}
            ]]},
            {"altitude": 190},
            {"distance_km": 0.7},
            {"speed_kmh": 3.6},
            {"timestamp": "Tue Mar 21 12:46:03 UTC 2017"}
        ],
        [
            {"location": [[
                {"latitude": 64.236242},
                {"longitude": 27.726365}
            ]]},
            {"altitude": 190.5},
            {"distance_km": 0.71},
            {"speed_kmh": 3.6},
            {"timestamp": "Tue Mar 21 12:46:09 UTC 2017"}
        ],
        [
            {"location": [[
                {"latitude": 64.236272},
                {"longitude": 27.726137}
            ]]},
            {"altitude": 187.5},
            {"distance_km": 0.72},
            {"speed_kmh": 4.5},
            {"timestamp": "Tue Mar 21 12:46:15 UTC 2017"}
        ],
        [
            {"location": [[
                {"latitude": 64.236289},
                {"longitude": 27.725923}
            ]]},
            {"altitude": 184.5},
            {"distance_km": 0.73},
            {"speed_kmh": 4.5},
            {"timestamp": "Tue Mar 21 12:46:21 UTC 2017"}
        ],
        [
            {"location": [[
                {"latitude": 64.236313},
                {"longitude": 27.725664}
            ]]},
            {"altitude": 181},
            {"distance_km": 0.74},
            {"speed_kmh": 4.5},
            {"timestamp": "Tue Mar 21 12:46:29 UTC 2017"}
        ],
        [
            {"location": [[
                {"latitude": 64.236357},
                {"longitude": 27.725458}
            ]]},
            {"altitude": 177.5},
            {"distance_km": 0.75},
            {"speed_kmh": 3.6},
            {"timestamp": "Tue Mar 21 12:46:37 UTC 2017"}
        ],
        [
            {"location": [[
                {"latitude": 64.236446},
                {"longitude": 27.725316}
            ]]},
            {"altitude": 175.5},
            {"distance_km": 0.76},
            {"speed_kmh": 3.6},
            {"timestamp": "Tue Mar 21 12:46:49 UTC 2017"}
        ],
        [
            {"location": [[
                {"latitude": 64.236556},
                {"longitude": 27.725343}
            ]]},
            {"altitude": 183},
            {"distance_km": 0.78},
            {"speed_kmh": 3.6},
            {"timestamp": "Tue Mar 21 12:46:58 UTC 2017"}
        ],
        [
            {"location": [[
                {"latitude": 64.236657},
                {"longitude": 27.725348}
            ]]},
            {"altitude": 186.5},
            {"distance_km": 0.79},
            {"speed_kmh": 3.6},
            {"timestamp": "Tue Mar 21 12:47:07 UTC 2017"}
        ],
        [
            {"location": [[
                {"latitude": 64.236751},
                {"longitude": 27.725401}
            ]]},
            {"altitude": 184},
            {"distance_km": 0.8},
            {"speed_kmh": 3.6},
            {"timestamp": "Tue Mar 21 12:47:15 UTC 2017"}
        ],
        [
            {"location": [[
                {"latitude": 64.236842},
                {"longitude": 27.725425}
            ]]},
            {"altitude": 185.5},
            {"distance_km": 0.81},
            {"speed_kmh": 3.6},
            {"timestamp": "Tue Mar 21 12:47:23 UTC 2017"}
        ],
        [
            {"location": [[
                {"latitude": 64.236946},
                {"longitude": 27.725448}
            ]]},
            {"altitude": 188},
            {"distance_km": 0.82},
            {"speed_kmh": 3.6},
            {"timestamp": "Tue Mar 21 12:47:31 UTC 2017"}
        ],
        [
            {"location": [[
                {"latitude": 64.23706},
                {"longitude": 27.725487}
            ]]},
            {"altitude": 193.5},
            {"distance_km": 0.83},
            {"speed_kmh": 4.5},
            {"timestamp": "Tue Mar 21 12:47:39 UTC 2017"}
        ],
        [
            {"location": [[
                {"latitude": 64.237145},
                {"longitude": 27.72565}
            ]]},
            {"altitude": 194},
            {"distance_km": 0.84},
            {"speed_kmh": 4.5},
            {"timestamp": "Tue Mar 21 12:47:47 UTC 2017"}
        ],
        [
            {"location": [[
                {"latitude": 64.237258},
                {"longitude": 27.725733}
            ]]},
            {"altitude": 194.5},
            {"distance_km": 0.86},
            {"speed_kmh": 4.5},
            {"timestamp": "Tue Mar 21 12:47:55 UTC 2017"}
        ],
        [
            {"location": [[
                {"latitude": 64.237345},
                {"longitude": 27.725875}
            ]]},
            {"altitude": 194},
            {"distance_km": 0.87},
            {"speed_kmh": 4.5},
            {"timestamp": "Tue Mar 21 12:48:03 UTC 2017"}
        ],
        [
            {"location": [[
                {"latitude": 64.237424},
                {"longitude": 27.726034}
            ]]},
            {"altitude": 193},
            {"distance_km": 0.88},
            {"speed_kmh": 4.5},
            {"timestamp": "Tue Mar 21 12:48:11 UTC 2017"}
        ],
        [
            {"location": [[
                {"latitude": 64.237518},
                {"longitude": 27.72615}
            ]]},
            {"altitude": 197.5},
            {"distance_km": 0.89},
            {"speed_kmh": 4.5},
            {"timestamp": "Tue Mar 21 12:48:19 UTC 2017"}
        ],
        [
            {"location": [[
                {"latitude": 64.23761},
                {"longitude": 27.726229}
            ]]},
            {"altitude": 194},
            {"distance_km": 0.9},
            {"speed_kmh": 4.5},
            {"timestamp": "Tue Mar 21 12:48:27 UTC 2017"}
        ],
        [
            {"location": [[
                {"latitude": 64.237691},
                {"longitude": 27.726411}
            ]]},
            {"altitude": 196},
            {"distance_km": 0.92},
            {"speed_kmh": 4.5},
            {"timestamp": "Tue Mar 21 12:48:35 UTC 2017"}
        ],
        [
            {"location": [[
                {"latitude": 64.237769},
                {"longitude": 27.726516}
            ]]},
            {"altitude": 193},
            {"distance_km": 0.93},
            {"speed_kmh": 3.6},
            {"timestamp": "Tue Mar 21 12:48:43 UTC 2017"}
        ],
        [
            {"location": [[
                {"latitude": 64.237869},
                {"longitude": 27.72663}
            ]]},
            {"altitude": 197},
            {"distance_km": 0.94},
            {"speed_kmh": 4.5},
            {"timestamp": "Tue Mar 21 12:48:51 UTC 2017"}
        ],
        [
            {"location": [[
                {"latitude": 64.237979},
                {"longitude": 27.726662}
            ]]},
            {"altitude": 198.5},
            {"distance_km": 0.95},
            {"speed_kmh": 4.5},
            {"timestamp": "Tue Mar 21 12:48:59 UTC 2017"}
        ],
        [
            {"location": [[
                {"latitude": 64.238078},
                {"longitude": 27.726727}
            ]]},
            {"altitude": 197},
            {"distance_km": 0.96},
            {"speed_kmh": 4.5},
            {"timestamp": "Tue Mar 21 12:49:07 UTC 2017"}
        ],
        [
            {"location": [[
                {"latitude": 64.238165},
                {"longitude": 27.726867}
            ]]},
            {"altitude": 199},
            {"distance_km": 0.98},
            {"speed_kmh": 4.5},
            {"timestamp": "Tue Mar 21 12:49:16 UTC 2017"}
        ],
        [
            {"location": [[
                {"latitude": 64.238274},
                {"longitude": 27.726949}
            ]]},
            {"altitude": 193.5},
            {"distance_km": 0.99},
            {"speed_kmh": 4.5},
            {"timestamp": "Tue Mar 21 12:49:25 UTC 2017"}
        ],
        [
            {"location": [[
                {"latitude": 64.238363},
                {"longitude": 27.727004}
            ]]},
            {"altitude": 191.5},
            {"distance_km": 1},
            {"speed_kmh": 3.6},
            {"timestamp": "Tue Mar 21 12:49:33 UTC 2017"}
        ],
        [
            {"location": [[
                {"latitude": 64.238469},
                {"longitude": 27.727032}
            ]]},
            {"altitude": 194.5},
            {"distance_km": 1.01},
            {"speed_kmh": 3.6},
            {"timestamp": "Tue Mar 21 12:49:41 UTC 2017"}
        ],
        [
            {"location": [[
                {"latitude": 64.238561},
                {"longitude": 27.727095}
            ]]},
            {"altitude": 194.5},
            {"distance_km": 1.02},
            {"speed_kmh": 4.5},
            {"timestamp": "Tue Mar 21 12:49:47 UTC 2017"}
        ],
        [
            {"location": [[
                {"latitude": 64.238651},
                {"longitude": 27.727268}
            ]]},
            {"altitude": 194},
            {"distance_km": 1.03},
            {"speed_kmh": 4.5},
            {"timestamp": "Tue Mar 21 12:49:55 UTC 2017"}
        ],
        [
            {"location": [[
                {"latitude": 64.238688},
                {"longitude": 27.727496}
            ]]},
            {"altitude": 195},
            {"distance_km": 1.05},
            {"speed_kmh": 4.5},
            {"timestamp": "Tue Mar 21 12:50:03 UTC 2017"}
        ],
        [
            {"location": [[
                {"latitude": 64.238709},
                {"longitude": 27.727756}
            ]]},
            {"altitude": 198},
            {"distance_km": 1.06},
            {"speed_kmh": 4.5},
            {"timestamp": "Tue Mar 21 12:50:11 UTC 2017"}
        ],
        [
            {"location": [[
                {"latitude": 64.238752},
                {"longitude": 27.727998}
            ]]},
            {"altitude": 195},
            {"distance_km": 1.07},
            {"speed_kmh": 4.5},
            {"timestamp": "Tue Mar 21 12:50:19 UTC 2017"}
        ],
        [
            {"location": [[
                {"latitude": 64.23883},
                {"longitude": 27.728195}
            ]]},
            {"altitude": 192.5},
            {"distance_km": 1.08},
            {"speed_kmh": 4.5},
            {"timestamp": "Tue Mar 21 12:50:27 UTC 2017"}
        ],
        [
            {"location": [[
                {"latitude": 64.238884},
                {"longitude": 27.72837}
            ]]},
            {"altitude": 189.5},
            {"distance_km": 1.09},
            {"speed_kmh": 4.5},
            {"timestamp": "Tue Mar 21 12:50:33 UTC 2017"}
        ],
        [
            {"location": [[
                {"latitude": 64.238921},
                {"longitude": 27.728602}
            ]]},
            {"altitude": 184.5},
            {"distance_km": 1.11},
            {"speed_kmh": 4.5},
            {"timestamp": "Tue Mar 21 12:50:41 UTC 2017"}
        ],
        [
            {"location": [[
                {"latitude": 64.238865},
                {"longitude": 27.728774}
            ]]},
            {"altitude": 183.5},
            {"distance_km": 1.12},
            {"speed_kmh": 4.5},
            {"timestamp": "Tue Mar 21 12:50:52 UTC 2017"}
        ],
        [
            {"location": [[
                {"latitude": 64.238775},
                {"longitude": 27.728774}
            ]]},
            {"altitude": 181},
            {"distance_km": 1.13},
            {"speed_kmh": 3.6},
            {"timestamp": "Tue Mar 21 12:51:01 UTC 2017"}
        ],
        [
            {"location": [[
                {"latitude": 64.238666},
                {"longitude": 27.728734}
            ]]},
            {"altitude": 175.5},
            {"distance_km": 1.14},
            {"speed_kmh": 4.5},
            {"timestamp": "Tue Mar 21 12:51:11 UTC 2017"}
        ],
        [
            {"location": [[
                {"latitude": 64.238561},
                {"longitude": 27.728753}
            ]]},
            {"altitude": 171.5},
            {"distance_km": 1.15},
            {"speed_kmh": 4.5},
            {"timestamp": "Tue Mar 21 12:51:21 UTC 2017"}
        ],
        [
            {"location": [[
                {"latitude": 64.238454},
                {"longitude": 27.72868}
            ]]},
            {"altitude": 169.5},
            {"distance_km": 1.16},
            {"speed_kmh": 5.4},
            {"timestamp": "Tue Mar 21 12:51:31 UTC 2017"}
        ],
        [
            {"location": [[
                {"latitude": 64.238362},
                {"longitude": 27.728622}
            ]]},
            {"altitude": 171},
            {"distance_km": 1.17},
            {"speed_kmh": 4.5},
            {"timestamp": "Tue Mar 21 12:51:39 UTC 2017"}
        ],
        [
            {"location": [[
                {"latitude": 64.238259},
                {"longitude": 27.728511}
            ]]},
            {"altitude": 167.5},
            {"distance_km": 1.19},
            {"speed_kmh": 4.5},
            {"timestamp": "Tue Mar 21 12:51:47 UTC 2017"}
        ],
        [
            {"location": [[
                {"latitude": 64.238146},
                {"longitude": 27.728422}
            ]]},
            {"altitude": 166},
            {"distance_km": 1.2},
            {"speed_kmh": 5.4},
            {"timestamp": "Tue Mar 21 12:51:55 UTC 2017"}
        ],
        [
            {"location": [[
                {"latitude": 64.23808},
                {"longitude": 27.728581}
            ]]},
            {"altitude": 168.5},
            {"distance_km": 1.21},
            {"speed_kmh": 4.5},
            {"timestamp": "Tue Mar 21 12:52:03 UTC 2017"}
        ],
        [
            {"location": [[
                {"latitude": 64.238022},
                {"longitude": 27.72877}
            ]]},
            {"altitude": 167},
            {"distance_km": 1.22},
            {"speed_kmh": 4.5},
            {"timestamp": "Tue Mar 21 12:52:11 UTC 2017"}
        ],
        [
            {"location": [[
                {"latitude": 64.237939},
                {"longitude": 27.728963}
            ]]},
            {"altitude": 170},
            {"distance_km": 1.23},
            {"speed_kmh": 6.3},
            {"timestamp": "Tue Mar 21 12:52:19 UTC 2017"}
        ],
        [
            {"location": [[
                {"latitude": 64.237852},
                {"longitude": 27.729018}
            ]]},
            {"altitude": 169.5},
            {"distance_km": 1.24},
            {"speed_kmh": 4.5},
            {"timestamp": "Tue Mar 21 12:52:25 UTC 2017"}
        ],
        [
            {"location": [[
                {"latitude": 64.23774},
                {"longitude": 27.728961}
            ]]},
            {"altitude": 172},
            {"distance_km": 1.26},
            {"speed_kmh": 4.5},
            {"timestamp": "Tue Mar 21 12:52:33 UTC 2017"}
        ],
        [
            {"location": [[
                {"latitude": 64.237647},
                {"longitude": 27.728823}
            ]]},
            {"altitude": 173.5},
            {"distance_km": 1.27},
            {"speed_kmh": 4.5},
            {"timestamp": "Tue Mar 21 12:52:41 UTC 2017"}
        ],
        [
            {"location": [[
                {"latitude": 64.237534},
                {"longitude": 27.728853}
            ]]},
            {"altitude": 176},
            {"distance_km": 1.28},
            {"speed_kmh": 4.5},
            {"timestamp": "Tue Mar 21 12:52:50 UTC 2017"}
        ],
        [
            {"location": [[
                {"latitude": 64.237443},
                {"longitude": 27.728889}
            ]]},
            {"altitude": 177},
            {"distance_km": 1.29},
            {"speed_kmh": 4.5},
            {"timestamp": "Tue Mar 21 12:52:56 UTC 2017"}
        ],
        [
            {"location": [[
                {"latitude": 64.237352},
                {"longitude": 27.72895}
            ]]},
            {"altitude": 174},
            {"distance_km": 1.3},
            {"speed_kmh": 4.5},
            {"timestamp": "Tue Mar 21 12:53:03 UTC 2017"}
        ],
        [
            {"location": [[
                {"latitude": 64.237241},
                {"longitude": 27.728952}
            ]]},
            {"altitude": 176.5},
            {"distance_km": 1.32},
            {"speed_kmh": 3.6},
            {"timestamp": "Tue Mar 21 12:53:15 UTC 2017"}
        ],
        [
            {"location": [[
                {"latitude": 64.237145},
                {"longitude": 27.728889}
            ]]},
            {"altitude": 177.5},
            {"distance_km": 1.33},
            {"speed_kmh": 3.6},
            {"timestamp": "Tue Mar 21 12:53:23 UTC 2017"}
        ],
        [
            {"location": [[
                {"latitude": 64.237067},
                {"longitude": 27.728711}
            ]]},
            {"altitude": 177},
            {"distance_km": 1.34},
            {"speed_kmh": 4.5},
            {"timestamp": "Tue Mar 21 12:53:31 UTC 2017"}
        ],
        [
            {"location": [[
                {"latitude": 64.236971},
                {"longitude": 27.728597}
            ]]},
            {"altitude": 179.5},
            {"distance_km": 1.35},
            {"speed_kmh": 4.5},
            {"timestamp": "Tue Mar 21 12:53:41 UTC 2017"}
        ],
        [
            {"location": [[
                {"latitude": 64.236888},
                {"longitude": 27.728463}
            ]]},
            {"altitude": 177.5},
            {"distance_km": 1.36},
            {"speed_kmh": 4.5},
            {"timestamp": "Tue Mar 21 12:53:49 UTC 2017"}
        ],
        [
            {"location": [[
                {"latitude": 64.23681},
                {"longitude": 27.728355}
            ]]},
            {"altitude": 178.5},
            {"distance_km": 1.37},
            {"speed_kmh": 4.5},
            {"timestamp": "Tue Mar 21 12:53:55 UTC 2017"}
        ],
        [
            {"location": [[
                {"latitude": 64.2367},
                {"longitude": 27.728308}
            ]]},
            {"altitude": 179},
            {"distance_km": 1.38},
            {"speed_kmh": 4.5},
            {"timestamp": "Tue Mar 21 12:54:03 UTC 2017"}
        ],
        [
            {"location": [[
                {"latitude": 64.236593},
                {"longitude": 27.728252}
            ]]},
            {"altitude": 175},
            {"distance_km": 1.4},
            {"speed_kmh": 4.5},
            {"timestamp": "Tue Mar 21 12:54:11 UTC 2017"}
        ],
        [
            {"location": [[
                {"latitude": 64.236475},
                {"longitude": 27.728302}
            ]]},
            {"altitude": 171},
            {"distance_km": 1.41},
            {"speed_kmh": 4.5},
            {"timestamp": "Tue Mar 21 12:54:19 UTC 2017"}
        ],
        [
            {"location": [[
                {"latitude": 64.236376},
                {"longitude": 27.728379}
            ]]},
            {"altitude": 174},
            {"distance_km": 1.42},
            {"speed_kmh": 4.5},
            {"timestamp": "Tue Mar 21 12:54:27 UTC 2017"}
        ],
        [
            {"location": [[
                {"latitude": 64.236286},
                {"longitude": 27.728456}
            ]]},
            {"altitude": 176.5},
            {"distance_km": 1.43},
            {"speed_kmh": 4.5},
            {"timestamp": "Tue Mar 21 12:54:34 UTC 2017"}
        ],
        [
            {"location": [[
                {"latitude": 64.236173},
                {"longitude": 27.728504}
            ]]},
            {"altitude": 177.5},
            {"distance_km": 1.45},
            {"speed_kmh": 4.5},
            {"timestamp": "Tue Mar 21 12:54:43 UTC 2017"}
        ],
        [
            {"location": [[
                {"latitude": 64.236106},
                {"longitude": 27.728652}
            ]]},
            {"altitude": 181},
            {"distance_km": 1.46},
            {"speed_kmh": 4.5},
            {"timestamp": "Tue Mar 21 12:54:49 UTC 2017"}
        ],
        [
            {"location": [[
                {"latitude": 64.236025},
                {"longitude": 27.728796}
            ]]},
            {"altitude": 179},
            {"distance_km": 1.47},
            {"speed_kmh": 3.6},
            {"timestamp": "Tue Mar 21 12:54:57 UTC 2017"}
        ],
        [
            {"location": [[
                {"latitude": 64.235925},
                {"longitude": 27.728857}
            ]]},
            {"altitude": 173},
            {"distance_km": 1.48},
            {"speed_kmh": 4.5},
            {"timestamp": "Tue Mar 21 12:55:05 UTC 2017"}
        ],
        [
            {"location": [[
                {"latitude": 64.235821},
                {"longitude": 27.728982}
            ]]},
            {"altitude": 176.5},
            {"distance_km": 1.49},
            {"speed_kmh": 4.5},
            {"timestamp": "Tue Mar 21 12:55:13 UTC 2017"}
        ],
        [
            {"location": [[
                {"latitude": 64.235723},
                {"longitude": 27.728985}
            ]]},
            {"altitude": 176.5},
            {"distance_km": 1.5},
            {"speed_kmh": 4.5},
            {"timestamp": "Tue Mar 21 12:55:21 UTC 2017"}
        ],
        [
            {"location": [[
                {"latitude": 64.235622},
                {"longitude": 27.729015}
            ]]},
            {"altitude": 177.5},
            {"distance_km": 1.51},
            {"speed_kmh": 4.5},
            {"timestamp": "Tue Mar 21 12:55:29 UTC 2017"}
        ],
        [
            {"location": [[
                {"latitude": 64.235515},
                {"longitude": 27.729107}
            ]]},
            {"altitude": 182.5},
            {"distance_km": 1.53},
            {"speed_kmh": 4.5},
            {"timestamp": "Tue Mar 21 12:55:37 UTC 2017"}
        ],
        [
            {"location": [[
                {"latitude": 64.2354},
                {"longitude": 27.729081}
            ]]},
            {"altitude": 180},
            {"distance_km": 1.54},
            {"speed_kmh": 4.5},
            {"timestamp": "Tue Mar 21 12:55:45 UTC 2017"}
        ],
        [
            {"location": [[
                {"latitude": 64.235385},
                {"longitude": 27.729338}
            ]]},
            {"altitude": 179},
            {"distance_km": 1.55},
            {"speed_kmh": 4.5},
            {"timestamp": "Tue Mar 21 12:55:53 UTC 2017"}
        ],
        [
            {"location": [[
                {"latitude": 64.235387},
                {"longitude": 27.72957}
            ]]},
            {"altitude": 179.5},
            {"distance_km": 1.56},
            {"speed_kmh": 4.5},
            {"timestamp": "Tue Mar 21 12:56:01 UTC 2017"}
        ],
        [
            {"location": [[
                {"latitude": 64.235379},
                {"longitude": 27.729844}
            ]]},
            {"altitude": 181.5},
            {"distance_km": 1.58},
            {"speed_kmh": 4.5},
            {"timestamp": "Tue Mar 21 12:56:09 UTC 2017"}
        ],
        [
            {"location": [[
                {"latitude": 64.23539},
                {"longitude": 27.730073}
            ]]},
            {"altitude": 182.5},
            {"distance_km": 1.59},
            {"speed_kmh": 4.5},
            {"timestamp": "Tue Mar 21 12:56:16 UTC 2017"}
        ],
        [
            {"location": [[
                {"latitude": 64.235417},
                {"longitude": 27.730305}
            ]]},
            {"altitude": 181.5},
            {"distance_km": 1.6},
            {"speed_kmh": 5.4},
            {"timestamp": "Tue Mar 21 12:56:22 UTC 2017"}
        ],
        [
            {"location": [[
                {"latitude": 64.23543},
                {"longitude": 27.730526}
            ]]},
            {"altitude": 182.5},
            {"distance_km": 1.61},
            {"speed_kmh": 5.4},
            {"timestamp": "Tue Mar 21 12:56:29 UTC 2017"}
        ],
        [
            {"location": [[
                {"latitude": 64.235408},
                {"longitude": 27.730778}
            ]]},
            {"altitude": 184.5},
            {"distance_km": 1.62},
            {"speed_kmh": 5.4},
            {"timestamp": "Tue Mar 21 12:56:35 UTC 2017"}
        ],
        [
            {"location": [[
                {"latitude": 64.23542},
                {"longitude": 27.731019}
            ]]},
            {"altitude": 186},
            {"distance_km": 1.63},
            {"speed_kmh": 5.4},
            {"timestamp": "Tue Mar 21 12:56:41 UTC 2017"}
        ],
        [
            {"location": [[
                {"latitude": 64.235432},
                {"longitude": 27.731298}
            ]]},
            {"altitude": 189.5},
            {"distance_km": 1.65},
            {"speed_kmh": 5.4},
            {"timestamp": "Tue Mar 21 12:56:49 UTC 2017"}
        ],
        [
            {"location": [[
                {"latitude": 64.235445},
                {"longitude": 27.731517}
            ]]},
            {"altitude": 187},
            {"distance_km": 1.66},
            {"speed_kmh": 5.4},
            {"timestamp": "Tue Mar 21 12:56:55 UTC 2017"}
        ],
        [
            {"location": [[
                {"latitude": 64.235475},
                {"longitude": 27.731733}
            ]]},
            {"altitude": 187},
            {"distance_km": 1.67},
            {"speed_kmh": 5.4},
            {"timestamp": "Tue Mar 21 12:57:01 UTC 2017"}
        ],
        [
            {"location": [[
                {"latitude": 64.23546},
                {"longitude": 27.732004}
            ]]},
            {"altitude": 188.5},
            {"distance_km": 1.68},
            {"speed_kmh": 5.4},
            {"timestamp": "Tue Mar 21 12:57:09 UTC 2017"}
        ],
        [
            {"location": [[
                {"latitude": 64.235376},
                {"longitude": 27.732138}
            ]]},
            {"altitude": 191.5},
            {"distance_km": 1.69},
            {"speed_kmh": 5.4},
            {"timestamp": "Tue Mar 21 12:57:17 UTC 2017"}
        ],
        [
            {"location": [[
                {"latitude": 64.235266},
                {"longitude": 27.732084}
            ]]},
            {"altitude": 187.5},
            {"distance_km": 1.71},
            {"speed_kmh": 5.4},
            {"timestamp": "Tue Mar 21 12:57:25 UTC 2017"}
        ],
        [
            {"location": [[
                {"latitude": 64.235171},
                {"longitude": 27.732053}
            ]]},
            {"altitude": 186.5},
            {"distance_km": 1.72},
            {"speed_kmh": 4.5},
            {"timestamp": "Tue Mar 21 12:57:33 UTC 2017"}
        ],
        [
            {"location": [[
                {"latitude": 64.235052},
                {"longitude": 27.732061}
            ]]},
            {"altitude": 184},
            {"distance_km": 1.73},
            {"speed_kmh": 6.3},
            {"timestamp": "Tue Mar 21 12:57:41 UTC 2017"}
        ],
        [
            {"location": [[
                {"latitude": 64.234933},
                {"longitude": 27.732087}
            ]]},
            {"altitude": 178},
            {"distance_km": 1.74},
            {"speed_kmh": 6.3},
            {"timestamp": "Tue Mar 21 12:57:49 UTC 2017"}
        ],
        [
            {"location": [[
                {"latitude": 64.234817},
                {"longitude": 27.732037}
            ]]},
            {"altitude": 174.5},
            {"distance_km": 1.76},
            {"speed_kmh": 5.4},
            {"timestamp": "Tue Mar 21 12:57:57 UTC 2017"}
        ],
        [
            {"location": [[
                {"latitude": 64.234722},
                {"longitude": 27.732052}
            ]]},
            {"altitude": 173.5},
            {"distance_km": 1.77},
            {"speed_kmh": 5.4},
            {"timestamp": "Tue Mar 21 12:58:03 UTC 2017"}
        ],
        [
            {"location": [[
                {"latitude": 64.234619},
                {"longitude": 27.732042}
            ]]},
            {"altitude": 171},
            {"distance_km": 1.78},
            {"speed_kmh": 5.4},
            {"timestamp": "Tue Mar 21 12:58:10 UTC 2017"}
        ],
        [
            {"location": [[
                {"latitude": 64.234525},
                {"longitude": 27.732053}
            ]]},
            {"altitude": 176},
            {"distance_km": 1.79},
            {"speed_kmh": 4.5},
            {"timestamp": "Tue Mar 21 12:58:17 UTC 2017"}
        ],
        [
            {"location": [[
                {"latitude": 64.234421},
                {"longitude": 27.731999}
            ]]},
            {"altitude": 174.5},
            {"distance_km": 1.8},
            {"speed_kmh": 5.4},
            {"timestamp": "Tue Mar 21 12:58:23 UTC 2017"}
        ],
        [
            {"location": [[
                {"latitude": 64.234326},
                {"longitude": 27.732014}
            ]]},
            {"altitude": 171.5},
            {"distance_km": 1.81},
            {"speed_kmh": 5.4},
            {"timestamp": "Tue Mar 21 12:58:29 UTC 2017"}
        ],
        [
            {"location": [[
                {"latitude": 64.234219},
                {"longitude": 27.732089}
            ]]},
            {"altitude": 168.5},
            {"distance_km": 1.82},
            {"speed_kmh": 4.5},
            {"timestamp": "Tue Mar 21 12:58:37 UTC 2017"}
        ],
        [
            {"location": [[
                {"latitude": 64.234121},
                {"longitude": 27.732154}
            ]]},
            {"altitude": 169.5},
            {"distance_km": 1.84},
            {"speed_kmh": 4.5},
            {"timestamp": "Tue Mar 21 12:58:45 UTC 2017"}
        ],
        [
            {"location": [[
                {"latitude": 64.234025},
                {"longitude": 27.732179}
            ]]},
            {"altitude": 165.5},
            {"distance_km": 1.85},
            {"speed_kmh": 5.4},
            {"timestamp": "Tue Mar 21 12:58:51 UTC 2017"}
        ],
        [
            {"location": [[
                {"latitude": 64.233925},
                {"longitude": 27.732273}
            ]]},
            {"altitude": 167},
            {"distance_km": 1.86},
            {"speed_kmh": 5.4},
            {"timestamp": "Tue Mar 21 12:58:57 UTC 2017"}
        ],
        [
            {"location": [[
                {"latitude": 64.233849},
                {"longitude": 27.732408}
            ]]},
            {"altitude": 162},
            {"distance_km": 1.87},
            {"speed_kmh": 5.4},
            {"timestamp": "Tue Mar 21 12:59:03 UTC 2017"}
        ],
        [
            {"location": [[
                {"latitude": 64.233767},
                {"longitude": 27.732515}
            ]]},
            {"altitude": 158.5},
            {"distance_km": 1.88},
            {"speed_kmh": 5.4},
            {"timestamp": "Tue Mar 21 12:59:09 UTC 2017"}
        ],
        [
            {"location": [[
                {"latitude": 64.233679},
                {"longitude": 27.732615}
            ]]},
            {"altitude": 160},
            {"distance_km": 1.89},
            {"speed_kmh": 5.4},
            {"timestamp": "Tue Mar 21 12:59:15 UTC 2017"}
        ],
        [
            {"location": [[
                {"latitude": 64.233585},
                {"longitude": 27.732722}
            ]]},
            {"altitude": 156.5},
            {"distance_km": 1.9},
            {"speed_kmh": 5.4},
            {"timestamp": "Tue Mar 21 12:59:21 UTC 2017"}
        ],
        [
            {"location": [[
                {"latitude": 64.233502},
                {"longitude": 27.732821}
            ]]},
            {"altitude": 152.5},
            {"distance_km": 1.91},
            {"speed_kmh": 5.4},
            {"timestamp": "Tue Mar 21 12:59:27 UTC 2017"}
        ],
        [
            {"location": [[
                {"latitude": 64.233395},
                {"longitude": 27.732908}
            ]]},
            {"altitude": 152},
            {"distance_km": 1.93},
            {"speed_kmh": 5.4},
            {"timestamp": "Tue Mar 21 12:59:35 UTC 2017"}
        ],
        [
            {"location": [[
                {"latitude": 64.233318},
                {"longitude": 27.733017}
            ]]},
            {"altitude": 150},
            {"distance_km": 1.94},
            {"speed_kmh": 4.5},
            {"timestamp": "Tue Mar 21 12:59:43 UTC 2017"}
        ],
        [
            {"location": [[
                {"latitude": 64.23322},
                {"longitude": 27.733115}
            ]]},
            {"altitude": 141.5},
            {"distance_km": 1.95},
            {"speed_kmh": 6.3},
            {"timestamp": "Tue Mar 21 12:59:59 UTC 2017"}
        ],
        [
            {"location": [[
                {"latitude": 64.233132},
                {"longitude": 27.733211}
            ]]},
            {"altitude": 143.5},
            {"distance_km": 1.96},
            {"speed_kmh": 5.4},
            {"timestamp": "Tue Mar 21 13:00:05 UTC 2017"}
        ],
        [
            {"location": [[
                {"latitude": 64.233027},
                {"longitude": 27.733325}
            ]]},
            {"altitude": 144.5},
            {"distance_km": 1.97},
            {"speed_kmh": 4.5},
            {"timestamp": "Tue Mar 21 13:00:13 UTC 2017"}
        ],
        [
            {"location": [[
                {"latitude": 64.232914},
                {"longitude": 27.733267}
            ]]},
            {"altitude": 146},
            {"distance_km": 1.98},
            {"speed_kmh": 5.4},
            {"timestamp": "Tue Mar 21 13:00:22 UTC 2017"}
        ],
        [
            {"location": [[
                {"latitude": 64.23281},
                {"longitude": 27.733235}
            ]]},
            {"altitude": 139},
            {"distance_km": 2},
            {"speed_kmh": 5.4},
            {"timestamp": "Tue Mar 21 13:00:30 UTC 2017"}
        ],
        [
            {"location": [[
                {"latitude": 64.23271},
                {"longitude": 27.733236}
            ]]},
            {"altitude": 139.5},
            {"distance_km": 2.01},
            {"speed_kmh": 5.4},
            {"timestamp": "Tue Mar 21 13:00:39 UTC 2017"}
        ],
        [
            {"location": [[
                {"latitude": 64.232618},
                {"longitude": 27.733265}
            ]]},
            {"altitude": 136.5},
            {"distance_km": 2.02},
            {"speed_kmh": 5.4},
            {"timestamp": "Tue Mar 21 13:00:45 UTC 2017"}
        ],
        [
            {"location": [[
                {"latitude": 64.232503},
                {"longitude": 27.733269}
            ]]},
            {"altitude": 138},
            {"distance_km": 2.03},
            {"speed_kmh": 5.4},
            {"timestamp": "Tue Mar 21 13:00:53 UTC 2017"}
        ],
        [
            {"location": [[
                {"latitude": 64.232408},
                {"longitude": 27.733156}
            ]]},
            {"altitude": 142},
            {"distance_km": 2.04},
            {"speed_kmh": 5.4},
            {"timestamp": "Tue Mar 21 13:01:01 UTC 2017"}
        ],
        [
            {"location": [[
                {"latitude": 64.23243},
                {"longitude": 27.732915}
            ]]},
            {"altitude": 144},
            {"distance_km": 2.05},
            {"speed_kmh": 5.4},
            {"timestamp": "Tue Mar 21 13:01:07 UTC 2017"}
        ],
        [
            {"location": [[
                {"latitude": 64.232466},
                {"longitude": 27.732674}
            ]]},
            {"altitude": 148},
            {"distance_km": 2.07},
            {"speed_kmh": 5.4},
            {"timestamp": "Tue Mar 21 13:01:15 UTC 2017"}
        ],
        [
            {"location": [[
                {"latitude": 64.2325},
                {"longitude": 27.732466}
            ]]},
            {"altitude": 147.5},
            {"distance_km": 2.08},
            {"speed_kmh": 5.4},
            {"timestamp": "Tue Mar 21 13:01:21 UTC 2017"}
        ],
        [
            {"location": [[
                {"latitude": 64.232537},
                {"longitude": 27.732268}
            ]]},
            {"altitude": 153},
            {"distance_km": 2.09},
            {"speed_kmh": 5.4},
            {"timestamp": "Tue Mar 21 13:01:27 UTC 2017"}
        ],
        [
            {"location": [[
                {"latitude": 64.232574},
                {"longitude": 27.732074}
            ]]},
            {"altitude": 155},
            {"distance_km": 2.1},
            {"speed_kmh": 5.4},
            {"timestamp": "Tue Mar 21 13:01:33 UTC 2017"}
        ],
        [
            {"location": [[
                {"latitude": 64.232607},
                {"longitude": 27.731817}
            ]]},
            {"altitude": 157},
            {"distance_km": 2.11},
            {"speed_kmh": 5.4},
            {"timestamp": "Tue Mar 21 13:01:41 UTC 2017"}
        ],
        [
            {"location": [[
                {"latitude": 64.232633},
                {"longitude": 27.731618}
            ]]},
            {"altitude": 159},
            {"distance_km": 2.12},
            {"speed_kmh": 5.4},
            {"timestamp": "Tue Mar 21 13:01:47 UTC 2017"}
        ],
        [
            {"location": [[
                {"latitude": 64.232659},
                {"longitude": 27.731419}
            ]]},
            {"altitude": 159},
            {"distance_km": 2.13},
            {"speed_kmh": 5.4},
            {"timestamp": "Tue Mar 21 13:01:53 UTC 2017"}
        ],
        [
            {"location": [[
                {"latitude": 64.232621},
                {"longitude": 27.731201}
            ]]},
            {"altitude": 157},
            {"distance_km": 2.14},
            {"speed_kmh": 5.4},
            {"timestamp": "Tue Mar 21 13:01:59 UTC 2017"}
        ],
        [
            {"location": [[
                {"latitude": 64.232538},
                {"longitude": 27.731098}
            ]]},
            {"altitude": 152.5},
            {"distance_km": 2.15},
            {"speed_kmh": 5.4},
            {"timestamp": "Tue Mar 21 13:02:05 UTC 2017"}
        ],
        [
            {"location": [[
                {"latitude": 64.232435},
                {"longitude": 27.730982}
            ]]},
            {"altitude": 154.5},
            {"distance_km": 2.17},
            {"speed_kmh": 5.4},
            {"timestamp": "Tue Mar 21 13:02:13 UTC 2017"}
        ],
        [
            {"location": [[
                {"latitude": 64.232314},
                {"longitude": 27.73091}
            ]]},
            {"altitude": 150},
            {"distance_km": 2.18},
            {"speed_kmh": 5.4},
            {"timestamp": "Tue Mar 21 13:02:22 UTC 2017"}
        ],
        [
            {"location": [[
                {"latitude": 64.232227},
                {"longitude": 27.730809}
            ]]},
            {"altitude": 151.5},
            {"distance_km": 2.19},
            {"speed_kmh": 5.4},
            {"timestamp": "Tue Mar 21 13:02:30 UTC 2017"}
        ],
        [
            {"location": [[
                {"latitude": 64.232156},
                {"longitude": 27.730578}
            ]]},
            {"altitude": 145},
            {"distance_km": 2.2},
            {"speed_kmh": 5.4},
            {"timestamp": "Tue Mar 21 13:02:39 UTC 2017"}
        ],
        [
            {"location": [[
                {"latitude": 64.232129},
                {"longitude": 27.730358}
            ]]},
            {"altitude": 147},
            {"distance_km": 2.21},
            {"speed_kmh": 4.5},
            {"timestamp": "Tue Mar 21 13:02:45 UTC 2017"}
        ],
        [
            {"location": [[
                {"latitude": 64.232032},
                {"longitude": 27.730502}
            ]]},
            {"altitude": 154},
            {"distance_km": 2.23},
            {"speed_kmh": 4.5},
            {"timestamp": "Tue Mar 21 13:03:11 UTC 2017"}
        ],
        [
            {"location": [[
                {"latitude": 64.231924},
                {"longitude": 27.73045}
            ]]},
            {"altitude": 146.5},
            {"distance_km": 2.24},
            {"speed_kmh": 5.4},
            {"timestamp": "Tue Mar 21 13:03:21 UTC 2017"}
        ],
        [
            {"location": [[
                {"latitude": 64.231851},
                {"longitude": 27.730291}
            ]]},
            {"altitude": 145.5},
            {"distance_km": 2.25},
            {"speed_kmh": 5.4},
            {"timestamp": "Tue Mar 21 13:03:29 UTC 2017"}
        ],
        [
            {"location": [[
                {"latitude": 64.231789},
                {"longitude": 27.730105}
            ]]},
            {"altitude": 149},
            {"distance_km": 2.26},
            {"speed_kmh": 4.5},
            {"timestamp": "Tue Mar 21 13:03:37 UTC 2017"}
        ],
        [
            {"location": [[
                {"latitude": 64.231754},
                {"longitude": 27.729892}
            ]]},
            {"altitude": 149.5},
            {"distance_km": 2.27},
            {"speed_kmh": 4.5},
            {"timestamp": "Tue Mar 21 13:03:45 UTC 2017"}
        ],
        [
            {"location": [[
                {"latitude": 64.231747},
                {"longitude": 27.729656}
            ]]},
            {"altitude": 154.5},
            {"distance_km": 2.28},
            {"speed_kmh": 3.6},
            {"timestamp": "Tue Mar 21 13:03:57 UTC 2017"}
        ],
        [
            {"location": [[
                {"latitude": 64.231809},
                {"longitude": 27.729693}
            ]]},
            {"altitude": 161},
            {"distance_km": 2.28},
            {"speed_kmh": 0},
            {"timestamp": "Tue Mar 21 13:05:13 UTC 2017"}
        ],
        [
            {"location": [[
                {"latitude": 64.231809},
                {"longitude": 27.729693}
            ]]},
            {"altitude": 161},
            {"distance_km": 2.28},
            {"speed_kmh": 0},
            {"timestamp": "Tue Mar 21 13:05:14 UTC 2017"}
        ]
    ]}
]