[
    {"sport": "WALKING"},
    {"source": "TRACK_MOBILE"},
    {"created_date": "2017-03-27 03:25:22.0"},
    {"start_time": "2017-03-27 03:22:56.0"},
    {"end_time": "2017-03-27 03:45:41.0"},
    {"duration_s": 1363},
    {"distance_km": 1.2},
    {"calories_kcal": 103.333},
    {"altitude_min_m": 130.5},
    {"altitude_max_m": 161.5},
    {"speed_avg_kmh": 3.169479090242113},
    {"speed_max_kmh": 6.3},
    {"ascend_m": 21},
    {"descend_m": 31},
    {"points": [
        [
            {"location": [[
                {"latitude": 64.231867},
                {"longitude": 27.729745}
            ]]},
            {"distance_km": 0},
            {"timestamp": "Mon Mar 27 03:22:56 UTC 2017"}
        ],
        [
            {"location": [[
                {"latitude": 64.231867},
                {"longitude": 27.729745}
            ]]},
            {"altitude": 161.5},
            {"distance_km": 0},
            {"speed_kmh": 0},
            {"timestamp": "Mon Mar 27 03:23:15 UTC 2017"}
        ],
        [
            {"location": [[
                {"latitude": 64.231862},
                {"longitude": 27.729514}
            ]]},
            {"altitude": 151},
            {"distance_km": 0.01},
            {"speed_kmh": 1.8},
            {"timestamp": "Mon Mar 27 03:23:39 UTC 2017"}
        ],
        [
            {"location": [[
                {"latitude": 64.231766},
                {"longitude": 27.729474}
            ]]},
            {"altitude": 153},
            {"distance_km": 0.02},
            {"speed_kmh": 4.5},
            {"timestamp": "Mon Mar 27 03:23:51 UTC 2017"}
        ],
        [
            {"location": [[
                {"latitude": 64.231684},
                {"longitude": 27.729617}
            ]]},
            {"altitude": 147.5},
            {"distance_km": 0.03},
            {"speed_kmh": 2.7},
            {"timestamp": "Mon Mar 27 03:24:03 UTC 2017"}
        ],
        [
            {"location": [[
                {"latitude": 64.231708},
                {"longitude": 27.729848}
            ]]},
            {"altitude": 149.5},
            {"distance_km": 0.05},
            {"speed_kmh": 2.7},
            {"timestamp": "Mon Mar 27 03:24:15 UTC 2017"}
        ],
        [
            {"location": [[
                {"latitude": 64.231781},
                {"longitude": 27.730038}
            ]]},
            {"altitude": 148},
            {"distance_km": 0.06},
            {"speed_kmh": 4.5},
            {"timestamp": "Mon Mar 27 03:24:25 UTC 2017"}
        ],
        [
            {"location": [[
                {"latitude": 64.231863},
                {"longitude": 27.73022}
            ]]},
            {"altitude": 149},
            {"distance_km": 0.07},
            {"speed_kmh": 4.5},
            {"timestamp": "Mon Mar 27 03:24:34 UTC 2017"}
        ],
        [
            {"location": [[
                {"latitude": 64.23195},
                {"longitude": 27.730365}
            ]]},
            {"altitude": 151},
            {"distance_km": 0.08},
            {"speed_kmh": 4.5},
            {"timestamp": "Mon Mar 27 03:24:42 UTC 2017"}
        ],
        [
            {"location": [[
                {"latitude": 64.232025},
                {"longitude": 27.7305}
            ]]},
            {"altitude": 148.5},
            {"distance_km": 0.09},
            {"speed_kmh": 4.5},
            {"timestamp": "Mon Mar 27 03:24:50 UTC 2017"}
        ],
        [
            {"location": [[
                {"latitude": 64.232131},
                {"longitude": 27.730525}
            ]]},
            {"altitude": 147},
            {"distance_km": 0.1},
            {"speed_kmh": 4.5},
            {"timestamp": "Mon Mar 27 03:25:00 UTC 2017"}
        ],
        [
            {"location": [[
                {"latitude": 64.232226},
                {"longitude": 27.730555}
            ]]},
            {"altitude": 147},
            {"distance_km": 0.12},
            {"speed_kmh": 4.5},
            {"timestamp": "Mon Mar 27 03:25:09 UTC 2017"}
        ],
        [
            {"location": [[
                {"latitude": 64.232319},
                {"longitude": 27.730583}
            ]]},
            {"altitude": 148},
            {"distance_km": 0.13},
            {"speed_kmh": 4.5},
            {"timestamp": "Mon Mar 27 03:25:17 UTC 2017"}
        ],
        [
            {"location": [[
                {"latitude": 64.232396},
                {"longitude": 27.730704}
            ]]},
            {"altitude": 146},
            {"distance_km": 0.14},
            {"speed_kmh": 1.8},
            {"timestamp": "Mon Mar 27 03:25:35 UTC 2017"}
        ],
        [
            {"location": [[
                {"latitude": 64.232401},
                {"longitude": 27.730491}
            ]]},
            {"altitude": 150.5},
            {"distance_km": 0.15},
            {"speed_kmh": 1.8},
            {"timestamp": "Mon Mar 27 03:25:49 UTC 2017"}
        ],
        [
            {"location": [[
                {"latitude": 64.232307},
                {"longitude": 27.730472}
            ]]},
            {"altitude": 147},
            {"distance_km": 0.16},
            {"speed_kmh": 4.5},
            {"timestamp": "Mon Mar 27 03:25:55 UTC 2017"}
        ],
        [
            {"location": [[
                {"latitude": 64.232216},
                {"longitude": 27.730427}
            ]]},
            {"altitude": 149.5},
            {"distance_km": 0.17},
            {"speed_kmh": 4.5},
            {"timestamp": "Mon Mar 27 03:26:03 UTC 2017"}
        ],
        [
            {"location": [[
                {"latitude": 64.23212},
                {"longitude": 27.730405}
            ]]},
            {"altitude": 147.5},
            {"distance_km": 0.18},
            {"speed_kmh": 4.5},
            {"timestamp": "Mon Mar 27 03:26:11 UTC 2017"}
        ],
        [
            {"location": [[
                {"latitude": 64.232098},
                {"longitude": 27.730177}
            ]]},
            {"altitude": 149},
            {"distance_km": 0.19},
            {"speed_kmh": 3.6},
            {"timestamp": "Mon Mar 27 03:26:23 UTC 2017"}
        ],
        [
            {"location": [[
                {"latitude": 64.23211},
                {"longitude": 27.729933}
            ]]},
            {"altitude": 151},
            {"distance_km": 0.2},
            {"speed_kmh": 3.6},
            {"timestamp": "Mon Mar 27 03:26:48 UTC 2017"}
        ],
        [
            {"location": [[
                {"latitude": 64.232104},
                {"longitude": 27.729666}
            ]]},
            {"altitude": 154},
            {"distance_km": 0.21},
            {"speed_kmh": 3.6},
            {"timestamp": "Mon Mar 27 03:27:25 UTC 2017"}
        ],
        [
            {"location": [[
                {"latitude": 64.232021},
                {"longitude": 27.729571}
            ]]},
            {"altitude": 149},
            {"distance_km": 0.22},
            {"speed_kmh": 2.7},
            {"timestamp": "Mon Mar 27 03:27:39 UTC 2017"}
        ],
        [
            {"location": [[
                {"latitude": 64.231896},
                {"longitude": 27.729485}
            ]]},
            {"altitude": 153},
            {"distance_km": 0.24},
            {"speed_kmh": 2.7},
            {"timestamp": "Mon Mar 27 03:30:34 UTC 2017"}
        ],
        [
            {"location": [[
                {"latitude": 64.231804},
                {"longitude": 27.72945}
            ]]},
            {"altitude": 156.5},
            {"distance_km": 0.25},
            {"speed_kmh": 0},
            {"timestamp": "Mon Mar 27 03:30:43 UTC 2017"}
        ],
        [
            {"location": [[
                {"latitude": 64.231718},
                {"longitude": 27.729512}
            ]]},
            {"altitude": 149.5},
            {"distance_km": 0.26},
            {"speed_kmh": 3.6},
            {"timestamp": "Mon Mar 27 03:30:57 UTC 2017"}
        ],
        [
            {"location": [[
                {"latitude": 64.231692},
                {"longitude": 27.729761}
            ]]},
            {"altitude": 149},
            {"distance_km": 0.27},
            {"speed_kmh": 2.7},
            {"timestamp": "Mon Mar 27 03:31:11 UTC 2017"}
        ],
        [
            {"location": [[
                {"latitude": 64.231757},
                {"longitude": 27.729933}
            ]]},
            {"altitude": 150},
            {"distance_km": 0.28},
            {"speed_kmh": 3.6},
            {"timestamp": "Mon Mar 27 03:31:21 UTC 2017"}
        ],
        [
            {"location": [[
                {"latitude": 64.231806},
                {"longitude": 27.730135}
            ]]},
            {"altitude": 152.5},
            {"distance_km": 0.29},
            {"speed_kmh": 3.6},
            {"timestamp": "Mon Mar 27 03:31:31 UTC 2017"}
        ],
        [
            {"location": [[
                {"latitude": 64.231885},
                {"longitude": 27.730282}
            ]]},
            {"altitude": 151},
            {"distance_km": 0.31},
            {"speed_kmh": 3.6},
            {"timestamp": "Mon Mar 27 03:31:50 UTC 2017"}
        ],
        [
            {"location": [[
                {"latitude": 64.231928},
                {"longitude": 27.730467}
            ]]},
            {"altitude": 151.5},
            {"distance_km": 0.32},
            {"speed_kmh": 4.5},
            {"timestamp": "Mon Mar 27 03:31:58 UTC 2017"}
        ],
        [
            {"location": [[
                {"latitude": 64.231899},
                {"longitude": 27.730665}
            ]]},
            {"altitude": 155.5},
            {"distance_km": 0.33},
            {"speed_kmh": 2.7},
            {"timestamp": "Mon Mar 27 03:32:37 UTC 2017"}
        ],
        [
            {"location": [[
                {"latitude": 64.231843},
                {"longitude": 27.730833}
            ]]},
            {"altitude": 155.5},
            {"distance_km": 0.34},
            {"speed_kmh": 5.4},
            {"timestamp": "Mon Mar 27 03:32:43 UTC 2017"}
        ],
        [
            {"location": [[
                {"latitude": 64.231804},
                {"longitude": 27.731033}
            ]]},
            {"altitude": 155.5},
            {"distance_km": 0.35},
            {"speed_kmh": 4.5},
            {"timestamp": "Mon Mar 27 03:32:51 UTC 2017"}
        ],
        [
            {"location": [[
                {"latitude": 64.231748},
                {"longitude": 27.731203}
            ]]},
            {"altitude": 155.5},
            {"distance_km": 0.36},
            {"speed_kmh": 4.5},
            {"timestamp": "Mon Mar 27 03:32:59 UTC 2017"}
        ],
        [
            {"location": [[
                {"latitude": 64.231705},
                {"longitude": 27.731429}
            ]]},
            {"altitude": 155.5},
            {"distance_km": 0.37},
            {"speed_kmh": 3.6},
            {"timestamp": "Mon Mar 27 03:33:16 UTC 2017"}
        ],
        [
            {"location": [[
                {"latitude": 64.231643},
                {"longitude": 27.731617}
            ]]},
            {"altitude": 153.5},
            {"distance_km": 0.38},
            {"speed_kmh": 5.4},
            {"timestamp": "Mon Mar 27 03:33:40 UTC 2017"}
        ],
        [
            {"location": [[
                {"latitude": 64.231589},
                {"longitude": 27.731796}
            ]]},
            {"altitude": 153},
            {"distance_km": 0.39},
            {"speed_kmh": 3.6},
            {"timestamp": "Mon Mar 27 03:33:48 UTC 2017"}
        ],
        [
            {"location": [[
                {"latitude": 64.231535},
                {"longitude": 27.732}
            ]]},
            {"altitude": 150.5},
            {"distance_km": 0.4},
            {"speed_kmh": 1.8},
            {"timestamp": "Mon Mar 27 03:34:15 UTC 2017"}
        ],
        [
            {"location": [[
                {"latitude": 64.231473},
                {"longitude": 27.732215}
            ]]},
            {"altitude": 152},
            {"distance_km": 0.41},
            {"speed_kmh": 4.5},
            {"timestamp": "Mon Mar 27 03:34:23 UTC 2017"}
        ],
        [
            {"location": [[
                {"latitude": 64.23138},
                {"longitude": 27.732309}
            ]]},
            {"altitude": 149.5},
            {"distance_km": 0.43},
            {"speed_kmh": 4.5},
            {"timestamp": "Mon Mar 27 03:34:33 UTC 2017"}
        ],
        [
            {"location": [[
                {"latitude": 64.231287},
                {"longitude": 27.732326}
            ]]},
            {"altitude": 150},
            {"distance_km": 0.44},
            {"speed_kmh": 4.5},
            {"timestamp": "Mon Mar 27 03:34:41 UTC 2017"}
        ],
        [
            {"location": [[
                {"latitude": 64.231184},
                {"longitude": 27.732407}
            ]]},
            {"altitude": 148.5},
            {"distance_km": 0.45},
            {"speed_kmh": 4.5},
            {"timestamp": "Mon Mar 27 03:34:49 UTC 2017"}
        ],
        [
            {"location": [[
                {"latitude": 64.231111},
                {"longitude": 27.732553}
            ]]},
            {"altitude": 150},
            {"distance_km": 0.46},
            {"speed_kmh": 4.5},
            {"timestamp": "Mon Mar 27 03:34:57 UTC 2017"}
        ],
        [
            {"location": [[
                {"latitude": 64.231057},
                {"longitude": 27.732747}
            ]]},
            {"altitude": 150},
            {"distance_km": 0.47},
            {"speed_kmh": 3.6},
            {"timestamp": "Mon Mar 27 03:35:07 UTC 2017"}
        ],
        [
            {"location": [[
                {"latitude": 64.230987},
                {"longitude": 27.732933}
            ]]},
            {"altitude": 152},
            {"distance_km": 0.48},
            {"speed_kmh": 4.5},
            {"timestamp": "Mon Mar 27 03:35:15 UTC 2017"}
        ],
        [
            {"location": [[
                {"latitude": 64.230926},
                {"longitude": 27.733089}
            ]]},
            {"altitude": 150},
            {"distance_km": 0.49},
            {"speed_kmh": 4.5},
            {"timestamp": "Mon Mar 27 03:35:22 UTC 2017"}
        ],
        [
            {"location": [[
                {"latitude": 64.230871},
                {"longitude": 27.733306}
            ]]},
            {"altitude": 150},
            {"distance_km": 0.5},
            {"speed_kmh": 4.5},
            {"timestamp": "Mon Mar 27 03:35:30 UTC 2017"}
        ],
        [
            {"location": [[
                {"latitude": 64.230838},
                {"longitude": 27.733505}
            ]]},
            {"altitude": 151.5},
            {"distance_km": 0.51},
            {"speed_kmh": 4.5},
            {"timestamp": "Mon Mar 27 03:35:36 UTC 2017"}
        ],
        [
            {"location": [[
                {"latitude": 64.230788},
                {"longitude": 27.733724}
            ]]},
            {"altitude": 150.5},
            {"distance_km": 0.53},
            {"speed_kmh": 4.5},
            {"timestamp": "Mon Mar 27 03:35:44 UTC 2017"}
        ],
        [
            {"location": [[
                {"latitude": 64.230668},
                {"longitude": 27.733766}
            ]]},
            {"altitude": 148.5},
            {"distance_km": 0.54},
            {"speed_kmh": 6.3},
            {"timestamp": "Mon Mar 27 03:35:53 UTC 2017"}
        ],
        [
            {"location": [[
                {"latitude": 64.230552},
                {"longitude": 27.733758}
            ]]},
            {"altitude": 147},
            {"distance_km": 0.55},
            {"speed_kmh": 5.4},
            {"timestamp": "Mon Mar 27 03:36:01 UTC 2017"}
        ],
        [
            {"location": [[
                {"latitude": 64.230439},
                {"longitude": 27.733712}
            ]]},
            {"altitude": 146},
            {"distance_km": 0.57},
            {"speed_kmh": 5.4},
            {"timestamp": "Mon Mar 27 03:36:09 UTC 2017"}
        ],
        [
            {"location": [[
                {"latitude": 64.230346},
                {"longitude": 27.733653}
            ]]},
            {"altitude": 144.5},
            {"distance_km": 0.58},
            {"speed_kmh": 5.4},
            {"timestamp": "Mon Mar 27 03:36:15 UTC 2017"}
        ],
        [
            {"location": [[
                {"latitude": 64.230233},
                {"longitude": 27.733572}
            ]]},
            {"altitude": 142.5},
            {"distance_km": 0.59},
            {"speed_kmh": 5.4},
            {"timestamp": "Mon Mar 27 03:36:23 UTC 2017"}
        ],
        [
            {"location": [[
                {"latitude": 64.230135},
                {"longitude": 27.733441}
            ]]},
            {"altitude": 141},
            {"distance_km": 0.6},
            {"speed_kmh": 5.4},
            {"timestamp": "Mon Mar 27 03:36:31 UTC 2017"}
        ],
        [
            {"location": [[
                {"latitude": 64.230046},
                {"longitude": 27.733319}
            ]]},
            {"altitude": 140},
            {"distance_km": 0.61},
            {"speed_kmh": 4.5},
            {"timestamp": "Mon Mar 27 03:36:39 UTC 2017"}
        ],
        [
            {"location": [[
                {"latitude": 64.230014},
                {"longitude": 27.733091}
            ]]},
            {"altitude": 138.5},
            {"distance_km": 0.63},
            {"speed_kmh": 4.5},
            {"timestamp": "Mon Mar 27 03:36:47 UTC 2017"}
        ],
        [
            {"location": [[
                {"latitude": 64.23004},
                {"longitude": 27.73284}
            ]]},
            {"altitude": 135.5},
            {"distance_km": 0.64},
            {"speed_kmh": 4.5},
            {"timestamp": "Mon Mar 27 03:36:56 UTC 2017"}
        ],
        [
            {"location": [[
                {"latitude": 64.23008},
                {"longitude": 27.732611}
            ]]},
            {"altitude": 134},
            {"distance_km": 0.65},
            {"speed_kmh": 5.4},
            {"timestamp": "Mon Mar 27 03:37:04 UTC 2017"}
        ],
        [
            {"location": [[
                {"latitude": 64.230116},
                {"longitude": 27.732349}
            ]]},
            {"altitude": 134},
            {"distance_km": 0.66},
            {"speed_kmh": 5.4},
            {"timestamp": "Mon Mar 27 03:37:12 UTC 2017"}
        ],
        [
            {"location": [[
                {"latitude": 64.230151},
                {"longitude": 27.732106}
            ]]},
            {"altitude": 134.5},
            {"distance_km": 0.68},
            {"speed_kmh": 5.4},
            {"timestamp": "Mon Mar 27 03:37:20 UTC 2017"}
        ],
        [
            {"location": [[
                {"latitude": 64.230198},
                {"longitude": 27.731929}
            ]]},
            {"altitude": 133},
            {"distance_km": 0.69},
            {"speed_kmh": 5.4},
            {"timestamp": "Mon Mar 27 03:37:27 UTC 2017"}
        ],
        [
            {"location": [[
                {"latitude": 64.230259},
                {"longitude": 27.731721}
            ]]},
            {"altitude": 134.5},
            {"distance_km": 0.7},
            {"speed_kmh": 2.7},
            {"timestamp": "Mon Mar 27 03:37:47 UTC 2017"}
        ],
        [
            {"location": [[
                {"latitude": 64.230301},
                {"longitude": 27.731509}
            ]]},
            {"altitude": 130.5},
            {"distance_km": 0.71},
            {"speed_kmh": 3.6},
            {"timestamp": "Mon Mar 27 03:37:57 UTC 2017"}
        ],
        [
            {"location": [[
                {"latitude": 64.230345},
                {"longitude": 27.731319}
            ]]},
            {"altitude": 132.5},
            {"distance_km": 0.72},
            {"speed_kmh": 3.6},
            {"timestamp": "Mon Mar 27 03:38:05 UTC 2017"}
        ],
        [
            {"location": [[
                {"latitude": 64.230394},
                {"longitude": 27.731129}
            ]]},
            {"altitude": 133},
            {"distance_km": 0.73},
            {"speed_kmh": 3.6},
            {"timestamp": "Mon Mar 27 03:38:13 UTC 2017"}
        ],
        [
            {"location": [[
                {"latitude": 64.230429},
                {"longitude": 27.730916}
            ]]},
            {"altitude": 133.5},
            {"distance_km": 0.74},
            {"speed_kmh": 4.5},
            {"timestamp": "Mon Mar 27 03:38:21 UTC 2017"}
        ],
        [
            {"location": [[
                {"latitude": 64.230449},
                {"longitude": 27.730679}
            ]]},
            {"altitude": 132.5},
            {"distance_km": 0.75},
            {"speed_kmh": 3.6},
            {"timestamp": "Mon Mar 27 03:38:31 UTC 2017"}
        ],
        [
            {"location": [[
                {"latitude": 64.230497},
                {"longitude": 27.730486}
            ]]},
            {"altitude": 131.5},
            {"distance_km": 0.76},
            {"speed_kmh": 3.6},
            {"timestamp": "Mon Mar 27 03:38:40 UTC 2017"}
        ],
        [
            {"location": [[
                {"latitude": 64.230554},
                {"longitude": 27.730285}
            ]]},
            {"altitude": 132.5},
            {"distance_km": 0.78},
            {"speed_kmh": 4.5},
            {"timestamp": "Mon Mar 27 03:38:48 UTC 2017"}
        ],
        [
            {"location": [[
                {"latitude": 64.230618},
                {"longitude": 27.730068}
            ]]},
            {"altitude": 132},
            {"distance_km": 0.79},
            {"speed_kmh": 4.5},
            {"timestamp": "Mon Mar 27 03:38:56 UTC 2017"}
        ],
        [
            {"location": [[
                {"latitude": 64.230666},
                {"longitude": 27.729833}
            ]]},
            {"altitude": 131},
            {"distance_km": 0.8},
            {"speed_kmh": 4.5},
            {"timestamp": "Mon Mar 27 03:39:04 UTC 2017"}
        ],
        [
            {"location": [[
                {"latitude": 64.230739},
                {"longitude": 27.729643}
            ]]},
            {"altitude": 134.5},
            {"distance_km": 0.81},
            {"speed_kmh": 4.5},
            {"timestamp": "Mon Mar 27 03:39:13 UTC 2017"}
        ],
        [
            {"location": [[
                {"latitude": 64.230795},
                {"longitude": 27.729425}
            ]]},
            {"altitude": 133.5},
            {"distance_km": 0.82},
            {"speed_kmh": 4.5},
            {"timestamp": "Mon Mar 27 03:39:23 UTC 2017"}
        ],
        [
            {"location": [[
                {"latitude": 64.230859},
                {"longitude": 27.729245}
            ]]},
            {"altitude": 137},
            {"distance_km": 0.84},
            {"speed_kmh": 5.4},
            {"timestamp": "Mon Mar 27 03:39:31 UTC 2017"}
        ],
        [
            {"location": [[
                {"latitude": 64.230928},
                {"longitude": 27.729065}
            ]]},
            {"altitude": 141.5},
            {"distance_km": 0.85},
            {"speed_kmh": 4.5},
            {"timestamp": "Mon Mar 27 03:39:37 UTC 2017"}
        ],
        [
            {"location": [[
                {"latitude": 64.230995},
                {"longitude": 27.728872}
            ]]},
            {"altitude": 144.5},
            {"distance_km": 0.86},
            {"speed_kmh": 4.5},
            {"timestamp": "Mon Mar 27 03:39:45 UTC 2017"}
        ],
        [
            {"location": [[
                {"latitude": 64.231047},
                {"longitude": 27.728688}
            ]]},
            {"altitude": 143.5},
            {"distance_km": 0.87},
            {"speed_kmh": 4.5},
            {"timestamp": "Mon Mar 27 03:39:53 UTC 2017"}
        ],
        [
            {"location": [[
                {"latitude": 64.231072},
                {"longitude": 27.728468}
            ]]},
            {"altitude": 140.5},
            {"distance_km": 0.88},
            {"speed_kmh": 4.5},
            {"timestamp": "Mon Mar 27 03:40:01 UTC 2017"}
        ],
        [
            {"location": [[
                {"latitude": 64.23111},
                {"longitude": 27.728264}
            ]]},
            {"altitude": 142.5},
            {"distance_km": 0.89},
            {"speed_kmh": 4.5},
            {"timestamp": "Mon Mar 27 03:40:09 UTC 2017"}
        ],
        [
            {"location": [[
                {"latitude": 64.231138},
                {"longitude": 27.728027}
            ]]},
            {"altitude": 142},
            {"distance_km": 0.9},
            {"speed_kmh": 4.5},
            {"timestamp": "Mon Mar 27 03:40:17 UTC 2017"}
        ],
        [
            {"location": [[
                {"latitude": 64.231174},
                {"longitude": 27.727827}
            ]]},
            {"altitude": 145.5},
            {"distance_km": 0.91},
            {"speed_kmh": 4.5},
            {"timestamp": "Mon Mar 27 03:40:24 UTC 2017"}
        ],
        [
            {"location": [[
                {"latitude": 64.231215},
                {"longitude": 27.72762}
            ]]},
            {"altitude": 146},
            {"distance_km": 0.93},
            {"speed_kmh": 5.4},
            {"timestamp": "Mon Mar 27 03:40:40 UTC 2017"}
        ],
        [
            {"location": [[
                {"latitude": 64.231252},
                {"longitude": 27.727415}
            ]]},
            {"altitude": 142.5},
            {"distance_km": 0.94},
            {"speed_kmh": 3.6},
            {"timestamp": "Mon Mar 27 03:40:48 UTC 2017"}
        ],
        [
            {"location": [[
                {"latitude": 64.231284},
                {"longitude": 27.727167}
            ]]},
            {"altitude": 140.5},
            {"distance_km": 0.95},
            {"speed_kmh": 4.5},
            {"timestamp": "Mon Mar 27 03:40:57 UTC 2017"}
        ],
        [
            {"location": [[
                {"latitude": 64.231325},
                {"longitude": 27.726944}
            ]]},
            {"altitude": 141.5},
            {"distance_km": 0.96},
            {"speed_kmh": 3.6},
            {"timestamp": "Mon Mar 27 03:41:07 UTC 2017"}
        ],
        [
            {"location": [[
                {"latitude": 64.231374},
                {"longitude": 27.726724}
            ]]},
            {"altitude": 140.5},
            {"distance_km": 0.97},
            {"speed_kmh": 3.6},
            {"timestamp": "Mon Mar 27 03:41:17 UTC 2017"}
        ],
        [
            {"location": [[
                {"latitude": 64.231444},
                {"longitude": 27.726558}
            ]]},
            {"altitude": 144},
            {"distance_km": 0.98},
            {"speed_kmh": 2.7},
            {"timestamp": "Mon Mar 27 03:41:27 UTC 2017"}
        ],
        [
            {"location": [[
                {"latitude": 64.231515},
                {"longitude": 27.726402}
            ]]},
            {"altitude": 143},
            {"distance_km": 0.99},
            {"speed_kmh": 2.7},
            {"timestamp": "Mon Mar 27 03:41:37 UTC 2017"}
        ],
        [
            {"location": [[
                {"latitude": 64.231582},
                {"longitude": 27.726191}
            ]]},
            {"altitude": 141},
            {"distance_km": 1.01},
            {"speed_kmh": 3.6},
            {"timestamp": "Mon Mar 27 03:41:49 UTC 2017"}
        ],
        [
            {"location": [[
                {"latitude": 64.231666},
                {"longitude": 27.726057}
            ]]},
            {"altitude": 142.5},
            {"distance_km": 1.02},
            {"speed_kmh": 2.7},
            {"timestamp": "Mon Mar 27 03:41:59 UTC 2017"}
        ],
        [
            {"location": [[
                {"latitude": 64.231679},
                {"longitude": 27.726273}
            ]]},
            {"altitude": 145.5},
            {"distance_km": 1.03},
            {"speed_kmh": 3.6},
            {"timestamp": "Mon Mar 27 03:42:16 UTC 2017"}
        ],
        [
            {"location": [[
                {"latitude": 64.231691},
                {"longitude": 27.726515}
            ]]},
            {"altitude": 146},
            {"distance_km": 1.04},
            {"speed_kmh": 4.5},
            {"timestamp": "Mon Mar 27 03:42:26 UTC 2017"}
        ],
        [
            {"location": [[
                {"latitude": 64.231694},
                {"longitude": 27.726749}
            ]]},
            {"altitude": 147.5},
            {"distance_km": 1.05},
            {"speed_kmh": 4.5},
            {"timestamp": "Mon Mar 27 03:42:34 UTC 2017"}
        ],
        [
            {"location": [[
                {"latitude": 64.231706},
                {"longitude": 27.726969}
            ]]},
            {"altitude": 148},
            {"distance_km": 1.06},
            {"speed_kmh": 3.6},
            {"timestamp": "Mon Mar 27 03:42:47 UTC 2017"}
        ],
        [
            {"location": [[
                {"latitude": 64.231701},
                {"longitude": 27.727224}
            ]]},
            {"altitude": 150.5},
            {"distance_km": 1.08},
            {"speed_kmh": 4.5},
            {"timestamp": "Mon Mar 27 03:42:55 UTC 2017"}
        ],
        [
            {"location": [[
                {"latitude": 64.231698},
                {"longitude": 27.727489}
            ]]},
            {"altitude": 146.5},
            {"distance_km": 1.09},
            {"speed_kmh": 4.5},
            {"timestamp": "Mon Mar 27 03:43:03 UTC 2017"}
        ],
        [
            {"location": [[
                {"latitude": 64.231679},
                {"longitude": 27.727745}
            ]]},
            {"altitude": 146.5},
            {"distance_km": 1.1},
            {"speed_kmh": 4.5},
            {"timestamp": "Mon Mar 27 03:43:11 UTC 2017"}
        ],
        [
            {"location": [[
                {"latitude": 64.231672},
                {"longitude": 27.728003}
            ]]},
            {"altitude": 147.5},
            {"distance_km": 1.11},
            {"speed_kmh": 5.4},
            {"timestamp": "Mon Mar 27 03:43:19 UTC 2017"}
        ],
        [
            {"location": [[
                {"latitude": 64.231676},
                {"longitude": 27.728227}
            ]]},
            {"altitude": 146.5},
            {"distance_km": 1.12},
            {"speed_kmh": 2.7},
            {"timestamp": "Mon Mar 27 03:43:29 UTC 2017"}
        ],
        [
            {"location": [[
                {"latitude": 64.231672},
                {"longitude": 27.728433}
            ]]},
            {"altitude": 147},
            {"distance_km": 1.13},
            {"speed_kmh": 3.6},
            {"timestamp": "Mon Mar 27 03:43:37 UTC 2017"}
        ],
        [
            {"location": [[
                {"latitude": 64.231684},
                {"longitude": 27.728654}
            ]]},
            {"altitude": 148.5},
            {"distance_km": 1.14},
            {"speed_kmh": 4.5},
            {"timestamp": "Mon Mar 27 03:43:45 UTC 2017"}
        ],
        [
            {"location": [[
                {"latitude": 64.231669},
                {"longitude": 27.728889}
            ]]},
            {"altitude": 148},
            {"distance_km": 1.16},
            {"speed_kmh": 4.5},
            {"timestamp": "Mon Mar 27 03:44:00 UTC 2017"}
        ],
        [
            {"location": [[
                {"latitude": 64.231645},
                {"longitude": 27.729091}
            ]]},
            {"altitude": 148.5},
            {"distance_km": 1.17},
            {"speed_kmh": 3.6},
            {"timestamp": "Mon Mar 27 03:44:08 UTC 2017"}
        ],
        [
            {"location": [[
                {"latitude": 64.231649},
                {"longitude": 27.729338}
            ]]},
            {"altitude": 147.5},
            {"distance_km": 1.18},
            {"speed_kmh": 3.6},
            {"timestamp": "Mon Mar 27 03:44:18 UTC 2017"}
        ],
        [
            {"location": [[
                {"latitude": 64.231642},
                {"longitude": 27.729564}
            ]]},
            {"altitude": 149},
            {"distance_km": 1.19},
            {"speed_kmh": 2.7},
            {"timestamp": "Mon Mar 27 03:44:31 UTC 2017"}
        ],
        [
            {"location": [[
                {"latitude": 64.231733},
                {"longitude": 27.729588}
            ]]},
            {"altitude": 150},
            {"distance_km": 1.2},
            {"speed_kmh": 0.9},
            {"timestamp": "Mon Mar 27 03:45:23 UTC 2017"}
        ],
        [
            {"location": [[
                {"latitude": 64.231797},
                {"longitude": 27.729581}
            ]]},
            {"altitude": 151.5},
            {"distance_km": 1.2},
            {"speed_kmh": 0},
            {"timestamp": "Mon Mar 27 03:45:41 UTC 2017"}
        ],
        [
            {"location": [[
                {"latitude": 64.231797},
                {"longitude": 27.729581}
            ]]},
            {"altitude": 151.5},
            {"distance_km": 1.2},
            {"speed_kmh": 0},
            {"timestamp": "Mon Mar 27 03:45:41 UTC 2017"}
        ]
    ]}
]