[
    {"sport": "WALKING"},
    {"source": "TRACK_MOBILE"},
    {"created_date": "2017-05-10 03:08:32.0"},
    {"start_time": "2017-05-10 03:07:00.0"},
    {"end_time": "2017-05-10 03:23:01.0"},
    {"duration_s": 960},
    {"distance_km": 1.31},
    {"calories_kcal": 95.5436},
    {"altitude_min_m": 129},
    {"altitude_max_m": 167},
    {"speed_avg_kmh": 4.9125},
    {"speed_max_kmh": 7.2},
    {"ascend_m": 33},
    {"descend_m": 32},
    {"points": [
        [
            {"location": [[
                {"latitude": 64.231949},
                {"longitude": 27.729418}
            ]]},
            {"distance_km": 0},
            {"timestamp": "Wed May 10 03:07:00 UTC 2017"}
        ],
        [
            {"location": [[
                {"latitude": 64.231949},
                {"longitude": 27.729418}
            ]]},
            {"altitude": 144},
            {"distance_km": 0},
            {"speed_kmh": 5.4},
            {"timestamp": "Wed May 10 03:07:12 UTC 2017"}
        ],
        [
            {"location": [[
                {"latitude": 64.232063},
                {"longitude": 27.729623}
            ]]},
            {"altitude": 152},
            {"distance_km": 0.02},
            {"speed_kmh": 7.2},
            {"timestamp": "Wed May 10 03:07:16 UTC 2017"}
        ],
        [
            {"location": [[
                {"latitude": 64.231888},
                {"longitude": 27.729547}
            ]]},
            {"altitude": 157},
            {"distance_km": 0.04},
            {"speed_kmh": 0},
            {"timestamp": "Wed May 10 03:07:52 UTC 2017"}
        ],
        [
            {"location": [[
                {"latitude": 64.231762},
                {"longitude": 27.72948}
            ]]},
            {"altitude": 157},
            {"distance_km": 0.05},
            {"speed_kmh": 6.3},
            {"timestamp": "Wed May 10 03:08:06 UTC 2017"}
        ],
        [
            {"location": [[
                {"latitude": 64.231708},
                {"longitude": 27.729654}
            ]]},
            {"altitude": 152.5},
            {"distance_km": 0.06},
            {"speed_kmh": 4.5},
            {"timestamp": "Wed May 10 03:08:13 UTC 2017"}
        ],
        [
            {"location": [[
                {"latitude": 64.23171},
                {"longitude": 27.729911}
            ]]},
            {"altitude": 151},
            {"distance_km": 0.07},
            {"speed_kmh": 4.5},
            {"timestamp": "Wed May 10 03:08:21 UTC 2017"}
        ],
        [
            {"location": [[
                {"latitude": 64.231756},
                {"longitude": 27.730091}
            ]]},
            {"altitude": 152.5},
            {"distance_km": 0.08},
            {"speed_kmh": 5.4},
            {"timestamp": "Wed May 10 03:08:30 UTC 2017"}
        ],
        [
            {"location": [[
                {"latitude": 64.231822},
                {"longitude": 27.730283}
            ]]},
            {"altitude": 152.5},
            {"distance_km": 0.09},
            {"speed_kmh": 5.4},
            {"timestamp": "Wed May 10 03:08:38 UTC 2017"}
        ],
        [
            {"location": [[
                {"latitude": 64.231915},
                {"longitude": 27.730402}
            ]]},
            {"altitude": 152},
            {"distance_km": 0.11},
            {"speed_kmh": 4.5},
            {"timestamp": "Wed May 10 03:08:46 UTC 2017"}
        ],
        [
            {"location": [[
                {"latitude": 64.232006},
                {"longitude": 27.730498}
            ]]},
            {"altitude": 152.5},
            {"distance_km": 0.12},
            {"speed_kmh": 4.5},
            {"timestamp": "Wed May 10 03:08:54 UTC 2017"}
        ],
        [
            {"location": [[
                {"latitude": 64.232093},
                {"longitude": 27.730631}
            ]]},
            {"altitude": 154.5},
            {"distance_km": 0.13},
            {"speed_kmh": 4.5},
            {"timestamp": "Wed May 10 03:09:02 UTC 2017"}
        ],
        [
            {"location": [[
                {"latitude": 64.232169},
                {"longitude": 27.730749}
            ]]},
            {"altitude": 156.5},
            {"distance_km": 0.14},
            {"speed_kmh": 5.4},
            {"timestamp": "Wed May 10 03:09:08 UTC 2017"}
        ],
        [
            {"location": [[
                {"latitude": 64.232259},
                {"longitude": 27.730898}
            ]]},
            {"altitude": 157.5},
            {"distance_km": 0.15},
            {"speed_kmh": 4.5},
            {"timestamp": "Wed May 10 03:09:16 UTC 2017"}
        ],
        [
            {"location": [[
                {"latitude": 64.232343},
                {"longitude": 27.731005}
            ]]},
            {"altitude": 158.5},
            {"distance_km": 0.16},
            {"speed_kmh": 6.3},
            {"timestamp": "Wed May 10 03:09:32 UTC 2017"}
        ],
        [
            {"location": [[
                {"latitude": 64.232433},
                {"longitude": 27.731095}
            ]]},
            {"altitude": 158.5},
            {"distance_km": 0.17},
            {"speed_kmh": 6.3},
            {"timestamp": "Wed May 10 03:09:39 UTC 2017"}
        ],
        [
            {"location": [[
                {"latitude": 64.232543},
                {"longitude": 27.731187}
            ]]},
            {"altitude": 160},
            {"distance_km": 0.19},
            {"speed_kmh": 5.4},
            {"timestamp": "Wed May 10 03:09:47 UTC 2017"}
        ],
        [
            {"location": [[
                {"latitude": 64.232623},
                {"longitude": 27.7313}
            ]]},
            {"altitude": 159.5},
            {"distance_km": 0.2},
            {"speed_kmh": 4.5},
            {"timestamp": "Wed May 10 03:10:02 UTC 2017"}
        ],
        [
            {"location": [[
                {"latitude": 64.232728},
                {"longitude": 27.731374}
            ]]},
            {"altitude": 160},
            {"distance_km": 0.21},
            {"speed_kmh": 6.3},
            {"timestamp": "Wed May 10 03:10:08 UTC 2017"}
        ],
        [
            {"location": [[
                {"latitude": 64.232818},
                {"longitude": 27.731286}
            ]]},
            {"altitude": 156},
            {"distance_km": 0.22},
            {"speed_kmh": 5.4},
            {"timestamp": "Wed May 10 03:10:14 UTC 2017"}
        ],
        [
            {"location": [[
                {"latitude": 64.232836},
                {"longitude": 27.731029}
            ]]},
            {"altitude": 154.5},
            {"distance_km": 0.23},
            {"speed_kmh": 5.4},
            {"timestamp": "Wed May 10 03:10:22 UTC 2017"}
        ],
        [
            {"location": [[
                {"latitude": 64.232842},
                {"longitude": 27.730791}
            ]]},
            {"altitude": 155.5},
            {"distance_km": 0.24},
            {"speed_kmh": 5.4},
            {"timestamp": "Wed May 10 03:10:32 UTC 2017"}
        ],
        [
            {"location": [[
                {"latitude": 64.232822},
                {"longitude": 27.730541}
            ]]},
            {"altitude": 155.5},
            {"distance_km": 0.26},
            {"speed_kmh": 5.4},
            {"timestamp": "Wed May 10 03:10:40 UTC 2017"}
        ],
        [
            {"location": [[
                {"latitude": 64.232805},
                {"longitude": 27.73031}
            ]]},
            {"altitude": 158},
            {"distance_km": 0.27},
            {"speed_kmh": 5.4},
            {"timestamp": "Wed May 10 03:10:46 UTC 2017"}
        ],
        [
            {"location": [[
                {"latitude": 64.232804},
                {"longitude": 27.730088}
            ]]},
            {"altitude": 159.5},
            {"distance_km": 0.28},
            {"speed_kmh": 5.4},
            {"timestamp": "Wed May 10 03:10:52 UTC 2017"}
        ],
        [
            {"location": [[
                {"latitude": 64.232818},
                {"longitude": 27.729831}
            ]]},
            {"altitude": 162},
            {"distance_km": 0.29},
            {"speed_kmh": 5.4},
            {"timestamp": "Wed May 10 03:10:58 UTC 2017"}
        ],
        [
            {"location": [[
                {"latitude": 64.232819},
                {"longitude": 27.729557}
            ]]},
            {"altitude": 167},
            {"distance_km": 0.3},
            {"speed_kmh": 6.3},
            {"timestamp": "Wed May 10 03:11:04 UTC 2017"}
        ],
        [
            {"location": [[
                {"latitude": 64.232824},
                {"longitude": 27.729333}
            ]]},
            {"altitude": 167},
            {"distance_km": 0.32},
            {"speed_kmh": 5.4},
            {"timestamp": "Wed May 10 03:11:10 UTC 2017"}
        ],
        [
            {"location": [[
                {"latitude": 64.232821},
                {"longitude": 27.729123}
            ]]},
            {"altitude": 166.5},
            {"distance_km": 0.33},
            {"speed_kmh": 5.4},
            {"timestamp": "Wed May 10 03:11:16 UTC 2017"}
        ],
        [
            {"location": [[
                {"latitude": 64.232821},
                {"longitude": 27.728867}
            ]]},
            {"altitude": 167},
            {"distance_km": 0.34},
            {"speed_kmh": 5.4},
            {"timestamp": "Wed May 10 03:11:24 UTC 2017"}
        ],
        [
            {"location": [[
                {"latitude": 64.232821},
                {"longitude": 27.728635}
            ]]},
            {"altitude": 166.5},
            {"distance_km": 0.35},
            {"speed_kmh": 5.4},
            {"timestamp": "Wed May 10 03:11:31 UTC 2017"}
        ],
        [
            {"location": [[
                {"latitude": 64.23283},
                {"longitude": 27.728394}
            ]]},
            {"altitude": 165},
            {"distance_km": 0.36},
            {"speed_kmh": 6.3},
            {"timestamp": "Wed May 10 03:11:37 UTC 2017"}
        ],
        [
            {"location": [[
                {"latitude": 64.232862},
                {"longitude": 27.728137}
            ]]},
            {"altitude": 164.5},
            {"distance_km": 0.37},
            {"speed_kmh": 5.4},
            {"timestamp": "Wed May 10 03:11:43 UTC 2017"}
        ],
        [
            {"location": [[
                {"latitude": 64.232887},
                {"longitude": 27.727902}
            ]]},
            {"altitude": 164},
            {"distance_km": 0.39},
            {"speed_kmh": 5.4},
            {"timestamp": "Wed May 10 03:11:50 UTC 2017"}
        ],
        [
            {"location": [[
                {"latitude": 64.2329},
                {"longitude": 27.727672}
            ]]},
            {"altitude": 163},
            {"distance_km": 0.4},
            {"speed_kmh": 6.3},
            {"timestamp": "Wed May 10 03:11:56 UTC 2017"}
        ],
        [
            {"location": [[
                {"latitude": 64.232902},
                {"longitude": 27.727458}
            ]]},
            {"altitude": 162.5},
            {"distance_km": 0.41},
            {"speed_kmh": 5.4},
            {"timestamp": "Wed May 10 03:12:02 UTC 2017"}
        ],
        [
            {"location": [[
                {"latitude": 64.23289},
                {"longitude": 27.727248}
            ]]},
            {"altitude": 162},
            {"distance_km": 0.42},
            {"speed_kmh": 5.4},
            {"timestamp": "Wed May 10 03:12:08 UTC 2017"}
        ],
        [
            {"location": [[
                {"latitude": 64.232902},
                {"longitude": 27.727029}
            ]]},
            {"altitude": 161},
            {"distance_km": 0.43},
            {"speed_kmh": 5.4},
            {"timestamp": "Wed May 10 03:12:14 UTC 2017"}
        ],
        [
            {"location": [[
                {"latitude": 64.232918},
                {"longitude": 27.72681}
            ]]},
            {"altitude": 161},
            {"distance_km": 0.44},
            {"speed_kmh": 5.4},
            {"timestamp": "Wed May 10 03:12:20 UTC 2017"}
        ],
        [
            {"location": [[
                {"latitude": 64.232921},
                {"longitude": 27.726532}
            ]]},
            {"altitude": 161.5},
            {"distance_km": 0.45},
            {"speed_kmh": 5.4},
            {"timestamp": "Wed May 10 03:12:26 UTC 2017"}
        ],
        [
            {"location": [[
                {"latitude": 64.23293},
                {"longitude": 27.726292}
            ]]},
            {"altitude": 162},
            {"distance_km": 0.46},
            {"speed_kmh": 5.4},
            {"timestamp": "Wed May 10 03:12:32 UTC 2017"}
        ],
        [
            {"location": [[
                {"latitude": 64.232951},
                {"longitude": 27.726064}
            ]]},
            {"altitude": 161},
            {"distance_km": 0.48},
            {"speed_kmh": 5.4},
            {"timestamp": "Wed May 10 03:12:38 UTC 2017"}
        ],
        [
            {"location": [[
                {"latitude": 64.232967},
                {"longitude": 27.72582}
            ]]},
            {"altitude": 156.5},
            {"distance_km": 0.49},
            {"speed_kmh": 5.4},
            {"timestamp": "Wed May 10 03:12:46 UTC 2017"}
        ],
        [
            {"location": [[
                {"latitude": 64.232974},
                {"longitude": 27.725542}
            ]]},
            {"altitude": 156},
            {"distance_km": 0.5},
            {"speed_kmh": 5.4},
            {"timestamp": "Wed May 10 03:12:54 UTC 2017"}
        ],
        [
            {"location": [[
                {"latitude": 64.233},
                {"longitude": 27.725332}
            ]]},
            {"altitude": 155},
            {"distance_km": 0.51},
            {"speed_kmh": 5.4},
            {"timestamp": "Wed May 10 03:13:00 UTC 2017"}
        ],
        [
            {"location": [[
                {"latitude": 64.233027},
                {"longitude": 27.725124}
            ]]},
            {"altitude": 153.5},
            {"distance_km": 0.52},
            {"speed_kmh": 5.4},
            {"timestamp": "Wed May 10 03:13:06 UTC 2017"}
        ],
        [
            {"location": [[
                {"latitude": 64.233056},
                {"longitude": 27.724878}
            ]]},
            {"altitude": 155},
            {"distance_km": 0.53},
            {"speed_kmh": 6.3},
            {"timestamp": "Wed May 10 03:13:12 UTC 2017"}
        ],
        [
            {"location": [[
                {"latitude": 64.233084},
                {"longitude": 27.724652}
            ]]},
            {"altitude": 154},
            {"distance_km": 0.55},
            {"speed_kmh": 6.3},
            {"timestamp": "Wed May 10 03:13:19 UTC 2017"}
        ],
        [
            {"location": [[
                {"latitude": 64.233113},
                {"longitude": 27.72439}
            ]]},
            {"altitude": 156},
            {"distance_km": 0.56},
            {"speed_kmh": 5.4},
            {"timestamp": "Wed May 10 03:13:27 UTC 2017"}
        ],
        [
            {"location": [[
                {"latitude": 64.233169},
                {"longitude": 27.724146}
            ]]},
            {"altitude": 155},
            {"distance_km": 0.57},
            {"speed_kmh": 5.4},
            {"timestamp": "Wed May 10 03:13:34 UTC 2017"}
        ],
        [
            {"location": [[
                {"latitude": 64.233198},
                {"longitude": 27.723932}
            ]]},
            {"altitude": 151},
            {"distance_km": 0.58},
            {"speed_kmh": 2.7},
            {"timestamp": "Wed May 10 03:13:44 UTC 2017"}
        ],
        [
            {"location": [[
                {"latitude": 64.233237},
                {"longitude": 27.723738}
            ]]},
            {"altitude": 151},
            {"distance_km": 0.59},
            {"speed_kmh": 4.5},
            {"timestamp": "Wed May 10 03:13:50 UTC 2017"}
        ],
        [
            {"location": [[
                {"latitude": 64.233288},
                {"longitude": 27.723509}
            ]]},
            {"altitude": 151},
            {"distance_km": 0.61},
            {"speed_kmh": 5.4},
            {"timestamp": "Wed May 10 03:13:56 UTC 2017"}
        ],
        [
            {"location": [[
                {"latitude": 64.233329},
                {"longitude": 27.723311}
            ]]},
            {"altitude": 149},
            {"distance_km": 0.62},
            {"speed_kmh": 5.4},
            {"timestamp": "Wed May 10 03:14:02 UTC 2017"}
        ],
        [
            {"location": [[
                {"latitude": 64.233376},
                {"longitude": 27.72313}
            ]]},
            {"altitude": 147.5},
            {"distance_km": 0.63},
            {"speed_kmh": 5.4},
            {"timestamp": "Wed May 10 03:14:08 UTC 2017"}
        ],
        [
            {"location": [[
                {"latitude": 64.233417},
                {"longitude": 27.722928}
            ]]},
            {"altitude": 147},
            {"distance_km": 0.64},
            {"speed_kmh": 4.5},
            {"timestamp": "Wed May 10 03:14:14 UTC 2017"}
        ],
        [
            {"location": [[
                {"latitude": 64.233483},
                {"longitude": 27.722702}
            ]]},
            {"altitude": 145},
            {"distance_km": 0.65},
            {"speed_kmh": 4.5},
            {"timestamp": "Wed May 10 03:14:22 UTC 2017"}
        ],
        [
            {"location": [[
                {"latitude": 64.233553},
                {"longitude": 27.722484}
            ]]},
            {"altitude": 142},
            {"distance_km": 0.66},
            {"speed_kmh": 4.5},
            {"timestamp": "Wed May 10 03:14:30 UTC 2017"}
        ],
        [
            {"location": [[
                {"latitude": 64.233602},
                {"longitude": 27.722308}
            ]]},
            {"altitude": 142},
            {"distance_km": 0.67},
            {"speed_kmh": 5.4},
            {"timestamp": "Wed May 10 03:14:36 UTC 2017"}
        ],
        [
            {"location": [[
                {"latitude": 64.233684},
                {"longitude": 27.722191}
            ]]},
            {"altitude": 142.5},
            {"distance_km": 0.68},
            {"speed_kmh": 4.5},
            {"timestamp": "Wed May 10 03:14:42 UTC 2017"}
        ],
        [
            {"location": [[
                {"latitude": 64.23375},
                {"longitude": 27.722039}
            ]]},
            {"altitude": 140},
            {"distance_km": 0.69},
            {"speed_kmh": 4.5},
            {"timestamp": "Wed May 10 03:14:48 UTC 2017"}
        ],
        [
            {"location": [[
                {"latitude": 64.233817},
                {"longitude": 27.721828}
            ]]},
            {"altitude": 135},
            {"distance_km": 0.71},
            {"speed_kmh": 4.5},
            {"timestamp": "Wed May 10 03:14:56 UTC 2017"}
        ],
        [
            {"location": [[
                {"latitude": 64.233783},
                {"longitude": 27.721607}
            ]]},
            {"altitude": 138},
            {"distance_km": 0.72},
            {"speed_kmh": 3.6},
            {"timestamp": "Wed May 10 03:15:04 UTC 2017"}
        ],
        [
            {"location": [[
                {"latitude": 64.233717},
                {"longitude": 27.721399}
            ]]},
            {"altitude": 139},
            {"distance_km": 0.73},
            {"speed_kmh": 4.5},
            {"timestamp": "Wed May 10 03:15:12 UTC 2017"}
        ],
        [
            {"location": [[
                {"latitude": 64.233636},
                {"longitude": 27.721204}
            ]]},
            {"altitude": 142},
            {"distance_km": 0.74},
            {"speed_kmh": 4.5},
            {"timestamp": "Wed May 10 03:15:20 UTC 2017"}
        ],
        [
            {"location": [[
                {"latitude": 64.233552},
                {"longitude": 27.721028}
            ]]},
            {"altitude": 141.5},
            {"distance_km": 0.76},
            {"speed_kmh": 4.5},
            {"timestamp": "Wed May 10 03:15:27 UTC 2017"}
        ],
        [
            {"location": [[
                {"latitude": 64.233472},
                {"longitude": 27.720899}
            ]]},
            {"altitude": 136},
            {"distance_km": 0.77},
            {"speed_kmh": 2.7},
            {"timestamp": "Wed May 10 03:15:50 UTC 2017"}
        ],
        [
            {"location": [[
                {"latitude": 64.233373},
                {"longitude": 27.720906}
            ]]},
            {"altitude": 134},
            {"distance_km": 0.78},
            {"speed_kmh": 6.3},
            {"timestamp": "Wed May 10 03:15:56 UTC 2017"}
        ],
        [
            {"location": [[
                {"latitude": 64.233318},
                {"longitude": 27.721089}
            ]]},
            {"altitude": 133.5},
            {"distance_km": 0.79},
            {"speed_kmh": 6.3},
            {"timestamp": "Wed May 10 03:16:02 UTC 2017"}
        ],
        [
            {"location": [[
                {"latitude": 64.233277},
                {"longitude": 27.721292}
            ]]},
            {"altitude": 132.5},
            {"distance_km": 0.8},
            {"speed_kmh": 6.3},
            {"timestamp": "Wed May 10 03:16:08 UTC 2017"}
        ],
        [
            {"location": [[
                {"latitude": 64.233226},
                {"longitude": 27.721493}
            ]]},
            {"altitude": 133.5},
            {"distance_km": 0.81},
            {"speed_kmh": 6.3},
            {"timestamp": "Wed May 10 03:16:14 UTC 2017"}
        ],
        [
            {"location": [[
                {"latitude": 64.233157},
                {"longitude": 27.721645}
            ]]},
            {"altitude": 134.5},
            {"distance_km": 0.82},
            {"speed_kmh": 6.3},
            {"timestamp": "Wed May 10 03:16:20 UTC 2017"}
        ],
        [
            {"location": [[
                {"latitude": 64.233081},
                {"longitude": 27.721778}
            ]]},
            {"altitude": 136.5},
            {"distance_km": 0.83},
            {"speed_kmh": 6.3},
            {"timestamp": "Wed May 10 03:16:26 UTC 2017"}
        ],
        [
            {"location": [[
                {"latitude": 64.23299},
                {"longitude": 27.721798}
            ]]},
            {"altitude": 138},
            {"distance_km": 0.84},
            {"speed_kmh": 5.4},
            {"timestamp": "Wed May 10 03:16:32 UTC 2017"}
        ],
        [
            {"location": [[
                {"latitude": 64.232873},
                {"longitude": 27.721799}
            ]]},
            {"altitude": 138},
            {"distance_km": 0.86},
            {"speed_kmh": 5.4},
            {"timestamp": "Wed May 10 03:16:40 UTC 2017"}
        ],
        [
            {"location": [[
                {"latitude": 64.232778},
                {"longitude": 27.721811}
            ]]},
            {"altitude": 138.5},
            {"distance_km": 0.87},
            {"speed_kmh": 5.4},
            {"timestamp": "Wed May 10 03:16:46 UTC 2017"}
        ],
        [
            {"location": [[
                {"latitude": 64.23266},
                {"longitude": 27.721796}
            ]]},
            {"altitude": 141},
            {"distance_km": 0.88},
            {"speed_kmh": 5.4},
            {"timestamp": "Wed May 10 03:16:54 UTC 2017"}
        ],
        [
            {"location": [[
                {"latitude": 64.232561},
                {"longitude": 27.721847}
            ]]},
            {"altitude": 142},
            {"distance_km": 0.89},
            {"speed_kmh": 5.4},
            {"timestamp": "Wed May 10 03:17:02 UTC 2017"}
        ],
        [
            {"location": [[
                {"latitude": 64.232463},
                {"longitude": 27.721987}
            ]]},
            {"altitude": 140.5},
            {"distance_km": 0.9},
            {"speed_kmh": 5.4},
            {"timestamp": "Wed May 10 03:17:10 UTC 2017"}
        ],
        [
            {"location": [[
                {"latitude": 64.232397},
                {"longitude": 27.722141}
            ]]},
            {"altitude": 141.5},
            {"distance_km": 0.91},
            {"speed_kmh": 5.4},
            {"timestamp": "Wed May 10 03:17:16 UTC 2017"}
        ],
        [
            {"location": [[
                {"latitude": 64.232343},
                {"longitude": 27.722313}
            ]]},
            {"altitude": 142},
            {"distance_km": 0.92},
            {"speed_kmh": 5.4},
            {"timestamp": "Wed May 10 03:17:22 UTC 2017"}
        ],
        [
            {"location": [[
                {"latitude": 64.232292},
                {"longitude": 27.722491}
            ]]},
            {"altitude": 143},
            {"distance_km": 0.93},
            {"speed_kmh": 5.4},
            {"timestamp": "Wed May 10 03:17:28 UTC 2017"}
        ],
        [
            {"location": [[
                {"latitude": 64.232225},
                {"longitude": 27.722641}
            ]]},
            {"altitude": 142.5},
            {"distance_km": 0.95},
            {"speed_kmh": 5.4},
            {"timestamp": "Wed May 10 03:17:34 UTC 2017"}
        ],
        [
            {"location": [[
                {"latitude": 64.232175},
                {"longitude": 27.722862}
            ]]},
            {"altitude": 142.5},
            {"distance_km": 0.96},
            {"speed_kmh": 5.4},
            {"timestamp": "Wed May 10 03:17:42 UTC 2017"}
        ],
        [
            {"location": [[
                {"latitude": 64.232122},
                {"longitude": 27.723102}
            ]]},
            {"altitude": 142},
            {"distance_km": 0.97},
            {"speed_kmh": 5.4},
            {"timestamp": "Wed May 10 03:17:51 UTC 2017"}
        ],
        [
            {"location": [[
                {"latitude": 64.232074},
                {"longitude": 27.723282}
            ]]},
            {"altitude": 143.5},
            {"distance_km": 0.98},
            {"speed_kmh": 4.5},
            {"timestamp": "Wed May 10 03:17:57 UTC 2017"}
        ],
        [
            {"location": [[
                {"latitude": 64.232013},
                {"longitude": 27.723475}
            ]]},
            {"altitude": 143},
            {"distance_km": 0.99},
            {"speed_kmh": 4.5},
            {"timestamp": "Wed May 10 03:18:06 UTC 2017"}
        ],
        [
            {"location": [[
                {"latitude": 64.231973},
                {"longitude": 27.723696}
            ]]},
            {"altitude": 142},
            {"distance_km": 1},
            {"speed_kmh": 4.5},
            {"timestamp": "Wed May 10 03:18:14 UTC 2017"}
        ],
        [
            {"location": [[
                {"latitude": 64.231918},
                {"longitude": 27.723901}
            ]]},
            {"altitude": 141},
            {"distance_km": 1.02},
            {"speed_kmh": 4.5},
            {"timestamp": "Wed May 10 03:18:22 UTC 2017"}
        ],
        [
            {"location": [[
                {"latitude": 64.231873},
                {"longitude": 27.724082}
            ]]},
            {"altitude": 141},
            {"distance_km": 1.03},
            {"speed_kmh": 0.9},
            {"timestamp": "Wed May 10 03:18:32 UTC 2017"}
        ],
        [
            {"location": [[
                {"latitude": 64.231844},
                {"longitude": 27.724316}
            ]]},
            {"altitude": 136.5},
            {"distance_km": 1.04},
            {"speed_kmh": 5.4},
            {"timestamp": "Wed May 10 03:19:00 UTC 2017"}
        ],
        [
            {"location": [[
                {"latitude": 64.231771},
                {"longitude": 27.724533}
            ]]},
            {"altitude": 138.5},
            {"distance_km": 1.05},
            {"speed_kmh": 5.4},
            {"timestamp": "Wed May 10 03:19:08 UTC 2017"}
        ],
        [
            {"location": [[
                {"latitude": 64.231716},
                {"longitude": 27.724777}
            ]]},
            {"altitude": 140.5},
            {"distance_km": 1.06},
            {"speed_kmh": 5.4},
            {"timestamp": "Wed May 10 03:19:16 UTC 2017"}
        ],
        [
            {"location": [[
                {"latitude": 64.231676},
                {"longitude": 27.724999}
            ]]},
            {"altitude": 139.5},
            {"distance_km": 1.08},
            {"speed_kmh": 5.4},
            {"timestamp": "Wed May 10 03:19:25 UTC 2017"}
        ],
        [
            {"location": [[
                {"latitude": 64.2317},
                {"longitude": 27.725226}
            ]]},
            {"altitude": 137.5},
            {"distance_km": 1.09},
            {"speed_kmh": 5.4},
            {"timestamp": "Wed May 10 03:19:31 UTC 2017"}
        ],
        [
            {"location": [[
                {"latitude": 64.23173},
                {"longitude": 27.725491}
            ]]},
            {"altitude": 131},
            {"distance_km": 1.1},
            {"speed_kmh": 5.4},
            {"timestamp": "Wed May 10 03:19:39 UTC 2017"}
        ],
        [
            {"location": [[
                {"latitude": 64.231736},
                {"longitude": 27.725775}
            ]]},
            {"altitude": 129},
            {"distance_km": 1.11},
            {"speed_kmh": 5.4},
            {"timestamp": "Wed May 10 03:19:46 UTC 2017"}
        ],
        [
            {"location": [[
                {"latitude": 64.231719},
                {"longitude": 27.726019}
            ]]},
            {"altitude": 133},
            {"distance_km": 1.13},
            {"speed_kmh": 5.4},
            {"timestamp": "Wed May 10 03:19:54 UTC 2017"}
        ],
        [
            {"location": [[
                {"latitude": 64.231733},
                {"longitude": 27.726291}
            ]]},
            {"altitude": 136},
            {"distance_km": 1.14},
            {"speed_kmh": 5.4},
            {"timestamp": "Wed May 10 03:20:02 UTC 2017"}
        ],
        [
            {"location": [[
                {"latitude": 64.231728},
                {"longitude": 27.726524}
            ]]},
            {"altitude": 135.5},
            {"distance_km": 1.15},
            {"speed_kmh": 5.4},
            {"timestamp": "Wed May 10 03:20:08 UTC 2017"}
        ],
        [
            {"location": [[
                {"latitude": 64.231724},
                {"longitude": 27.726741}
            ]]},
            {"altitude": 136.5},
            {"distance_km": 1.16},
            {"speed_kmh": 5.4},
            {"timestamp": "Wed May 10 03:20:14 UTC 2017"}
        ],
        [
            {"location": [[
                {"latitude": 64.231739},
                {"longitude": 27.726956}
            ]]},
            {"altitude": 134},
            {"distance_km": 1.17},
            {"speed_kmh": 5.4},
            {"timestamp": "Wed May 10 03:20:22 UTC 2017"}
        ],
        [
            {"location": [[
                {"latitude": 64.231733},
                {"longitude": 27.727188}
            ]]},
            {"altitude": 132},
            {"distance_km": 1.18},
            {"speed_kmh": 5.4},
            {"timestamp": "Wed May 10 03:20:28 UTC 2017"}
        ],
        [
            {"location": [[
                {"latitude": 64.231725},
                {"longitude": 27.727419}
            ]]},
            {"altitude": 134},
            {"distance_km": 1.19},
            {"speed_kmh": 5.4},
            {"timestamp": "Wed May 10 03:20:34 UTC 2017"}
        ],
        [
            {"location": [[
                {"latitude": 64.231716},
                {"longitude": 27.727652}
            ]]},
            {"altitude": 136},
            {"distance_km": 1.2},
            {"speed_kmh": 5.4},
            {"timestamp": "Wed May 10 03:20:40 UTC 2017"}
        ],
        [
            {"location": [[
                {"latitude": 64.231705},
                {"longitude": 27.727889}
            ]]},
            {"altitude": 135},
            {"distance_km": 1.22},
            {"speed_kmh": 5.4},
            {"timestamp": "Wed May 10 03:20:46 UTC 2017"}
        ],
        [
            {"location": [[
                {"latitude": 64.231689},
                {"longitude": 27.728146}
            ]]},
            {"altitude": 139.5},
            {"distance_km": 1.23},
            {"speed_kmh": 5.4},
            {"timestamp": "Wed May 10 03:20:54 UTC 2017"}
        ],
        [
            {"location": [[
                {"latitude": 64.231692},
                {"longitude": 27.728392}
            ]]},
            {"altitude": 138},
            {"distance_km": 1.24},
            {"speed_kmh": 5.4},
            {"timestamp": "Wed May 10 03:21:00 UTC 2017"}
        ],
        [
            {"location": [[
                {"latitude": 64.231682},
                {"longitude": 27.728621}
            ]]},
            {"altitude": 142.5},
            {"distance_km": 1.25},
            {"speed_kmh": 5.4},
            {"timestamp": "Wed May 10 03:21:07 UTC 2017"}
        ],
        [
            {"location": [[
                {"latitude": 64.231691},
                {"longitude": 27.72883}
            ]]},
            {"altitude": 145},
            {"distance_km": 1.26},
            {"speed_kmh": 5.4},
            {"timestamp": "Wed May 10 03:21:15 UTC 2017"}
        ],
        [
            {"location": [[
                {"latitude": 64.231673},
                {"longitude": 27.729053}
            ]]},
            {"altitude": 144},
            {"distance_km": 1.27},
            {"speed_kmh": 5.4},
            {"timestamp": "Wed May 10 03:21:21 UTC 2017"}
        ],
        [
            {"location": [[
                {"latitude": 64.231649},
                {"longitude": 27.729316}
            ]]},
            {"altitude": 142.5},
            {"distance_km": 1.29},
            {"speed_kmh": 5.4},
            {"timestamp": "Wed May 10 03:21:28 UTC 2017"}
        ],
        [
            {"location": [[
                {"latitude": 64.231722},
                {"longitude": 27.729509}
            ]]},
            {"altitude": 140.5},
            {"distance_km": 1.3},
            {"speed_kmh": 5.4},
            {"timestamp": "Wed May 10 03:21:36 UTC 2017"}
        ],
        [
            {"location": [[
                {"latitude": 64.231812},
                {"longitude": 27.729522}
            ]]},
            {"altitude": 145.5},
            {"distance_km": 1.31},
            {"speed_kmh": 0},
            {"timestamp": "Wed May 10 03:22:00 UTC 2017"}
        ],
        [
            {"location": [[
                {"latitude": 64.231812},
                {"longitude": 27.729533}
            ]]},
            {"altitude": 147},
            {"distance_km": 1.31},
            {"speed_kmh": 0},
            {"timestamp": "Wed May 10 03:23:01 UTC 2017"}
        ],
        [
            {"location": [[
                {"latitude": 64.231812},
                {"longitude": 27.729533}
            ]]},
            {"altitude": 147},
            {"distance_km": 1.31},
            {"speed_kmh": 0},
            {"timestamp": "Wed May 10 03:23:02 UTC 2017"}
        ]
    ]}
]