[
    {"sport": "WALKING"},
    {"source": "TRACK_MOBILE"},
    {"created_date": "2017-05-03 03:12:27.0"},
    {"start_time": "2017-05-03 03:11:20.0"},
    {"end_time": "2017-05-03 03:28:57.0"},
    {"duration_s": 1057},
    {"distance_km": 1.47},
    {"calories_kcal": 109.433},
    {"altitude_min_m": 139.5},
    {"altitude_max_m": 177},
    {"speed_avg_kmh": 5.006622516556291},
    {"speed_max_kmh": 7.2},
    {"ascend_m": 0},
    {"descend_m": 27.5},
    {"points": [
        [
            {"location": [[
                {"latitude": 64.231875},
                {"longitude": 27.729942}
            ]]},
            {"distance_km": 0},
            {"timestamp": "Wed May 03 03:11:20 UTC 2017"}
        ],
        [
            {"location": [[
                {"latitude": 64.231875},
                {"longitude": 27.729942}
            ]]},
            {"altitude": 175.5},
            {"distance_km": 0},
            {"speed_kmh": 3.6},
            {"timestamp": "Wed May 03 03:11:30 UTC 2017"}
        ],
        [
            {"location": [[
                {"latitude": 64.231661},
                {"longitude": 27.730037}
            ]]},
            {"altitude": 173},
            {"distance_km": 0.02},
            {"speed_kmh": 3.6},
            {"timestamp": "Wed May 03 03:11:34 UTC 2017"}
        ],
        [
            {"location": [[
                {"latitude": 64.2319},
                {"longitude": 27.729644}
            ]]},
            {"altitude": 177},
            {"distance_km": 0.06},
            {"speed_kmh": 2.7},
            {"timestamp": "Wed May 03 03:11:38 UTC 2017"}
        ],
        [
            {"location": [[
                {"latitude": 64.231772},
                {"longitude": 27.7296}
            ]]},
            {"altitude": 175.5},
            {"distance_km": 0.07},
            {"speed_kmh": 3.6},
            {"timestamp": "Wed May 03 03:11:40 UTC 2017"}
        ],
        [
            {"location": [[
                {"latitude": 64.231994},
                {"longitude": 27.729781}
            ]]},
            {"altitude": 169.5},
            {"distance_km": 0.1},
            {"speed_kmh": 4.5},
            {"timestamp": "Wed May 03 03:11:42 UTC 2017"}
        ],
        [
            {"location": [[
                {"latitude": 64.231767},
                {"longitude": 27.729606}
            ]]},
            {"altitude": 174},
            {"distance_km": 0.12},
            {"speed_kmh": 1.8},
            {"timestamp": "Wed May 03 03:11:44 UTC 2017"}
        ],
        [
            {"location": [[
                {"latitude": 64.231671},
                {"longitude": 27.729564}
            ]]},
            {"altitude": 159},
            {"distance_km": 0.14},
            {"speed_kmh": 3.6},
            {"timestamp": "Wed May 03 03:12:10 UTC 2017"}
        ],
        [
            {"location": [[
                {"latitude": 64.231674},
                {"longitude": 27.729798}
            ]]},
            {"altitude": 155},
            {"distance_km": 0.15},
            {"speed_kmh": 4.5},
            {"timestamp": "Wed May 03 03:12:18 UTC 2017"}
        ],
        [
            {"location": [[
                {"latitude": 64.23173},
                {"longitude": 27.729994}
            ]]},
            {"altitude": 157},
            {"distance_km": 0.16},
            {"speed_kmh": 4.5},
            {"timestamp": "Wed May 03 03:12:26 UTC 2017"}
        ],
        [
            {"location": [[
                {"latitude": 64.231804},
                {"longitude": 27.730171}
            ]]},
            {"altitude": 156},
            {"distance_km": 0.17},
            {"speed_kmh": 3.6},
            {"timestamp": "Wed May 03 03:12:40 UTC 2017"}
        ],
        [
            {"location": [[
                {"latitude": 64.231906},
                {"longitude": 27.730248}
            ]]},
            {"altitude": 158.5},
            {"distance_km": 0.18},
            {"speed_kmh": 3.6},
            {"timestamp": "Wed May 03 03:12:48 UTC 2017"}
        ],
        [
            {"location": [[
                {"latitude": 64.231986},
                {"longitude": 27.730348}
            ]]},
            {"altitude": 158.5},
            {"distance_km": 0.19},
            {"speed_kmh": 4.5},
            {"timestamp": "Wed May 03 03:12:56 UTC 2017"}
        ],
        [
            {"location": [[
                {"latitude": 64.232071},
                {"longitude": 27.730489}
            ]]},
            {"altitude": 157.5},
            {"distance_km": 0.2},
            {"speed_kmh": 4.5},
            {"timestamp": "Wed May 03 03:13:04 UTC 2017"}
        ],
        [
            {"location": [[
                {"latitude": 64.232148},
                {"longitude": 27.730602}
            ]]},
            {"altitude": 157.5},
            {"distance_km": 0.21},
            {"speed_kmh": 4.5},
            {"timestamp": "Wed May 03 03:13:10 UTC 2017"}
        ],
        [
            {"location": [[
                {"latitude": 64.23223},
                {"longitude": 27.730704}
            ]]},
            {"altitude": 160.5},
            {"distance_km": 0.22},
            {"speed_kmh": 4.5},
            {"timestamp": "Wed May 03 03:13:16 UTC 2017"}
        ],
        [
            {"location": [[
                {"latitude": 64.232311},
                {"longitude": 27.730809}
            ]]},
            {"altitude": 157},
            {"distance_km": 0.23},
            {"speed_kmh": 3.6},
            {"timestamp": "Wed May 03 03:13:24 UTC 2017"}
        ],
        [
            {"location": [[
                {"latitude": 64.232399},
                {"longitude": 27.730917}
            ]]},
            {"altitude": 154.5},
            {"distance_km": 0.25},
            {"speed_kmh": 3.6},
            {"timestamp": "Wed May 03 03:13:34 UTC 2017"}
        ],
        [
            {"location": [[
                {"latitude": 64.232475},
                {"longitude": 27.731053}
            ]]},
            {"altitude": 152},
            {"distance_km": 0.26},
            {"speed_kmh": 4.5},
            {"timestamp": "Wed May 03 03:13:42 UTC 2017"}
        ],
        [
            {"location": [[
                {"latitude": 64.232562},
                {"longitude": 27.731106}
            ]]},
            {"altitude": 154.5},
            {"distance_km": 0.27},
            {"speed_kmh": 2.7},
            {"timestamp": "Wed May 03 03:14:14 UTC 2017"}
        ],
        [
            {"location": [[
                {"latitude": 64.232659},
                {"longitude": 27.731224}
            ]]},
            {"altitude": 153},
            {"distance_km": 0.28},
            {"speed_kmh": 6.3},
            {"timestamp": "Wed May 03 03:14:20 UTC 2017"}
        ],
        [
            {"location": [[
                {"latitude": 64.232764},
                {"longitude": 27.73134}
            ]]},
            {"altitude": 153},
            {"distance_km": 0.29},
            {"speed_kmh": 6.3},
            {"timestamp": "Wed May 03 03:14:28 UTC 2017"}
        ],
        [
            {"location": [[
                {"latitude": 64.232859},
                {"longitude": 27.731366}
            ]]},
            {"altitude": 153.5},
            {"distance_km": 0.3},
            {"speed_kmh": 6.3},
            {"timestamp": "Wed May 03 03:14:34 UTC 2017"}
        ],
        [
            {"location": [[
                {"latitude": 64.232892},
                {"longitude": 27.731096}
            ]]},
            {"altitude": 152.5},
            {"distance_km": 0.32},
            {"speed_kmh": 5.4},
            {"timestamp": "Wed May 03 03:14:42 UTC 2017"}
        ],
        [
            {"location": [[
                {"latitude": 64.23288},
                {"longitude": 27.73087}
            ]]},
            {"altitude": 154.5},
            {"distance_km": 0.33},
            {"speed_kmh": 5.4},
            {"timestamp": "Wed May 03 03:14:48 UTC 2017"}
        ],
        [
            {"location": [[
                {"latitude": 64.232871},
                {"longitude": 27.730661}
            ]]},
            {"altitude": 155},
            {"distance_km": 0.34},
            {"speed_kmh": 5.4},
            {"timestamp": "Wed May 03 03:14:54 UTC 2017"}
        ],
        [
            {"location": [[
                {"latitude": 64.232864},
                {"longitude": 27.730401}
            ]]},
            {"altitude": 151.5},
            {"distance_km": 0.35},
            {"speed_kmh": 5.4},
            {"timestamp": "Wed May 03 03:15:02 UTC 2017"}
        ],
        [
            {"location": [[
                {"latitude": 64.232862},
                {"longitude": 27.73018}
            ]]},
            {"altitude": 152.5},
            {"distance_km": 0.36},
            {"speed_kmh": 5.4},
            {"timestamp": "Wed May 03 03:15:08 UTC 2017"}
        ],
        [
            {"location": [[
                {"latitude": 64.232839},
                {"longitude": 27.72992}
            ]]},
            {"altitude": 153.5},
            {"distance_km": 0.37},
            {"speed_kmh": 5.4},
            {"timestamp": "Wed May 03 03:15:16 UTC 2017"}
        ],
        [
            {"location": [[
                {"latitude": 64.232821},
                {"longitude": 27.729696}
            ]]},
            {"altitude": 153.5},
            {"distance_km": 0.38},
            {"speed_kmh": 5.4},
            {"timestamp": "Wed May 03 03:15:22 UTC 2017"}
        ],
        [
            {"location": [[
                {"latitude": 64.232801},
                {"longitude": 27.729424}
            ]]},
            {"altitude": 156.5},
            {"distance_km": 0.4},
            {"speed_kmh": 5.4},
            {"timestamp": "Wed May 03 03:15:30 UTC 2017"}
        ],
        [
            {"location": [[
                {"latitude": 64.232794},
                {"longitude": 27.72919}
            ]]},
            {"altitude": 157.5},
            {"distance_km": 0.41},
            {"speed_kmh": 6.3},
            {"timestamp": "Wed May 03 03:15:36 UTC 2017"}
        ],
        [
            {"location": [[
                {"latitude": 64.232784},
                {"longitude": 27.728955}
            ]]},
            {"altitude": 158},
            {"distance_km": 0.42},
            {"speed_kmh": 6.3},
            {"timestamp": "Wed May 03 03:15:42 UTC 2017"}
        ],
        [
            {"location": [[
                {"latitude": 64.23278},
                {"longitude": 27.728726}
            ]]},
            {"altitude": 160},
            {"distance_km": 0.43},
            {"speed_kmh": 6.3},
            {"timestamp": "Wed May 03 03:15:48 UTC 2017"}
        ],
        [
            {"location": [[
                {"latitude": 64.232764},
                {"longitude": 27.728489}
            ]]},
            {"altitude": 161},
            {"distance_km": 0.44},
            {"speed_kmh": 6.3},
            {"timestamp": "Wed May 03 03:15:54 UTC 2017"}
        ],
        [
            {"location": [[
                {"latitude": 64.232756},
                {"longitude": 27.72827}
            ]]},
            {"altitude": 161},
            {"distance_km": 0.45},
            {"speed_kmh": 6.3},
            {"timestamp": "Wed May 03 03:16:00 UTC 2017"}
        ],
        [
            {"location": [[
                {"latitude": 64.232767},
                {"longitude": 27.728062}
            ]]},
            {"altitude": 156.5},
            {"distance_km": 0.46},
            {"speed_kmh": 4.5},
            {"timestamp": "Wed May 03 03:16:08 UTC 2017"}
        ],
        [
            {"location": [[
                {"latitude": 64.23279},
                {"longitude": 27.72782}
            ]]},
            {"altitude": 158},
            {"distance_km": 0.48},
            {"speed_kmh": 7.2},
            {"timestamp": "Wed May 03 03:16:14 UTC 2017"}
        ],
        [
            {"location": [[
                {"latitude": 64.232816},
                {"longitude": 27.727569}
            ]]},
            {"altitude": 158.5},
            {"distance_km": 0.49},
            {"speed_kmh": 6.3},
            {"timestamp": "Wed May 03 03:16:22 UTC 2017"}
        ],
        [
            {"location": [[
                {"latitude": 64.232796},
                {"longitude": 27.727314}
            ]]},
            {"altitude": 157},
            {"distance_km": 0.5},
            {"speed_kmh": 5.4},
            {"timestamp": "Wed May 03 03:16:28 UTC 2017"}
        ],
        [
            {"location": [[
                {"latitude": 64.232772},
                {"longitude": 27.727038}
            ]]},
            {"altitude": 158},
            {"distance_km": 0.51},
            {"speed_kmh": 6.3},
            {"timestamp": "Wed May 03 03:16:34 UTC 2017"}
        ],
        [
            {"location": [[
                {"latitude": 64.232749},
                {"longitude": 27.726781}
            ]]},
            {"altitude": 160},
            {"distance_km": 0.53},
            {"speed_kmh": 6.3},
            {"timestamp": "Wed May 03 03:16:40 UTC 2017"}
        ],
        [
            {"location": [[
                {"latitude": 64.232742},
                {"longitude": 27.726528}
            ]]},
            {"altitude": 160.5},
            {"distance_km": 0.54},
            {"speed_kmh": 6.3},
            {"timestamp": "Wed May 03 03:16:46 UTC 2017"}
        ],
        [
            {"location": [[
                {"latitude": 64.232755},
                {"longitude": 27.7263}
            ]]},
            {"altitude": 161},
            {"distance_km": 0.55},
            {"speed_kmh": 6.3},
            {"timestamp": "Wed May 03 03:16:52 UTC 2017"}
        ],
        [
            {"location": [[
                {"latitude": 64.232774},
                {"longitude": 27.726088}
            ]]},
            {"altitude": 160.5},
            {"distance_km": 0.56},
            {"speed_kmh": 6.3},
            {"timestamp": "Wed May 03 03:16:58 UTC 2017"}
        ],
        [
            {"location": [[
                {"latitude": 64.232814},
                {"longitude": 27.725874}
            ]]},
            {"altitude": 160},
            {"distance_km": 0.57},
            {"speed_kmh": 6.3},
            {"timestamp": "Wed May 03 03:17:04 UTC 2017"}
        ],
        [
            {"location": [[
                {"latitude": 64.232835},
                {"longitude": 27.725637}
            ]]},
            {"altitude": 159.5},
            {"distance_km": 0.58},
            {"speed_kmh": 2.7},
            {"timestamp": "Wed May 03 03:17:14 UTC 2017"}
        ],
        [
            {"location": [[
                {"latitude": 64.232842},
                {"longitude": 27.725374}
            ]]},
            {"altitude": 160},
            {"distance_km": 0.6},
            {"speed_kmh": 6.3},
            {"timestamp": "Wed May 03 03:17:20 UTC 2017"}
        ],
        [
            {"location": [[
                {"latitude": 64.232885},
                {"longitude": 27.725176}
            ]]},
            {"altitude": 158},
            {"distance_km": 0.61},
            {"speed_kmh": 6.3},
            {"timestamp": "Wed May 03 03:17:26 UTC 2017"}
        ],
        [
            {"location": [[
                {"latitude": 64.232909},
                {"longitude": 27.724957}
            ]]},
            {"altitude": 158},
            {"distance_km": 0.62},
            {"speed_kmh": 6.3},
            {"timestamp": "Wed May 03 03:17:32 UTC 2017"}
        ],
        [
            {"location": [[
                {"latitude": 64.232971},
                {"longitude": 27.724804}
            ]]},
            {"altitude": 153},
            {"distance_km": 0.63},
            {"speed_kmh": 2.7},
            {"timestamp": "Wed May 03 03:17:42 UTC 2017"}
        ],
        [
            {"location": [[
                {"latitude": 64.233032},
                {"longitude": 27.724573}
            ]]},
            {"altitude": 154},
            {"distance_km": 0.64},
            {"speed_kmh": 6.3},
            {"timestamp": "Wed May 03 03:17:50 UTC 2017"}
        ],
        [
            {"location": [[
                {"latitude": 64.233082},
                {"longitude": 27.724397}
            ]]},
            {"altitude": 153.5},
            {"distance_km": 0.65},
            {"speed_kmh": 5.4},
            {"timestamp": "Wed May 03 03:17:56 UTC 2017"}
        ],
        [
            {"location": [[
                {"latitude": 64.233085},
                {"longitude": 27.724157}
            ]]},
            {"altitude": 155},
            {"distance_km": 0.66},
            {"speed_kmh": 6.3},
            {"timestamp": "Wed May 03 03:18:02 UTC 2017"}
        ],
        [
            {"location": [[
                {"latitude": 64.233125},
                {"longitude": 27.723887}
            ]]},
            {"altitude": 153.5},
            {"distance_km": 0.68},
            {"speed_kmh": 6.3},
            {"timestamp": "Wed May 03 03:18:10 UTC 2017"}
        ],
        [
            {"location": [[
                {"latitude": 64.233147},
                {"longitude": 27.723671}
            ]]},
            {"altitude": 151},
            {"distance_km": 0.69},
            {"speed_kmh": 1.8},
            {"timestamp": "Wed May 03 03:18:18 UTC 2017"}
        ],
        [
            {"location": [[
                {"latitude": 64.233211},
                {"longitude": 27.72351}
            ]]},
            {"altitude": 150},
            {"distance_km": 0.7},
            {"speed_kmh": 6.3},
            {"timestamp": "Wed May 03 03:18:28 UTC 2017"}
        ],
        [
            {"location": [[
                {"latitude": 64.233269},
                {"longitude": 27.723336}
            ]]},
            {"altitude": 151},
            {"distance_km": 0.71},
            {"speed_kmh": 5.4},
            {"timestamp": "Wed May 03 03:18:34 UTC 2017"}
        ],
        [
            {"location": [[
                {"latitude": 64.233329},
                {"longitude": 27.72311}
            ]]},
            {"altitude": 148},
            {"distance_km": 0.72},
            {"speed_kmh": 5.4},
            {"timestamp": "Wed May 03 03:18:42 UTC 2017"}
        ],
        [
            {"location": [[
                {"latitude": 64.233389},
                {"longitude": 27.722887}
            ]]},
            {"altitude": 147.5},
            {"distance_km": 0.73},
            {"speed_kmh": 5.4},
            {"timestamp": "Wed May 03 03:18:50 UTC 2017"}
        ],
        [
            {"location": [[
                {"latitude": 64.233432},
                {"longitude": 27.722667}
            ]]},
            {"altitude": 147.5},
            {"distance_km": 0.75},
            {"speed_kmh": 7.2},
            {"timestamp": "Wed May 03 03:18:56 UTC 2017"}
        ],
        [
            {"location": [[
                {"latitude": 64.233531},
                {"longitude": 27.722537}
            ]]},
            {"altitude": 142.5},
            {"distance_km": 0.76},
            {"speed_kmh": 5.4},
            {"timestamp": "Wed May 03 03:19:06 UTC 2017"}
        ],
        [
            {"location": [[
                {"latitude": 64.233625},
                {"longitude": 27.722357}
            ]]},
            {"altitude": 145},
            {"distance_km": 0.77},
            {"speed_kmh": 5.4},
            {"timestamp": "Wed May 03 03:19:14 UTC 2017"}
        ],
        [
            {"location": [[
                {"latitude": 64.233701},
                {"longitude": 27.722222}
            ]]},
            {"altitude": 143},
            {"distance_km": 0.78},
            {"speed_kmh": 5.4},
            {"timestamp": "Wed May 03 03:19:20 UTC 2017"}
        ],
        [
            {"location": [[
                {"latitude": 64.233779},
                {"longitude": 27.722102}
            ]]},
            {"altitude": 146},
            {"distance_km": 0.79},
            {"speed_kmh": 4.5},
            {"timestamp": "Wed May 03 03:19:28 UTC 2017"}
        ],
        [
            {"location": [[
                {"latitude": 64.233844},
                {"longitude": 27.721958}
            ]]},
            {"altitude": 143.5},
            {"distance_km": 0.8},
            {"speed_kmh": 4.5},
            {"timestamp": "Wed May 03 03:19:34 UTC 2017"}
        ],
        [
            {"location": [[
                {"latitude": 64.233873},
                {"longitude": 27.72175}
            ]]},
            {"altitude": 142.5},
            {"distance_km": 0.81},
            {"speed_kmh": 5.4},
            {"timestamp": "Wed May 03 03:19:40 UTC 2017"}
        ],
        [
            {"location": [[
                {"latitude": 64.233826},
                {"longitude": 27.721559}
            ]]},
            {"altitude": 140.5},
            {"distance_km": 0.82},
            {"speed_kmh": 5.4},
            {"timestamp": "Wed May 03 03:19:46 UTC 2017"}
        ],
        [
            {"location": [[
                {"latitude": 64.233726},
                {"longitude": 27.721388}
            ]]},
            {"altitude": 139.5},
            {"distance_km": 0.84},
            {"speed_kmh": 7.2},
            {"timestamp": "Wed May 03 03:19:58 UTC 2017"}
        ],
        [
            {"location": [[
                {"latitude": 64.233642},
                {"longitude": 27.721287}
            ]]},
            {"altitude": 140.5},
            {"distance_km": 0.85},
            {"speed_kmh": 5.4},
            {"timestamp": "Wed May 03 03:20:03 UTC 2017"}
        ],
        [
            {"location": [[
                {"latitude": 64.233543},
                {"longitude": 27.721145}
            ]]},
            {"altitude": 140},
            {"distance_km": 0.86},
            {"speed_kmh": 5.4},
            {"timestamp": "Wed May 03 03:20:10 UTC 2017"}
        ],
        [
            {"location": [[
                {"latitude": 64.233461},
                {"longitude": 27.721005}
            ]]},
            {"altitude": 140.5},
            {"distance_km": 0.87},
            {"speed_kmh": 5.4},
            {"timestamp": "Wed May 03 03:20:16 UTC 2017"}
        ],
        [
            {"location": [[
                {"latitude": 64.233356},
                {"longitude": 27.720952}
            ]]},
            {"altitude": 141.5},
            {"distance_km": 0.89},
            {"speed_kmh": 5.4},
            {"timestamp": "Wed May 03 03:20:22 UTC 2017"}
        ],
        [
            {"location": [[
                {"latitude": 64.2333},
                {"longitude": 27.72119}
            ]]},
            {"altitude": 141.5},
            {"distance_km": 0.9},
            {"speed_kmh": 5.4},
            {"timestamp": "Wed May 03 03:20:30 UTC 2017"}
        ],
        [
            {"location": [[
                {"latitude": 64.233276},
                {"longitude": 27.721447}
            ]]},
            {"altitude": 144},
            {"distance_km": 0.91},
            {"speed_kmh": 4.5},
            {"timestamp": "Wed May 03 03:20:38 UTC 2017"}
        ],
        [
            {"location": [[
                {"latitude": 64.233214},
                {"longitude": 27.721665}
            ]]},
            {"altitude": 145},
            {"distance_km": 0.92},
            {"speed_kmh": 5.4},
            {"timestamp": "Wed May 03 03:20:46 UTC 2017"}
        ],
        [
            {"location": [[
                {"latitude": 64.233146},
                {"longitude": 27.721804}
            ]]},
            {"altitude": 144.5},
            {"distance_km": 0.93},
            {"speed_kmh": 4.5},
            {"timestamp": "Wed May 03 03:20:52 UTC 2017"}
        ],
        [
            {"location": [[
                {"latitude": 64.233044},
                {"longitude": 27.721868}
            ]]},
            {"altitude": 142.5},
            {"distance_km": 0.95},
            {"speed_kmh": 4.5},
            {"timestamp": "Wed May 03 03:21:00 UTC 2017"}
        ],
        [
            {"location": [[
                {"latitude": 64.232955},
                {"longitude": 27.721927}
            ]]},
            {"altitude": 143},
            {"distance_km": 0.96},
            {"speed_kmh": 0},
            {"timestamp": "Wed May 03 03:21:14 UTC 2017"}
        ],
        [
            {"location": [[
                {"latitude": 64.232847},
                {"longitude": 27.721938}
            ]]},
            {"altitude": 140},
            {"distance_km": 0.97},
            {"speed_kmh": 3.6},
            {"timestamp": "Wed May 03 03:21:30 UTC 2017"}
        ],
        [
            {"location": [[
                {"latitude": 64.232754},
                {"longitude": 27.721926}
            ]]},
            {"altitude": 143.5},
            {"distance_km": 0.98},
            {"speed_kmh": 5.4},
            {"timestamp": "Wed May 03 03:21:36 UTC 2017"}
        ],
        [
            {"location": [[
                {"latitude": 64.23266},
                {"longitude": 27.721927}
            ]]},
            {"altitude": 145.5},
            {"distance_km": 0.99},
            {"speed_kmh": 5.4},
            {"timestamp": "Wed May 03 03:21:42 UTC 2017"}
        ],
        [
            {"location": [[
                {"latitude": 64.232563},
                {"longitude": 27.722007}
            ]]},
            {"altitude": 146.5},
            {"distance_km": 1},
            {"speed_kmh": 5.4},
            {"timestamp": "Wed May 03 03:21:50 UTC 2017"}
        ],
        [
            {"location": [[
                {"latitude": 64.232463},
                {"longitude": 27.72212}
            ]]},
            {"altitude": 145},
            {"distance_km": 1.01},
            {"speed_kmh": 4.5},
            {"timestamp": "Wed May 03 03:21:58 UTC 2017"}
        ],
        [
            {"location": [[
                {"latitude": 64.232397},
                {"longitude": 27.722293}
            ]]},
            {"altitude": 146},
            {"distance_km": 1.02},
            {"speed_kmh": 4.5},
            {"timestamp": "Wed May 03 03:22:04 UTC 2017"}
        ],
        [
            {"location": [[
                {"latitude": 64.232357},
                {"longitude": 27.722479}
            ]]},
            {"altitude": 149},
            {"distance_km": 1.03},
            {"speed_kmh": 4.5},
            {"timestamp": "Wed May 03 03:22:10 UTC 2017"}
        ],
        [
            {"location": [[
                {"latitude": 64.232313},
                {"longitude": 27.722668}
            ]]},
            {"altitude": 149.5},
            {"distance_km": 1.04},
            {"speed_kmh": 4.5},
            {"timestamp": "Wed May 03 03:22:16 UTC 2017"}
        ],
        [
            {"location": [[
                {"latitude": 64.23226},
                {"longitude": 27.722838}
            ]]},
            {"altitude": 151.5},
            {"distance_km": 1.05},
            {"speed_kmh": 5.4},
            {"timestamp": "Wed May 03 03:22:22 UTC 2017"}
        ],
        [
            {"location": [[
                {"latitude": 64.232191},
                {"longitude": 27.723061}
            ]]},
            {"altitude": 152.5},
            {"distance_km": 1.07},
            {"speed_kmh": 5.4},
            {"timestamp": "Wed May 03 03:22:30 UTC 2017"}
        ],
        [
            {"location": [[
                {"latitude": 64.232147},
                {"longitude": 27.723293}
            ]]},
            {"altitude": 150.5},
            {"distance_km": 1.08},
            {"speed_kmh": 5.4},
            {"timestamp": "Wed May 03 03:22:38 UTC 2017"}
        ],
        [
            {"location": [[
                {"latitude": 64.232227},
                {"longitude": 27.723415}
            ]]},
            {"altitude": 149.5},
            {"distance_km": 1.09},
            {"speed_kmh": 4.5},
            {"timestamp": "Wed May 03 03:22:46 UTC 2017"}
        ],
        [
            {"location": [[
                {"latitude": 64.232325},
                {"longitude": 27.72344}
            ]]},
            {"altitude": 148.5},
            {"distance_km": 1.1},
            {"speed_kmh": 4.5},
            {"timestamp": "Wed May 03 03:22:54 UTC 2017"}
        ],
        [
            {"location": [[
                {"latitude": 64.23241},
                {"longitude": 27.723526}
            ]]},
            {"altitude": 146},
            {"distance_km": 1.11},
            {"speed_kmh": 4.5},
            {"timestamp": "Wed May 03 03:23:04 UTC 2017"}
        ],
        [
            {"location": [[
                {"latitude": 64.232504},
                {"longitude": 27.723648}
            ]]},
            {"altitude": 143.5},
            {"distance_km": 1.12},
            {"speed_kmh": 3.6},
            {"timestamp": "Wed May 03 03:23:14 UTC 2017"}
        ],
        [
            {"location": [[
                {"latitude": 64.232602},
                {"longitude": 27.723772}
            ]]},
            {"altitude": 148},
            {"distance_km": 1.14},
            {"speed_kmh": 4.5},
            {"timestamp": "Wed May 03 03:23:22 UTC 2017"}
        ],
        [
            {"location": [[
                {"latitude": 64.232685},
                {"longitude": 27.723887}
            ]]},
            {"altitude": 154.5},
            {"distance_km": 1.15},
            {"speed_kmh": 3.6},
            {"timestamp": "Wed May 03 03:23:32 UTC 2017"}
        ],
        [
            {"location": [[
                {"latitude": 64.232578},
                {"longitude": 27.723999}
            ]]},
            {"altitude": 151.5},
            {"distance_km": 1.16},
            {"speed_kmh": 6.3},
            {"timestamp": "Wed May 03 03:23:44 UTC 2017"}
        ],
        [
            {"location": [[
                {"latitude": 64.232506},
                {"longitude": 27.724206}
            ]]},
            {"altitude": 150.5},
            {"distance_km": 1.17},
            {"speed_kmh": 3.6},
            {"timestamp": "Wed May 03 03:23:52 UTC 2017"}
        ],
        [
            {"location": [[
                {"latitude": 64.232445},
                {"longitude": 27.724375}
            ]]},
            {"altitude": 150},
            {"distance_km": 1.18},
            {"speed_kmh": 3.6},
            {"timestamp": "Wed May 03 03:24:00 UTC 2017"}
        ],
        [
            {"location": [[
                {"latitude": 64.232396},
                {"longitude": 27.724547}
            ]]},
            {"altitude": 149.5},
            {"distance_km": 1.19},
            {"speed_kmh": 4.5},
            {"timestamp": "Wed May 03 03:24:06 UTC 2017"}
        ],
        [
            {"location": [[
                {"latitude": 64.23235},
                {"longitude": 27.724729}
            ]]},
            {"altitude": 148.5},
            {"distance_km": 1.2},
            {"speed_kmh": 4.5},
            {"timestamp": "Wed May 03 03:24:12 UTC 2017"}
        ],
        [
            {"location": [[
                {"latitude": 64.232303},
                {"longitude": 27.724904}
            ]]},
            {"altitude": 146},
            {"distance_km": 1.21},
            {"speed_kmh": 2.7},
            {"timestamp": "Wed May 03 03:24:20 UTC 2017"}
        ],
        [
            {"location": [[
                {"latitude": 64.232248},
                {"longitude": 27.725073}
            ]]},
            {"altitude": 148},
            {"distance_km": 1.22},
            {"speed_kmh": 5.4},
            {"timestamp": "Wed May 03 03:24:26 UTC 2017"}
        ],
        [
            {"location": [[
                {"latitude": 64.232201},
                {"longitude": 27.725265}
            ]]},
            {"altitude": 148.5},
            {"distance_km": 1.23},
            {"speed_kmh": 5.4},
            {"timestamp": "Wed May 03 03:24:32 UTC 2017"}
        ],
        [
            {"location": [[
                {"latitude": 64.232138},
                {"longitude": 27.725452}
            ]]},
            {"altitude": 149},
            {"distance_km": 1.25},
            {"speed_kmh": 5.4},
            {"timestamp": "Wed May 03 03:24:38 UTC 2017"}
        ],
        [
            {"location": [[
                {"latitude": 64.232082},
                {"longitude": 27.725652}
            ]]},
            {"altitude": 150.5},
            {"distance_km": 1.26},
            {"speed_kmh": 5.4},
            {"timestamp": "Wed May 03 03:24:44 UTC 2017"}
        ],
        [
            {"location": [[
                {"latitude": 64.23203},
                {"longitude": 27.725841}
            ]]},
            {"altitude": 149},
            {"distance_km": 1.27},
            {"speed_kmh": 5.4},
            {"timestamp": "Wed May 03 03:24:50 UTC 2017"}
        ],
        [
            {"location": [[
                {"latitude": 64.231963},
                {"longitude": 27.726053}
            ]]},
            {"altitude": 151},
            {"distance_km": 1.28},
            {"speed_kmh": 4.5},
            {"timestamp": "Wed May 03 03:24:58 UTC 2017"}
        ],
        [
            {"location": [[
                {"latitude": 64.231922},
                {"longitude": 27.726283}
            ]]},
            {"altitude": 152},
            {"distance_km": 1.29},
            {"speed_kmh": 4.5},
            {"timestamp": "Wed May 03 03:25:04 UTC 2017"}
        ],
        [
            {"location": [[
                {"latitude": 64.231887},
                {"longitude": 27.726494}
            ]]},
            {"altitude": 149.5},
            {"distance_km": 1.3},
            {"speed_kmh": 4.5},
            {"timestamp": "Wed May 03 03:25:10 UTC 2017"}
        ],
        [
            {"location": [[
                {"latitude": 64.231826},
                {"longitude": 27.726705}
            ]]},
            {"altitude": 147},
            {"distance_km": 1.32},
            {"speed_kmh": 4.5},
            {"timestamp": "Wed May 03 03:25:19 UTC 2017"}
        ],
        [
            {"location": [[
                {"latitude": 64.231773},
                {"longitude": 27.726889}
            ]]},
            {"altitude": 146},
            {"distance_km": 1.33},
            {"speed_kmh": 4.5},
            {"timestamp": "Wed May 03 03:25:26 UTC 2017"}
        ],
        [
            {"location": [[
                {"latitude": 64.231756},
                {"longitude": 27.727193}
            ]]},
            {"altitude": 147},
            {"distance_km": 1.34},
            {"speed_kmh": 5.4},
            {"timestamp": "Wed May 03 03:25:34 UTC 2017"}
        ],
        [
            {"location": [[
                {"latitude": 64.23176},
                {"longitude": 27.727433}
            ]]},
            {"altitude": 149},
            {"distance_km": 1.35},
            {"speed_kmh": 5.4},
            {"timestamp": "Wed May 03 03:25:40 UTC 2017"}
        ],
        [
            {"location": [[
                {"latitude": 64.231764},
                {"longitude": 27.727687}
            ]]},
            {"altitude": 152.5},
            {"distance_km": 1.37},
            {"speed_kmh": 5.4},
            {"timestamp": "Wed May 03 03:25:46 UTC 2017"}
        ],
        [
            {"location": [[
                {"latitude": 64.231759},
                {"longitude": 27.727937}
            ]]},
            {"altitude": 154},
            {"distance_km": 1.38},
            {"speed_kmh": 5.4},
            {"timestamp": "Wed May 03 03:25:52 UTC 2017"}
        ],
        [
            {"location": [[
                {"latitude": 64.231743},
                {"longitude": 27.728151}
            ]]},
            {"altitude": 154},
            {"distance_km": 1.39},
            {"speed_kmh": 4.5},
            {"timestamp": "Wed May 03 03:25:58 UTC 2017"}
        ],
        [
            {"location": [[
                {"latitude": 64.231736},
                {"longitude": 27.7284}
            ]]},
            {"altitude": 156},
            {"distance_km": 1.4},
            {"speed_kmh": 4.5},
            {"timestamp": "Wed May 03 03:26:06 UTC 2017"}
        ],
        [
            {"location": [[
                {"latitude": 64.231725},
                {"longitude": 27.728647}
            ]]},
            {"altitude": 154.5},
            {"distance_km": 1.41},
            {"speed_kmh": 4.5},
            {"timestamp": "Wed May 03 03:26:14 UTC 2017"}
        ],
        [
            {"location": [[
                {"latitude": 64.231735},
                {"longitude": 27.728882}
            ]]},
            {"altitude": 155},
            {"distance_km": 1.42},
            {"speed_kmh": 4.5},
            {"timestamp": "Wed May 03 03:26:22 UTC 2017"}
        ],
        [
            {"location": [[
                {"latitude": 64.231701},
                {"longitude": 27.729119}
            ]]},
            {"altitude": 156},
            {"distance_km": 1.44},
            {"speed_kmh": 4.5},
            {"timestamp": "Wed May 03 03:26:30 UTC 2017"}
        ],
        [
            {"location": [[
                {"latitude": 64.231686},
                {"longitude": 27.729365}
            ]]},
            {"altitude": 156},
            {"distance_km": 1.45},
            {"speed_kmh": 4.5},
            {"timestamp": "Wed May 03 03:26:38 UTC 2017"}
        ],
        [
            {"location": [[
                {"latitude": 64.231776},
                {"longitude": 27.729443}
            ]]},
            {"altitude": 153},
            {"distance_km": 1.46},
            {"speed_kmh": 2.7},
            {"timestamp": "Wed May 03 03:26:54 UTC 2017"}
        ],
        [
            {"location": [[
                {"latitude": 64.231868},
                {"longitude": 27.729503}
            ]]},
            {"altitude": 146},
            {"distance_km": 1.47},
            {"speed_kmh": 0.9},
            {"timestamp": "Wed May 03 03:28:50 UTC 2017"}
        ],
        [
            {"location": [[
                {"latitude": 64.231927},
                {"longitude": 27.729549}
            ]]},
            {"altitude": 154},
            {"distance_km": 1.47},
            {"speed_kmh": 1.8},
            {"timestamp": "Wed May 03 03:28:57 UTC 2017"}
        ],
        [
            {"location": [[
                {"latitude": 64.231938},
                {"longitude": 27.72954}
            ]]},
            {"altitude": 154.5},
            {"distance_km": 1.47},
            {"speed_kmh": 1.8},
            {"timestamp": "Wed May 03 03:28:58 UTC 2017"}
        ]
    ]}
]