[
    {"sport": "WALKING"},
    {"source": "TRACK_MOBILE"},
    {"created_date": "2017-06-11 07:10:52.0"},
    {"start_time": "2017-06-11 07:09:32.0"},
    {"end_time": "2017-06-11 07:34:16.0"},
    {"duration_s": 1484},
    {"distance_km": 1.53},
    {"calories_kcal": 122.606},
    {"altitude_min_m": 125},
    {"altitude_max_m": 166},
    {"speed_avg_kmh": 3.711590296495957},
    {"speed_max_kmh": 7.2},
    {"ascend_m": 64.5},
    {"descend_m": 54},
    {"points": [
        [
            {"location": [[
                {"latitude": 64.231773},
                {"longitude": 27.729603}
            ]]},
            {"distance_km": 0},
            {"timestamp": "Sun Jun 11 07:09:32 UTC 2017"}
        ],
        [
            {"location": [[
                {"latitude": 64.231773},
                {"longitude": 27.729603}
            ]]},
            {"altitude": 147.5},
            {"distance_km": 0},
            {"speed_kmh": 6.3},
            {"timestamp": "Sun Jun 11 07:09:38 UTC 2017"}
        ],
        [
            {"location": [[
                {"latitude": 64.231663},
                {"longitude": 27.729468}
            ]]},
            {"altitude": 125},
            {"distance_km": 0.01},
            {"speed_kmh": 0.9},
            {"timestamp": "Sun Jun 11 07:09:46 UTC 2017"}
        ],
        [
            {"location": [[
                {"latitude": 64.231756},
                {"longitude": 27.729706}
            ]]},
            {"altitude": 148.5},
            {"distance_km": 0.03},
            {"speed_kmh": 0.9},
            {"timestamp": "Sun Jun 11 07:09:50 UTC 2017"}
        ],
        [
            {"location": [[
                {"latitude": 64.231657},
                {"longitude": 27.72967}
            ]]},
            {"altitude": 166},
            {"distance_km": 0.04},
            {"speed_kmh": 0},
            {"timestamp": "Sun Jun 11 07:10:44 UTC 2017"}
        ],
        [
            {"location": [[
                {"latitude": 64.231675},
                {"longitude": 27.729876}
            ]]},
            {"altitude": 159.5},
            {"distance_km": 0.05},
            {"speed_kmh": 2.7},
            {"timestamp": "Sun Jun 11 07:11:04 UTC 2017"}
        ],
        [
            {"location": [[
                {"latitude": 64.231758},
                {"longitude": 27.730019}
            ]]},
            {"altitude": 161},
            {"distance_km": 0.06},
            {"speed_kmh": 2.7},
            {"timestamp": "Sun Jun 11 07:11:14 UTC 2017"}
        ],
        [
            {"location": [[
                {"latitude": 64.231847},
                {"longitude": 27.730138}
            ]]},
            {"altitude": 158.5},
            {"distance_km": 0.07},
            {"speed_kmh": 3.6},
            {"timestamp": "Sun Jun 11 07:11:24 UTC 2017"}
        ],
        [
            {"location": [[
                {"latitude": 64.231911},
                {"longitude": 27.730295}
            ]]},
            {"altitude": 155},
            {"distance_km": 0.08},
            {"speed_kmh": 3.6},
            {"timestamp": "Sun Jun 11 07:11:32 UTC 2017"}
        ],
        [
            {"location": [[
                {"latitude": 64.231972},
                {"longitude": 27.730454}
            ]]},
            {"altitude": 157.5},
            {"distance_km": 0.09},
            {"speed_kmh": 4.5},
            {"timestamp": "Sun Jun 11 07:11:38 UTC 2017"}
        ],
        [
            {"location": [[
                {"latitude": 64.231933},
                {"longitude": 27.730695}
            ]]},
            {"altitude": 156},
            {"distance_km": 0.11},
            {"speed_kmh": 4.5},
            {"timestamp": "Sun Jun 11 07:11:46 UTC 2017"}
        ],
        [
            {"location": [[
                {"latitude": 64.231866},
                {"longitude": 27.730948}
            ]]},
            {"altitude": 153.5},
            {"distance_km": 0.12},
            {"speed_kmh": 7.2},
            {"timestamp": "Sun Jun 11 07:11:52 UTC 2017"}
        ],
        [
            {"location": [[
                {"latitude": 64.231802},
                {"longitude": 27.73113}
            ]]},
            {"altitude": 154},
            {"distance_km": 0.13},
            {"speed_kmh": 4.5},
            {"timestamp": "Sun Jun 11 07:12:00 UTC 2017"}
        ],
        [
            {"location": [[
                {"latitude": 64.231763},
                {"longitude": 27.731323}
            ]]},
            {"altitude": 155},
            {"distance_km": 0.14},
            {"speed_kmh": 2.7},
            {"timestamp": "Sun Jun 11 07:12:14 UTC 2017"}
        ],
        [
            {"location": [[
                {"latitude": 64.231717},
                {"longitude": 27.731504}
            ]]},
            {"altitude": 156.5},
            {"distance_km": 0.15},
            {"speed_kmh": 4.5},
            {"timestamp": "Sun Jun 11 07:12:22 UTC 2017"}
        ],
        [
            {"location": [[
                {"latitude": 64.231648},
                {"longitude": 27.731742}
            ]]},
            {"altitude": 156.5},
            {"distance_km": 0.17},
            {"speed_kmh": 6.3},
            {"timestamp": "Sun Jun 11 07:12:34 UTC 2017"}
        ],
        [
            {"location": [[
                {"latitude": 64.231598},
                {"longitude": 27.731956}
            ]]},
            {"altitude": 155.5},
            {"distance_km": 0.18},
            {"speed_kmh": 3.6},
            {"timestamp": "Sun Jun 11 07:12:42 UTC 2017"}
        ],
        [
            {"location": [[
                {"latitude": 64.231543},
                {"longitude": 27.732139}
            ]]},
            {"altitude": 154.5},
            {"distance_km": 0.19},
            {"speed_kmh": 3.6},
            {"timestamp": "Sun Jun 11 07:12:50 UTC 2017"}
        ],
        [
            {"location": [[
                {"latitude": 64.231473},
                {"longitude": 27.732349}
            ]]},
            {"altitude": 152},
            {"distance_km": 0.2},
            {"speed_kmh": 3.6},
            {"timestamp": "Sun Jun 11 07:13:01 UTC 2017"}
        ],
        [
            {"location": [[
                {"latitude": 64.231369},
                {"longitude": 27.73241}
            ]]},
            {"altitude": 150.5},
            {"distance_km": 0.21},
            {"speed_kmh": 3.6},
            {"timestamp": "Sun Jun 11 07:13:10 UTC 2017"}
        ],
        [
            {"location": [[
                {"latitude": 64.231272},
                {"longitude": 27.732454}
            ]]},
            {"altitude": 150},
            {"distance_km": 0.23},
            {"speed_kmh": 3.6},
            {"timestamp": "Sun Jun 11 07:13:18 UTC 2017"}
        ],
        [
            {"location": [[
                {"latitude": 64.231182},
                {"longitude": 27.732536}
            ]]},
            {"altitude": 148.5},
            {"distance_km": 0.24},
            {"speed_kmh": 3.6},
            {"timestamp": "Sun Jun 11 07:13:26 UTC 2017"}
        ],
        [
            {"location": [[
                {"latitude": 64.231119},
                {"longitude": 27.732744}
            ]]},
            {"altitude": 153.5},
            {"distance_km": 0.25},
            {"speed_kmh": 3.6},
            {"timestamp": "Sun Jun 11 07:13:36 UTC 2017"}
        ],
        [
            {"location": [[
                {"latitude": 64.231058},
                {"longitude": 27.732924}
            ]]},
            {"altitude": 154.5},
            {"distance_km": 0.26},
            {"speed_kmh": 3.6},
            {"timestamp": "Sun Jun 11 07:13:44 UTC 2017"}
        ],
        [
            {"location": [[
                {"latitude": 64.230993},
                {"longitude": 27.733112}
            ]]},
            {"altitude": 157.5},
            {"distance_km": 0.27},
            {"speed_kmh": 4.5},
            {"timestamp": "Sun Jun 11 07:13:50 UTC 2017"}
        ],
        [
            {"location": [[
                {"latitude": 64.230971},
                {"longitude": 27.733386}
            ]]},
            {"altitude": 154},
            {"distance_km": 0.28},
            {"speed_kmh": 4.5},
            {"timestamp": "Sun Jun 11 07:14:04 UTC 2017"}
        ],
        [
            {"location": [[
                {"latitude": 64.230911},
                {"longitude": 27.733628}
            ]]},
            {"altitude": 155},
            {"distance_km": 0.3},
            {"speed_kmh": 5.4},
            {"timestamp": "Sun Jun 11 07:14:10 UTC 2017"}
        ],
        [
            {"location": [[
                {"latitude": 64.230856},
                {"longitude": 27.733801}
            ]]},
            {"altitude": 153},
            {"distance_km": 0.31},
            {"speed_kmh": 1.8},
            {"timestamp": "Sun Jun 11 07:14:20 UTC 2017"}
        ],
        [
            {"location": [[
                {"latitude": 64.230825},
                {"longitude": 27.733996}
            ]]},
            {"altitude": 151},
            {"distance_km": 0.32},
            {"speed_kmh": 3.6},
            {"timestamp": "Sun Jun 11 07:14:34 UTC 2017"}
        ],
        [
            {"location": [[
                {"latitude": 64.230765},
                {"longitude": 27.734176}
            ]]},
            {"altitude": 151},
            {"distance_km": 0.33},
            {"speed_kmh": 4.5},
            {"timestamp": "Sun Jun 11 07:14:40 UTC 2017"}
        ],
        [
            {"location": [[
                {"latitude": 64.230734},
                {"longitude": 27.73438}
            ]]},
            {"altitude": 153},
            {"distance_km": 0.34},
            {"speed_kmh": 4.5},
            {"timestamp": "Sun Jun 11 07:14:46 UTC 2017"}
        ],
        [
            {"location": [[
                {"latitude": 64.230702},
                {"longitude": 27.734576}
            ]]},
            {"altitude": 155.5},
            {"distance_km": 0.35},
            {"speed_kmh": 2.7},
            {"timestamp": "Sun Jun 11 07:14:58 UTC 2017"}
        ],
        [
            {"location": [[
                {"latitude": 64.230695},
                {"longitude": 27.734797}
            ]]},
            {"altitude": 156.5},
            {"distance_km": 0.36},
            {"speed_kmh": 4.5},
            {"timestamp": "Sun Jun 11 07:15:06 UTC 2017"}
        ],
        [
            {"location": [[
                {"latitude": 64.230651},
                {"longitude": 27.735056}
            ]]},
            {"altitude": 162},
            {"distance_km": 0.37},
            {"speed_kmh": 5.4},
            {"timestamp": "Sun Jun 11 07:15:12 UTC 2017"}
        ],
        [
            {"location": [[
                {"latitude": 64.230638},
                {"longitude": 27.735267}
            ]]},
            {"altitude": 163},
            {"distance_km": 0.38},
            {"speed_kmh": 4.5},
            {"timestamp": "Sun Jun 11 07:15:18 UTC 2017"}
        ],
        [
            {"location": [[
                {"latitude": 64.230605},
                {"longitude": 27.735521}
            ]]},
            {"altitude": 155.5},
            {"distance_km": 0.4},
            {"speed_kmh": 4.5},
            {"timestamp": "Sun Jun 11 07:15:36 UTC 2017"}
        ],
        [
            {"location": [[
                {"latitude": 64.230573},
                {"longitude": 27.735725}
            ]]},
            {"altitude": 159},
            {"distance_km": 0.41},
            {"speed_kmh": 4.5},
            {"timestamp": "Sun Jun 11 07:15:40 UTC 2017"}
        ],
        [
            {"location": [[
                {"latitude": 64.230548},
                {"longitude": 27.73593}
            ]]},
            {"altitude": 159},
            {"distance_km": 0.42},
            {"speed_kmh": 5.4},
            {"timestamp": "Sun Jun 11 07:15:44 UTC 2017"}
        ],
        [
            {"location": [[
                {"latitude": 64.230526},
                {"longitude": 27.736161}
            ]]},
            {"altitude": 159.5},
            {"distance_km": 0.43},
            {"speed_kmh": 2.7},
            {"timestamp": "Sun Jun 11 07:15:58 UTC 2017"}
        ],
        [
            {"location": [[
                {"latitude": 64.230483},
                {"longitude": 27.736379}
            ]]},
            {"altitude": 160},
            {"distance_km": 0.44},
            {"speed_kmh": 3.6},
            {"timestamp": "Sun Jun 11 07:16:06 UTC 2017"}
        ],
        [
            {"location": [[
                {"latitude": 64.230438},
                {"longitude": 27.736604}
            ]]},
            {"altitude": 159},
            {"distance_km": 0.45},
            {"speed_kmh": 3.6},
            {"timestamp": "Sun Jun 11 07:16:14 UTC 2017"}
        ],
        [
            {"location": [[
                {"latitude": 64.230426},
                {"longitude": 27.736813}
            ]]},
            {"altitude": 158.5},
            {"distance_km": 0.46},
            {"speed_kmh": 0},
            {"timestamp": "Sun Jun 11 07:16:30 UTC 2017"}
        ],
        [
            {"location": [[
                {"latitude": 64.230391},
                {"longitude": 27.73708}
            ]]},
            {"altitude": 158},
            {"distance_km": 0.48},
            {"speed_kmh": 4.5},
            {"timestamp": "Sun Jun 11 07:16:42 UTC 2017"}
        ],
        [
            {"location": [[
                {"latitude": 64.230363},
                {"longitude": 27.737283}
            ]]},
            {"altitude": 156.5},
            {"distance_km": 0.49},
            {"speed_kmh": 0},
            {"timestamp": "Sun Jun 11 07:16:48 UTC 2017"}
        ],
        [
            {"location": [[
                {"latitude": 64.230347},
                {"longitude": 27.737532}
            ]]},
            {"altitude": 156},
            {"distance_km": 0.5},
            {"speed_kmh": 5.4},
            {"timestamp": "Sun Jun 11 07:17:28 UTC 2017"}
        ],
        [
            {"location": [[
                {"latitude": 64.230332},
                {"longitude": 27.737761}
            ]]},
            {"altitude": 159},
            {"distance_km": 0.51},
            {"speed_kmh": 4.5},
            {"timestamp": "Sun Jun 11 07:17:40 UTC 2017"}
        ],
        [
            {"location": [[
                {"latitude": 64.23031},
                {"longitude": 27.738005}
            ]]},
            {"altitude": 158.5},
            {"distance_km": 0.52},
            {"speed_kmh": 5.4},
            {"timestamp": "Sun Jun 11 07:17:46 UTC 2017"}
        ],
        [
            {"location": [[
                {"latitude": 64.23028},
                {"longitude": 27.738251}
            ]]},
            {"altitude": 152.5},
            {"distance_km": 0.53},
            {"speed_kmh": 5.4},
            {"timestamp": "Sun Jun 11 07:17:52 UTC 2017"}
        ],
        [
            {"location": [[
                {"latitude": 64.230197},
                {"longitude": 27.738408}
            ]]},
            {"altitude": 153.5},
            {"distance_km": 0.55},
            {"speed_kmh": 5.4},
            {"timestamp": "Sun Jun 11 07:17:58 UTC 2017"}
        ],
        [
            {"location": [[
                {"latitude": 64.230097},
                {"longitude": 27.738526}
            ]]},
            {"altitude": 152},
            {"distance_km": 0.56},
            {"speed_kmh": 5.4},
            {"timestamp": "Sun Jun 11 07:18:06 UTC 2017"}
        ],
        [
            {"location": [[
                {"latitude": 64.230007},
                {"longitude": 27.738555}
            ]]},
            {"altitude": 150},
            {"distance_km": 0.57},
            {"speed_kmh": 4.5},
            {"timestamp": "Sun Jun 11 07:18:14 UTC 2017"}
        ],
        [
            {"location": [[
                {"latitude": 64.229912},
                {"longitude": 27.738507}
            ]]},
            {"altitude": 147},
            {"distance_km": 0.58},
            {"speed_kmh": 4.5},
            {"timestamp": "Sun Jun 11 07:18:22 UTC 2017"}
        ],
        [
            {"location": [[
                {"latitude": 64.229813},
                {"longitude": 27.738444}
            ]]},
            {"altitude": 145.5},
            {"distance_km": 0.59},
            {"speed_kmh": 4.5},
            {"timestamp": "Sun Jun 11 07:18:32 UTC 2017"}
        ],
        [
            {"location": [[
                {"latitude": 64.229717},
                {"longitude": 27.73841}
            ]]},
            {"altitude": 147.5},
            {"distance_km": 0.6},
            {"speed_kmh": 0},
            {"timestamp": "Sun Jun 11 07:18:40 UTC 2017"}
        ],
        [
            {"location": [[
                {"latitude": 64.229628},
                {"longitude": 27.738312}
            ]]},
            {"altitude": 149},
            {"distance_km": 0.61},
            {"speed_kmh": 3.6},
            {"timestamp": "Sun Jun 11 07:18:52 UTC 2017"}
        ],
        [
            {"location": [[
                {"latitude": 64.229534},
                {"longitude": 27.738168}
            ]]},
            {"altitude": 149.5},
            {"distance_km": 0.63},
            {"speed_kmh": 3.6},
            {"timestamp": "Sun Jun 11 07:19:34 UTC 2017"}
        ],
        [
            {"location": [[
                {"latitude": 64.229445},
                {"longitude": 27.738078}
            ]]},
            {"altitude": 150.5},
            {"distance_km": 0.64},
            {"speed_kmh": 1.8},
            {"timestamp": "Sun Jun 11 07:19:44 UTC 2017"}
        ],
        [
            {"location": [[
                {"latitude": 64.229347},
                {"longitude": 27.737976}
            ]]},
            {"altitude": 152},
            {"distance_km": 0.65},
            {"speed_kmh": 4.5},
            {"timestamp": "Sun Jun 11 07:19:52 UTC 2017"}
        ],
        [
            {"location": [[
                {"latitude": 64.229272},
                {"longitude": 27.737855}
            ]]},
            {"altitude": 149},
            {"distance_km": 0.66},
            {"speed_kmh": 4.5},
            {"timestamp": "Sun Jun 11 07:20:00 UTC 2017"}
        ],
        [
            {"location": [[
                {"latitude": 64.229183},
                {"longitude": 27.737778}
            ]]},
            {"altitude": 148},
            {"distance_km": 0.67},
            {"speed_kmh": 3.6},
            {"timestamp": "Sun Jun 11 07:20:12 UTC 2017"}
        ],
        [
            {"location": [[
                {"latitude": 64.229093},
                {"longitude": 27.737711}
            ]]},
            {"altitude": 149.5},
            {"distance_km": 0.68},
            {"speed_kmh": 4.5},
            {"timestamp": "Sun Jun 11 07:20:20 UTC 2017"}
        ],
        [
            {"location": [[
                {"latitude": 64.228995},
                {"longitude": 27.737646}
            ]]},
            {"altitude": 151},
            {"distance_km": 0.69},
            {"speed_kmh": 4.5},
            {"timestamp": "Sun Jun 11 07:20:28 UTC 2017"}
        ],
        [
            {"location": [[
                {"latitude": 64.228946},
                {"longitude": 27.737457}
            ]]},
            {"altitude": 150},
            {"distance_km": 0.7},
            {"speed_kmh": 4.5},
            {"timestamp": "Sun Jun 11 07:20:36 UTC 2017"}
        ],
        [
            {"location": [[
                {"latitude": 64.228932},
                {"longitude": 27.737237}
            ]]},
            {"altitude": 148.5},
            {"distance_km": 0.71},
            {"speed_kmh": 4.5},
            {"timestamp": "Sun Jun 11 07:20:44 UTC 2017"}
        ],
        [
            {"location": [[
                {"latitude": 64.228927},
                {"longitude": 27.737005}
            ]]},
            {"altitude": 147},
            {"distance_km": 0.72},
            {"speed_kmh": 4.5},
            {"timestamp": "Sun Jun 11 07:20:52 UTC 2017"}
        ],
        [
            {"location": [[
                {"latitude": 64.228901},
                {"longitude": 27.7368}
            ]]},
            {"altitude": 145.5},
            {"distance_km": 0.73},
            {"speed_kmh": 2.7},
            {"timestamp": "Sun Jun 11 07:21:02 UTC 2017"}
        ],
        [
            {"location": [[
                {"latitude": 64.228882},
                {"longitude": 27.736559}
            ]]},
            {"altitude": 145},
            {"distance_km": 0.75},
            {"speed_kmh": 3.6},
            {"timestamp": "Sun Jun 11 07:21:12 UTC 2017"}
        ],
        [
            {"location": [[
                {"latitude": 64.22888},
                {"longitude": 27.736351}
            ]]},
            {"altitude": 145},
            {"distance_km": 0.76},
            {"speed_kmh": 3.6},
            {"timestamp": "Sun Jun 11 07:21:20 UTC 2017"}
        ],
        [
            {"location": [[
                {"latitude": 64.228913},
                {"longitude": 27.736118}
            ]]},
            {"altitude": 143},
            {"distance_km": 0.77},
            {"speed_kmh": 2.7},
            {"timestamp": "Sun Jun 11 07:21:34 UTC 2017"}
        ],
        [
            {"location": [[
                {"latitude": 64.22897},
                {"longitude": 27.73593}
            ]]},
            {"altitude": 144},
            {"distance_km": 0.78},
            {"speed_kmh": 3.6},
            {"timestamp": "Sun Jun 11 07:21:44 UTC 2017"}
        ],
        [
            {"location": [[
                {"latitude": 64.229033},
                {"longitude": 27.735776}
            ]]},
            {"altitude": 138.5},
            {"distance_km": 0.79},
            {"speed_kmh": 3.6},
            {"timestamp": "Sun Jun 11 07:21:52 UTC 2017"}
        ],
        [
            {"location": [[
                {"latitude": 64.229084},
                {"longitude": 27.735587}
            ]]},
            {"altitude": 135.5},
            {"distance_km": 0.8},
            {"speed_kmh": 3.6},
            {"timestamp": "Sun Jun 11 07:22:00 UTC 2017"}
        ],
        [
            {"location": [[
                {"latitude": 64.229146},
                {"longitude": 27.735434}
            ]]},
            {"altitude": 136},
            {"distance_km": 0.81},
            {"speed_kmh": 3.6},
            {"timestamp": "Sun Jun 11 07:22:08 UTC 2017"}
        ],
        [
            {"location": [[
                {"latitude": 64.229235},
                {"longitude": 27.735253}
            ]]},
            {"altitude": 134.5},
            {"distance_km": 0.82},
            {"speed_kmh": 3.6},
            {"timestamp": "Sun Jun 11 07:22:18 UTC 2017"}
        ],
        [
            {"location": [[
                {"latitude": 64.229313},
                {"longitude": 27.735111}
            ]]},
            {"altitude": 135.5},
            {"distance_km": 0.83},
            {"speed_kmh": 3.6},
            {"timestamp": "Sun Jun 11 07:22:26 UTC 2017"}
        ],
        [
            {"location": [[
                {"latitude": 64.229384},
                {"longitude": 27.734951}
            ]]},
            {"altitude": 134},
            {"distance_km": 0.85},
            {"speed_kmh": 3.6},
            {"timestamp": "Sun Jun 11 07:22:34 UTC 2017"}
        ],
        [
            {"location": [[
                {"latitude": 64.229451},
                {"longitude": 27.734782}
            ]]},
            {"altitude": 132.5},
            {"distance_km": 0.86},
            {"speed_kmh": 3.6},
            {"timestamp": "Sun Jun 11 07:22:44 UTC 2017"}
        ],
        [
            {"location": [[
                {"latitude": 64.229515},
                {"longitude": 27.734602}
            ]]},
            {"altitude": 131.5},
            {"distance_km": 0.87},
            {"speed_kmh": 3.6},
            {"timestamp": "Sun Jun 11 07:22:52 UTC 2017"}
        ],
        [
            {"location": [[
                {"latitude": 64.229574},
                {"longitude": 27.734442}
            ]]},
            {"altitude": 132},
            {"distance_km": 0.88},
            {"speed_kmh": 4.5},
            {"timestamp": "Sun Jun 11 07:23:34 UTC 2017"}
        ],
        [
            {"location": [[
                {"latitude": 64.229644},
                {"longitude": 27.734252}
            ]]},
            {"altitude": 133},
            {"distance_km": 0.89},
            {"speed_kmh": 3.6},
            {"timestamp": "Sun Jun 11 07:23:52 UTC 2017"}
        ],
        [
            {"location": [[
                {"latitude": 64.229726},
                {"longitude": 27.734079}
            ]]},
            {"altitude": 135.5},
            {"distance_km": 0.9},
            {"speed_kmh": 3.6},
            {"timestamp": "Sun Jun 11 07:24:01 UTC 2017"}
        ],
        [
            {"location": [[
                {"latitude": 64.229771},
                {"longitude": 27.733877}
            ]]},
            {"altitude": 134.5},
            {"distance_km": 0.91},
            {"speed_kmh": 3.6},
            {"timestamp": "Sun Jun 11 07:24:10 UTC 2017"}
        ],
        [
            {"location": [[
                {"latitude": 64.229802},
                {"longitude": 27.733657}
            ]]},
            {"altitude": 132.5},
            {"distance_km": 0.92},
            {"speed_kmh": 3.6},
            {"timestamp": "Sun Jun 11 07:24:18 UTC 2017"}
        ],
        [
            {"location": [[
                {"latitude": 64.229828},
                {"longitude": 27.733407}
            ]]},
            {"altitude": 133},
            {"distance_km": 0.94},
            {"speed_kmh": 3.6},
            {"timestamp": "Sun Jun 11 07:24:26 UTC 2017"}
        ],
        [
            {"location": [[
                {"latitude": 64.229886},
                {"longitude": 27.733241}
            ]]},
            {"altitude": 132.5},
            {"distance_km": 0.95},
            {"speed_kmh": 2.7},
            {"timestamp": "Sun Jun 11 07:25:18 UTC 2017"}
        ],
        [
            {"location": [[
                {"latitude": 64.229975},
                {"longitude": 27.733144}
            ]]},
            {"altitude": 131},
            {"distance_km": 0.96},
            {"speed_kmh": 2.7},
            {"timestamp": "Sun Jun 11 07:25:38 UTC 2017"}
        ],
        [
            {"location": [[
                {"latitude": 64.23004},
                {"longitude": 27.732994}
            ]]},
            {"altitude": 129.5},
            {"distance_km": 0.97},
            {"speed_kmh": 1.8},
            {"timestamp": "Sun Jun 11 07:25:55 UTC 2017"}
        ],
        [
            {"location": [[
                {"latitude": 64.230076},
                {"longitude": 27.732764}
            ]]},
            {"altitude": 131},
            {"distance_km": 0.98},
            {"speed_kmh": 3.6},
            {"timestamp": "Sun Jun 11 07:26:06 UTC 2017"}
        ],
        [
            {"location": [[
                {"latitude": 64.230087},
                {"longitude": 27.732545}
            ]]},
            {"altitude": 132.5},
            {"distance_km": 0.99},
            {"speed_kmh": 0},
            {"timestamp": "Sun Jun 11 07:26:12 UTC 2017"}
        ],
        [
            {"location": [[
                {"latitude": 64.230085},
                {"longitude": 27.732294}
            ]]},
            {"altitude": 132.5},
            {"distance_km": 1},
            {"speed_kmh": 4.5},
            {"timestamp": "Sun Jun 11 07:26:20 UTC 2017"}
        ],
        [
            {"location": [[
                {"latitude": 64.230114},
                {"longitude": 27.732065}
            ]]},
            {"altitude": 133.5},
            {"distance_km": 1.01},
            {"speed_kmh": 4.5},
            {"timestamp": "Sun Jun 11 07:26:28 UTC 2017"}
        ],
        [
            {"location": [[
                {"latitude": 64.230167},
                {"longitude": 27.731896}
            ]]},
            {"altitude": 131.5},
            {"distance_km": 1.02},
            {"speed_kmh": 3.6},
            {"timestamp": "Sun Jun 11 07:26:40 UTC 2017"}
        ],
        [
            {"location": [[
                {"latitude": 64.2302},
                {"longitude": 27.73166}
            ]]},
            {"altitude": 133.5},
            {"distance_km": 1.04},
            {"speed_kmh": 3.6},
            {"timestamp": "Sun Jun 11 07:26:48 UTC 2017"}
        ],
        [
            {"location": [[
                {"latitude": 64.230212},
                {"longitude": 27.731451}
            ]]},
            {"altitude": 136.5},
            {"distance_km": 1.05},
            {"speed_kmh": 3.6},
            {"timestamp": "Sun Jun 11 07:27:04 UTC 2017"}
        ],
        [
            {"location": [[
                {"latitude": 64.23029},
                {"longitude": 27.731275}
            ]]},
            {"altitude": 139},
            {"distance_km": 1.06},
            {"speed_kmh": 3.6},
            {"timestamp": "Sun Jun 11 07:27:14 UTC 2017"}
        ],
        [
            {"location": [[
                {"latitude": 64.230313},
                {"longitude": 27.731061}
            ]]},
            {"altitude": 138},
            {"distance_km": 1.07},
            {"speed_kmh": 2.7},
            {"timestamp": "Sun Jun 11 07:27:26 UTC 2017"}
        ],
        [
            {"location": [[
                {"latitude": 64.230364},
                {"longitude": 27.730847}
            ]]},
            {"altitude": 139.5},
            {"distance_km": 1.08},
            {"speed_kmh": 0},
            {"timestamp": "Sun Jun 11 07:27:36 UTC 2017"}
        ],
        [
            {"location": [[
                {"latitude": 64.230421},
                {"longitude": 27.730686}
            ]]},
            {"altitude": 138},
            {"distance_km": 1.09},
            {"speed_kmh": 2.7},
            {"timestamp": "Sun Jun 11 07:27:46 UTC 2017"}
        ],
        [
            {"location": [[
                {"latitude": 64.230478},
                {"longitude": 27.730519}
            ]]},
            {"altitude": 133.5},
            {"distance_km": 1.1},
            {"speed_kmh": 2.7},
            {"timestamp": "Sun Jun 11 07:27:58 UTC 2017"}
        ],
        [
            {"location": [[
                {"latitude": 64.230553},
                {"longitude": 27.730338}
            ]]},
            {"altitude": 128},
            {"distance_km": 1.11},
            {"speed_kmh": 3.6},
            {"timestamp": "Sun Jun 11 07:28:08 UTC 2017"}
        ],
        [
            {"location": [[
                {"latitude": 64.230629},
                {"longitude": 27.730188}
            ]]},
            {"altitude": 128.5},
            {"distance_km": 1.13},
            {"speed_kmh": 5.4},
            {"timestamp": "Sun Jun 11 07:28:16 UTC 2017"}
        ],
        [
            {"location": [[
                {"latitude": 64.230681},
                {"longitude": 27.729943}
            ]]},
            {"altitude": 130},
            {"distance_km": 1.14},
            {"speed_kmh": 4.5},
            {"timestamp": "Sun Jun 11 07:28:24 UTC 2017"}
        ],
        [
            {"location": [[
                {"latitude": 64.230703},
                {"longitude": 27.729707}
            ]]},
            {"altitude": 130},
            {"distance_km": 1.15},
            {"speed_kmh": 3.6},
            {"timestamp": "Sun Jun 11 07:28:32 UTC 2017"}
        ],
        [
            {"location": [[
                {"latitude": 64.230746},
                {"longitude": 27.729492}
            ]]},
            {"altitude": 130.5},
            {"distance_km": 1.16},
            {"speed_kmh": 2.7},
            {"timestamp": "Sun Jun 11 07:28:42 UTC 2017"}
        ],
        [
            {"location": [[
                {"latitude": 64.230784},
                {"longitude": 27.729299}
            ]]},
            {"altitude": 132.5},
            {"distance_km": 1.17},
            {"speed_kmh": 3.6},
            {"timestamp": "Sun Jun 11 07:28:50 UTC 2017"}
        ],
        [
            {"location": [[
                {"latitude": 64.230849},
                {"longitude": 27.72912}
            ]]},
            {"altitude": 133.5},
            {"distance_km": 1.18},
            {"speed_kmh": 3.6},
            {"timestamp": "Sun Jun 11 07:28:58 UTC 2017"}
        ],
        [
            {"location": [[
                {"latitude": 64.23091},
                {"longitude": 27.728924}
            ]]},
            {"altitude": 132},
            {"distance_km": 1.19},
            {"speed_kmh": 3.6},
            {"timestamp": "Sun Jun 11 07:29:06 UTC 2017"}
        ],
        [
            {"location": [[
                {"latitude": 64.230968},
                {"longitude": 27.728734}
            ]]},
            {"altitude": 134.5},
            {"distance_km": 1.21},
            {"speed_kmh": 3.6},
            {"timestamp": "Sun Jun 11 07:29:14 UTC 2017"}
        ],
        [
            {"location": [[
                {"latitude": 64.23101},
                {"longitude": 27.728504}
            ]]},
            {"altitude": 135.5},
            {"distance_km": 1.22},
            {"speed_kmh": 3.6},
            {"timestamp": "Sun Jun 11 07:29:24 UTC 2017"}
        ],
        [
            {"location": [[
                {"latitude": 64.231034},
                {"longitude": 27.728287}
            ]]},
            {"altitude": 135.5},
            {"distance_km": 1.23},
            {"speed_kmh": 3.6},
            {"timestamp": "Sun Jun 11 07:29:32 UTC 2017"}
        ],
        [
            {"location": [[
                {"latitude": 64.231081},
                {"longitude": 27.728016}
            ]]},
            {"altitude": 135.5},
            {"distance_km": 1.24},
            {"speed_kmh": 3.6},
            {"timestamp": "Sun Jun 11 07:29:42 UTC 2017"}
        ],
        [
            {"location": [[
                {"latitude": 64.231112},
                {"longitude": 27.727773}
            ]]},
            {"altitude": 134.5},
            {"distance_km": 1.26},
            {"speed_kmh": 3.6},
            {"timestamp": "Sun Jun 11 07:29:50 UTC 2017"}
        ],
        [
            {"location": [[
                {"latitude": 64.23112},
                {"longitude": 27.727561}
            ]]},
            {"altitude": 138.5},
            {"distance_km": 1.27},
            {"speed_kmh": 3.6},
            {"timestamp": "Sun Jun 11 07:29:58 UTC 2017"}
        ],
        [
            {"location": [[
                {"latitude": 64.231158},
                {"longitude": 27.727357}
            ]]},
            {"altitude": 141.5},
            {"distance_km": 1.28},
            {"speed_kmh": 3.6},
            {"timestamp": "Sun Jun 11 07:30:06 UTC 2017"}
        ],
        [
            {"location": [[
                {"latitude": 64.231185},
                {"longitude": 27.727153}
            ]]},
            {"altitude": 140.5},
            {"distance_km": 1.29},
            {"speed_kmh": 3.6},
            {"timestamp": "Sun Jun 11 07:30:14 UTC 2017"}
        ],
        [
            {"location": [[
                {"latitude": 64.231241},
                {"longitude": 27.726944}
            ]]},
            {"altitude": 136.5},
            {"distance_km": 1.3},
            {"speed_kmh": 2.7},
            {"timestamp": "Sun Jun 11 07:30:24 UTC 2017"}
        ],
        [
            {"location": [[
                {"latitude": 64.231295},
                {"longitude": 27.726761}
            ]]},
            {"altitude": 135},
            {"distance_km": 1.31},
            {"speed_kmh": 2.7},
            {"timestamp": "Sun Jun 11 07:30:34 UTC 2017"}
        ],
        [
            {"location": [[
                {"latitude": 64.231362},
                {"longitude": 27.726554}
            ]]},
            {"altitude": 136.5},
            {"distance_km": 1.32},
            {"speed_kmh": 2.7},
            {"timestamp": "Sun Jun 11 07:30:42 UTC 2017"}
        ],
        [
            {"location": [[
                {"latitude": 64.231436},
                {"longitude": 27.726382}
            ]]},
            {"altitude": 135.5},
            {"distance_km": 1.33},
            {"speed_kmh": 2.7},
            {"timestamp": "Sun Jun 11 07:30:52 UTC 2017"}
        ],
        [
            {"location": [[
                {"latitude": 64.231513},
                {"longitude": 27.726214}
            ]]},
            {"altitude": 135.5},
            {"distance_km": 1.35},
            {"speed_kmh": 0},
            {"timestamp": "Sun Jun 11 07:31:02 UTC 2017"}
        ],
        [
            {"location": [[
                {"latitude": 64.231593},
                {"longitude": 27.726068}
            ]]},
            {"altitude": 136.5},
            {"distance_km": 1.36},
            {"speed_kmh": 0},
            {"timestamp": "Sun Jun 11 07:31:16 UTC 2017"}
        ],
        [
            {"location": [[
                {"latitude": 64.231633},
                {"longitude": 27.726255}
            ]]},
            {"altitude": 137},
            {"distance_km": 1.37},
            {"speed_kmh": 0},
            {"timestamp": "Sun Jun 11 07:31:30 UTC 2017"}
        ],
        [
            {"location": [[
                {"latitude": 64.231656},
                {"longitude": 27.726471}
            ]]},
            {"altitude": 139.5},
            {"distance_km": 1.38},
            {"speed_kmh": 4.5},
            {"timestamp": "Sun Jun 11 07:31:40 UTC 2017"}
        ],
        [
            {"location": [[
                {"latitude": 64.23167},
                {"longitude": 27.726688}
            ]]},
            {"altitude": 143},
            {"distance_km": 1.39},
            {"speed_kmh": 0.9},
            {"timestamp": "Sun Jun 11 07:31:46 UTC 2017"}
        ],
        [
            {"location": [[
                {"latitude": 64.231678},
                {"longitude": 27.7269}
            ]]},
            {"altitude": 144},
            {"distance_km": 1.4},
            {"speed_kmh": 0},
            {"timestamp": "Sun Jun 11 07:32:00 UTC 2017"}
        ],
        [
            {"location": [[
                {"latitude": 64.231706},
                {"longitude": 27.727119}
            ]]},
            {"altitude": 147.5},
            {"distance_km": 1.41},
            {"speed_kmh": 4.5},
            {"timestamp": "Sun Jun 11 07:32:12 UTC 2017"}
        ],
        [
            {"location": [[
                {"latitude": 64.231693},
                {"longitude": 27.727346}
            ]]},
            {"altitude": 153.5},
            {"distance_km": 1.42},
            {"speed_kmh": 5.4},
            {"timestamp": "Sun Jun 11 07:32:18 UTC 2017"}
        ],
        [
            {"location": [[
                {"latitude": 64.231708},
                {"longitude": 27.727592}
            ]]},
            {"altitude": 157},
            {"distance_km": 1.43},
            {"speed_kmh": 4.5},
            {"timestamp": "Sun Jun 11 07:32:32 UTC 2017"}
        ],
        [
            {"location": [[
                {"latitude": 64.231705},
                {"longitude": 27.727812}
            ]]},
            {"altitude": 158},
            {"distance_km": 1.44},
            {"speed_kmh": 2.7},
            {"timestamp": "Sun Jun 11 07:32:38 UTC 2017"}
        ],
        [
            {"location": [[
                {"latitude": 64.2317},
                {"longitude": 27.728072}
            ]]},
            {"altitude": 156},
            {"distance_km": 1.46},
            {"speed_kmh": 2.7},
            {"timestamp": "Sun Jun 11 07:32:50 UTC 2017"}
        ],
        [
            {"location": [[
                {"latitude": 64.231709},
                {"longitude": 27.728314}
            ]]},
            {"altitude": 155.5},
            {"distance_km": 1.47},
            {"speed_kmh": 3.6},
            {"timestamp": "Sun Jun 11 07:32:56 UTC 2017"}
        ],
        [
            {"location": [[
                {"latitude": 64.231717},
                {"longitude": 27.728556}
            ]]},
            {"altitude": 158},
            {"distance_km": 1.48},
            {"speed_kmh": 3.6},
            {"timestamp": "Sun Jun 11 07:33:04 UTC 2017"}
        ],
        [
            {"location": [[
                {"latitude": 64.231702},
                {"longitude": 27.728778}
            ]]},
            {"altitude": 156.5},
            {"distance_km": 1.49},
            {"speed_kmh": 2.7},
            {"timestamp": "Sun Jun 11 07:33:12 UTC 2017"}
        ],
        [
            {"location": [[
                {"latitude": 64.231675},
                {"longitude": 27.728988}
            ]]},
            {"altitude": 154.5},
            {"distance_km": 1.5},
            {"speed_kmh": 2.7},
            {"timestamp": "Sun Jun 11 07:33:20 UTC 2017"}
        ],
        [
            {"location": [[
                {"latitude": 64.231673},
                {"longitude": 27.72923}
            ]]},
            {"altitude": 154},
            {"distance_km": 1.51},
            {"speed_kmh": 2.7},
            {"timestamp": "Sun Jun 11 07:33:32 UTC 2017"}
        ],
        [
            {"location": [[
                {"latitude": 64.231689},
                {"longitude": 27.729435}
            ]]},
            {"altitude": 149},
            {"distance_km": 1.52},
            {"speed_kmh": 2.7},
            {"timestamp": "Sun Jun 11 07:33:40 UTC 2017"}
        ],
        [
            {"location": [[
                {"latitude": 64.231779},
                {"longitude": 27.72948}
            ]]},
            {"altitude": 149},
            {"distance_km": 1.53},
            {"speed_kmh": 1.8},
            {"timestamp": "Sun Jun 11 07:33:56 UTC 2017"}
        ],
        [
            {"location": [[
                {"latitude": 64.231794},
                {"longitude": 27.72948}
            ]]},
            {"altitude": 151},
            {"distance_km": 1.53},
            {"speed_kmh": 0},
            {"timestamp": "Sun Jun 11 07:34:16 UTC 2017"}
        ],
        [
            {"location": [[
                {"latitude": 64.231795},
                {"longitude": 27.729478}
            ]]},
            {"altitude": 151},
            {"distance_km": 1.53},
            {"speed_kmh": 0},
            {"timestamp": "Sun Jun 11 07:34:17 UTC 2017"}
        ]
    ]}
]