[
    {"sport": "WALKING"},
    {"source": "TRACK_MOBILE"},
    {"created_date": "2017-05-20 12:16:32.0"},
    {"start_time": "2017-05-20 12:15:12.0"},
    {"end_time": "2017-05-20 12:48:47.0"},
    {"duration_s": 2013},
    {"distance_km": 2.21},
    {"calories_kcal": 172.088},
    {"altitude_min_m": 137.5},
    {"altitude_max_m": 209},
    {"speed_avg_kmh": 3.9523099850968704},
    {"speed_max_kmh": 18},
    {"ascend_m": 117.5},
    {"descend_m": 122.5},
    {"points": [
        [
            {"location": [[
                {"latitude": 64.231628},
                {"longitude": 27.729758}
            ]]},
            {"distance_km": 0},
            {"timestamp": "Sat May 20 12:15:12 UTC 2017"}
        ],
        [
            {"location": [[
                {"latitude": 64.231628},
                {"longitude": 27.729758}
            ]]},
            {"altitude": 157.5},
            {"distance_km": 0},
            {"speed_kmh": 18},
            {"timestamp": "Sat May 20 12:15:41 UTC 2017"}
        ],
        [
            {"location": [[
                {"latitude": 64.23179},
                {"longitude": 27.729644}
            ]]},
            {"altitude": 151},
            {"distance_km": 0.02},
            {"speed_kmh": 3.6},
            {"timestamp": "Sat May 20 12:15:47 UTC 2017"}
        ],
        [
            {"location": [[
                {"latitude": 64.231664},
                {"longitude": 27.729815}
            ]]},
            {"altitude": 142.5},
            {"distance_km": 0.04},
            {"speed_kmh": 8.1},
            {"timestamp": "Sat May 20 12:16:25 UTC 2017"}
        ],
        [
            {"location": [[
                {"latitude": 64.231673},
                {"longitude": 27.730026}
            ]]},
            {"altitude": 145},
            {"distance_km": 0.05},
            {"speed_kmh": 4.5},
            {"timestamp": "Sat May 20 12:16:37 UTC 2017"}
        ],
        [
            {"location": [[
                {"latitude": 64.231727},
                {"longitude": 27.73019}
            ]]},
            {"altitude": 144.5},
            {"distance_km": 0.06},
            {"speed_kmh": 4.5},
            {"timestamp": "Sat May 20 12:16:43 UTC 2017"}
        ],
        [
            {"location": [[
                {"latitude": 64.231806},
                {"longitude": 27.730298}
            ]]},
            {"altitude": 140},
            {"distance_km": 0.07},
            {"speed_kmh": 2.7},
            {"timestamp": "Sat May 20 12:16:50 UTC 2017"}
        ],
        [
            {"location": [[
                {"latitude": 64.231899},
                {"longitude": 27.730393}
            ]]},
            {"altitude": 139.5},
            {"distance_km": 0.08},
            {"speed_kmh": 4.5},
            {"timestamp": "Sat May 20 12:16:59 UTC 2017"}
        ],
        [
            {"location": [[
                {"latitude": 64.231988},
                {"longitude": 27.730448}
            ]]},
            {"altitude": 140.5},
            {"distance_km": 0.09},
            {"speed_kmh": 5.4},
            {"timestamp": "Sat May 20 12:17:05 UTC 2017"}
        ],
        [
            {"location": [[
                {"latitude": 64.23207},
                {"longitude": 27.730537}
            ]]},
            {"altitude": 141},
            {"distance_km": 0.1},
            {"speed_kmh": 4.5},
            {"timestamp": "Sat May 20 12:17:11 UTC 2017"}
        ],
        [
            {"location": [[
                {"latitude": 64.232166},
                {"longitude": 27.730644}
            ]]},
            {"altitude": 140.5},
            {"distance_km": 0.11},
            {"speed_kmh": 4.5},
            {"timestamp": "Sat May 20 12:17:19 UTC 2017"}
        ],
        [
            {"location": [[
                {"latitude": 64.232247},
                {"longitude": 27.730796}
            ]]},
            {"altitude": 137.5},
            {"distance_km": 0.12},
            {"speed_kmh": 5.4},
            {"timestamp": "Sat May 20 12:17:27 UTC 2017"}
        ],
        [
            {"location": [[
                {"latitude": 64.232336},
                {"longitude": 27.730933}
            ]]},
            {"altitude": 138.5},
            {"distance_km": 0.13},
            {"speed_kmh": 5.4},
            {"timestamp": "Sat May 20 12:17:35 UTC 2017"}
        ],
        [
            {"location": [[
                {"latitude": 64.23243},
                {"longitude": 27.731053}
            ]]},
            {"altitude": 140.5},
            {"distance_km": 0.14},
            {"speed_kmh": 4.5},
            {"timestamp": "Sat May 20 12:17:43 UTC 2017"}
        ],
        [
            {"location": [[
                {"latitude": 64.232527},
                {"longitude": 27.731139}
            ]]},
            {"altitude": 138},
            {"distance_km": 0.16},
            {"speed_kmh": 4.5},
            {"timestamp": "Sat May 20 12:17:51 UTC 2017"}
        ],
        [
            {"location": [[
                {"latitude": 64.232629},
                {"longitude": 27.731198}
            ]]},
            {"altitude": 147.5},
            {"distance_km": 0.17},
            {"speed_kmh": 5.4},
            {"timestamp": "Sat May 20 12:18:13 UTC 2017"}
        ],
        [
            {"location": [[
                {"latitude": 64.23272},
                {"longitude": 27.73133}
            ]]},
            {"altitude": 151.5},
            {"distance_km": 0.18},
            {"speed_kmh": 5.4},
            {"timestamp": "Sat May 20 12:18:20 UTC 2017"}
        ],
        [
            {"location": [[
                {"latitude": 64.232827},
                {"longitude": 27.731442}
            ]]},
            {"altitude": 153.5},
            {"distance_km": 0.19},
            {"speed_kmh": 5.4},
            {"timestamp": "Sat May 20 12:18:29 UTC 2017"}
        ],
        [
            {"location": [[
                {"latitude": 64.232917},
                {"longitude": 27.731466}
            ]]},
            {"altitude": 154},
            {"distance_km": 0.2},
            {"speed_kmh": 5.4},
            {"timestamp": "Sat May 20 12:18:35 UTC 2017"}
        ],
        [
            {"location": [[
                {"latitude": 64.233016},
                {"longitude": 27.731625}
            ]]},
            {"altitude": 154},
            {"distance_km": 0.22},
            {"speed_kmh": 5.4},
            {"timestamp": "Sat May 20 12:18:43 UTC 2017"}
        ],
        [
            {"location": [[
                {"latitude": 64.233128},
                {"longitude": 27.73158}
            ]]},
            {"altitude": 161},
            {"distance_km": 0.23},
            {"speed_kmh": 3.6},
            {"timestamp": "Sat May 20 12:19:05 UTC 2017"}
        ],
        [
            {"location": [[
                {"latitude": 64.233219},
                {"longitude": 27.731517}
            ]]},
            {"altitude": 159},
            {"distance_km": 0.24},
            {"speed_kmh": 3.6},
            {"timestamp": "Sat May 20 12:19:21 UTC 2017"}
        ],
        [
            {"location": [[
                {"latitude": 64.233326},
                {"longitude": 27.731648}
            ]]},
            {"altitude": 159},
            {"distance_km": 0.25},
            {"speed_kmh": 4.5},
            {"timestamp": "Sat May 20 12:19:27 UTC 2017"}
        ],
        [
            {"location": [[
                {"latitude": 64.233418},
                {"longitude": 27.731605}
            ]]},
            {"altitude": 162},
            {"distance_km": 0.26},
            {"speed_kmh": 2.7},
            {"timestamp": "Sat May 20 12:19:35 UTC 2017"}
        ],
        [
            {"location": [[
                {"latitude": 64.233515},
                {"longitude": 27.731494}
            ]]},
            {"altitude": 164.5},
            {"distance_km": 0.28},
            {"speed_kmh": 2.7},
            {"timestamp": "Sat May 20 12:19:43 UTC 2017"}
        ],
        [
            {"location": [[
                {"latitude": 64.233603},
                {"longitude": 27.731428}
            ]]},
            {"altitude": 167},
            {"distance_km": 0.29},
            {"speed_kmh": 3.6},
            {"timestamp": "Sat May 20 12:19:49 UTC 2017"}
        ],
        [
            {"location": [[
                {"latitude": 64.233704},
                {"longitude": 27.731366}
            ]]},
            {"altitude": 170.5},
            {"distance_km": 0.3},
            {"speed_kmh": 1.8},
            {"timestamp": "Sat May 20 12:19:58 UTC 2017"}
        ],
        [
            {"location": [[
                {"latitude": 64.233783},
                {"longitude": 27.731241}
            ]]},
            {"altitude": 174},
            {"distance_km": 0.31},
            {"speed_kmh": 0},
            {"timestamp": "Sat May 20 12:20:13 UTC 2017"}
        ],
        [
            {"location": [[
                {"latitude": 64.233861},
                {"longitude": 27.731111}
            ]]},
            {"altitude": 175},
            {"distance_km": 0.32},
            {"speed_kmh": 2.7},
            {"timestamp": "Sat May 20 12:20:25 UTC 2017"}
        ],
        [
            {"location": [[
                {"latitude": 64.233928},
                {"longitude": 27.730937}
            ]]},
            {"altitude": 177.5},
            {"distance_km": 0.33},
            {"speed_kmh": 3.6},
            {"timestamp": "Sat May 20 12:20:33 UTC 2017"}
        ],
        [
            {"location": [[
                {"latitude": 64.233882},
                {"longitude": 27.730738}
            ]]},
            {"altitude": 180},
            {"distance_km": 0.34},
            {"speed_kmh": 3.6},
            {"timestamp": "Sat May 20 12:20:41 UTC 2017"}
        ],
        [
            {"location": [[
                {"latitude": 64.233905},
                {"longitude": 27.730522}
            ]]},
            {"altitude": 172.5},
            {"distance_km": 0.35},
            {"speed_kmh": 3.6},
            {"timestamp": "Sat May 20 12:20:53 UTC 2017"}
        ],
        [
            {"location": [[
                {"latitude": 64.233823},
                {"longitude": 27.730435}
            ]]},
            {"altitude": 172.5},
            {"distance_km": 0.36},
            {"speed_kmh": 3.6},
            {"timestamp": "Sat May 20 12:21:01 UTC 2017"}
        ],
        [
            {"location": [[
                {"latitude": 64.233772},
                {"longitude": 27.730217}
            ]]},
            {"altitude": 174.5},
            {"distance_km": 0.37},
            {"speed_kmh": 3.6},
            {"timestamp": "Sat May 20 12:21:11 UTC 2017"}
        ],
        [
            {"location": [[
                {"latitude": 64.233725},
                {"longitude": 27.729997}
            ]]},
            {"altitude": 174.5},
            {"distance_km": 0.39},
            {"speed_kmh": 3.6},
            {"timestamp": "Sat May 20 12:21:19 UTC 2017"}
        ],
        [
            {"location": [[
                {"latitude": 64.233731},
                {"longitude": 27.729783}
            ]]},
            {"altitude": 174.5},
            {"distance_km": 0.4},
            {"speed_kmh": 3.6},
            {"timestamp": "Sat May 20 12:21:27 UTC 2017"}
        ],
        [
            {"location": [[
                {"latitude": 64.23377},
                {"longitude": 27.729587}
            ]]},
            {"altitude": 172},
            {"distance_km": 0.41},
            {"speed_kmh": 3.6},
            {"timestamp": "Sat May 20 12:21:35 UTC 2017"}
        ],
        [
            {"location": [[
                {"latitude": 64.233826},
                {"longitude": 27.729353}
            ]]},
            {"altitude": 172},
            {"distance_km": 0.42},
            {"speed_kmh": 3.6},
            {"timestamp": "Sat May 20 12:21:43 UTC 2017"}
        ],
        [
            {"location": [[
                {"latitude": 64.233832},
                {"longitude": 27.729136}
            ]]},
            {"altitude": 173.5},
            {"distance_km": 0.43},
            {"speed_kmh": 3.6},
            {"timestamp": "Sat May 20 12:21:50 UTC 2017"}
        ],
        [
            {"location": [[
                {"latitude": 64.233874},
                {"longitude": 27.728942}
            ]]},
            {"altitude": 174},
            {"distance_km": 0.44},
            {"speed_kmh": 0.9},
            {"timestamp": "Sat May 20 12:21:58 UTC 2017"}
        ],
        [
            {"location": [[
                {"latitude": 64.233936},
                {"longitude": 27.728712}
            ]]},
            {"altitude": 174.5},
            {"distance_km": 0.45},
            {"speed_kmh": 5.4},
            {"timestamp": "Sat May 20 12:22:09 UTC 2017"}
        ],
        [
            {"location": [[
                {"latitude": 64.233978},
                {"longitude": 27.728515}
            ]]},
            {"altitude": 176},
            {"distance_km": 0.46},
            {"speed_kmh": 3.6},
            {"timestamp": "Sat May 20 12:22:17 UTC 2017"}
        ],
        [
            {"location": [[
                {"latitude": 64.233973},
                {"longitude": 27.72829}
            ]]},
            {"altitude": 173},
            {"distance_km": 0.48},
            {"speed_kmh": 3.6},
            {"timestamp": "Sat May 20 12:22:27 UTC 2017"}
        ],
        [
            {"location": [[
                {"latitude": 64.233938},
                {"longitude": 27.728066}
            ]]},
            {"altitude": 173.5},
            {"distance_km": 0.49},
            {"speed_kmh": 3.6},
            {"timestamp": "Sat May 20 12:22:37 UTC 2017"}
        ],
        [
            {"location": [[
                {"latitude": 64.233867},
                {"longitude": 27.727888}
            ]]},
            {"altitude": 171.5},
            {"distance_km": 0.5},
            {"speed_kmh": 3.6},
            {"timestamp": "Sat May 20 12:22:47 UTC 2017"}
        ],
        [
            {"location": [[
                {"latitude": 64.233812},
                {"longitude": 27.72768}
            ]]},
            {"altitude": 170.5},
            {"distance_km": 0.51},
            {"speed_kmh": 3.6},
            {"timestamp": "Sat May 20 12:22:57 UTC 2017"}
        ],
        [
            {"location": [[
                {"latitude": 64.233816},
                {"longitude": 27.727445}
            ]]},
            {"altitude": 174.5},
            {"distance_km": 0.52},
            {"speed_kmh": 3.6},
            {"timestamp": "Sat May 20 12:23:05 UTC 2017"}
        ],
        [
            {"location": [[
                {"latitude": 64.233838},
                {"longitude": 27.727231}
            ]]},
            {"altitude": 175.5},
            {"distance_km": 0.53},
            {"speed_kmh": 3.6},
            {"timestamp": "Sat May 20 12:23:13 UTC 2017"}
        ],
        [
            {"location": [[
                {"latitude": 64.233893},
                {"longitude": 27.72705}
            ]]},
            {"altitude": 177},
            {"distance_km": 0.54},
            {"speed_kmh": 3.6},
            {"timestamp": "Sat May 20 12:23:21 UTC 2017"}
        ],
        [
            {"location": [[
                {"latitude": 64.233943},
                {"longitude": 27.726847}
            ]]},
            {"altitude": 179.5},
            {"distance_km": 0.55},
            {"speed_kmh": 3.6},
            {"timestamp": "Sat May 20 12:23:29 UTC 2017"}
        ],
        [
            {"location": [[
                {"latitude": 64.233985},
                {"longitude": 27.726654}
            ]]},
            {"altitude": 182.5},
            {"distance_km": 0.56},
            {"speed_kmh": 3.6},
            {"timestamp": "Sat May 20 12:23:37 UTC 2017"}
        ],
        [
            {"location": [[
                {"latitude": 64.23405},
                {"longitude": 27.726476}
            ]]},
            {"altitude": 182},
            {"distance_km": 0.58},
            {"speed_kmh": 3.6},
            {"timestamp": "Sat May 20 12:23:45 UTC 2017"}
        ],
        [
            {"location": [[
                {"latitude": 64.23411},
                {"longitude": 27.726265}
            ]]},
            {"altitude": 182.5},
            {"distance_km": 0.59},
            {"speed_kmh": 3.6},
            {"timestamp": "Sat May 20 12:23:54 UTC 2017"}
        ],
        [
            {"location": [[
                {"latitude": 64.234183},
                {"longitude": 27.726136}
            ]]},
            {"altitude": 182.5},
            {"distance_km": 0.6},
            {"speed_kmh": 3.6},
            {"timestamp": "Sat May 20 12:24:01 UTC 2017"}
        ],
        [
            {"location": [[
                {"latitude": 64.234294},
                {"longitude": 27.726077}
            ]]},
            {"altitude": 178.5},
            {"distance_km": 0.61},
            {"speed_kmh": 3.6},
            {"timestamp": "Sat May 20 12:24:09 UTC 2017"}
        ],
        [
            {"location": [[
                {"latitude": 64.234394},
                {"longitude": 27.725997}
            ]]},
            {"altitude": 178},
            {"distance_km": 0.62},
            {"speed_kmh": 3.6},
            {"timestamp": "Sat May 20 12:24:17 UTC 2017"}
        ],
        [
            {"location": [[
                {"latitude": 64.234482},
                {"longitude": 27.725891}
            ]]},
            {"altitude": 177},
            {"distance_km": 0.63},
            {"speed_kmh": 3.6},
            {"timestamp": "Sat May 20 12:24:23 UTC 2017"}
        ],
        [
            {"location": [[
                {"latitude": 64.234549},
                {"longitude": 27.725753}
            ]]},
            {"altitude": 179.5},
            {"distance_km": 0.64},
            {"speed_kmh": 3.6},
            {"timestamp": "Sat May 20 12:24:29 UTC 2017"}
        ],
        [
            {"location": [[
                {"latitude": 64.234616},
                {"longitude": 27.725601}
            ]]},
            {"altitude": 181.5},
            {"distance_km": 0.65},
            {"speed_kmh": 3.6},
            {"timestamp": "Sat May 20 12:24:37 UTC 2017"}
        ],
        [
            {"location": [[
                {"latitude": 64.234724},
                {"longitude": 27.72556}
            ]]},
            {"altitude": 181.5},
            {"distance_km": 0.67},
            {"speed_kmh": 3.6},
            {"timestamp": "Sat May 20 12:24:47 UTC 2017"}
        ],
        [
            {"location": [[
                {"latitude": 64.234828},
                {"longitude": 27.725488}
            ]]},
            {"altitude": 183.5},
            {"distance_km": 0.68},
            {"speed_kmh": 3.6},
            {"timestamp": "Sat May 20 12:24:59 UTC 2017"}
        ],
        [
            {"location": [[
                {"latitude": 64.234918},
                {"longitude": 27.725431}
            ]]},
            {"altitude": 186.5},
            {"distance_km": 0.69},
            {"speed_kmh": 3.6},
            {"timestamp": "Sat May 20 12:25:07 UTC 2017"}
        ],
        [
            {"location": [[
                {"latitude": 64.235032},
                {"longitude": 27.725408}
            ]]},
            {"altitude": 185},
            {"distance_km": 0.7},
            {"speed_kmh": 3.6},
            {"timestamp": "Sat May 20 12:25:15 UTC 2017"}
        ],
        [
            {"location": [[
                {"latitude": 64.23514},
                {"longitude": 27.725384}
            ]]},
            {"altitude": 183.5},
            {"distance_km": 0.71},
            {"speed_kmh": 3.6},
            {"timestamp": "Sat May 20 12:25:23 UTC 2017"}
        ],
        [
            {"location": [[
                {"latitude": 64.235245},
                {"longitude": 27.725294}
            ]]},
            {"altitude": 185.5},
            {"distance_km": 0.73},
            {"speed_kmh": 4.5},
            {"timestamp": "Sat May 20 12:25:31 UTC 2017"}
        ],
        [
            {"location": [[
                {"latitude": 64.235312},
                {"longitude": 27.725127}
            ]]},
            {"altitude": 184},
            {"distance_km": 0.74},
            {"speed_kmh": 3.6},
            {"timestamp": "Sat May 20 12:25:39 UTC 2017"}
        ],
        [
            {"location": [[
                {"latitude": 64.235406},
                {"longitude": 27.725108}
            ]]},
            {"altitude": 180},
            {"distance_km": 0.75},
            {"speed_kmh": 3.6},
            {"timestamp": "Sat May 20 12:25:48 UTC 2017"}
        ],
        [
            {"location": [[
                {"latitude": 64.235491},
                {"longitude": 27.725201}
            ]]},
            {"altitude": 177},
            {"distance_km": 0.76},
            {"speed_kmh": 3.6},
            {"timestamp": "Sat May 20 12:25:55 UTC 2017"}
        ],
        [
            {"location": [[
                {"latitude": 64.235583},
                {"longitude": 27.725252}
            ]]},
            {"altitude": 177},
            {"distance_km": 0.77},
            {"speed_kmh": 3.6},
            {"timestamp": "Sat May 20 12:26:03 UTC 2017"}
        ],
        [
            {"location": [[
                {"latitude": 64.235676},
                {"longitude": 27.725261}
            ]]},
            {"altitude": 182.5},
            {"distance_km": 0.78},
            {"speed_kmh": 3.6},
            {"timestamp": "Sat May 20 12:26:11 UTC 2017"}
        ],
        [
            {"location": [[
                {"latitude": 64.235786},
                {"longitude": 27.7253}
            ]]},
            {"altitude": 185.5},
            {"distance_km": 0.79},
            {"speed_kmh": 4.5},
            {"timestamp": "Sat May 20 12:26:29 UTC 2017"}
        ],
        [
            {"location": [[
                {"latitude": 64.235863},
                {"longitude": 27.725455}
            ]]},
            {"altitude": 177.5},
            {"distance_km": 0.8},
            {"speed_kmh": 0},
            {"timestamp": "Sat May 20 12:26:37 UTC 2017"}
        ],
        [
            {"location": [[
                {"latitude": 64.235921},
                {"longitude": 27.725623}
            ]]},
            {"altitude": 178.5},
            {"distance_km": 0.81},
            {"speed_kmh": 2.7},
            {"timestamp": "Sat May 20 12:26:55 UTC 2017"}
        ],
        [
            {"location": [[
                {"latitude": 64.236002},
                {"longitude": 27.725717}
            ]]},
            {"altitude": 184},
            {"distance_km": 0.82},
            {"speed_kmh": 2.7},
            {"timestamp": "Sat May 20 12:27:11 UTC 2017"}
        ],
        [
            {"location": [[
                {"latitude": 64.236102},
                {"longitude": 27.725668}
            ]]},
            {"altitude": 183},
            {"distance_km": 0.83},
            {"speed_kmh": 2.7},
            {"timestamp": "Sat May 20 12:27:21 UTC 2017"}
        ],
        [
            {"location": [[
                {"latitude": 64.236205},
                {"longitude": 27.725735}
            ]]},
            {"altitude": 185},
            {"distance_km": 0.85},
            {"speed_kmh": 3.6},
            {"timestamp": "Sat May 20 12:27:34 UTC 2017"}
        ],
        [
            {"location": [[
                {"latitude": 64.236266},
                {"longitude": 27.725936}
            ]]},
            {"altitude": 187},
            {"distance_km": 0.86},
            {"speed_kmh": 3.6},
            {"timestamp": "Sat May 20 12:27:41 UTC 2017"}
        ],
        [
            {"location": [[
                {"latitude": 64.236301},
                {"longitude": 27.726154}
            ]]},
            {"altitude": 192},
            {"distance_km": 0.87},
            {"speed_kmh": 3.6},
            {"timestamp": "Sat May 20 12:27:49 UTC 2017"}
        ],
        [
            {"location": [[
                {"latitude": 64.236347},
                {"longitude": 27.726381}
            ]]},
            {"altitude": 196},
            {"distance_km": 0.88},
            {"speed_kmh": 3.6},
            {"timestamp": "Sat May 20 12:27:59 UTC 2017"}
        ],
        [
            {"location": [[
                {"latitude": 64.236326},
                {"longitude": 27.726637}
            ]]},
            {"altitude": 195.5},
            {"distance_km": 0.89},
            {"speed_kmh": 3.6},
            {"timestamp": "Sat May 20 12:28:09 UTC 2017"}
        ],
        [
            {"location": [[
                {"latitude": 64.236313},
                {"longitude": 27.72686}
            ]]},
            {"altitude": 200},
            {"distance_km": 0.91},
            {"speed_kmh": 2.7},
            {"timestamp": "Sat May 20 12:28:19 UTC 2017"}
        ],
        [
            {"location": [[
                {"latitude": 64.236295},
                {"longitude": 27.727082}
            ]]},
            {"altitude": 202.5},
            {"distance_km": 0.92},
            {"speed_kmh": 3.6},
            {"timestamp": "Sat May 20 12:28:29 UTC 2017"}
        ],
        [
            {"location": [[
                {"latitude": 64.236246},
                {"longitude": 27.727273}
            ]]},
            {"altitude": 204.5},
            {"distance_km": 0.93},
            {"speed_kmh": 3.6},
            {"timestamp": "Sat May 20 12:28:39 UTC 2017"}
        ],
        [
            {"location": [[
                {"latitude": 64.236256},
                {"longitude": 27.727505}
            ]]},
            {"altitude": 206.5},
            {"distance_km": 0.94},
            {"speed_kmh": 2.7},
            {"timestamp": "Sat May 20 12:28:49 UTC 2017"}
        ],
        [
            {"location": [[
                {"latitude": 64.236313},
                {"longitude": 27.727306}
            ]]},
            {"altitude": 196.5},
            {"distance_km": 0.95},
            {"speed_kmh": 3.6},
            {"timestamp": "Sat May 20 12:29:15 UTC 2017"}
        ],
        [
            {"location": [[
                {"latitude": 64.236404},
                {"longitude": 27.72723}
            ]]},
            {"altitude": 195},
            {"distance_km": 0.96},
            {"speed_kmh": 5.4},
            {"timestamp": "Sat May 20 12:29:25 UTC 2017"}
        ],
        [
            {"location": [[
                {"latitude": 64.236497},
                {"longitude": 27.72724}
            ]]},
            {"altitude": 197},
            {"distance_km": 0.97},
            {"speed_kmh": 3.6},
            {"timestamp": "Sat May 20 12:29:34 UTC 2017"}
        ],
        [
            {"location": [[
                {"latitude": 64.23659},
                {"longitude": 27.727258}
            ]]},
            {"altitude": 194},
            {"distance_km": 0.98},
            {"speed_kmh": 3.6},
            {"timestamp": "Sat May 20 12:29:41 UTC 2017"}
        ],
        [
            {"location": [[
                {"latitude": 64.23668},
                {"longitude": 27.7273}
            ]]},
            {"altitude": 191.5},
            {"distance_km": 0.99},
            {"speed_kmh": 3.6},
            {"timestamp": "Sat May 20 12:29:49 UTC 2017"}
        ],
        [
            {"location": [[
                {"latitude": 64.23677},
                {"longitude": 27.72738}
            ]]},
            {"altitude": 192.5},
            {"distance_km": 1},
            {"speed_kmh": 3.6},
            {"timestamp": "Sat May 20 12:29:57 UTC 2017"}
        ],
        [
            {"location": [[
                {"latitude": 64.236874},
                {"longitude": 27.727387}
            ]]},
            {"altitude": 194},
            {"distance_km": 1.01},
            {"speed_kmh": 3.6},
            {"timestamp": "Sat May 20 12:30:07 UTC 2017"}
        ],
        [
            {"location": [[
                {"latitude": 64.236966},
                {"longitude": 27.727451}
            ]]},
            {"altitude": 194.5},
            {"distance_km": 1.02},
            {"speed_kmh": 3.6},
            {"timestamp": "Sat May 20 12:30:15 UTC 2017"}
        ],
        [
            {"location": [[
                {"latitude": 64.23706},
                {"longitude": 27.727475}
            ]]},
            {"altitude": 191.5},
            {"distance_km": 1.04},
            {"speed_kmh": 3.6},
            {"timestamp": "Sat May 20 12:30:25 UTC 2017"}
        ],
        [
            {"location": [[
                {"latitude": 64.237163},
                {"longitude": 27.727552}
            ]]},
            {"altitude": 192.5},
            {"distance_km": 1.05},
            {"speed_kmh": 3.6},
            {"timestamp": "Sat May 20 12:30:35 UTC 2017"}
        ],
        [
            {"location": [[
                {"latitude": 64.237249},
                {"longitude": 27.727652}
            ]]},
            {"altitude": 194},
            {"distance_km": 1.06},
            {"speed_kmh": 2.7},
            {"timestamp": "Sat May 20 12:30:45 UTC 2017"}
        ],
        [
            {"location": [[
                {"latitude": 64.237341},
                {"longitude": 27.727758}
            ]]},
            {"altitude": 193.5},
            {"distance_km": 1.07},
            {"speed_kmh": 3.6},
            {"timestamp": "Sat May 20 12:30:53 UTC 2017"}
        ],
        [
            {"location": [[
                {"latitude": 64.237433},
                {"longitude": 27.727719}
            ]]},
            {"altitude": 193},
            {"distance_km": 1.08},
            {"speed_kmh": 2.7},
            {"timestamp": "Sat May 20 12:31:05 UTC 2017"}
        ],
        [
            {"location": [[
                {"latitude": 64.237529},
                {"longitude": 27.72781}
            ]]},
            {"altitude": 192},
            {"distance_km": 1.09},
            {"speed_kmh": 2.7},
            {"timestamp": "Sat May 20 12:31:19 UTC 2017"}
        ],
        [
            {"location": [[
                {"latitude": 64.237608},
                {"longitude": 27.727918}
            ]]},
            {"altitude": 189.5},
            {"distance_km": 1.1},
            {"speed_kmh": 3.6},
            {"timestamp": "Sat May 20 12:31:26 UTC 2017"}
        ],
        [
            {"location": [[
                {"latitude": 64.237684},
                {"longitude": 27.72806}
            ]]},
            {"altitude": 192},
            {"distance_km": 1.11},
            {"speed_kmh": 3.6},
            {"timestamp": "Sat May 20 12:31:33 UTC 2017"}
        ],
        [
            {"location": [[
                {"latitude": 64.237772},
                {"longitude": 27.728109}
            ]]},
            {"altitude": 193.5},
            {"distance_km": 1.12},
            {"speed_kmh": 3.6},
            {"timestamp": "Sat May 20 12:31:41 UTC 2017"}
        ],
        [
            {"location": [[
                {"latitude": 64.237866},
                {"longitude": 27.728131}
            ]]},
            {"altitude": 194},
            {"distance_km": 1.13},
            {"speed_kmh": 3.6},
            {"timestamp": "Sat May 20 12:31:51 UTC 2017"}
        ],
        [
            {"location": [[
                {"latitude": 64.237968},
                {"longitude": 27.72822}
            ]]},
            {"altitude": 193.5},
            {"distance_km": 1.15},
            {"speed_kmh": 3.6},
            {"timestamp": "Sat May 20 12:31:59 UTC 2017"}
        ],
        [
            {"location": [[
                {"latitude": 64.238066},
                {"longitude": 27.728319}
            ]]},
            {"altitude": 191},
            {"distance_km": 1.16},
            {"speed_kmh": 3.6},
            {"timestamp": "Sat May 20 12:32:09 UTC 2017"}
        ],
        [
            {"location": [[
                {"latitude": 64.238108},
                {"longitude": 27.728507}
            ]]},
            {"altitude": 190.5},
            {"distance_km": 1.17},
            {"speed_kmh": 3.6},
            {"timestamp": "Sat May 20 12:32:19 UTC 2017"}
        ],
        [
            {"location": [[
                {"latitude": 64.238095},
                {"longitude": 27.728724}
            ]]},
            {"altitude": 192},
            {"distance_km": 1.18},
            {"speed_kmh": 3.6},
            {"timestamp": "Sat May 20 12:32:29 UTC 2017"}
        ],
        [
            {"location": [[
                {"latitude": 64.238057},
                {"longitude": 27.728942}
            ]]},
            {"altitude": 196},
            {"distance_km": 1.19},
            {"speed_kmh": 3.6},
            {"timestamp": "Sat May 20 12:32:39 UTC 2017"}
        ],
        [
            {"location": [[
                {"latitude": 64.237986},
                {"longitude": 27.72907}
            ]]},
            {"altitude": 200},
            {"distance_km": 1.2},
            {"speed_kmh": 3.6},
            {"timestamp": "Sat May 20 12:32:49 UTC 2017"}
        ],
        [
            {"location": [[
                {"latitude": 64.237873},
                {"longitude": 27.729053}
            ]]},
            {"altitude": 202},
            {"distance_km": 1.21},
            {"speed_kmh": 3.6},
            {"timestamp": "Sat May 20 12:33:08 UTC 2017"}
        ],
        [
            {"location": [[
                {"latitude": 64.237762},
                {"longitude": 27.729053}
            ]]},
            {"altitude": 200},
            {"distance_km": 1.22},
            {"speed_kmh": 3.6},
            {"timestamp": "Sat May 20 12:33:17 UTC 2017"}
        ],
        [
            {"location": [[
                {"latitude": 64.237664},
                {"longitude": 27.729123}
            ]]},
            {"altitude": 201.5},
            {"distance_km": 1.24},
            {"speed_kmh": 3.6},
            {"timestamp": "Sat May 20 12:33:25 UTC 2017"}
        ],
        [
            {"location": [[
                {"latitude": 64.237566},
                {"longitude": 27.729176}
            ]]},
            {"altitude": 207},
            {"distance_km": 1.25},
            {"speed_kmh": 3.6},
            {"timestamp": "Sat May 20 12:33:33 UTC 2017"}
        ],
        [
            {"location": [[
                {"latitude": 64.237468},
                {"longitude": 27.729214}
            ]]},
            {"altitude": 209},
            {"distance_km": 1.26},
            {"speed_kmh": 3.6},
            {"timestamp": "Sat May 20 12:33:41 UTC 2017"}
        ],
        [
            {"location": [[
                {"latitude": 64.237355},
                {"longitude": 27.729179}
            ]]},
            {"altitude": 208},
            {"distance_km": 1.27},
            {"speed_kmh": 3.6},
            {"timestamp": "Sat May 20 12:33:55 UTC 2017"}
        ],
        [
            {"location": [[
                {"latitude": 64.237255},
                {"longitude": 27.729096}
            ]]},
            {"altitude": 202.5},
            {"distance_km": 1.28},
            {"speed_kmh": 3.6},
            {"timestamp": "Sat May 20 12:34:01 UTC 2017"}
        ],
        [
            {"location": [[
                {"latitude": 64.237178},
                {"longitude": 27.728965}
            ]]},
            {"altitude": 203.5},
            {"distance_km": 1.29},
            {"speed_kmh": 3.6},
            {"timestamp": "Sat May 20 12:34:07 UTC 2017"}
        ],
        [
            {"location": [[
                {"latitude": 64.237084},
                {"longitude": 27.728882}
            ]]},
            {"altitude": 200},
            {"distance_km": 1.3},
            {"speed_kmh": 3.6},
            {"timestamp": "Sat May 20 12:34:15 UTC 2017"}
        ],
        [
            {"location": [[
                {"latitude": 64.236986},
                {"longitude": 27.728787}
            ]]},
            {"altitude": 197},
            {"distance_km": 1.32},
            {"speed_kmh": 3.6},
            {"timestamp": "Sat May 20 12:34:23 UTC 2017"}
        ],
        [
            {"location": [[
                {"latitude": 64.236899},
                {"longitude": 27.728641}
            ]]},
            {"altitude": 189.5},
            {"distance_km": 1.33},
            {"speed_kmh": 3.6},
            {"timestamp": "Sat May 20 12:34:29 UTC 2017"}
        ],
        [
            {"location": [[
                {"latitude": 64.236808},
                {"longitude": 27.728622}
            ]]},
            {"altitude": 191},
            {"distance_km": 1.34},
            {"speed_kmh": 3.6},
            {"timestamp": "Sat May 20 12:34:35 UTC 2017"}
        ],
        [
            {"location": [[
                {"latitude": 64.236706},
                {"longitude": 27.728594}
            ]]},
            {"altitude": 191.5},
            {"distance_km": 1.35},
            {"speed_kmh": 3.6},
            {"timestamp": "Sat May 20 12:34:43 UTC 2017"}
        ],
        [
            {"location": [[
                {"latitude": 64.236611},
                {"longitude": 27.728567}
            ]]},
            {"altitude": 188.5},
            {"distance_km": 1.36},
            {"speed_kmh": 3.6},
            {"timestamp": "Sat May 20 12:34:51 UTC 2017"}
        ],
        [
            {"location": [[
                {"latitude": 64.236508},
                {"longitude": 27.728655}
            ]]},
            {"altitude": 189.5},
            {"distance_km": 1.37},
            {"speed_kmh": 3.6},
            {"timestamp": "Sat May 20 12:35:04 UTC 2017"}
        ],
        [
            {"location": [[
                {"latitude": 64.236409},
                {"longitude": 27.728738}
            ]]},
            {"altitude": 189.5},
            {"distance_km": 1.38},
            {"speed_kmh": 3.6},
            {"timestamp": "Sat May 20 12:35:15 UTC 2017"}
        ],
        [
            {"location": [[
                {"latitude": 64.23631},
                {"longitude": 27.728738}
            ]]},
            {"altitude": 196.5},
            {"distance_km": 1.4},
            {"speed_kmh": 3.6},
            {"timestamp": "Sat May 20 12:35:25 UTC 2017"}
        ],
        [
            {"location": [[
                {"latitude": 64.236217},
                {"longitude": 27.72883}
            ]]},
            {"altitude": 202},
            {"distance_km": 1.41},
            {"speed_kmh": 3.6},
            {"timestamp": "Sat May 20 12:35:35 UTC 2017"}
        ],
        [
            {"location": [[
                {"latitude": 64.236129},
                {"longitude": 27.728973}
            ]]},
            {"altitude": 203.5},
            {"distance_km": 1.42},
            {"speed_kmh": 2.7},
            {"timestamp": "Sat May 20 12:35:47 UTC 2017"}
        ],
        [
            {"location": [[
                {"latitude": 64.236036},
                {"longitude": 27.729051}
            ]]},
            {"altitude": 198},
            {"distance_km": 1.43},
            {"speed_kmh": 3.6},
            {"timestamp": "Sat May 20 12:35:55 UTC 2017"}
        ],
        [
            {"location": [[
                {"latitude": 64.235943},
                {"longitude": 27.729114}
            ]]},
            {"altitude": 196},
            {"distance_km": 1.44},
            {"speed_kmh": 3.6},
            {"timestamp": "Sat May 20 12:36:03 UTC 2017"}
        ],
        [
            {"location": [[
                {"latitude": 64.235862},
                {"longitude": 27.729209}
            ]]},
            {"altitude": 196.5},
            {"distance_km": 1.45},
            {"speed_kmh": 3.6},
            {"timestamp": "Sat May 20 12:36:11 UTC 2017"}
        ],
        [
            {"location": [[
                {"latitude": 64.235768},
                {"longitude": 27.729198}
            ]]},
            {"altitude": 190},
            {"distance_km": 1.46},
            {"speed_kmh": 3.6},
            {"timestamp": "Sat May 20 12:36:17 UTC 2017"}
        ],
        [
            {"location": [[
                {"latitude": 64.235673},
                {"longitude": 27.72923}
            ]]},
            {"altitude": 191},
            {"distance_km": 1.47},
            {"speed_kmh": 3.6},
            {"timestamp": "Sat May 20 12:36:25 UTC 2017"}
        ],
        [
            {"location": [[
                {"latitude": 64.235593},
                {"longitude": 27.729355}
            ]]},
            {"altitude": 192},
            {"distance_km": 1.48},
            {"speed_kmh": 2.7},
            {"timestamp": "Sat May 20 12:36:37 UTC 2017"}
        ],
        [
            {"location": [[
                {"latitude": 64.235474},
                {"longitude": 27.729389}
            ]]},
            {"altitude": 193.5},
            {"distance_km": 1.5},
            {"speed_kmh": 3.6},
            {"timestamp": "Sat May 20 12:36:46 UTC 2017"}
        ],
        [
            {"location": [[
                {"latitude": 64.235496},
                {"longitude": 27.729629}
            ]]},
            {"altitude": 196},
            {"distance_km": 1.51},
            {"speed_kmh": 4.5},
            {"timestamp": "Sat May 20 12:37:01 UTC 2017"}
        ],
        [
            {"location": [[
                {"latitude": 64.235514},
                {"longitude": 27.729837}
            ]]},
            {"altitude": 198},
            {"distance_km": 1.52},
            {"speed_kmh": 3.6},
            {"timestamp": "Sat May 20 12:37:11 UTC 2017"}
        ],
        [
            {"location": [[
                {"latitude": 64.235521},
                {"longitude": 27.730048}
            ]]},
            {"altitude": 198.5},
            {"distance_km": 1.53},
            {"speed_kmh": 2.7},
            {"timestamp": "Sat May 20 12:37:21 UTC 2017"}
        ],
        [
            {"location": [[
                {"latitude": 64.235579},
                {"longitude": 27.730272}
            ]]},
            {"altitude": 199.5},
            {"distance_km": 1.54},
            {"speed_kmh": 3.6},
            {"timestamp": "Sat May 20 12:37:31 UTC 2017"}
        ],
        [
            {"location": [[
                {"latitude": 64.235611},
                {"longitude": 27.730471}
            ]]},
            {"altitude": 199},
            {"distance_km": 1.55},
            {"speed_kmh": 3.6},
            {"timestamp": "Sat May 20 12:37:39 UTC 2017"}
        ],
        [
            {"location": [[
                {"latitude": 64.235645},
                {"longitude": 27.730713}
            ]]},
            {"altitude": 202},
            {"distance_km": 1.56},
            {"speed_kmh": 3.6},
            {"timestamp": "Sat May 20 12:37:47 UTC 2017"}
        ],
        [
            {"location": [[
                {"latitude": 64.235656},
                {"longitude": 27.730968}
            ]]},
            {"altitude": 203.5},
            {"distance_km": 1.58},
            {"speed_kmh": 3.6},
            {"timestamp": "Sat May 20 12:37:55 UTC 2017"}
        ],
        [
            {"location": [[
                {"latitude": 64.23569},
                {"longitude": 27.731221}
            ]]},
            {"altitude": 202},
            {"distance_km": 1.59},
            {"speed_kmh": 3.6},
            {"timestamp": "Sat May 20 12:38:03 UTC 2017"}
        ],
        [
            {"location": [[
                {"latitude": 64.235695},
                {"longitude": 27.731429}
            ]]},
            {"altitude": 200},
            {"distance_km": 1.6},
            {"speed_kmh": 3.6},
            {"timestamp": "Sat May 20 12:38:11 UTC 2017"}
        ],
        [
            {"location": [[
                {"latitude": 64.235717},
                {"longitude": 27.731667}
            ]]},
            {"altitude": 198.5},
            {"distance_km": 1.61},
            {"speed_kmh": 3.6},
            {"timestamp": "Sat May 20 12:38:19 UTC 2017"}
        ],
        [
            {"location": [[
                {"latitude": 64.235722},
                {"longitude": 27.731891}
            ]]},
            {"altitude": 200.5},
            {"distance_km": 1.62},
            {"speed_kmh": 3.6},
            {"timestamp": "Sat May 20 12:38:27 UTC 2017"}
        ],
        [
            {"location": [[
                {"latitude": 64.235626},
                {"longitude": 27.73201}
            ]]},
            {"altitude": 197.5},
            {"distance_km": 1.63},
            {"speed_kmh": 3.6},
            {"timestamp": "Sat May 20 12:38:37 UTC 2017"}
        ],
        [
            {"location": [[
                {"latitude": 64.235531},
                {"longitude": 27.732032}
            ]]},
            {"altitude": 189.5},
            {"distance_km": 1.64},
            {"speed_kmh": 2.7},
            {"timestamp": "Sat May 20 12:38:45 UTC 2017"}
        ],
        [
            {"location": [[
                {"latitude": 64.235423},
                {"longitude": 27.732087}
            ]]},
            {"altitude": 188},
            {"distance_km": 1.66},
            {"speed_kmh": 2.7},
            {"timestamp": "Sat May 20 12:38:52 UTC 2017"}
        ],
        [
            {"location": [[
                {"latitude": 64.235308},
                {"longitude": 27.732163}
            ]]},
            {"altitude": 178.5},
            {"distance_km": 1.67},
            {"speed_kmh": 4.5},
            {"timestamp": "Sat May 20 12:38:58 UTC 2017"}
        ],
        [
            {"location": [[
                {"latitude": 64.235204},
                {"longitude": 27.732205}
            ]]},
            {"altitude": 177},
            {"distance_km": 1.68},
            {"speed_kmh": 2.7},
            {"timestamp": "Sat May 20 12:39:05 UTC 2017"}
        ],
        [
            {"location": [[
                {"latitude": 64.235098},
                {"longitude": 27.732252}
            ]]},
            {"altitude": 170.5},
            {"distance_km": 1.69},
            {"speed_kmh": 3.6},
            {"timestamp": "Sat May 20 12:39:13 UTC 2017"}
        ],
        [
            {"location": [[
                {"latitude": 64.234997},
                {"longitude": 27.732264}
            ]]},
            {"altitude": 161},
            {"distance_km": 1.7},
            {"speed_kmh": 3.6},
            {"timestamp": "Sat May 20 12:39:19 UTC 2017"}
        ],
        [
            {"location": [[
                {"latitude": 64.234896},
                {"longitude": 27.732287}
            ]]},
            {"altitude": 158.5},
            {"distance_km": 1.72},
            {"speed_kmh": 3.6},
            {"timestamp": "Sat May 20 12:39:25 UTC 2017"}
        ],
        [
            {"location": [[
                {"latitude": 64.234806},
                {"longitude": 27.732274}
            ]]},
            {"altitude": 160.5},
            {"distance_km": 1.73},
            {"speed_kmh": 2.7},
            {"timestamp": "Sat May 20 12:39:33 UTC 2017"}
        ],
        [
            {"location": [[
                {"latitude": 64.234689},
                {"longitude": 27.732284}
            ]]},
            {"altitude": 163},
            {"distance_km": 1.74},
            {"speed_kmh": 4.5},
            {"timestamp": "Sat May 20 12:39:41 UTC 2017"}
        ],
        [
            {"location": [[
                {"latitude": 64.234598},
                {"longitude": 27.732297}
            ]]},
            {"altitude": 163.5},
            {"distance_km": 1.75},
            {"speed_kmh": 4.5},
            {"timestamp": "Sat May 20 12:39:47 UTC 2017"}
        ],
        [
            {"location": [[
                {"latitude": 64.234489},
                {"longitude": 27.732345}
            ]]},
            {"altitude": 169.5},
            {"distance_km": 1.76},
            {"speed_kmh": 3.6},
            {"timestamp": "Sat May 20 12:39:57 UTC 2017"}
        ],
        [
            {"location": [[
                {"latitude": 64.234393},
                {"longitude": 27.732296}
            ]]},
            {"altitude": 174},
            {"distance_km": 1.77},
            {"speed_kmh": 1.8},
            {"timestamp": "Sat May 20 12:40:07 UTC 2017"}
        ],
        [
            {"location": [[
                {"latitude": 64.234303},
                {"longitude": 27.732338}
            ]]},
            {"altitude": 177},
            {"distance_km": 1.78},
            {"speed_kmh": 3.6},
            {"timestamp": "Sat May 20 12:40:15 UTC 2017"}
        ],
        [
            {"location": [[
                {"latitude": 64.234203},
                {"longitude": 27.732431}
            ]]},
            {"altitude": 178},
            {"distance_km": 1.79},
            {"speed_kmh": 3.6},
            {"timestamp": "Sat May 20 12:40:23 UTC 2017"}
        ],
        [
            {"location": [[
                {"latitude": 64.234107},
                {"longitude": 27.732532}
            ]]},
            {"altitude": 177},
            {"distance_km": 1.81},
            {"speed_kmh": 3.6},
            {"timestamp": "Sat May 20 12:40:33 UTC 2017"}
        ],
        [
            {"location": [[
                {"latitude": 64.234024},
                {"longitude": 27.73263}
            ]]},
            {"altitude": 178},
            {"distance_km": 1.82},
            {"speed_kmh": 3.6},
            {"timestamp": "Sat May 20 12:40:40 UTC 2017"}
        ],
        [
            {"location": [[
                {"latitude": 64.233935},
                {"longitude": 27.732734}
            ]]},
            {"altitude": 182},
            {"distance_km": 1.83},
            {"speed_kmh": 3.6},
            {"timestamp": "Sat May 20 12:40:49 UTC 2017"}
        ],
        [
            {"location": [[
                {"latitude": 64.233846},
                {"longitude": 27.732869}
            ]]},
            {"altitude": 179},
            {"distance_km": 1.84},
            {"speed_kmh": 2.7},
            {"timestamp": "Sat May 20 12:40:59 UTC 2017"}
        ],
        [
            {"location": [[
                {"latitude": 64.23375},
                {"longitude": 27.732927}
            ]]},
            {"altitude": 174.5},
            {"distance_km": 1.85},
            {"speed_kmh": 3.6},
            {"timestamp": "Sat May 20 12:41:09 UTC 2017"}
        ],
        [
            {"location": [[
                {"latitude": 64.233656},
                {"longitude": 27.733041}
            ]]},
            {"altitude": 172.5},
            {"distance_km": 1.86},
            {"speed_kmh": 3.6},
            {"timestamp": "Sat May 20 12:41:17 UTC 2017"}
        ],
        [
            {"location": [[
                {"latitude": 64.233545},
                {"longitude": 27.733103}
            ]]},
            {"altitude": 170.5},
            {"distance_km": 1.88},
            {"speed_kmh": 3.6},
            {"timestamp": "Sat May 20 12:41:27 UTC 2017"}
        ],
        [
            {"location": [[
                {"latitude": 64.233438},
                {"longitude": 27.733138}
            ]]},
            {"altitude": 162.5},
            {"distance_km": 1.89},
            {"speed_kmh": 2.7},
            {"timestamp": "Sat May 20 12:41:35 UTC 2017"}
        ],
        [
            {"location": [[
                {"latitude": 64.233338},
                {"longitude": 27.733161}
            ]]},
            {"altitude": 152.5},
            {"distance_km": 1.9},
            {"speed_kmh": 3.6},
            {"timestamp": "Sat May 20 12:41:49 UTC 2017"}
        ],
        [
            {"location": [[
                {"latitude": 64.233252},
                {"longitude": 27.733259}
            ]]},
            {"altitude": 147.5},
            {"distance_km": 1.91},
            {"speed_kmh": 3.6},
            {"timestamp": "Sat May 20 12:41:57 UTC 2017"}
        ],
        [
            {"location": [[
                {"latitude": 64.233162},
                {"longitude": 27.733324}
            ]]},
            {"altitude": 145.5},
            {"distance_km": 1.92},
            {"speed_kmh": 4.5},
            {"timestamp": "Sat May 20 12:42:03 UTC 2017"}
        ],
        [
            {"location": [[
                {"latitude": 64.233061},
                {"longitude": 27.733285}
            ]]},
            {"altitude": 145.5},
            {"distance_km": 1.93},
            {"speed_kmh": 4.5},
            {"timestamp": "Sat May 20 12:42:09 UTC 2017"}
        ],
        [
            {"location": [[
                {"latitude": 64.232953},
                {"longitude": 27.733227}
            ]]},
            {"altitude": 147},
            {"distance_km": 1.94},
            {"speed_kmh": 4.5},
            {"timestamp": "Sat May 20 12:42:17 UTC 2017"}
        ],
        [
            {"location": [[
                {"latitude": 64.232844},
                {"longitude": 27.733211}
            ]]},
            {"altitude": 148},
            {"distance_km": 1.96},
            {"speed_kmh": 4.5},
            {"timestamp": "Sat May 20 12:42:25 UTC 2017"}
        ],
        [
            {"location": [[
                {"latitude": 64.232764},
                {"longitude": 27.733101}
            ]]},
            {"altitude": 150},
            {"distance_km": 1.97},
            {"speed_kmh": 5.4},
            {"timestamp": "Sat May 20 12:42:32 UTC 2017"}
        ],
        [
            {"location": [[
                {"latitude": 64.232767},
                {"longitude": 27.732844}
            ]]},
            {"altitude": 153},
            {"distance_km": 1.98},
            {"speed_kmh": 5.4},
            {"timestamp": "Sat May 20 12:42:41 UTC 2017"}
        ],
        [
            {"location": [[
                {"latitude": 64.23277},
                {"longitude": 27.732593}
            ]]},
            {"altitude": 154},
            {"distance_km": 1.99},
            {"speed_kmh": 5.4},
            {"timestamp": "Sat May 20 12:42:49 UTC 2017"}
        ],
        [
            {"location": [[
                {"latitude": 64.232766},
                {"longitude": 27.732333}
            ]]},
            {"altitude": 156.5},
            {"distance_km": 2},
            {"speed_kmh": 5.4},
            {"timestamp": "Sat May 20 12:42:57 UTC 2017"}
        ],
        [
            {"location": [[
                {"latitude": 64.232763},
                {"longitude": 27.732077}
            ]]},
            {"altitude": 157.5},
            {"distance_km": 2.02},
            {"speed_kmh": 5.4},
            {"timestamp": "Sat May 20 12:43:05 UTC 2017"}
        ],
        [
            {"location": [[
                {"latitude": 64.23279},
                {"longitude": 27.731863}
            ]]},
            {"altitude": 156.5},
            {"distance_km": 2.03},
            {"speed_kmh": 5.4},
            {"timestamp": "Sat May 20 12:43:13 UTC 2017"}
        ],
        [
            {"location": [[
                {"latitude": 64.232794},
                {"longitude": 27.731607}
            ]]},
            {"altitude": 157.5},
            {"distance_km": 2.04},
            {"speed_kmh": 5.4},
            {"timestamp": "Sat May 20 12:43:21 UTC 2017"}
        ],
        [
            {"location": [[
                {"latitude": 64.23277},
                {"longitude": 27.731404}
            ]]},
            {"altitude": 157.5},
            {"distance_km": 2.05},
            {"speed_kmh": 4.5},
            {"timestamp": "Sat May 20 12:43:31 UTC 2017"}
        ],
        [
            {"location": [[
                {"latitude": 64.232665},
                {"longitude": 27.731406}
            ]]},
            {"altitude": 147},
            {"distance_km": 2.06},
            {"speed_kmh": 5.4},
            {"timestamp": "Sat May 20 12:43:55 UTC 2017"}
        ],
        [
            {"location": [[
                {"latitude": 64.232557},
                {"longitude": 27.731308}
            ]]},
            {"altitude": 144},
            {"distance_km": 2.07},
            {"speed_kmh": 5.4},
            {"timestamp": "Sat May 20 12:44:03 UTC 2017"}
        ],
        [
            {"location": [[
                {"latitude": 64.23247},
                {"longitude": 27.73123}
            ]]},
            {"altitude": 145.5},
            {"distance_km": 2.08},
            {"speed_kmh": 5.4},
            {"timestamp": "Sat May 20 12:44:09 UTC 2017"}
        ],
        [
            {"location": [[
                {"latitude": 64.232395},
                {"longitude": 27.731106}
            ]]},
            {"altitude": 145.5},
            {"distance_km": 2.09},
            {"speed_kmh": 5.4},
            {"timestamp": "Sat May 20 12:44:15 UTC 2017"}
        ],
        [
            {"location": [[
                {"latitude": 64.232304},
                {"longitude": 27.730973}
            ]]},
            {"altitude": 144},
            {"distance_km": 2.11},
            {"speed_kmh": 5.4},
            {"timestamp": "Sat May 20 12:44:23 UTC 2017"}
        ],
        [
            {"location": [[
                {"latitude": 64.232208},
                {"longitude": 27.730804}
            ]]},
            {"altitude": 144.5},
            {"distance_km": 2.12},
            {"speed_kmh": 5.4},
            {"timestamp": "Sat May 20 12:44:30 UTC 2017"}
        ],
        [
            {"location": [[
                {"latitude": 64.232123},
                {"longitude": 27.730643}
            ]]},
            {"altitude": 143},
            {"distance_km": 2.13},
            {"speed_kmh": 5.4},
            {"timestamp": "Sat May 20 12:44:38 UTC 2017"}
        ],
        [
            {"location": [[
                {"latitude": 64.232038},
                {"longitude": 27.730546}
            ]]},
            {"altitude": 140.5},
            {"distance_km": 2.14},
            {"speed_kmh": 5.4},
            {"timestamp": "Sat May 20 12:44:47 UTC 2017"}
        ],
        [
            {"location": [[
                {"latitude": 64.231955},
                {"longitude": 27.730449}
            ]]},
            {"altitude": 140},
            {"distance_km": 2.15},
            {"speed_kmh": 5.4},
            {"timestamp": "Sat May 20 12:44:55 UTC 2017"}
        ],
        [
            {"location": [[
                {"latitude": 64.231864},
                {"longitude": 27.730331}
            ]]},
            {"altitude": 140},
            {"distance_km": 2.16},
            {"speed_kmh": 5.4},
            {"timestamp": "Sat May 20 12:45:03 UTC 2017"}
        ],
        [
            {"location": [[
                {"latitude": 64.231798},
                {"longitude": 27.730121}
            ]]},
            {"altitude": 141},
            {"distance_km": 2.18},
            {"speed_kmh": 5.4},
            {"timestamp": "Sat May 20 12:45:11 UTC 2017"}
        ],
        [
            {"location": [[
                {"latitude": 64.231739},
                {"longitude": 27.729895}
            ]]},
            {"altitude": 140.5},
            {"distance_km": 2.19},
            {"speed_kmh": 5.4},
            {"timestamp": "Sat May 20 12:45:19 UTC 2017"}
        ],
        [
            {"location": [[
                {"latitude": 64.231718},
                {"longitude": 27.729646}
            ]]},
            {"altitude": 143},
            {"distance_km": 2.2},
            {"speed_kmh": 5.4},
            {"timestamp": "Sat May 20 12:45:27 UTC 2017"}
        ],
        [
            {"location": [[
                {"latitude": 64.231774},
                {"longitude": 27.729461}
            ]]},
            {"altitude": 152.5},
            {"distance_km": 2.21},
            {"speed_kmh": 0},
            {"timestamp": "Sat May 20 12:45:55 UTC 2017"}
        ],
        [
            {"location": [[
                {"latitude": 64.231822},
                {"longitude": 27.729562}
            ]]},
            {"altitude": 152.5},
            {"distance_km": 2.21},
            {"speed_kmh": 0},
            {"timestamp": "Sat May 20 12:48:47 UTC 2017"}
        ],
        [
            {"location": [[
                {"latitude": 64.231825},
                {"longitude": 27.729557}
            ]]},
            {"altitude": 153},
            {"distance_km": 2.21},
            {"speed_kmh": 0},
            {"timestamp": "Sat May 20 12:48:48 UTC 2017"}
        ]
    ]}
]