[
    {"sport": "WALKING"},
    {"source": "TRACK_MOBILE"},
    {"created_date": "2017-05-31 03:19:46.0"},
    {"start_time": "2017-05-31 03:18:25.0"},
    {"end_time": "2017-05-31 04:02:32.0"},
    {"duration_s": 2646},
    {"distance_km": 1.27},
    {"calories_kcal": 149.317},
    {"altitude_min_m": 132},
    {"altitude_max_m": 158},
    {"speed_avg_kmh": 1.727891156462585},
    {"speed_max_kmh": 7.2},
    {"ascend_m": 42},
    {"descend_m": 44.5},
    {"points": [
        [
            {"location": [[
                {"latitude": 64.231852},
                {"longitude": 27.729479}
            ]]},
            {"distance_km": 0},
            {"timestamp": "Wed May 31 03:18:25 UTC 2017"}
        ],
        [
            {"location": [[
                {"latitude": 64.231852},
                {"longitude": 27.729479}
            ]]},
            {"altitude": 157},
            {"distance_km": 0},
            {"speed_kmh": 0},
            {"timestamp": "Wed May 31 03:18:31 UTC 2017"}
        ],
        [
            {"location": [[
                {"latitude": 64.231757},
                {"longitude": 27.729496}
            ]]},
            {"altitude": 143},
            {"distance_km": 0.01},
            {"speed_kmh": 1.8},
            {"timestamp": "Wed May 31 03:18:59 UTC 2017"}
        ],
        [
            {"location": [[
                {"latitude": 64.231674},
                {"longitude": 27.729587}
            ]]},
            {"altitude": 147},
            {"distance_km": 0.02},
            {"speed_kmh": 3.6},
            {"timestamp": "Wed May 31 03:19:23 UTC 2017"}
        ],
        [
            {"location": [[
                {"latitude": 64.231695},
                {"longitude": 27.729792}
            ]]},
            {"altitude": 147.5},
            {"distance_km": 0.03},
            {"speed_kmh": 4.5},
            {"timestamp": "Wed May 31 03:19:29 UTC 2017"}
        ],
        [
            {"location": [[
                {"latitude": 64.231758},
                {"longitude": 27.730016}
            ]]},
            {"altitude": 148.5},
            {"distance_km": 0.04},
            {"speed_kmh": 4.5},
            {"timestamp": "Wed May 31 03:19:37 UTC 2017"}
        ],
        [
            {"location": [[
                {"latitude": 64.231818},
                {"longitude": 27.730173}
            ]]},
            {"altitude": 148.5},
            {"distance_km": 0.05},
            {"speed_kmh": 1.8},
            {"timestamp": "Wed May 31 03:19:48 UTC 2017"}
        ],
        [
            {"location": [[
                {"latitude": 64.231919},
                {"longitude": 27.730317}
            ]]},
            {"altitude": 149},
            {"distance_km": 0.07},
            {"speed_kmh": 4.5},
            {"timestamp": "Wed May 31 03:19:57 UTC 2017"}
        ],
        [
            {"location": [[
                {"latitude": 64.232014},
                {"longitude": 27.730408}
            ]]},
            {"altitude": 149.5},
            {"distance_km": 0.08},
            {"speed_kmh": 4.5},
            {"timestamp": "Wed May 31 03:20:05 UTC 2017"}
        ],
        [
            {"location": [[
                {"latitude": 64.232106},
                {"longitude": 27.730513}
            ]]},
            {"altitude": 151},
            {"distance_km": 0.09},
            {"speed_kmh": 4.5},
            {"timestamp": "Wed May 31 03:20:13 UTC 2017"}
        ],
        [
            {"location": [[
                {"latitude": 64.232188},
                {"longitude": 27.730655}
            ]]},
            {"altitude": 150},
            {"distance_km": 0.1},
            {"speed_kmh": 4.5},
            {"timestamp": "Wed May 31 03:20:21 UTC 2017"}
        ],
        [
            {"location": [[
                {"latitude": 64.232281},
                {"longitude": 27.73077}
            ]]},
            {"altitude": 149.5},
            {"distance_km": 0.11},
            {"speed_kmh": 4.5},
            {"timestamp": "Wed May 31 03:20:29 UTC 2017"}
        ],
        [
            {"location": [[
                {"latitude": 64.232365},
                {"longitude": 27.730893}
            ]]},
            {"altitude": 150.5},
            {"distance_km": 0.12},
            {"speed_kmh": 4.5},
            {"timestamp": "Wed May 31 03:20:37 UTC 2017"}
        ],
        [
            {"location": [[
                {"latitude": 64.232445},
                {"longitude": 27.73101}
            ]]},
            {"altitude": 150},
            {"distance_km": 0.13},
            {"speed_kmh": 5.4},
            {"timestamp": "Wed May 31 03:20:43 UTC 2017"}
        ],
        [
            {"location": [[
                {"latitude": 64.23252},
                {"longitude": 27.731166}
            ]]},
            {"altitude": 149},
            {"distance_km": 0.15},
            {"speed_kmh": 5.4},
            {"timestamp": "Wed May 31 03:20:49 UTC 2017"}
        ],
        [
            {"location": [[
                {"latitude": 64.232616},
                {"longitude": 27.731268}
            ]]},
            {"altitude": 149},
            {"distance_km": 0.16},
            {"speed_kmh": 4.5},
            {"timestamp": "Wed May 31 03:20:57 UTC 2017"}
        ],
        [
            {"location": [[
                {"latitude": 64.232712},
                {"longitude": 27.731317}
            ]]},
            {"altitude": 153},
            {"distance_km": 0.17},
            {"speed_kmh": 4.5},
            {"timestamp": "Wed May 31 03:21:05 UTC 2017"}
        ],
        [
            {"location": [[
                {"latitude": 64.232802},
                {"longitude": 27.731317}
            ]]},
            {"altitude": 153.5},
            {"distance_km": 0.18},
            {"speed_kmh": 5.4},
            {"timestamp": "Wed May 31 03:21:11 UTC 2017"}
        ],
        [
            {"location": [[
                {"latitude": 64.232874},
                {"longitude": 27.731192}
            ]]},
            {"altitude": 158},
            {"distance_km": 0.19},
            {"speed_kmh": 5.4},
            {"timestamp": "Wed May 31 03:21:17 UTC 2017"}
        ],
        [
            {"location": [[
                {"latitude": 64.232882},
                {"longitude": 27.730928}
            ]]},
            {"altitude": 157},
            {"distance_km": 0.2},
            {"speed_kmh": 5.4},
            {"timestamp": "Wed May 31 03:21:25 UTC 2017"}
        ],
        [
            {"location": [[
                {"latitude": 64.232869},
                {"longitude": 27.730676}
            ]]},
            {"altitude": 157},
            {"distance_km": 0.21},
            {"speed_kmh": 5.4},
            {"timestamp": "Wed May 31 03:21:34 UTC 2017"}
        ],
        [
            {"location": [[
                {"latitude": 64.232829},
                {"longitude": 27.730463}
            ]]},
            {"altitude": 154.5},
            {"distance_km": 0.23},
            {"speed_kmh": 5.4},
            {"timestamp": "Wed May 31 03:21:51 UTC 2017"}
        ],
        [
            {"location": [[
                {"latitude": 64.232804},
                {"longitude": 27.730256}
            ]]},
            {"altitude": 154},
            {"distance_km": 0.24},
            {"speed_kmh": 5.4},
            {"timestamp": "Wed May 31 03:21:57 UTC 2017"}
        ],
        [
            {"location": [[
                {"latitude": 64.232779},
                {"longitude": 27.730047}
            ]]},
            {"altitude": 153},
            {"distance_km": 0.25},
            {"speed_kmh": 5.4},
            {"timestamp": "Wed May 31 03:22:03 UTC 2017"}
        ],
        [
            {"location": [[
                {"latitude": 64.232779},
                {"longitude": 27.729823}
            ]]},
            {"altitude": 154.5},
            {"distance_km": 0.26},
            {"speed_kmh": 5.4},
            {"timestamp": "Wed May 31 03:22:09 UTC 2017"}
        ],
        [
            {"location": [[
                {"latitude": 64.232765},
                {"longitude": 27.729605}
            ]]},
            {"altitude": 154.5},
            {"distance_km": 0.27},
            {"speed_kmh": 5.4},
            {"timestamp": "Wed May 31 03:22:15 UTC 2017"}
        ],
        [
            {"location": [[
                {"latitude": 64.232745},
                {"longitude": 27.729401}
            ]]},
            {"altitude": 152.5},
            {"distance_km": 0.28},
            {"speed_kmh": 5.4},
            {"timestamp": "Wed May 31 03:22:21 UTC 2017"}
        ],
        [
            {"location": [[
                {"latitude": 64.232742},
                {"longitude": 27.729185}
            ]]},
            {"altitude": 154},
            {"distance_km": 0.29},
            {"speed_kmh": 5.4},
            {"timestamp": "Wed May 31 03:22:27 UTC 2017"}
        ],
        [
            {"location": [[
                {"latitude": 64.232727},
                {"longitude": 27.728966}
            ]]},
            {"altitude": 153.5},
            {"distance_km": 0.3},
            {"speed_kmh": 6.3},
            {"timestamp": "Wed May 31 03:22:33 UTC 2017"}
        ],
        [
            {"location": [[
                {"latitude": 64.23272},
                {"longitude": 27.728692}
            ]]},
            {"altitude": 149.5},
            {"distance_km": 0.31},
            {"speed_kmh": 5.4},
            {"timestamp": "Wed May 31 03:22:41 UTC 2017"}
        ],
        [
            {"location": [[
                {"latitude": 64.232742},
                {"longitude": 27.728478}
            ]]},
            {"altitude": 150.5},
            {"distance_km": 0.32},
            {"speed_kmh": 5.4},
            {"timestamp": "Wed May 31 03:22:51 UTC 2017"}
        ],
        [
            {"location": [[
                {"latitude": 64.232751},
                {"longitude": 27.728228}
            ]]},
            {"altitude": 151},
            {"distance_km": 0.33},
            {"speed_kmh": 6.3},
            {"timestamp": "Wed May 31 03:22:57 UTC 2017"}
        ],
        [
            {"location": [[
                {"latitude": 64.232777},
                {"longitude": 27.728007}
            ]]},
            {"altitude": 149.5},
            {"distance_km": 0.35},
            {"speed_kmh": 6.3},
            {"timestamp": "Wed May 31 03:23:03 UTC 2017"}
        ],
        [
            {"location": [[
                {"latitude": 64.2328},
                {"longitude": 27.727783}
            ]]},
            {"altitude": 150},
            {"distance_km": 0.36},
            {"speed_kmh": 6.3},
            {"timestamp": "Wed May 31 03:23:09 UTC 2017"}
        ],
        [
            {"location": [[
                {"latitude": 64.232805},
                {"longitude": 27.727552}
            ]]},
            {"altitude": 150.5},
            {"distance_km": 0.37},
            {"speed_kmh": 6.3},
            {"timestamp": "Wed May 31 03:23:15 UTC 2017"}
        ],
        [
            {"location": [[
                {"latitude": 64.232817},
                {"longitude": 27.727328}
            ]]},
            {"altitude": 150},
            {"distance_km": 0.38},
            {"speed_kmh": 6.3},
            {"timestamp": "Wed May 31 03:23:22 UTC 2017"}
        ],
        [
            {"location": [[
                {"latitude": 64.232825},
                {"longitude": 27.727106}
            ]]},
            {"altitude": 147},
            {"distance_km": 0.39},
            {"speed_kmh": 6.3},
            {"timestamp": "Wed May 31 03:23:28 UTC 2017"}
        ],
        [
            {"location": [[
                {"latitude": 64.23282},
                {"longitude": 27.726889}
            ]]},
            {"altitude": 147},
            {"distance_km": 0.4},
            {"speed_kmh": 6.3},
            {"timestamp": "Wed May 31 03:23:34 UTC 2017"}
        ],
        [
            {"location": [[
                {"latitude": 64.232824},
                {"longitude": 27.726669}
            ]]},
            {"altitude": 147.5},
            {"distance_km": 0.41},
            {"speed_kmh": 6.3},
            {"timestamp": "Wed May 31 03:23:39 UTC 2017"}
        ],
        [
            {"location": [[
                {"latitude": 64.232824},
                {"longitude": 27.726438}
            ]]},
            {"altitude": 147.5},
            {"distance_km": 0.42},
            {"speed_kmh": 6.3},
            {"timestamp": "Wed May 31 03:23:45 UTC 2017"}
        ],
        [
            {"location": [[
                {"latitude": 64.23284},
                {"longitude": 27.726205}
            ]]},
            {"altitude": 147},
            {"distance_km": 0.43},
            {"speed_kmh": 6.3},
            {"timestamp": "Wed May 31 03:23:51 UTC 2017"}
        ],
        [
            {"location": [[
                {"latitude": 64.232859},
                {"longitude": 27.725981}
            ]]},
            {"altitude": 147},
            {"distance_km": 0.44},
            {"speed_kmh": 6.3},
            {"timestamp": "Wed May 31 03:23:57 UTC 2017"}
        ],
        [
            {"location": [[
                {"latitude": 64.232886},
                {"longitude": 27.725782}
            ]]},
            {"altitude": 146.5},
            {"distance_km": 0.45},
            {"speed_kmh": 6.3},
            {"timestamp": "Wed May 31 03:24:03 UTC 2017"}
        ],
        [
            {"location": [[
                {"latitude": 64.232912},
                {"longitude": 27.725517}
            ]]},
            {"altitude": 148.5},
            {"distance_km": 0.47},
            {"speed_kmh": 6.3},
            {"timestamp": "Wed May 31 03:24:11 UTC 2017"}
        ],
        [
            {"location": [[
                {"latitude": 64.232965},
                {"longitude": 27.725331}
            ]]},
            {"altitude": 147.5},
            {"distance_km": 0.48},
            {"speed_kmh": 6.3},
            {"timestamp": "Wed May 31 03:24:17 UTC 2017"}
        ],
        [
            {"location": [[
                {"latitude": 64.232986},
                {"longitude": 27.725123}
            ]]},
            {"altitude": 146},
            {"distance_km": 0.49},
            {"speed_kmh": 6.3},
            {"timestamp": "Wed May 31 03:24:23 UTC 2017"}
        ],
        [
            {"location": [[
                {"latitude": 64.233016},
                {"longitude": 27.724875}
            ]]},
            {"altitude": 145.5},
            {"distance_km": 0.5},
            {"speed_kmh": 5.4},
            {"timestamp": "Wed May 31 03:24:31 UTC 2017"}
        ],
        [
            {"location": [[
                {"latitude": 64.23303},
                {"longitude": 27.724664}
            ]]},
            {"altitude": 147},
            {"distance_km": 0.51},
            {"speed_kmh": 6.3},
            {"timestamp": "Wed May 31 03:24:39 UTC 2017"}
        ],
        [
            {"location": [[
                {"latitude": 64.233055},
                {"longitude": 27.724459}
            ]]},
            {"altitude": 147},
            {"distance_km": 0.52},
            {"speed_kmh": 5.4},
            {"timestamp": "Wed May 31 03:24:45 UTC 2017"}
        ],
        [
            {"location": [[
                {"latitude": 64.233076},
                {"longitude": 27.724257}
            ]]},
            {"altitude": 147.5},
            {"distance_km": 0.53},
            {"speed_kmh": 6.3},
            {"timestamp": "Wed May 31 03:24:51 UTC 2017"}
        ],
        [
            {"location": [[
                {"latitude": 64.233113},
                {"longitude": 27.724058}
            ]]},
            {"altitude": 148},
            {"distance_km": 0.54},
            {"speed_kmh": 6.3},
            {"timestamp": "Wed May 31 03:24:57 UTC 2017"}
        ],
        [
            {"location": [[
                {"latitude": 64.233149},
                {"longitude": 27.723857}
            ]]},
            {"altitude": 147.5},
            {"distance_km": 0.55},
            {"speed_kmh": 6.3},
            {"timestamp": "Wed May 31 03:25:03 UTC 2017"}
        ],
        [
            {"location": [[
                {"latitude": 64.233188},
                {"longitude": 27.723662}
            ]]},
            {"altitude": 148},
            {"distance_km": 0.56},
            {"speed_kmh": 6.3},
            {"timestamp": "Wed May 31 03:25:09 UTC 2017"}
        ],
        [
            {"location": [[
                {"latitude": 64.233231},
                {"longitude": 27.723461}
            ]]},
            {"altitude": 148},
            {"distance_km": 0.57},
            {"speed_kmh": 6.3},
            {"timestamp": "Wed May 31 03:25:15 UTC 2017"}
        ],
        [
            {"location": [[
                {"latitude": 64.233284},
                {"longitude": 27.723277}
            ]]},
            {"altitude": 145},
            {"distance_km": 0.59},
            {"speed_kmh": 6.3},
            {"timestamp": "Wed May 31 03:25:22 UTC 2017"}
        ],
        [
            {"location": [[
                {"latitude": 64.233329},
                {"longitude": 27.723084}
            ]]},
            {"altitude": 144.5},
            {"distance_km": 0.6},
            {"speed_kmh": 6.3},
            {"timestamp": "Wed May 31 03:25:28 UTC 2017"}
        ],
        [
            {"location": [[
                {"latitude": 64.233369},
                {"longitude": 27.722897}
            ]]},
            {"altitude": 146.5},
            {"distance_km": 0.61},
            {"speed_kmh": 6.3},
            {"timestamp": "Wed May 31 03:25:34 UTC 2017"}
        ],
        [
            {"location": [[
                {"latitude": 64.233426},
                {"longitude": 27.722655}
            ]]},
            {"altitude": 144},
            {"distance_km": 0.62},
            {"speed_kmh": 6.3},
            {"timestamp": "Wed May 31 03:25:41 UTC 2017"}
        ],
        [
            {"location": [[
                {"latitude": 64.233492},
                {"longitude": 27.722469}
            ]]},
            {"altitude": 142.5},
            {"distance_km": 0.63},
            {"speed_kmh": 6.3},
            {"timestamp": "Wed May 31 03:25:47 UTC 2017"}
        ],
        [
            {"location": [[
                {"latitude": 64.233568},
                {"longitude": 27.722347}
            ]]},
            {"altitude": 140.5},
            {"distance_km": 0.64},
            {"speed_kmh": 6.3},
            {"timestamp": "Wed May 31 03:25:53 UTC 2017"}
        ],
        [
            {"location": [[
                {"latitude": 64.233655},
                {"longitude": 27.722263}
            ]]},
            {"altitude": 138},
            {"distance_km": 0.65},
            {"speed_kmh": 6.3},
            {"timestamp": "Wed May 31 03:25:59 UTC 2017"}
        ],
        [
            {"location": [[
                {"latitude": 64.233759},
                {"longitude": 27.722141}
            ]]},
            {"altitude": 135},
            {"distance_km": 0.66},
            {"speed_kmh": 6.3},
            {"timestamp": "Wed May 31 03:26:07 UTC 2017"}
        ],
        [
            {"location": [[
                {"latitude": 64.233821},
                {"longitude": 27.721948}
            ]]},
            {"altitude": 134.5},
            {"distance_km": 0.68},
            {"speed_kmh": 4.5},
            {"timestamp": "Wed May 31 03:26:15 UTC 2017"}
        ],
        [
            {"location": [[
                {"latitude": 64.233821},
                {"longitude": 27.721696}
            ]]},
            {"altitude": 135},
            {"distance_km": 0.69},
            {"speed_kmh": 5.4},
            {"timestamp": "Wed May 31 03:26:23 UTC 2017"}
        ],
        [
            {"location": [[
                {"latitude": 64.233753},
                {"longitude": 27.721559}
            ]]},
            {"altitude": 133},
            {"distance_km": 0.7},
            {"speed_kmh": 4.5},
            {"timestamp": "Wed May 31 03:26:29 UTC 2017"}
        ],
        [
            {"location": [[
                {"latitude": 64.233667},
                {"longitude": 27.721493}
            ]]},
            {"altitude": 134.5},
            {"distance_km": 0.71},
            {"speed_kmh": 5.4},
            {"timestamp": "Wed May 31 03:26:35 UTC 2017"}
        ],
        [
            {"location": [[
                {"latitude": 64.233572},
                {"longitude": 27.721356}
            ]]},
            {"altitude": 135},
            {"distance_km": 0.72},
            {"speed_kmh": 7.2},
            {"timestamp": "Wed May 31 03:26:41 UTC 2017"}
        ],
        [
            {"location": [[
                {"latitude": 64.233474},
                {"longitude": 27.721196}
            ]]},
            {"altitude": 134.5},
            {"distance_km": 0.73},
            {"speed_kmh": 6.3},
            {"timestamp": "Wed May 31 03:26:47 UTC 2017"}
        ],
        [
            {"location": [[
                {"latitude": 64.233396},
                {"longitude": 27.721072}
            ]]},
            {"altitude": 133.5},
            {"distance_km": 0.74},
            {"speed_kmh": 6.3},
            {"timestamp": "Wed May 31 03:26:53 UTC 2017"}
        ],
        [
            {"location": [[
                {"latitude": 64.233306},
                {"longitude": 27.721116}
            ]]},
            {"altitude": 132.5},
            {"distance_km": 0.76},
            {"speed_kmh": 4.5},
            {"timestamp": "Wed May 31 03:27:12 UTC 2017"}
        ],
        [
            {"location": [[
                {"latitude": 64.233307},
                {"longitude": 27.721332}
            ]]},
            {"altitude": 133.5},
            {"distance_km": 0.77},
            {"speed_kmh": 5.4},
            {"timestamp": "Wed May 31 03:27:31 UTC 2017"}
        ],
        [
            {"location": [[
                {"latitude": 64.233248},
                {"longitude": 27.721491}
            ]]},
            {"altitude": 133},
            {"distance_km": 0.78},
            {"speed_kmh": 5.4},
            {"timestamp": "Wed May 31 03:27:37 UTC 2017"}
        ],
        [
            {"location": [[
                {"latitude": 64.233184},
                {"longitude": 27.721638}
            ]]},
            {"altitude": 136.5},
            {"distance_km": 0.79},
            {"speed_kmh": 4.5},
            {"timestamp": "Wed May 31 03:27:43 UTC 2017"}
        ],
        [
            {"location": [[
                {"latitude": 64.233111},
                {"longitude": 27.721827}
            ]]},
            {"altitude": 138.5},
            {"distance_km": 0.8},
            {"speed_kmh": 4.5},
            {"timestamp": "Wed May 31 03:27:51 UTC 2017"}
        ],
        [
            {"location": [[
                {"latitude": 64.233019},
                {"longitude": 27.721834}
            ]]},
            {"altitude": 140},
            {"distance_km": 0.81},
            {"speed_kmh": 0},
            {"timestamp": "Wed May 31 03:28:05 UTC 2017"}
        ],
        [
            {"location": [[
                {"latitude": 64.232924},
                {"longitude": 27.721852}
            ]]},
            {"altitude": 141},
            {"distance_km": 0.82},
            {"speed_kmh": 1.8},
            {"timestamp": "Wed May 31 03:28:13 UTC 2017"}
        ],
        [
            {"location": [[
                {"latitude": 64.232825},
                {"longitude": 27.721812}
            ]]},
            {"altitude": 139.5},
            {"distance_km": 0.83},
            {"speed_kmh": 3.6},
            {"timestamp": "Wed May 31 03:28:19 UTC 2017"}
        ],
        [
            {"location": [[
                {"latitude": 64.232709},
                {"longitude": 27.721829}
            ]]},
            {"altitude": 141},
            {"distance_km": 0.84},
            {"speed_kmh": 3.6},
            {"timestamp": "Wed May 31 03:28:25 UTC 2017"}
        ],
        [
            {"location": [[
                {"latitude": 64.2326},
                {"longitude": 27.721883}
            ]]},
            {"altitude": 141},
            {"distance_km": 0.86},
            {"speed_kmh": 4.5},
            {"timestamp": "Wed May 31 03:28:31 UTC 2017"}
        ],
        [
            {"location": [[
                {"latitude": 64.232512},
                {"longitude": 27.722028}
            ]]},
            {"altitude": 142.5},
            {"distance_km": 0.87},
            {"speed_kmh": 4.5},
            {"timestamp": "Wed May 31 03:28:37 UTC 2017"}
        ],
        [
            {"location": [[
                {"latitude": 64.23243},
                {"longitude": 27.722195}
            ]]},
            {"altitude": 144.5},
            {"distance_km": 0.88},
            {"speed_kmh": 5.4},
            {"timestamp": "Wed May 31 03:28:43 UTC 2017"}
        ],
        [
            {"location": [[
                {"latitude": 64.232372},
                {"longitude": 27.72236}
            ]]},
            {"altitude": 145},
            {"distance_km": 0.89},
            {"speed_kmh": 5.4},
            {"timestamp": "Wed May 31 03:28:49 UTC 2017"}
        ],
        [
            {"location": [[
                {"latitude": 64.23232},
                {"longitude": 27.722602}
            ]]},
            {"altitude": 146.5},
            {"distance_km": 0.9},
            {"speed_kmh": 5.4},
            {"timestamp": "Wed May 31 03:28:57 UTC 2017"}
        ],
        [
            {"location": [[
                {"latitude": 64.232269},
                {"longitude": 27.722821}
            ]]},
            {"altitude": 145.5},
            {"distance_km": 0.91},
            {"speed_kmh": 4.5},
            {"timestamp": "Wed May 31 03:29:05 UTC 2017"}
        ],
        [
            {"location": [[
                {"latitude": 64.232219},
                {"longitude": 27.723015}
            ]]},
            {"altitude": 144.5},
            {"distance_km": 0.93},
            {"speed_kmh": 3.6},
            {"timestamp": "Wed May 31 03:29:15 UTC 2017"}
        ],
        [
            {"location": [[
                {"latitude": 64.232138},
                {"longitude": 27.723141}
            ]]},
            {"altitude": 138.5},
            {"distance_km": 0.94},
            {"speed_kmh": 3.6},
            {"timestamp": "Wed May 31 03:30:15 UTC 2017"}
        ],
        [
            {"location": [[
                {"latitude": 64.232116},
                {"longitude": 27.723371}
            ]]},
            {"altitude": 142.5},
            {"distance_km": 0.95},
            {"speed_kmh": 3.6},
            {"timestamp": "Wed May 31 03:30:23 UTC 2017"}
        ],
        [
            {"location": [[
                {"latitude": 64.232085},
                {"longitude": 27.723567}
            ]]},
            {"altitude": 146},
            {"distance_km": 0.96},
            {"speed_kmh": 3.6},
            {"timestamp": "Wed May 31 03:30:49 UTC 2017"}
        ],
        [
            {"location": [[
                {"latitude": 64.232025},
                {"longitude": 27.723793}
            ]]},
            {"altitude": 144},
            {"distance_km": 0.97},
            {"speed_kmh": 3.6},
            {"timestamp": "Wed May 31 03:30:59 UTC 2017"}
        ],
        [
            {"location": [[
                {"latitude": 64.231973},
                {"longitude": 27.723998}
            ]]},
            {"altitude": 143},
            {"distance_km": 0.98},
            {"speed_kmh": 5.4},
            {"timestamp": "Wed May 31 03:31:05 UTC 2017"}
        ],
        [
            {"location": [[
                {"latitude": 64.231903},
                {"longitude": 27.724202}
            ]]},
            {"altitude": 141.5},
            {"distance_km": 1},
            {"speed_kmh": 5.4},
            {"timestamp": "Wed May 31 03:31:13 UTC 2017"}
        ],
        [
            {"location": [[
                {"latitude": 64.231854},
                {"longitude": 27.724433}
            ]]},
            {"altitude": 142.5},
            {"distance_km": 1.01},
            {"speed_kmh": 5.4},
            {"timestamp": "Wed May 31 03:31:22 UTC 2017"}
        ],
        [
            {"location": [[
                {"latitude": 64.231804},
                {"longitude": 27.724657}
            ]]},
            {"altitude": 139},
            {"distance_km": 1.02},
            {"speed_kmh": 4.5},
            {"timestamp": "Wed May 31 03:31:32 UTC 2017"}
        ],
        [
            {"location": [[
                {"latitude": 64.231763},
                {"longitude": 27.724874}
            ]]},
            {"altitude": 142.5},
            {"distance_km": 1.03},
            {"speed_kmh": 5.4},
            {"timestamp": "Wed May 31 03:31:38 UTC 2017"}
        ],
        [
            {"location": [[
                {"latitude": 64.231732},
                {"longitude": 27.725111}
            ]]},
            {"altitude": 145},
            {"distance_km": 1.04},
            {"speed_kmh": 5.4},
            {"timestamp": "Wed May 31 03:31:45 UTC 2017"}
        ],
        [
            {"location": [[
                {"latitude": 64.231722},
                {"longitude": 27.725366}
            ]]},
            {"altitude": 143},
            {"distance_km": 1.06},
            {"speed_kmh": 5.4},
            {"timestamp": "Wed May 31 03:31:53 UTC 2017"}
        ],
        [
            {"location": [[
                {"latitude": 64.231723},
                {"longitude": 27.7256}
            ]]},
            {"altitude": 140.5},
            {"distance_km": 1.07},
            {"speed_kmh": 5.4},
            {"timestamp": "Wed May 31 03:32:01 UTC 2017"}
        ],
        [
            {"location": [[
                {"latitude": 64.23168},
                {"longitude": 27.725833}
            ]]},
            {"altitude": 138.5},
            {"distance_km": 1.08},
            {"speed_kmh": 4.5},
            {"timestamp": "Wed May 31 03:32:11 UTC 2017"}
        ],
        [
            {"location": [[
                {"latitude": 64.231676},
                {"longitude": 27.726085}
            ]]},
            {"altitude": 139.5},
            {"distance_km": 1.09},
            {"speed_kmh": 4.5},
            {"timestamp": "Wed May 31 03:32:19 UTC 2017"}
        ],
        [
            {"location": [[
                {"latitude": 64.231677},
                {"longitude": 27.726332}
            ]]},
            {"altitude": 138},
            {"distance_km": 1.1},
            {"speed_kmh": 3.6},
            {"timestamp": "Wed May 31 03:32:29 UTC 2017"}
        ],
        [
            {"location": [[
                {"latitude": 64.231695},
                {"longitude": 27.726572}
            ]]},
            {"altitude": 137},
            {"distance_km": 1.12},
            {"speed_kmh": 3.6},
            {"timestamp": "Wed May 31 03:32:37 UTC 2017"}
        ],
        [
            {"location": [[
                {"latitude": 64.231733},
                {"longitude": 27.726828}
            ]]},
            {"altitude": 132.5},
            {"distance_km": 1.13},
            {"speed_kmh": 4.5},
            {"timestamp": "Wed May 31 03:32:45 UTC 2017"}
        ],
        [
            {"location": [[
                {"latitude": 64.231753},
                {"longitude": 27.727053}
            ]]},
            {"altitude": 132},
            {"distance_km": 1.14},
            {"speed_kmh": 4.5},
            {"timestamp": "Wed May 31 03:32:51 UTC 2017"}
        ],
        [
            {"location": [[
                {"latitude": 64.23176},
                {"longitude": 27.727283}
            ]]},
            {"altitude": 135.5},
            {"distance_km": 1.15},
            {"speed_kmh": 4.5},
            {"timestamp": "Wed May 31 03:32:57 UTC 2017"}
        ],
        [
            {"location": [[
                {"latitude": 64.231754},
                {"longitude": 27.727506}
            ]]},
            {"altitude": 137},
            {"distance_km": 1.16},
            {"speed_kmh": 4.5},
            {"timestamp": "Wed May 31 03:33:03 UTC 2017"}
        ],
        [
            {"location": [[
                {"latitude": 64.231748},
                {"longitude": 27.727736}
            ]]},
            {"altitude": 139},
            {"distance_km": 1.17},
            {"speed_kmh": 5.4},
            {"timestamp": "Wed May 31 03:33:10 UTC 2017"}
        ],
        [
            {"location": [[
                {"latitude": 64.231729},
                {"longitude": 27.727943}
            ]]},
            {"altitude": 140},
            {"distance_km": 1.18},
            {"speed_kmh": 5.4},
            {"timestamp": "Wed May 31 03:33:16 UTC 2017"}
        ],
        [
            {"location": [[
                {"latitude": 64.231709},
                {"longitude": 27.728179}
            ]]},
            {"altitude": 138.5},
            {"distance_km": 1.19},
            {"speed_kmh": 5.4},
            {"timestamp": "Wed May 31 03:33:22 UTC 2017"}
        ],
        [
            {"location": [[
                {"latitude": 64.231708},
                {"longitude": 27.728435}
            ]]},
            {"altitude": 141},
            {"distance_km": 1.21},
            {"speed_kmh": 5.4},
            {"timestamp": "Wed May 31 03:33:29 UTC 2017"}
        ],
        [
            {"location": [[
                {"latitude": 64.231695},
                {"longitude": 27.728708}
            ]]},
            {"altitude": 144},
            {"distance_km": 1.22},
            {"speed_kmh": 5.4},
            {"timestamp": "Wed May 31 03:33:37 UTC 2017"}
        ],
        [
            {"location": [[
                {"latitude": 64.231678},
                {"longitude": 27.728951}
            ]]},
            {"altitude": 143.5},
            {"distance_km": 1.23},
            {"speed_kmh": 5.4},
            {"timestamp": "Wed May 31 03:33:45 UTC 2017"}
        ],
        [
            {"location": [[
                {"latitude": 64.231691},
                {"longitude": 27.729187}
            ]]},
            {"altitude": 139},
            {"distance_km": 1.24},
            {"speed_kmh": 4.5},
            {"timestamp": "Wed May 31 03:33:55 UTC 2017"}
        ],
        [
            {"location": [[
                {"latitude": 64.231729},
                {"longitude": 27.729421}
            ]]},
            {"altitude": 144},
            {"distance_km": 1.26},
            {"speed_kmh": 4.5},
            {"timestamp": "Wed May 31 03:34:03 UTC 2017"}
        ],
        [
            {"location": [[
                {"latitude": 64.231812},
                {"longitude": 27.72953}
            ]]},
            {"altitude": 150.5},
            {"distance_km": 1.27},
            {"speed_kmh": 0.9},
            {"timestamp": "Wed May 31 03:35:51 UTC 2017"}
        ],
        [
            {"location": [[
                {"latitude": 64.231869},
                {"longitude": 27.729494}
            ]]},
            {"altitude": 154.5},
            {"distance_km": 1.27},
            {"speed_kmh": 0},
            {"timestamp": "Wed May 31 04:02:32 UTC 2017"}
        ],
        [
            {"location": [[
                {"latitude": 64.231869},
                {"longitude": 27.729494}
            ]]},
            {"altitude": 154.5},
            {"distance_km": 1.27},
            {"speed_kmh": 0},
            {"timestamp": "Wed May 31 04:02:33 UTC 2017"}
        ]
    ]}
]