[
    {"sport": "WALKING"},
    {"source": "TRACK_MOBILE"},
    {"created_date": "2017-03-14 04:45:25.0"},
    {"start_time": "2017-03-14 04:30:11.0"},
    {"end_time": "2017-03-14 04:45:51.0"},
    {"duration_s": 940},
    {"distance_km": 1.12},
    {"calories_kcal": 83.8498},
    {"altitude_min_m": 137.5},
    {"altitude_max_m": 177},
    {"speed_avg_kmh": 4.2893617021276595},
    {"speed_max_kmh": 8.1},
    {"ascend_m": 11},
    {"descend_m": 24},
    {"points": [
        [
            {"location": [[
                {"latitude": 64.231908},
                {"longitude": 27.729621}
            ]]},
            {"distance_km": 0},
            {"timestamp": "Tue Mar 14 04:30:11 UTC 2017"}
        ],
        [
            {"location": [[
                {"latitude": 64.231908},
                {"longitude": 27.729621}
            ]]},
            {"altitude": 157.5},
            {"distance_km": 0},
            {"speed_kmh": 0},
            {"timestamp": "Tue Mar 14 04:30:19 UTC 2017"}
        ],
        [
            {"location": [[
                {"latitude": 64.232014},
                {"longitude": 27.72958}
            ]]},
            {"altitude": 148},
            {"distance_km": 0.01},
            {"speed_kmh": 3.6},
            {"timestamp": "Tue Mar 14 04:30:35 UTC 2017"}
        ],
        [
            {"location": [[
                {"latitude": 64.232102},
                {"longitude": 27.729691}
            ]]},
            {"altitude": 152.5},
            {"distance_km": 0.02},
            {"speed_kmh": 5.4},
            {"timestamp": "Tue Mar 14 04:30:44 UTC 2017"}
        ],
        [
            {"location": [[
                {"latitude": 64.232105},
                {"longitude": 27.729914}
            ]]},
            {"altitude": 151.5},
            {"distance_km": 0.03},
            {"speed_kmh": 6.3},
            {"timestamp": "Tue Mar 14 04:30:50 UTC 2017"}
        ],
        [
            {"location": [[
                {"latitude": 64.232101},
                {"longitude": 27.730127}
            ]]},
            {"altitude": 151.5},
            {"distance_km": 0.04},
            {"speed_kmh": 6.3},
            {"timestamp": "Tue Mar 14 04:30:54 UTC 2017"}
        ],
        [
            {"location": [[
                {"latitude": 64.232099},
                {"longitude": 27.730366}
            ]]},
            {"altitude": 150.5},
            {"distance_km": 0.06},
            {"speed_kmh": 5.4},
            {"timestamp": "Tue Mar 14 04:31:02 UTC 2017"}
        ],
        [
            {"location": [[
                {"latitude": 64.232217},
                {"longitude": 27.730432}
            ]]},
            {"altitude": 154},
            {"distance_km": 0.07},
            {"speed_kmh": 5.4},
            {"timestamp": "Tue Mar 14 04:31:11 UTC 2017"}
        ],
        [
            {"location": [[
                {"latitude": 64.232314},
                {"longitude": 27.730431}
            ]]},
            {"altitude": 154},
            {"distance_km": 0.08},
            {"speed_kmh": 5.4},
            {"timestamp": "Tue Mar 14 04:31:17 UTC 2017"}
        ],
        [
            {"location": [[
                {"latitude": 64.232425},
                {"longitude": 27.730468}
            ]]},
            {"altitude": 153.5},
            {"distance_km": 0.09},
            {"speed_kmh": 5.4},
            {"timestamp": "Tue Mar 14 04:31:25 UTC 2017"}
        ],
        [
            {"location": [[
                {"latitude": 64.232332},
                {"longitude": 27.730441}
            ]]},
            {"altitude": 150.5},
            {"distance_km": 0.1},
            {"speed_kmh": 4.5},
            {"timestamp": "Tue Mar 14 04:32:05 UTC 2017"}
        ],
        [
            {"location": [[
                {"latitude": 64.232221},
                {"longitude": 27.730474}
            ]]},
            {"altitude": 151.5},
            {"distance_km": 0.12},
            {"speed_kmh": 5.4},
            {"timestamp": "Tue Mar 14 04:32:13 UTC 2017"}
        ],
        [
            {"location": [[
                {"latitude": 64.232114},
                {"longitude": 27.730514}
            ]]},
            {"altitude": 149},
            {"distance_km": 0.13},
            {"speed_kmh": 5.4},
            {"timestamp": "Tue Mar 14 04:32:20 UTC 2017"}
        ],
        [
            {"location": [[
                {"latitude": 64.232182},
                {"longitude": 27.730668}
            ]]},
            {"altitude": 148.5},
            {"distance_km": 0.14},
            {"speed_kmh": 5.4},
            {"timestamp": "Tue Mar 14 04:32:30 UTC 2017"}
        ],
        [
            {"location": [[
                {"latitude": 64.232282},
                {"longitude": 27.730784}
            ]]},
            {"altitude": 150},
            {"distance_km": 0.15},
            {"speed_kmh": 5.4},
            {"timestamp": "Tue Mar 14 04:32:38 UTC 2017"}
        ],
        [
            {"location": [[
                {"latitude": 64.232383},
                {"longitude": 27.730904}
            ]]},
            {"altitude": 152},
            {"distance_km": 0.16},
            {"speed_kmh": 5.4},
            {"timestamp": "Tue Mar 14 04:32:47 UTC 2017"}
        ],
        [
            {"location": [[
                {"latitude": 64.232485},
                {"longitude": 27.730995}
            ]]},
            {"altitude": 153.5},
            {"distance_km": 0.18},
            {"speed_kmh": 5.4},
            {"timestamp": "Tue Mar 14 04:32:55 UTC 2017"}
        ],
        [
            {"location": [[
                {"latitude": 64.232573},
                {"longitude": 27.731098}
            ]]},
            {"altitude": 155.5},
            {"distance_km": 0.19},
            {"speed_kmh": 5.4},
            {"timestamp": "Tue Mar 14 04:33:03 UTC 2017"}
        ],
        [
            {"location": [[
                {"latitude": 64.23266},
                {"longitude": 27.731157}
            ]]},
            {"altitude": 153},
            {"distance_km": 0.2},
            {"speed_kmh": 7.2},
            {"timestamp": "Tue Mar 14 04:33:33 UTC 2017"}
        ],
        [
            {"location": [[
                {"latitude": 64.232749},
                {"longitude": 27.731248}
            ]]},
            {"altitude": 152.5},
            {"distance_km": 0.21},
            {"speed_kmh": 6.3},
            {"timestamp": "Tue Mar 14 04:33:39 UTC 2017"}
        ],
        [
            {"location": [[
                {"latitude": 64.232865},
                {"longitude": 27.731296}
            ]]},
            {"altitude": 155},
            {"distance_km": 0.22},
            {"speed_kmh": 6.3},
            {"timestamp": "Tue Mar 14 04:33:47 UTC 2017"}
        ],
        [
            {"location": [[
                {"latitude": 64.232972},
                {"longitude": 27.731349}
            ]]},
            {"altitude": 154},
            {"distance_km": 0.23},
            {"speed_kmh": 5.4},
            {"timestamp": "Tue Mar 14 04:33:55 UTC 2017"}
        ],
        [
            {"location": [[
                {"latitude": 64.233058},
                {"longitude": 27.731434}
            ]]},
            {"altitude": 154},
            {"distance_km": 0.24},
            {"speed_kmh": 3.6},
            {"timestamp": "Tue Mar 14 04:34:06 UTC 2017"}
        ],
        [
            {"location": [[
                {"latitude": 64.233167},
                {"longitude": 27.731407}
            ]]},
            {"altitude": 156},
            {"distance_km": 0.26},
            {"speed_kmh": 3.6},
            {"timestamp": "Tue Mar 14 04:34:16 UTC 2017"}
        ],
        [
            {"location": [[
                {"latitude": 64.233255},
                {"longitude": 27.731326}
            ]]},
            {"altitude": 161.5},
            {"distance_km": 0.27},
            {"speed_kmh": 2.7},
            {"timestamp": "Tue Mar 14 04:34:41 UTC 2017"}
        ],
        [
            {"location": [[
                {"latitude": 64.233352},
                {"longitude": 27.731442}
            ]]},
            {"altitude": 163.5},
            {"distance_km": 0.28},
            {"speed_kmh": 3.6},
            {"timestamp": "Tue Mar 14 04:34:51 UTC 2017"}
        ],
        [
            {"location": [[
                {"latitude": 64.233457},
                {"longitude": 27.731352}
            ]]},
            {"altitude": 168.5},
            {"distance_km": 0.29},
            {"speed_kmh": 3.6},
            {"timestamp": "Tue Mar 14 04:35:01 UTC 2017"}
        ],
        [
            {"location": [[
                {"latitude": 64.233553},
                {"longitude": 27.731286}
            ]]},
            {"altitude": 166.5},
            {"distance_km": 0.3},
            {"speed_kmh": 4.5},
            {"timestamp": "Tue Mar 14 04:35:07 UTC 2017"}
        ],
        [
            {"location": [[
                {"latitude": 64.233647},
                {"longitude": 27.731262}
            ]]},
            {"altitude": 168},
            {"distance_km": 0.31},
            {"speed_kmh": 4.5},
            {"timestamp": "Tue Mar 14 04:35:13 UTC 2017"}
        ],
        [
            {"location": [[
                {"latitude": 64.233742},
                {"longitude": 27.731193}
            ]]},
            {"altitude": 165.5},
            {"distance_km": 0.32},
            {"speed_kmh": 3.6},
            {"timestamp": "Tue Mar 14 04:35:21 UTC 2017"}
        ],
        [
            {"location": [[
                {"latitude": 64.233822},
                {"longitude": 27.731071}
            ]]},
            {"altitude": 163.5},
            {"distance_km": 0.33},
            {"speed_kmh": 2.7},
            {"timestamp": "Tue Mar 14 04:35:31 UTC 2017"}
        ],
        [
            {"location": [[
                {"latitude": 64.233901},
                {"longitude": 27.730949}
            ]]},
            {"altitude": 167},
            {"distance_km": 0.34},
            {"speed_kmh": 2.7},
            {"timestamp": "Tue Mar 14 04:35:43 UTC 2017"}
        ],
        [
            {"location": [[
                {"latitude": 64.233991},
                {"longitude": 27.730867}
            ]]},
            {"altitude": 169},
            {"distance_km": 0.36},
            {"speed_kmh": 2.7},
            {"timestamp": "Tue Mar 14 04:35:54 UTC 2017"}
        ],
        [
            {"location": [[
                {"latitude": 64.234064},
                {"longitude": 27.730688}
            ]]},
            {"altitude": 171},
            {"distance_km": 0.37},
            {"speed_kmh": 3.6},
            {"timestamp": "Tue Mar 14 04:36:02 UTC 2017"}
        ],
        [
            {"location": [[
                {"latitude": 64.234058},
                {"longitude": 27.7309}
            ]]},
            {"altitude": 168.5},
            {"distance_km": 0.38},
            {"speed_kmh": 4.5},
            {"timestamp": "Tue Mar 14 04:36:23 UTC 2017"}
        ],
        [
            {"location": [[
                {"latitude": 64.234048},
                {"longitude": 27.731157}
            ]]},
            {"altitude": 168.5},
            {"distance_km": 0.39},
            {"speed_kmh": 3.6},
            {"timestamp": "Tue Mar 14 04:36:31 UTC 2017"}
        ],
        [
            {"location": [[
                {"latitude": 64.234084},
                {"longitude": 27.731395}
            ]]},
            {"altitude": 167},
            {"distance_km": 0.4},
            {"speed_kmh": 3.6},
            {"timestamp": "Tue Mar 14 04:36:39 UTC 2017"}
        ],
        [
            {"location": [[
                {"latitude": 64.234114},
                {"longitude": 27.731627}
            ]]},
            {"altitude": 170},
            {"distance_km": 0.41},
            {"speed_kmh": 3.6},
            {"timestamp": "Tue Mar 14 04:36:47 UTC 2017"}
        ],
        [
            {"location": [[
                {"latitude": 64.23414},
                {"longitude": 27.731848}
            ]]},
            {"altitude": 175},
            {"distance_km": 0.42},
            {"speed_kmh": 1.8},
            {"timestamp": "Tue Mar 14 04:36:55 UTC 2017"}
        ],
        [
            {"location": [[
                {"latitude": 64.234182},
                {"longitude": 27.732062}
            ]]},
            {"altitude": 177},
            {"distance_km": 0.44},
            {"speed_kmh": 2.7},
            {"timestamp": "Tue Mar 14 04:37:03 UTC 2017"}
        ],
        [
            {"location": [[
                {"latitude": 64.234109},
                {"longitude": 27.732244}
            ]]},
            {"altitude": 172.5},
            {"distance_km": 0.45},
            {"speed_kmh": 3.6},
            {"timestamp": "Tue Mar 14 04:37:11 UTC 2017"}
        ],
        [
            {"location": [[
                {"latitude": 64.23402},
                {"longitude": 27.732322}
            ]]},
            {"altitude": 172.5},
            {"distance_km": 0.46},
            {"speed_kmh": 4.5},
            {"timestamp": "Tue Mar 14 04:37:17 UTC 2017"}
        ],
        [
            {"location": [[
                {"latitude": 64.233913},
                {"longitude": 27.732427}
            ]]},
            {"altitude": 168.5},
            {"distance_km": 0.47},
            {"speed_kmh": 3.6},
            {"timestamp": "Tue Mar 14 04:37:25 UTC 2017"}
        ],
        [
            {"location": [[
                {"latitude": 64.233851},
                {"longitude": 27.732584}
            ]]},
            {"altitude": 168},
            {"distance_km": 0.48},
            {"speed_kmh": 4.5},
            {"timestamp": "Tue Mar 14 04:37:37 UTC 2017"}
        ],
        [
            {"location": [[
                {"latitude": 64.233746},
                {"longitude": 27.732695}
            ]]},
            {"altitude": 169},
            {"distance_km": 0.49},
            {"speed_kmh": 4.5},
            {"timestamp": "Tue Mar 14 04:37:44 UTC 2017"}
        ],
        [
            {"location": [[
                {"latitude": 64.233648},
                {"longitude": 27.732796}
            ]]},
            {"altitude": 167},
            {"distance_km": 0.51},
            {"speed_kmh": 3.6},
            {"timestamp": "Tue Mar 14 04:37:50 UTC 2017"}
        ],
        [
            {"location": [[
                {"latitude": 64.233572},
                {"longitude": 27.732908}
            ]]},
            {"altitude": 171.5},
            {"distance_km": 0.52},
            {"speed_kmh": 3.6},
            {"timestamp": "Tue Mar 14 04:37:54 UTC 2017"}
        ],
        [
            {"location": [[
                {"latitude": 64.233477},
                {"longitude": 27.733049}
            ]]},
            {"altitude": 169.5},
            {"distance_km": 0.53},
            {"speed_kmh": 4.5},
            {"timestamp": "Tue Mar 14 04:38:13 UTC 2017"}
        ],
        [
            {"location": [[
                {"latitude": 64.23337},
                {"longitude": 27.733121}
            ]]},
            {"altitude": 166},
            {"distance_km": 0.54},
            {"speed_kmh": 0},
            {"timestamp": "Tue Mar 14 04:38:23 UTC 2017"}
        ],
        [
            {"location": [[
                {"latitude": 64.233277},
                {"longitude": 27.733191}
            ]]},
            {"altitude": 162.5},
            {"distance_km": 0.55},
            {"speed_kmh": 0},
            {"timestamp": "Tue Mar 14 04:38:31 UTC 2017"}
        ],
        [
            {"location": [[
                {"latitude": 64.233179},
                {"longitude": 27.733252}
            ]]},
            {"altitude": 159},
            {"distance_km": 0.56},
            {"speed_kmh": 4.5},
            {"timestamp": "Tue Mar 14 04:38:37 UTC 2017"}
        ],
        [
            {"location": [[
                {"latitude": 64.233066},
                {"longitude": 27.733163}
            ]]},
            {"altitude": 154.5},
            {"distance_km": 0.58},
            {"speed_kmh": 5.4},
            {"timestamp": "Tue Mar 14 04:38:43 UTC 2017"}
        ],
        [
            {"location": [[
                {"latitude": 64.232954},
                {"longitude": 27.733148}
            ]]},
            {"altitude": 152.5},
            {"distance_km": 0.59},
            {"speed_kmh": 8.1},
            {"timestamp": "Tue Mar 14 04:38:47 UTC 2017"}
        ],
        [
            {"location": [[
                {"latitude": 64.232825},
                {"longitude": 27.733116}
            ]]},
            {"altitude": 150},
            {"distance_km": 0.6},
            {"speed_kmh": 7.2},
            {"timestamp": "Tue Mar 14 04:38:53 UTC 2017"}
        ],
        [
            {"location": [[
                {"latitude": 64.232731},
                {"longitude": 27.733143}
            ]]},
            {"altitude": 148},
            {"distance_km": 0.61},
            {"speed_kmh": 5.4},
            {"timestamp": "Tue Mar 14 04:38:59 UTC 2017"}
        ],
        [
            {"location": [[
                {"latitude": 64.232623},
                {"longitude": 27.733221}
            ]]},
            {"altitude": 148.5},
            {"distance_km": 0.63},
            {"speed_kmh": 7.2},
            {"timestamp": "Tue Mar 14 04:39:09 UTC 2017"}
        ],
        [
            {"location": [[
                {"latitude": 64.232495},
                {"longitude": 27.733238}
            ]]},
            {"altitude": 146},
            {"distance_km": 0.64},
            {"speed_kmh": 8.1},
            {"timestamp": "Tue Mar 14 04:39:15 UTC 2017"}
        ],
        [
            {"location": [[
                {"latitude": 64.2324},
                {"longitude": 27.733191}
            ]]},
            {"altitude": 147},
            {"distance_km": 0.65},
            {"speed_kmh": 6.3},
            {"timestamp": "Tue Mar 14 04:39:21 UTC 2017"}
        ],
        [
            {"location": [[
                {"latitude": 64.232305},
                {"longitude": 27.733235}
            ]]},
            {"altitude": 149},
            {"distance_km": 0.66},
            {"speed_kmh": 5.4},
            {"timestamp": "Tue Mar 14 04:39:27 UTC 2017"}
        ],
        [
            {"location": [[
                {"latitude": 64.232234},
                {"longitude": 27.7334}
            ]]},
            {"altitude": 150},
            {"distance_km": 0.67},
            {"speed_kmh": 5.4},
            {"timestamp": "Tue Mar 14 04:39:33 UTC 2017"}
        ],
        [
            {"location": [[
                {"latitude": 64.232185},
                {"longitude": 27.733616}
            ]]},
            {"altitude": 154},
            {"distance_km": 0.69},
            {"speed_kmh": 5.4},
            {"timestamp": "Tue Mar 14 04:39:41 UTC 2017"}
        ],
        [
            {"location": [[
                {"latitude": 64.232155},
                {"longitude": 27.733876}
            ]]},
            {"altitude": 152.5},
            {"distance_km": 0.7},
            {"speed_kmh": 7.2},
            {"timestamp": "Tue Mar 14 04:39:48 UTC 2017"}
        ],
        [
            {"location": [[
                {"latitude": 64.232046},
                {"longitude": 27.733908}
            ]]},
            {"altitude": 149},
            {"distance_km": 0.71},
            {"speed_kmh": 6.3},
            {"timestamp": "Tue Mar 14 04:39:54 UTC 2017"}
        ],
        [
            {"location": [[
                {"latitude": 64.231944},
                {"longitude": 27.733907}
            ]]},
            {"altitude": 147.5},
            {"distance_km": 0.72},
            {"speed_kmh": 6.3},
            {"timestamp": "Tue Mar 14 04:40:00 UTC 2017"}
        ],
        [
            {"location": [[
                {"latitude": 64.231852},
                {"longitude": 27.733945}
            ]]},
            {"altitude": 149.5},
            {"distance_km": 0.73},
            {"speed_kmh": 6.3},
            {"timestamp": "Tue Mar 14 04:40:06 UTC 2017"}
        ],
        [
            {"location": [[
                {"latitude": 64.231755},
                {"longitude": 27.733961}
            ]]},
            {"altitude": 149.5},
            {"distance_km": 0.74},
            {"speed_kmh": 6.3},
            {"timestamp": "Tue Mar 14 04:40:12 UTC 2017"}
        ],
        [
            {"location": [[
                {"latitude": 64.231657},
                {"longitude": 27.733987}
            ]]},
            {"altitude": 149},
            {"distance_km": 0.76},
            {"speed_kmh": 6.3},
            {"timestamp": "Tue Mar 14 04:40:18 UTC 2017"}
        ],
        [
            {"location": [[
                {"latitude": 64.23156},
                {"longitude": 27.733991}
            ]]},
            {"altitude": 148.5},
            {"distance_km": 0.77},
            {"speed_kmh": 6.3},
            {"timestamp": "Tue Mar 14 04:40:25 UTC 2017"}
        ],
        [
            {"location": [[
                {"latitude": 64.231461},
                {"longitude": 27.733996}
            ]]},
            {"altitude": 147.5},
            {"distance_km": 0.78},
            {"speed_kmh": 6.3},
            {"timestamp": "Tue Mar 14 04:40:31 UTC 2017"}
        ],
        [
            {"location": [[
                {"latitude": 64.231369},
                {"longitude": 27.734032}
            ]]},
            {"altitude": 146},
            {"distance_km": 0.79},
            {"speed_kmh": 6.3},
            {"timestamp": "Tue Mar 14 04:40:37 UTC 2017"}
        ],
        [
            {"location": [[
                {"latitude": 64.231268},
                {"longitude": 27.73406}
            ]]},
            {"altitude": 144.5},
            {"distance_km": 0.8},
            {"speed_kmh": 6.3},
            {"timestamp": "Tue Mar 14 04:40:43 UTC 2017"}
        ],
        [
            {"location": [[
                {"latitude": 64.231169},
                {"longitude": 27.734081}
            ]]},
            {"altitude": 144.5},
            {"distance_km": 0.81},
            {"speed_kmh": 6.3},
            {"timestamp": "Tue Mar 14 04:40:49 UTC 2017"}
        ],
        [
            {"location": [[
                {"latitude": 64.23108},
                {"longitude": 27.734116}
            ]]},
            {"altitude": 144},
            {"distance_km": 0.82},
            {"speed_kmh": 6.3},
            {"timestamp": "Tue Mar 14 04:40:55 UTC 2017"}
        ],
        [
            {"location": [[
                {"latitude": 64.230985},
                {"longitude": 27.734089}
            ]]},
            {"altitude": 145},
            {"distance_km": 0.83},
            {"speed_kmh": 6.3},
            {"timestamp": "Tue Mar 14 04:41:01 UTC 2017"}
        ],
        [
            {"location": [[
                {"latitude": 64.230883},
                {"longitude": 27.734111}
            ]]},
            {"altitude": 145},
            {"distance_km": 0.84},
            {"speed_kmh": 4.5},
            {"timestamp": "Tue Mar 14 04:41:09 UTC 2017"}
        ],
        [
            {"location": [[
                {"latitude": 64.230842},
                {"longitude": 27.733883}
            ]]},
            {"altitude": 145},
            {"distance_km": 0.85},
            {"speed_kmh": 6.3},
            {"timestamp": "Tue Mar 14 04:41:15 UTC 2017"}
        ],
        [
            {"location": [[
                {"latitude": 64.230854},
                {"longitude": 27.733656}
            ]]},
            {"altitude": 144.5},
            {"distance_km": 0.86},
            {"speed_kmh": 5.4},
            {"timestamp": "Tue Mar 14 04:41:21 UTC 2017"}
        ],
        [
            {"location": [[
                {"latitude": 64.230915},
                {"longitude": 27.73347}
            ]]},
            {"altitude": 143.5},
            {"distance_km": 0.88},
            {"speed_kmh": 6.3},
            {"timestamp": "Tue Mar 14 04:41:27 UTC 2017"}
        ],
        [
            {"location": [[
                {"latitude": 64.230983},
                {"longitude": 27.733311}
            ]]},
            {"altitude": 141},
            {"distance_km": 0.89},
            {"speed_kmh": 6.3},
            {"timestamp": "Tue Mar 14 04:41:33 UTC 2017"}
        ],
        [
            {"location": [[
                {"latitude": 64.231042},
                {"longitude": 27.733122}
            ]]},
            {"altitude": 142},
            {"distance_km": 0.9},
            {"speed_kmh": 6.3},
            {"timestamp": "Tue Mar 14 04:41:39 UTC 2017"}
        ],
        [
            {"location": [[
                {"latitude": 64.231079},
                {"longitude": 27.732924}
            ]]},
            {"altitude": 141.5},
            {"distance_km": 0.91},
            {"speed_kmh": 4.5},
            {"timestamp": "Tue Mar 14 04:41:46 UTC 2017"}
        ],
        [
            {"location": [[
                {"latitude": 64.231118},
                {"longitude": 27.732723}
            ]]},
            {"altitude": 145},
            {"distance_km": 0.92},
            {"speed_kmh": 3.6},
            {"timestamp": "Tue Mar 14 04:41:56 UTC 2017"}
        ],
        [
            {"location": [[
                {"latitude": 64.231188},
                {"longitude": 27.732564}
            ]]},
            {"altitude": 142},
            {"distance_km": 0.93},
            {"speed_kmh": 4.5},
            {"timestamp": "Tue Mar 14 04:42:04 UTC 2017"}
        ],
        [
            {"location": [[
                {"latitude": 64.231302},
                {"longitude": 27.732512}
            ]]},
            {"altitude": 139.5},
            {"distance_km": 0.94},
            {"speed_kmh": 6.3},
            {"timestamp": "Tue Mar 14 04:42:13 UTC 2017"}
        ],
        [
            {"location": [[
                {"latitude": 64.231403},
                {"longitude": 27.732488}
            ]]},
            {"altitude": 138},
            {"distance_km": 0.95},
            {"speed_kmh": 5.4},
            {"timestamp": "Tue Mar 14 04:42:19 UTC 2017"}
        ],
        [
            {"location": [[
                {"latitude": 64.231484},
                {"longitude": 27.73239}
            ]]},
            {"altitude": 137.5},
            {"distance_km": 0.96},
            {"speed_kmh": 5.4},
            {"timestamp": "Tue Mar 14 04:42:25 UTC 2017"}
        ],
        [
            {"location": [[
                {"latitude": 64.231551},
                {"longitude": 27.732199}
            ]]},
            {"altitude": 140},
            {"distance_km": 0.98},
            {"speed_kmh": 5.4},
            {"timestamp": "Tue Mar 14 04:42:33 UTC 2017"}
        ],
        [
            {"location": [[
                {"latitude": 64.231568},
                {"longitude": 27.731991}
            ]]},
            {"altitude": 142.5},
            {"distance_km": 0.99},
            {"speed_kmh": 4.5},
            {"timestamp": "Tue Mar 14 04:42:39 UTC 2017"}
        ],
        [
            {"location": [[
                {"latitude": 64.231609},
                {"longitude": 27.731745}
            ]]},
            {"altitude": 144},
            {"distance_km": 1},
            {"speed_kmh": 5.4},
            {"timestamp": "Tue Mar 14 04:42:47 UTC 2017"}
        ],
        [
            {"location": [[
                {"latitude": 64.23166},
                {"longitude": 27.731503}
            ]]},
            {"altitude": 143},
            {"distance_km": 1.01},
            {"speed_kmh": 5.4},
            {"timestamp": "Tue Mar 14 04:42:55 UTC 2017"}
        ],
        [
            {"location": [[
                {"latitude": 64.231722},
                {"longitude": 27.731287}
            ]]},
            {"altitude": 142.5},
            {"distance_km": 1.03},
            {"speed_kmh": 5.4},
            {"timestamp": "Tue Mar 14 04:43:03 UTC 2017"}
        ],
        [
            {"location": [[
                {"latitude": 64.231781},
                {"longitude": 27.731059}
            ]]},
            {"altitude": 145},
            {"distance_km": 1.04},
            {"speed_kmh": 5.4},
            {"timestamp": "Tue Mar 14 04:43:11 UTC 2017"}
        ],
        [
            {"location": [[
                {"latitude": 64.23184},
                {"longitude": 27.730838}
            ]]},
            {"altitude": 146.5},
            {"distance_km": 1.05},
            {"speed_kmh": 5.4},
            {"timestamp": "Tue Mar 14 04:43:19 UTC 2017"}
        ],
        [
            {"location": [[
                {"latitude": 64.231891},
                {"longitude": 27.730611}
            ]]},
            {"altitude": 149},
            {"distance_km": 1.06},
            {"speed_kmh": 4.5},
            {"timestamp": "Tue Mar 14 04:43:27 UTC 2017"}
        ],
        [
            {"location": [[
                {"latitude": 64.23196},
                {"longitude": 27.730476}
            ]]},
            {"altitude": 149},
            {"distance_km": 1.07},
            {"speed_kmh": 1.8},
            {"timestamp": "Tue Mar 14 04:43:36 UTC 2017"}
        ],
        [
            {"location": [[
                {"latitude": 64.232036},
                {"longitude": 27.730363}
            ]]},
            {"altitude": 150},
            {"distance_km": 1.08},
            {"speed_kmh": 3.6},
            {"timestamp": "Tue Mar 14 04:43:46 UTC 2017"}
        ],
        [
            {"location": [[
                {"latitude": 64.232054},
                {"longitude": 27.730158}
            ]]},
            {"altitude": 151},
            {"distance_km": 1.09},
            {"speed_kmh": 5.4},
            {"timestamp": "Tue Mar 14 04:43:52 UTC 2017"}
        ],
        [
            {"location": [[
                {"latitude": 64.232043},
                {"longitude": 27.729953}
            ]]},
            {"altitude": 149},
            {"distance_km": 1.1},
            {"speed_kmh": 5.4},
            {"timestamp": "Tue Mar 14 04:43:58 UTC 2017"}
        ],
        [
            {"location": [[
                {"latitude": 64.232051},
                {"longitude": 27.729738}
            ]]},
            {"altitude": 151.5},
            {"distance_km": 1.11},
            {"speed_kmh": 4.5},
            {"timestamp": "Tue Mar 14 04:44:07 UTC 2017"}
        ],
        [
            {"location": [[
                {"latitude": 64.231983},
                {"longitude": 27.729596}
            ]]},
            {"altitude": 150.5},
            {"distance_km": 1.12},
            {"speed_kmh": 3.6},
            {"timestamp": "Tue Mar 14 04:44:21 UTC 2017"}
        ],
        [
            {"location": [[
                {"latitude": 64.23198},
                {"longitude": 27.729551}
            ]]},
            {"altitude": 152},
            {"distance_km": 1.12},
            {"speed_kmh": 0},
            {"timestamp": "Tue Mar 14 04:45:51 UTC 2017"}
        ],
        [
            {"location": [[
                {"latitude": 64.23198},
                {"longitude": 27.729551}
            ]]},
            {"altitude": 152},
            {"distance_km": 1.12},
            {"speed_kmh": 0},
            {"timestamp": "Tue Mar 14 04:45:52 UTC 2017"}
        ]
    ]}
]