[
    {"sport": "WALKING"},
    {"source": "TRACK_MOBILE"},
    {"created_date": "2017-02-02 16:04:34.0"},
    {"start_time": "2017-02-02 16:03:31.0"},
    {"end_time": "2017-02-02 16:37:28.0"},
    {"duration_s": 2036},
    {"distance_km": 2.36},
    {"calories_kcal": 178.798},
    {"altitude_min_m": 148.5},
    {"altitude_max_m": 196},
    {"speed_avg_kmh": 4.172888015717092},
    {"speed_max_kmh": 8.1},
    {"ascend_m": 102},
    {"descend_m": 95.5},
    {"points": [
        [
            {"location": [[
                {"latitude": 64.231841},
                {"longitude": 27.729781}
            ]]},
            {"distance_km": 0},
            {"timestamp": "Thu Feb 02 16:03:31 UTC 2017"}
        ],
        [
            {"location": [[
                {"latitude": 64.231841},
                {"longitude": 27.729781}
            ]]},
            {"altitude": 148.5},
            {"distance_km": 0},
            {"speed_kmh": 1.8},
            {"timestamp": "Thu Feb 02 16:03:43 UTC 2017"}
        ],
        [
            {"location": [[
                {"latitude": 64.231845},
                {"longitude": 27.729525}
            ]]},
            {"altitude": 182},
            {"distance_km": 0.01},
            {"speed_kmh": 2.7},
            {"timestamp": "Thu Feb 02 16:03:49 UTC 2017"}
        ],
        [
            {"location": [[
                {"latitude": 64.231746},
                {"longitude": 27.729565}
            ]]},
            {"altitude": 170.5},
            {"distance_km": 0.02},
            {"speed_kmh": 0.9},
            {"timestamp": "Thu Feb 02 16:03:55 UTC 2017"}
        ],
        [
            {"location": [[
                {"latitude": 64.231811},
                {"longitude": 27.729736}
            ]]},
            {"altitude": 186.5},
            {"distance_km": 0.03},
            {"speed_kmh": 0},
            {"timestamp": "Thu Feb 02 16:03:57 UTC 2017"}
        ],
        [
            {"location": [[
                {"latitude": 64.231724},
                {"longitude": 27.729635}
            ]]},
            {"altitude": 157.5},
            {"distance_km": 0.05},
            {"speed_kmh": 4.5},
            {"timestamp": "Thu Feb 02 16:06:12 UTC 2017"}
        ],
        [
            {"location": [[
                {"latitude": 64.231671},
                {"longitude": 27.729803}
            ]]},
            {"altitude": 156},
            {"distance_km": 0.06},
            {"speed_kmh": 3.6},
            {"timestamp": "Thu Feb 02 16:06:20 UTC 2017"}
        ],
        [
            {"location": [[
                {"latitude": 64.231688},
                {"longitude": 27.730026}
            ]]},
            {"altitude": 160.5},
            {"distance_km": 0.07},
            {"speed_kmh": 4.5},
            {"timestamp": "Thu Feb 02 16:06:30 UTC 2017"}
        ],
        [
            {"location": [[
                {"latitude": 64.231747},
                {"longitude": 27.730254}
            ]]},
            {"altitude": 161},
            {"distance_km": 0.08},
            {"speed_kmh": 4.5},
            {"timestamp": "Thu Feb 02 16:06:38 UTC 2017"}
        ],
        [
            {"location": [[
                {"latitude": 64.231826},
                {"longitude": 27.730437}
            ]]},
            {"altitude": 160},
            {"distance_km": 0.09},
            {"speed_kmh": 4.5},
            {"timestamp": "Thu Feb 02 16:06:46 UTC 2017"}
        ],
        [
            {"location": [[
                {"latitude": 64.231903},
                {"longitude": 27.730585}
            ]]},
            {"altitude": 160},
            {"distance_km": 0.1},
            {"speed_kmh": 4.5},
            {"timestamp": "Thu Feb 02 16:06:53 UTC 2017"}
        ],
        [
            {"location": [[
                {"latitude": 64.232},
                {"longitude": 27.730695}
            ]]},
            {"altitude": 157},
            {"distance_km": 0.11},
            {"speed_kmh": 4.5},
            {"timestamp": "Thu Feb 02 16:07:01 UTC 2017"}
        ],
        [
            {"location": [[
                {"latitude": 64.232097},
                {"longitude": 27.730869}
            ]]},
            {"altitude": 158},
            {"distance_km": 0.13},
            {"speed_kmh": 5.4},
            {"timestamp": "Thu Feb 02 16:07:09 UTC 2017"}
        ],
        [
            {"location": [[
                {"latitude": 64.232164},
                {"longitude": 27.731022}
            ]]},
            {"altitude": 162.5},
            {"distance_km": 0.14},
            {"speed_kmh": 5.4},
            {"timestamp": "Thu Feb 02 16:07:15 UTC 2017"}
        ],
        [
            {"location": [[
                {"latitude": 64.232254},
                {"longitude": 27.73118}
            ]]},
            {"altitude": 163.5},
            {"distance_km": 0.15},
            {"speed_kmh": 5.4},
            {"timestamp": "Thu Feb 02 16:07:21 UTC 2017"}
        ],
        [
            {"location": [[
                {"latitude": 64.232344},
                {"longitude": 27.731273}
            ]]},
            {"altitude": 167},
            {"distance_km": 0.16},
            {"speed_kmh": 5.4},
            {"timestamp": "Thu Feb 02 16:07:27 UTC 2017"}
        ],
        [
            {"location": [[
                {"latitude": 64.232436},
                {"longitude": 27.731435}
            ]]},
            {"altitude": 167},
            {"distance_km": 0.18},
            {"speed_kmh": 5.4},
            {"timestamp": "Thu Feb 02 16:07:35 UTC 2017"}
        ],
        [
            {"location": [[
                {"latitude": 64.232527},
                {"longitude": 27.731524}
            ]]},
            {"altitude": 168},
            {"distance_km": 0.19},
            {"speed_kmh": 3.6},
            {"timestamp": "Thu Feb 02 16:07:45 UTC 2017"}
        ],
        [
            {"location": [[
                {"latitude": 64.232629},
                {"longitude": 27.731577}
            ]]},
            {"altitude": 169},
            {"distance_km": 0.2},
            {"speed_kmh": 6.3},
            {"timestamp": "Thu Feb 02 16:07:51 UTC 2017"}
        ],
        [
            {"location": [[
                {"latitude": 64.232719},
                {"longitude": 27.731651}
            ]]},
            {"altitude": 170.5},
            {"distance_km": 0.21},
            {"speed_kmh": 6.3},
            {"timestamp": "Thu Feb 02 16:07:58 UTC 2017"}
        ],
        [
            {"location": [[
                {"latitude": 64.23282},
                {"longitude": 27.731587}
            ]]},
            {"altitude": 169},
            {"distance_km": 0.22},
            {"speed_kmh": 6.3},
            {"timestamp": "Thu Feb 02 16:08:04 UTC 2017"}
        ],
        [
            {"location": [[
                {"latitude": 64.23291},
                {"longitude": 27.731503}
            ]]},
            {"altitude": 170.5},
            {"distance_km": 0.23},
            {"speed_kmh": 6.3},
            {"timestamp": "Thu Feb 02 16:08:10 UTC 2017"}
        ],
        [
            {"location": [[
                {"latitude": 64.233014},
                {"longitude": 27.731572}
            ]]},
            {"altitude": 169.5},
            {"distance_km": 0.24},
            {"speed_kmh": 6.3},
            {"timestamp": "Thu Feb 02 16:08:18 UTC 2017"}
        ],
        [
            {"location": [[
                {"latitude": 64.233111},
                {"longitude": 27.731663}
            ]]},
            {"altitude": 166},
            {"distance_km": 0.25},
            {"speed_kmh": 3.6},
            {"timestamp": "Thu Feb 02 16:08:28 UTC 2017"}
        ],
        [
            {"location": [[
                {"latitude": 64.233208},
                {"longitude": 27.731686}
            ]]},
            {"altitude": 160.5},
            {"distance_km": 0.27},
            {"speed_kmh": 2.7},
            {"timestamp": "Thu Feb 02 16:08:39 UTC 2017"}
        ],
        [
            {"location": [[
                {"latitude": 64.233307},
                {"longitude": 27.731696}
            ]]},
            {"altitude": 160},
            {"distance_km": 0.28},
            {"speed_kmh": 2.7},
            {"timestamp": "Thu Feb 02 16:08:51 UTC 2017"}
        ],
        [
            {"location": [[
                {"latitude": 64.233408},
                {"longitude": 27.731712}
            ]]},
            {"altitude": 160},
            {"distance_km": 0.29},
            {"speed_kmh": 3.6},
            {"timestamp": "Thu Feb 02 16:08:59 UTC 2017"}
        ],
        [
            {"location": [[
                {"latitude": 64.2335},
                {"longitude": 27.731622}
            ]]},
            {"altitude": 154},
            {"distance_km": 0.3},
            {"speed_kmh": 2.7},
            {"timestamp": "Thu Feb 02 16:09:15 UTC 2017"}
        ],
        [
            {"location": [[
                {"latitude": 64.233614},
                {"longitude": 27.731588}
            ]]},
            {"altitude": 158.5},
            {"distance_km": 0.31},
            {"speed_kmh": 3.6},
            {"timestamp": "Thu Feb 02 16:09:23 UTC 2017"}
        ],
        [
            {"location": [[
                {"latitude": 64.23372},
                {"longitude": 27.731515}
            ]]},
            {"altitude": 164},
            {"distance_km": 0.32},
            {"speed_kmh": 3.6},
            {"timestamp": "Thu Feb 02 16:09:31 UTC 2017"}
        ],
        [
            {"location": [[
                {"latitude": 64.2338},
                {"longitude": 27.731367}
            ]]},
            {"altitude": 164.5},
            {"distance_km": 0.34},
            {"speed_kmh": 3.6},
            {"timestamp": "Thu Feb 02 16:09:39 UTC 2017"}
        ],
        [
            {"location": [[
                {"latitude": 64.233881},
                {"longitude": 27.731246}
            ]]},
            {"altitude": 160.5},
            {"distance_km": 0.35},
            {"speed_kmh": 0.9},
            {"timestamp": "Thu Feb 02 16:09:50 UTC 2017"}
        ],
        [
            {"location": [[
                {"latitude": 64.233978},
                {"longitude": 27.731215}
            ]]},
            {"altitude": 163},
            {"distance_km": 0.36},
            {"speed_kmh": 2.7},
            {"timestamp": "Thu Feb 02 16:10:06 UTC 2017"}
        ],
        [
            {"location": [[
                {"latitude": 64.234056},
                {"longitude": 27.731079}
            ]]},
            {"altitude": 166.5},
            {"distance_km": 0.37},
            {"speed_kmh": 3.6},
            {"timestamp": "Thu Feb 02 16:10:14 UTC 2017"}
        ],
        [
            {"location": [[
                {"latitude": 64.234105},
                {"longitude": 27.730871}
            ]]},
            {"altitude": 167},
            {"distance_km": 0.38},
            {"speed_kmh": 3.6},
            {"timestamp": "Thu Feb 02 16:10:21 UTC 2017"}
        ],
        [
            {"location": [[
                {"latitude": 64.234146},
                {"longitude": 27.730679}
            ]]},
            {"altitude": 170},
            {"distance_km": 0.39},
            {"speed_kmh": 3.6},
            {"timestamp": "Thu Feb 02 16:10:29 UTC 2017"}
        ],
        [
            {"location": [[
                {"latitude": 64.234201},
                {"longitude": 27.730473}
            ]]},
            {"altitude": 174},
            {"distance_km": 0.4},
            {"speed_kmh": 3.6},
            {"timestamp": "Thu Feb 02 16:10:37 UTC 2017"}
        ],
        [
            {"location": [[
                {"latitude": 64.234273},
                {"longitude": 27.730322}
            ]]},
            {"altitude": 173},
            {"distance_km": 0.41},
            {"speed_kmh": 3.6},
            {"timestamp": "Thu Feb 02 16:10:45 UTC 2017"}
        ],
        [
            {"location": [[
                {"latitude": 64.234363},
                {"longitude": 27.730201}
            ]]},
            {"altitude": 175.5},
            {"distance_km": 0.42},
            {"speed_kmh": 2.7},
            {"timestamp": "Thu Feb 02 16:10:57 UTC 2017"}
        ],
        [
            {"location": [[
                {"latitude": 64.234415},
                {"longitude": 27.729995}
            ]]},
            {"altitude": 175.5},
            {"distance_km": 0.44},
            {"speed_kmh": 0},
            {"timestamp": "Thu Feb 02 16:11:05 UTC 2017"}
        ],
        [
            {"location": [[
                {"latitude": 64.234496},
                {"longitude": 27.729866}
            ]]},
            {"altitude": 174},
            {"distance_km": 0.45},
            {"speed_kmh": 1.8},
            {"timestamp": "Thu Feb 02 16:11:23 UTC 2017"}
        ],
        [
            {"location": [[
                {"latitude": 64.234574},
                {"longitude": 27.729738}
            ]]},
            {"altitude": 174},
            {"distance_km": 0.46},
            {"speed_kmh": 2.7},
            {"timestamp": "Thu Feb 02 16:11:35 UTC 2017"}
        ],
        [
            {"location": [[
                {"latitude": 64.234658},
                {"longitude": 27.729618}
            ]]},
            {"altitude": 175.5},
            {"distance_km": 0.47},
            {"speed_kmh": 2.7},
            {"timestamp": "Thu Feb 02 16:11:44 UTC 2017"}
        ],
        [
            {"location": [[
                {"latitude": 64.234755},
                {"longitude": 27.729495}
            ]]},
            {"altitude": 182},
            {"distance_km": 0.48},
            {"speed_kmh": 2.7},
            {"timestamp": "Thu Feb 02 16:11:52 UTC 2017"}
        ],
        [
            {"location": [[
                {"latitude": 64.23483},
                {"longitude": 27.729351}
            ]]},
            {"altitude": 185},
            {"distance_km": 0.49},
            {"speed_kmh": 1.8},
            {"timestamp": "Thu Feb 02 16:12:06 UTC 2017"}
        ],
        [
            {"location": [[
                {"latitude": 64.234914},
                {"longitude": 27.729212}
            ]]},
            {"altitude": 188},
            {"distance_km": 0.5},
            {"speed_kmh": 2.7},
            {"timestamp": "Thu Feb 02 16:12:27 UTC 2017"}
        ],
        [
            {"location": [[
                {"latitude": 64.234981},
                {"longitude": 27.729018}
            ]]},
            {"altitude": 183},
            {"distance_km": 0.51},
            {"speed_kmh": 2.7},
            {"timestamp": "Thu Feb 02 16:12:39 UTC 2017"}
        ],
        [
            {"location": [[
                {"latitude": 64.235077},
                {"longitude": 27.728934}
            ]]},
            {"altitude": 186},
            {"distance_km": 0.53},
            {"speed_kmh": 2.7},
            {"timestamp": "Thu Feb 02 16:12:49 UTC 2017"}
        ],
        [
            {"location": [[
                {"latitude": 64.235179},
                {"longitude": 27.728981}
            ]]},
            {"altitude": 185},
            {"distance_km": 0.54},
            {"speed_kmh": 4.5},
            {"timestamp": "Thu Feb 02 16:12:57 UTC 2017"}
        ],
        [
            {"location": [[
                {"latitude": 64.23527},
                {"longitude": 27.729055}
            ]]},
            {"altitude": 183.5},
            {"distance_km": 0.55},
            {"speed_kmh": 3.6},
            {"timestamp": "Thu Feb 02 16:13:07 UTC 2017"}
        ],
        [
            {"location": [[
                {"latitude": 64.235346},
                {"longitude": 27.728936}
            ]]},
            {"altitude": 185.5},
            {"distance_km": 0.56},
            {"speed_kmh": 2.7},
            {"timestamp": "Thu Feb 02 16:13:17 UTC 2017"}
        ],
        [
            {"location": [[
                {"latitude": 64.235346},
                {"longitude": 27.728684}
            ]]},
            {"altitude": 184.5},
            {"distance_km": 0.57},
            {"speed_kmh": 2.7},
            {"timestamp": "Thu Feb 02 16:13:27 UTC 2017"}
        ],
        [
            {"location": [[
                {"latitude": 64.2354},
                {"longitude": 27.728488}
            ]]},
            {"altitude": 189.5},
            {"distance_km": 0.58},
            {"speed_kmh": 3.6},
            {"timestamp": "Thu Feb 02 16:13:40 UTC 2017"}
        ],
        [
            {"location": [[
                {"latitude": 64.235505},
                {"longitude": 27.728464}
            ]]},
            {"altitude": 185.5},
            {"distance_km": 0.59},
            {"speed_kmh": 3.6},
            {"timestamp": "Thu Feb 02 16:13:50 UTC 2017"}
        ],
        [
            {"location": [[
                {"latitude": 64.235601},
                {"longitude": 27.728359}
            ]]},
            {"altitude": 186},
            {"distance_km": 0.61},
            {"speed_kmh": 4.5},
            {"timestamp": "Thu Feb 02 16:14:00 UTC 2017"}
        ],
        [
            {"location": [[
                {"latitude": 64.235674},
                {"longitude": 27.728229}
            ]]},
            {"altitude": 190.5},
            {"distance_km": 0.62},
            {"speed_kmh": 4.5},
            {"timestamp": "Thu Feb 02 16:14:06 UTC 2017"}
        ],
        [
            {"location": [[
                {"latitude": 64.235781},
                {"longitude": 27.728104}
            ]]},
            {"altitude": 190.5},
            {"distance_km": 0.63},
            {"speed_kmh": 4.5},
            {"timestamp": "Thu Feb 02 16:14:17 UTC 2017"}
        ],
        [
            {"location": [[
                {"latitude": 64.23587},
                {"longitude": 27.727983}
            ]]},
            {"altitude": 189},
            {"distance_km": 0.64},
            {"speed_kmh": 3.6},
            {"timestamp": "Thu Feb 02 16:14:27 UTC 2017"}
        ],
        [
            {"location": [[
                {"latitude": 64.235959},
                {"longitude": 27.727912}
            ]]},
            {"altitude": 189.5},
            {"distance_km": 0.65},
            {"speed_kmh": 3.6},
            {"timestamp": "Thu Feb 02 16:14:37 UTC 2017"}
        ],
        [
            {"location": [[
                {"latitude": 64.236017},
                {"longitude": 27.727738}
            ]]},
            {"altitude": 186},
            {"distance_km": 0.66},
            {"speed_kmh": 3.6},
            {"timestamp": "Thu Feb 02 16:14:45 UTC 2017"}
        ],
        [
            {"location": [[
                {"latitude": 64.23612},
                {"longitude": 27.727659}
            ]]},
            {"altitude": 190},
            {"distance_km": 0.67},
            {"speed_kmh": 5.4},
            {"timestamp": "Thu Feb 02 16:14:53 UTC 2017"}
        ],
        [
            {"location": [[
                {"latitude": 64.236203},
                {"longitude": 27.727526}
            ]]},
            {"altitude": 188.5},
            {"distance_km": 0.69},
            {"speed_kmh": 4.5},
            {"timestamp": "Thu Feb 02 16:15:01 UTC 2017"}
        ],
        [
            {"location": [[
                {"latitude": 64.236281},
                {"longitude": 27.72741}
            ]]},
            {"altitude": 189.5},
            {"distance_km": 0.7},
            {"speed_kmh": 4.5},
            {"timestamp": "Thu Feb 02 16:15:09 UTC 2017"}
        ],
        [
            {"location": [[
                {"latitude": 64.236359},
                {"longitude": 27.727293}
            ]]},
            {"altitude": 190.5},
            {"distance_km": 0.71},
            {"speed_kmh": 4.5},
            {"timestamp": "Thu Feb 02 16:15:17 UTC 2017"}
        ],
        [
            {"location": [[
                {"latitude": 64.236466},
                {"longitude": 27.727244}
            ]]},
            {"altitude": 189.5},
            {"distance_km": 0.72},
            {"speed_kmh": 4.5},
            {"timestamp": "Thu Feb 02 16:15:27 UTC 2017"}
        ],
        [
            {"location": [[
                {"latitude": 64.236551},
                {"longitude": 27.727314}
            ]]},
            {"altitude": 189},
            {"distance_km": 0.73},
            {"speed_kmh": 4.5},
            {"timestamp": "Thu Feb 02 16:15:36 UTC 2017"}
        ],
        [
            {"location": [[
                {"latitude": 64.23666},
                {"longitude": 27.727372}
            ]]},
            {"altitude": 187},
            {"distance_km": 0.74},
            {"speed_kmh": 4.5},
            {"timestamp": "Thu Feb 02 16:15:46 UTC 2017"}
        ],
        [
            {"location": [[
                {"latitude": 64.236748},
                {"longitude": 27.727411}
            ]]},
            {"altitude": 187.5},
            {"distance_km": 0.75},
            {"speed_kmh": 4.5},
            {"timestamp": "Thu Feb 02 16:15:54 UTC 2017"}
        ],
        [
            {"location": [[
                {"latitude": 64.236841},
                {"longitude": 27.7275}
            ]]},
            {"altitude": 188.5},
            {"distance_km": 0.76},
            {"speed_kmh": 4.5},
            {"timestamp": "Thu Feb 02 16:16:02 UTC 2017"}
        ],
        [
            {"location": [[
                {"latitude": 64.236926},
                {"longitude": 27.727586}
            ]]},
            {"altitude": 186},
            {"distance_km": 0.77},
            {"speed_kmh": 4.5},
            {"timestamp": "Thu Feb 02 16:16:09 UTC 2017"}
        ],
        [
            {"location": [[
                {"latitude": 64.237011},
                {"longitude": 27.727693}
            ]]},
            {"altitude": 186.5},
            {"distance_km": 0.78},
            {"speed_kmh": 4.5},
            {"timestamp": "Thu Feb 02 16:16:17 UTC 2017"}
        ],
        [
            {"location": [[
                {"latitude": 64.237109},
                {"longitude": 27.727748}
            ]]},
            {"altitude": 184.5},
            {"distance_km": 0.79},
            {"speed_kmh": 4.5},
            {"timestamp": "Thu Feb 02 16:16:25 UTC 2017"}
        ],
        [
            {"location": [[
                {"latitude": 64.237193},
                {"longitude": 27.727862}
            ]]},
            {"altitude": 188.5},
            {"distance_km": 0.81},
            {"speed_kmh": 4.5},
            {"timestamp": "Thu Feb 02 16:16:33 UTC 2017"}
        ],
        [
            {"location": [[
                {"latitude": 64.237292},
                {"longitude": 27.727951}
            ]]},
            {"altitude": 189.5},
            {"distance_km": 0.82},
            {"speed_kmh": 4.5},
            {"timestamp": "Thu Feb 02 16:16:41 UTC 2017"}
        ],
        [
            {"location": [[
                {"latitude": 64.237399},
                {"longitude": 27.728016}
            ]]},
            {"altitude": 189.5},
            {"distance_km": 0.83},
            {"speed_kmh": 4.5},
            {"timestamp": "Thu Feb 02 16:16:51 UTC 2017"}
        ],
        [
            {"location": [[
                {"latitude": 64.237492},
                {"longitude": 27.728046}
            ]]},
            {"altitude": 188},
            {"distance_km": 0.84},
            {"speed_kmh": 2.7},
            {"timestamp": "Thu Feb 02 16:16:59 UTC 2017"}
        ],
        [
            {"location": [[
                {"latitude": 64.237583},
                {"longitude": 27.728103}
            ]]},
            {"altitude": 187},
            {"distance_km": 0.85},
            {"speed_kmh": 3.6},
            {"timestamp": "Thu Feb 02 16:17:09 UTC 2017"}
        ],
        [
            {"location": [[
                {"latitude": 64.237667},
                {"longitude": 27.728237}
            ]]},
            {"altitude": 189},
            {"distance_km": 0.86},
            {"speed_kmh": 3.6},
            {"timestamp": "Thu Feb 02 16:17:19 UTC 2017"}
        ],
        [
            {"location": [[
                {"latitude": 64.237762},
                {"longitude": 27.728261}
            ]]},
            {"altitude": 191},
            {"distance_km": 0.87},
            {"speed_kmh": 3.6},
            {"timestamp": "Thu Feb 02 16:17:28 UTC 2017"}
        ],
        [
            {"location": [[
                {"latitude": 64.23786},
                {"longitude": 27.728359}
            ]]},
            {"altitude": 191.5},
            {"distance_km": 0.88},
            {"speed_kmh": 4.5},
            {"timestamp": "Thu Feb 02 16:17:36 UTC 2017"}
        ],
        [
            {"location": [[
                {"latitude": 64.237967},
                {"longitude": 27.728396}
            ]]},
            {"altitude": 187},
            {"distance_km": 0.9},
            {"speed_kmh": 4.5},
            {"timestamp": "Thu Feb 02 16:17:46 UTC 2017"}
        ],
        [
            {"location": [[
                {"latitude": 64.23806},
                {"longitude": 27.72853}
            ]]},
            {"altitude": 187},
            {"distance_km": 0.91},
            {"speed_kmh": 4.5},
            {"timestamp": "Thu Feb 02 16:17:55 UTC 2017"}
        ],
        [
            {"location": [[
                {"latitude": 64.238174},
                {"longitude": 27.72853}
            ]]},
            {"altitude": 184},
            {"distance_km": 0.92},
            {"speed_kmh": 4.5},
            {"timestamp": "Thu Feb 02 16:18:15 UTC 2017"}
        ],
        [
            {"location": [[
                {"latitude": 64.238273},
                {"longitude": 27.728616}
            ]]},
            {"altitude": 186.5},
            {"distance_km": 0.93},
            {"speed_kmh": 4.5},
            {"timestamp": "Thu Feb 02 16:18:21 UTC 2017"}
        ],
        [
            {"location": [[
                {"latitude": 64.238384},
                {"longitude": 27.72871}
            ]]},
            {"altitude": 183.5},
            {"distance_km": 0.95},
            {"speed_kmh": 4.5},
            {"timestamp": "Thu Feb 02 16:18:29 UTC 2017"}
        ],
        [
            {"location": [[
                {"latitude": 64.238487},
                {"longitude": 27.728845}
            ]]},
            {"altitude": 183.5},
            {"distance_km": 0.96},
            {"speed_kmh": 5.4},
            {"timestamp": "Thu Feb 02 16:18:37 UTC 2017"}
        ],
        [
            {"location": [[
                {"latitude": 64.238591},
                {"longitude": 27.728887}
            ]]},
            {"altitude": 183},
            {"distance_km": 0.97},
            {"speed_kmh": 5.4},
            {"timestamp": "Thu Feb 02 16:18:45 UTC 2017"}
        ],
        [
            {"location": [[
                {"latitude": 64.238706},
                {"longitude": 27.728876}
            ]]},
            {"altitude": 182.5},
            {"distance_km": 0.98},
            {"speed_kmh": 5.4},
            {"timestamp": "Thu Feb 02 16:18:53 UTC 2017"}
        ],
        [
            {"location": [[
                {"latitude": 64.238809},
                {"longitude": 27.728901}
            ]]},
            {"altitude": 179.5},
            {"distance_km": 1},
            {"speed_kmh": 4.5},
            {"timestamp": "Thu Feb 02 16:19:01 UTC 2017"}
        ],
        [
            {"location": [[
                {"latitude": 64.238918},
                {"longitude": 27.728856}
            ]]},
            {"altitude": 181},
            {"distance_km": 1.01},
            {"speed_kmh": 4.5},
            {"timestamp": "Thu Feb 02 16:19:12 UTC 2017"}
        ],
        [
            {"location": [[
                {"latitude": 64.23893},
                {"longitude": 27.729077}
            ]]},
            {"altitude": 185},
            {"distance_km": 1.02},
            {"speed_kmh": 5.4},
            {"timestamp": "Thu Feb 02 16:19:28 UTC 2017"}
        ],
        [
            {"location": [[
                {"latitude": 64.238942},
                {"longitude": 27.729301}
            ]]},
            {"altitude": 186},
            {"distance_km": 1.03},
            {"speed_kmh": 5.4},
            {"timestamp": "Thu Feb 02 16:19:36 UTC 2017"}
        ],
        [
            {"location": [[
                {"latitude": 64.238951},
                {"longitude": 27.729535}
            ]]},
            {"altitude": 189},
            {"distance_km": 1.04},
            {"speed_kmh": 5.4},
            {"timestamp": "Thu Feb 02 16:19:45 UTC 2017"}
        ],
        [
            {"location": [[
                {"latitude": 64.238906},
                {"longitude": 27.729737}
            ]]},
            {"altitude": 186.5},
            {"distance_km": 1.05},
            {"speed_kmh": 4.5},
            {"timestamp": "Thu Feb 02 16:19:53 UTC 2017"}
        ],
        [
            {"location": [[
                {"latitude": 64.238869},
                {"longitude": 27.730006}
            ]]},
            {"altitude": 187},
            {"distance_km": 1.07},
            {"speed_kmh": 4.5},
            {"timestamp": "Thu Feb 02 16:20:03 UTC 2017"}
        ],
        [
            {"location": [[
                {"latitude": 64.238855},
                {"longitude": 27.730256}
            ]]},
            {"altitude": 191.5},
            {"distance_km": 1.08},
            {"speed_kmh": 4.5},
            {"timestamp": "Thu Feb 02 16:20:11 UTC 2017"}
        ],
        [
            {"location": [[
                {"latitude": 64.238827},
                {"longitude": 27.730479}
            ]]},
            {"altitude": 192},
            {"distance_km": 1.09},
            {"speed_kmh": 4.5},
            {"timestamp": "Thu Feb 02 16:20:19 UTC 2017"}
        ],
        [
            {"location": [[
                {"latitude": 64.238834},
                {"longitude": 27.73073}
            ]]},
            {"altitude": 189.5},
            {"distance_km": 1.1},
            {"speed_kmh": 3.6},
            {"timestamp": "Thu Feb 02 16:20:29 UTC 2017"}
        ],
        [
            {"location": [[
                {"latitude": 64.238829},
                {"longitude": 27.730972}
            ]]},
            {"altitude": 189.5},
            {"distance_km": 1.11},
            {"speed_kmh": 4.5},
            {"timestamp": "Thu Feb 02 16:20:37 UTC 2017"}
        ],
        [
            {"location": [[
                {"latitude": 64.23883},
                {"longitude": 27.731216}
            ]]},
            {"altitude": 191},
            {"distance_km": 1.12},
            {"speed_kmh": 4.5},
            {"timestamp": "Thu Feb 02 16:20:45 UTC 2017"}
        ],
        [
            {"location": [[
                {"latitude": 64.238818},
                {"longitude": 27.731427}
            ]]},
            {"altitude": 194.5},
            {"distance_km": 1.13},
            {"speed_kmh": 2.7},
            {"timestamp": "Thu Feb 02 16:20:55 UTC 2017"}
        ],
        [
            {"location": [[
                {"latitude": 64.23881},
                {"longitude": 27.731679}
            ]]},
            {"altitude": 196},
            {"distance_km": 1.15},
            {"speed_kmh": 4.5},
            {"timestamp": "Thu Feb 02 16:21:06 UTC 2017"}
        ],
        [
            {"location": [[
                {"latitude": 64.238852},
                {"longitude": 27.731874}
            ]]},
            {"altitude": 193},
            {"distance_km": 1.16},
            {"speed_kmh": 4.5},
            {"timestamp": "Thu Feb 02 16:21:18 UTC 2017"}
        ],
        [
            {"location": [[
                {"latitude": 64.238871},
                {"longitude": 27.732134}
            ]]},
            {"altitude": 193},
            {"distance_km": 1.17},
            {"speed_kmh": 4.5},
            {"timestamp": "Thu Feb 02 16:21:26 UTC 2017"}
        ],
        [
            {"location": [[
                {"latitude": 64.238846},
                {"longitude": 27.732379}
            ]]},
            {"altitude": 194.5},
            {"distance_km": 1.18},
            {"speed_kmh": 4.5},
            {"timestamp": "Thu Feb 02 16:21:34 UTC 2017"}
        ],
        [
            {"location": [[
                {"latitude": 64.238788},
                {"longitude": 27.732608}
            ]]},
            {"altitude": 194.5},
            {"distance_km": 1.2},
            {"speed_kmh": 4.5},
            {"timestamp": "Thu Feb 02 16:21:44 UTC 2017"}
        ],
        [
            {"location": [[
                {"latitude": 64.238744},
                {"longitude": 27.732835}
            ]]},
            {"altitude": 192.5},
            {"distance_km": 1.21},
            {"speed_kmh": 4.5},
            {"timestamp": "Thu Feb 02 16:21:53 UTC 2017"}
        ],
        [
            {"location": [[
                {"latitude": 64.238654},
                {"longitude": 27.732856}
            ]]},
            {"altitude": 187.5},
            {"distance_km": 1.22},
            {"speed_kmh": 4.5},
            {"timestamp": "Thu Feb 02 16:22:01 UTC 2017"}
        ],
        [
            {"location": [[
                {"latitude": 64.238529},
                {"longitude": 27.732882}
            ]]},
            {"altitude": 185},
            {"distance_km": 1.23},
            {"speed_kmh": 8.1},
            {"timestamp": "Thu Feb 02 16:22:07 UTC 2017"}
        ],
        [
            {"location": [[
                {"latitude": 64.238432},
                {"longitude": 27.732981}
            ]]},
            {"altitude": 182.5},
            {"distance_km": 1.24},
            {"speed_kmh": 3.6},
            {"timestamp": "Thu Feb 02 16:22:15 UTC 2017"}
        ],
        [
            {"location": [[
                {"latitude": 64.238317},
                {"longitude": 27.73296}
            ]]},
            {"altitude": 188.5},
            {"distance_km": 1.26},
            {"speed_kmh": 3.6},
            {"timestamp": "Thu Feb 02 16:22:25 UTC 2017"}
        ],
        [
            {"location": [[
                {"latitude": 64.238292},
                {"longitude": 27.733202}
            ]]},
            {"altitude": 193},
            {"distance_km": 1.27},
            {"speed_kmh": 3.6},
            {"timestamp": "Thu Feb 02 16:22:37 UTC 2017"}
        ],
        [
            {"location": [[
                {"latitude": 64.238184},
                {"longitude": 27.733193}
            ]]},
            {"altitude": 191},
            {"distance_km": 1.28},
            {"speed_kmh": 4.5},
            {"timestamp": "Thu Feb 02 16:22:45 UTC 2017"}
        ],
        [
            {"location": [[
                {"latitude": 64.238074},
                {"longitude": 27.733207}
            ]]},
            {"altitude": 189},
            {"distance_km": 1.29},
            {"speed_kmh": 4.5},
            {"timestamp": "Thu Feb 02 16:22:53 UTC 2017"}
        ],
        [
            {"location": [[
                {"latitude": 64.237968},
                {"longitude": 27.733238}
            ]]},
            {"altitude": 187.5},
            {"distance_km": 1.3},
            {"speed_kmh": 4.5},
            {"timestamp": "Thu Feb 02 16:23:02 UTC 2017"}
        ],
        [
            {"location": [[
                {"latitude": 64.237864},
                {"longitude": 27.733326}
            ]]},
            {"altitude": 182},
            {"distance_km": 1.32},
            {"speed_kmh": 5.4},
            {"timestamp": "Thu Feb 02 16:23:31 UTC 2017"}
        ],
        [
            {"location": [[
                {"latitude": 64.237767},
                {"longitude": 27.733364}
            ]]},
            {"altitude": 181},
            {"distance_km": 1.33},
            {"speed_kmh": 5.4},
            {"timestamp": "Thu Feb 02 16:23:37 UTC 2017"}
        ],
        [
            {"location": [[
                {"latitude": 64.237668},
                {"longitude": 27.733386}
            ]]},
            {"altitude": 182.5},
            {"distance_km": 1.34},
            {"speed_kmh": 5.4},
            {"timestamp": "Thu Feb 02 16:23:43 UTC 2017"}
        ],
        [
            {"location": [[
                {"latitude": 64.23756},
                {"longitude": 27.733415}
            ]]},
            {"altitude": 181},
            {"distance_km": 1.35},
            {"speed_kmh": 5.4},
            {"timestamp": "Thu Feb 02 16:23:49 UTC 2017"}
        ],
        [
            {"location": [[
                {"latitude": 64.237467},
                {"longitude": 27.733442}
            ]]},
            {"altitude": 181},
            {"distance_km": 1.36},
            {"speed_kmh": 5.4},
            {"timestamp": "Thu Feb 02 16:23:55 UTC 2017"}
        ],
        [
            {"location": [[
                {"latitude": 64.237378},
                {"longitude": 27.733484}
            ]]},
            {"altitude": 180.5},
            {"distance_km": 1.37},
            {"speed_kmh": 5.4},
            {"timestamp": "Thu Feb 02 16:24:01 UTC 2017"}
        ],
        [
            {"location": [[
                {"latitude": 64.237294},
                {"longitude": 27.733558}
            ]]},
            {"altitude": 182},
            {"distance_km": 1.38},
            {"speed_kmh": 5.4},
            {"timestamp": "Thu Feb 02 16:24:07 UTC 2017"}
        ],
        [
            {"location": [[
                {"latitude": 64.237207},
                {"longitude": 27.733651}
            ]]},
            {"altitude": 184.5},
            {"distance_km": 1.39},
            {"speed_kmh": 5.4},
            {"timestamp": "Thu Feb 02 16:24:13 UTC 2017"}
        ],
        [
            {"location": [[
                {"latitude": 64.2371},
                {"longitude": 27.733696}
            ]]},
            {"altitude": 184.5},
            {"distance_km": 1.4},
            {"speed_kmh": 5.4},
            {"timestamp": "Thu Feb 02 16:24:19 UTC 2017"}
        ],
        [
            {"location": [[
                {"latitude": 64.236995},
                {"longitude": 27.733765}
            ]]},
            {"altitude": 185.5},
            {"distance_km": 1.42},
            {"speed_kmh": 5.4},
            {"timestamp": "Thu Feb 02 16:24:25 UTC 2017"}
        ],
        [
            {"location": [[
                {"latitude": 64.236901},
                {"longitude": 27.733924}
            ]]},
            {"altitude": 184},
            {"distance_km": 1.43},
            {"speed_kmh": 6.3},
            {"timestamp": "Thu Feb 02 16:24:31 UTC 2017"}
        ],
        [
            {"location": [[
                {"latitude": 64.236826},
                {"longitude": 27.734063}
            ]]},
            {"altitude": 184.5},
            {"distance_km": 1.44},
            {"speed_kmh": 5.4},
            {"timestamp": "Thu Feb 02 16:24:37 UTC 2017"}
        ],
        [
            {"location": [[
                {"latitude": 64.236735},
                {"longitude": 27.734225}
            ]]},
            {"altitude": 184},
            {"distance_km": 1.45},
            {"speed_kmh": 5.4},
            {"timestamp": "Thu Feb 02 16:24:46 UTC 2017"}
        ],
        [
            {"location": [[
                {"latitude": 64.236634},
                {"longitude": 27.734348}
            ]]},
            {"altitude": 182.5},
            {"distance_km": 1.47},
            {"speed_kmh": 5.4},
            {"timestamp": "Thu Feb 02 16:24:54 UTC 2017"}
        ],
        [
            {"location": [[
                {"latitude": 64.236539},
                {"longitude": 27.734495}
            ]]},
            {"altitude": 181},
            {"distance_km": 1.48},
            {"speed_kmh": 5.4},
            {"timestamp": "Thu Feb 02 16:25:02 UTC 2017"}
        ],
        [
            {"location": [[
                {"latitude": 64.236462},
                {"longitude": 27.734599}
            ]]},
            {"altitude": 180},
            {"distance_km": 1.49},
            {"speed_kmh": 5.4},
            {"timestamp": "Thu Feb 02 16:25:08 UTC 2017"}
        ],
        [
            {"location": [[
                {"latitude": 64.236364},
                {"longitude": 27.734767}
            ]]},
            {"altitude": 176.5},
            {"distance_km": 1.5},
            {"speed_kmh": 5.4},
            {"timestamp": "Thu Feb 02 16:25:17 UTC 2017"}
        ],
        [
            {"location": [[
                {"latitude": 64.236295},
                {"longitude": 27.734915}
            ]]},
            {"altitude": 176.5},
            {"distance_km": 1.51},
            {"speed_kmh": 5.4},
            {"timestamp": "Thu Feb 02 16:25:23 UTC 2017"}
        ],
        [
            {"location": [[
                {"latitude": 64.236227},
                {"longitude": 27.735054}
            ]]},
            {"altitude": 177.5},
            {"distance_km": 1.52},
            {"speed_kmh": 5.4},
            {"timestamp": "Thu Feb 02 16:25:29 UTC 2017"}
        ],
        [
            {"location": [[
                {"latitude": 64.23615},
                {"longitude": 27.735294}
            ]]},
            {"altitude": 177},
            {"distance_km": 1.54},
            {"speed_kmh": 6.3},
            {"timestamp": "Thu Feb 02 16:25:37 UTC 2017"}
        ],
        [
            {"location": [[
                {"latitude": 64.236072},
                {"longitude": 27.735481}
            ]]},
            {"altitude": 175},
            {"distance_km": 1.55},
            {"speed_kmh": 5.4},
            {"timestamp": "Thu Feb 02 16:25:43 UTC 2017"}
        ],
        [
            {"location": [[
                {"latitude": 64.235997},
                {"longitude": 27.735648}
            ]]},
            {"altitude": 177},
            {"distance_km": 1.56},
            {"speed_kmh": 5.4},
            {"timestamp": "Thu Feb 02 16:25:51 UTC 2017"}
        ],
        [
            {"location": [[
                {"latitude": 64.235901},
                {"longitude": 27.73579}
            ]]},
            {"altitude": 173.5},
            {"distance_km": 1.57},
            {"speed_kmh": 5.4},
            {"timestamp": "Thu Feb 02 16:25:59 UTC 2017"}
        ],
        [
            {"location": [[
                {"latitude": 64.235833},
                {"longitude": 27.735998}
            ]]},
            {"altitude": 171.5},
            {"distance_km": 1.59},
            {"speed_kmh": 5.4},
            {"timestamp": "Thu Feb 02 16:26:07 UTC 2017"}
        ],
        [
            {"location": [[
                {"latitude": 64.235754},
                {"longitude": 27.736198}
            ]]},
            {"altitude": 169.5},
            {"distance_km": 1.6},
            {"speed_kmh": 5.4},
            {"timestamp": "Thu Feb 02 16:26:15 UTC 2017"}
        ],
        [
            {"location": [[
                {"latitude": 64.235691},
                {"longitude": 27.736346}
            ]]},
            {"altitude": 168},
            {"distance_km": 1.61},
            {"speed_kmh": 5.4},
            {"timestamp": "Thu Feb 02 16:26:21 UTC 2017"}
        ],
        [
            {"location": [[
                {"latitude": 64.235601},
                {"longitude": 27.7365}
            ]]},
            {"altitude": 168},
            {"distance_km": 1.62},
            {"speed_kmh": 5.4},
            {"timestamp": "Thu Feb 02 16:26:30 UTC 2017"}
        ],
        [
            {"location": [[
                {"latitude": 64.235493},
                {"longitude": 27.736543}
            ]]},
            {"altitude": 167},
            {"distance_km": 1.63},
            {"speed_kmh": 5.4},
            {"timestamp": "Thu Feb 02 16:26:38 UTC 2017"}
        ],
        [
            {"location": [[
                {"latitude": 64.235389},
                {"longitude": 27.736557}
            ]]},
            {"altitude": 166.5},
            {"distance_km": 1.65},
            {"speed_kmh": 5.4},
            {"timestamp": "Thu Feb 02 16:26:46 UTC 2017"}
        ],
        [
            {"location": [[
                {"latitude": 64.235341},
                {"longitude": 27.73674}
            ]]},
            {"altitude": 166.5},
            {"distance_km": 1.66},
            {"speed_kmh": 5.4},
            {"timestamp": "Thu Feb 02 16:26:52 UTC 2017"}
        ],
        [
            {"location": [[
                {"latitude": 64.235245},
                {"longitude": 27.736822}
            ]]},
            {"altitude": 166.5},
            {"distance_km": 1.67},
            {"speed_kmh": 4.5},
            {"timestamp": "Thu Feb 02 16:27:03 UTC 2017"}
        ],
        [
            {"location": [[
                {"latitude": 64.235152},
                {"longitude": 27.736717}
            ]]},
            {"altitude": 167},
            {"distance_km": 1.68},
            {"speed_kmh": 6.3},
            {"timestamp": "Thu Feb 02 16:27:11 UTC 2017"}
        ],
        [
            {"location": [[
                {"latitude": 64.235077},
                {"longitude": 27.736594}
            ]]},
            {"altitude": 167},
            {"distance_km": 1.69},
            {"speed_kmh": 6.3},
            {"timestamp": "Thu Feb 02 16:27:17 UTC 2017"}
        ],
        [
            {"location": [[
                {"latitude": 64.234986},
                {"longitude": 27.736387}
            ]]},
            {"altitude": 167.5},
            {"distance_km": 1.7},
            {"speed_kmh": 5.4},
            {"timestamp": "Thu Feb 02 16:27:23 UTC 2017"}
        ],
        [
            {"location": [[
                {"latitude": 64.234904},
                {"longitude": 27.736229}
            ]]},
            {"altitude": 166.5},
            {"distance_km": 1.72},
            {"speed_kmh": 5.4},
            {"timestamp": "Thu Feb 02 16:27:29 UTC 2017"}
        ],
        [
            {"location": [[
                {"latitude": 64.234829},
                {"longitude": 27.736105}
            ]]},
            {"altitude": 166},
            {"distance_km": 1.73},
            {"speed_kmh": 5.4},
            {"timestamp": "Thu Feb 02 16:27:35 UTC 2017"}
        ],
        [
            {"location": [[
                {"latitude": 64.234739},
                {"longitude": 27.735974}
            ]]},
            {"altitude": 168.5},
            {"distance_km": 1.74},
            {"speed_kmh": 5.4},
            {"timestamp": "Thu Feb 02 16:27:43 UTC 2017"}
        ],
        [
            {"location": [[
                {"latitude": 64.234642},
                {"longitude": 27.735841}
            ]]},
            {"altitude": 166},
            {"distance_km": 1.75},
            {"speed_kmh": 5.4},
            {"timestamp": "Thu Feb 02 16:27:51 UTC 2017"}
        ],
        [
            {"location": [[
                {"latitude": 64.234552},
                {"longitude": 27.735672}
            ]]},
            {"altitude": 166},
            {"distance_km": 1.76},
            {"speed_kmh": 5.4},
            {"timestamp": "Thu Feb 02 16:27:59 UTC 2017"}
        ],
        [
            {"location": [[
                {"latitude": 64.234452},
                {"longitude": 27.735549}
            ]]},
            {"altitude": 165},
            {"distance_km": 1.78},
            {"speed_kmh": 5.4},
            {"timestamp": "Thu Feb 02 16:28:07 UTC 2017"}
        ],
        [
            {"location": [[
                {"latitude": 64.234385},
                {"longitude": 27.735407}
            ]]},
            {"altitude": 166.5},
            {"distance_km": 1.79},
            {"speed_kmh": 5.4},
            {"timestamp": "Thu Feb 02 16:28:13 UTC 2017"}
        ],
        [
            {"location": [[
                {"latitude": 64.234306},
                {"longitude": 27.735286}
            ]]},
            {"altitude": 166.5},
            {"distance_km": 1.8},
            {"speed_kmh": 5.4},
            {"timestamp": "Thu Feb 02 16:28:19 UTC 2017"}
        ],
        [
            {"location": [[
                {"latitude": 64.234228},
                {"longitude": 27.735159}
            ]]},
            {"altitude": 166.5},
            {"distance_km": 1.81},
            {"speed_kmh": 5.4},
            {"timestamp": "Thu Feb 02 16:28:25 UTC 2017"}
        ],
        [
            {"location": [[
                {"latitude": 64.234154},
                {"longitude": 27.73503}
            ]]},
            {"altitude": 166},
            {"distance_km": 1.82},
            {"speed_kmh": 6.3},
            {"timestamp": "Thu Feb 02 16:28:31 UTC 2017"}
        ],
        [
            {"location": [[
                {"latitude": 64.234047},
                {"longitude": 27.734946}
            ]]},
            {"altitude": 166.5},
            {"distance_km": 1.83},
            {"speed_kmh": 6.3},
            {"timestamp": "Thu Feb 02 16:28:40 UTC 2017"}
        ],
        [
            {"location": [[
                {"latitude": 64.233963},
                {"longitude": 27.734862}
            ]]},
            {"altitude": 167},
            {"distance_km": 1.84},
            {"speed_kmh": 4.5},
            {"timestamp": "Thu Feb 02 16:28:48 UTC 2017"}
        ],
        [
            {"location": [[
                {"latitude": 64.233861},
                {"longitude": 27.734771}
            ]]},
            {"altitude": 162.5},
            {"distance_km": 1.85},
            {"speed_kmh": 5.4},
            {"timestamp": "Thu Feb 02 16:28:58 UTC 2017"}
        ],
        [
            {"location": [[
                {"latitude": 64.233777},
                {"longitude": 27.734638}
            ]]},
            {"altitude": 162.5},
            {"distance_km": 1.86},
            {"speed_kmh": 5.4},
            {"timestamp": "Thu Feb 02 16:29:04 UTC 2017"}
        ],
        [
            {"location": [[
                {"latitude": 64.233701},
                {"longitude": 27.734513}
            ]]},
            {"altitude": 163},
            {"distance_km": 1.87},
            {"speed_kmh": 5.4},
            {"timestamp": "Thu Feb 02 16:29:11 UTC 2017"}
        ],
        [
            {"location": [[
                {"latitude": 64.233598},
                {"longitude": 27.734388}
            ]]},
            {"altitude": 163},
            {"distance_km": 1.89},
            {"speed_kmh": 5.4},
            {"timestamp": "Thu Feb 02 16:29:19 UTC 2017"}
        ],
        [
            {"location": [[
                {"latitude": 64.233481},
                {"longitude": 27.734315}
            ]]},
            {"altitude": 159.5},
            {"distance_km": 1.9},
            {"speed_kmh": 5.4},
            {"timestamp": "Thu Feb 02 16:29:27 UTC 2017"}
        ],
        [
            {"location": [[
                {"latitude": 64.233373},
                {"longitude": 27.73424}
            ]]},
            {"altitude": 158.5},
            {"distance_km": 1.91},
            {"speed_kmh": 5.4},
            {"timestamp": "Thu Feb 02 16:29:35 UTC 2017"}
        ],
        [
            {"location": [[
                {"latitude": 64.233279},
                {"longitude": 27.734248}
            ]]},
            {"altitude": 156},
            {"distance_km": 1.92},
            {"speed_kmh": 5.4},
            {"timestamp": "Thu Feb 02 16:29:41 UTC 2017"}
        ],
        [
            {"location": [[
                {"latitude": 64.233176},
                {"longitude": 27.734264}
            ]]},
            {"altitude": 155},
            {"distance_km": 1.93},
            {"speed_kmh": 5.4},
            {"timestamp": "Thu Feb 02 16:29:49 UTC 2017"}
        ],
        [
            {"location": [[
                {"latitude": 64.233074},
                {"longitude": 27.734243}
            ]]},
            {"altitude": 153.5},
            {"distance_km": 1.95},
            {"speed_kmh": 5.4},
            {"timestamp": "Thu Feb 02 16:29:57 UTC 2017"}
        ],
        [
            {"location": [[
                {"latitude": 64.232982},
                {"longitude": 27.73418}
            ]]},
            {"altitude": 154},
            {"distance_km": 1.96},
            {"speed_kmh": 5.4},
            {"timestamp": "Thu Feb 02 16:30:03 UTC 2017"}
        ],
        [
            {"location": [[
                {"latitude": 64.232883},
                {"longitude": 27.73417}
            ]]},
            {"altitude": 151.5},
            {"distance_km": 1.97},
            {"speed_kmh": 5.4},
            {"timestamp": "Thu Feb 02 16:30:11 UTC 2017"}
        ],
        [
            {"location": [[
                {"latitude": 64.232776},
                {"longitude": 27.734099}
            ]]},
            {"altitude": 153},
            {"distance_km": 1.98},
            {"speed_kmh": 5.4},
            {"timestamp": "Thu Feb 02 16:30:20 UTC 2017"}
        ],
        [
            {"location": [[
                {"latitude": 64.232675},
                {"longitude": 27.734119}
            ]]},
            {"altitude": 151},
            {"distance_km": 1.99},
            {"speed_kmh": 4.5},
            {"timestamp": "Thu Feb 02 16:30:36 UTC 2017"}
        ],
        [
            {"location": [[
                {"latitude": 64.232583},
                {"longitude": 27.734224}
            ]]},
            {"altitude": 151.5},
            {"distance_km": 2},
            {"speed_kmh": 4.5},
            {"timestamp": "Thu Feb 02 16:30:44 UTC 2017"}
        ],
        [
            {"location": [[
                {"latitude": 64.2325},
                {"longitude": 27.734312}
            ]]},
            {"altitude": 151.5},
            {"distance_km": 2.01},
            {"speed_kmh": 6.3},
            {"timestamp": "Thu Feb 02 16:30:53 UTC 2017"}
        ],
        [
            {"location": [[
                {"latitude": 64.232407},
                {"longitude": 27.734293}
            ]]},
            {"altitude": 151.5},
            {"distance_km": 2.02},
            {"speed_kmh": 6.3},
            {"timestamp": "Thu Feb 02 16:30:59 UTC 2017"}
        ],
        [
            {"location": [[
                {"latitude": 64.232295},
                {"longitude": 27.734231}
            ]]},
            {"altitude": 150},
            {"distance_km": 2.04},
            {"speed_kmh": 5.4},
            {"timestamp": "Thu Feb 02 16:31:07 UTC 2017"}
        ],
        [
            {"location": [[
                {"latitude": 64.232228},
                {"longitude": 27.734009}
            ]]},
            {"altitude": 150},
            {"distance_km": 2.05},
            {"speed_kmh": 5.4},
            {"timestamp": "Thu Feb 02 16:31:15 UTC 2017"}
        ],
        [
            {"location": [[
                {"latitude": 64.232202},
                {"longitude": 27.733797}
            ]]},
            {"altitude": 150.5},
            {"distance_km": 2.06},
            {"speed_kmh": 5.4},
            {"timestamp": "Thu Feb 02 16:31:23 UTC 2017"}
        ],
        [
            {"location": [[
                {"latitude": 64.232234},
                {"longitude": 27.7336}
            ]]},
            {"altitude": 153.5},
            {"distance_km": 2.07},
            {"speed_kmh": 5.4},
            {"timestamp": "Thu Feb 02 16:31:29 UTC 2017"}
        ],
        [
            {"location": [[
                {"latitude": 64.232267},
                {"longitude": 27.733366}
            ]]},
            {"altitude": 154},
            {"distance_km": 2.08},
            {"speed_kmh": 5.4},
            {"timestamp": "Thu Feb 02 16:31:37 UTC 2017"}
        ],
        [
            {"location": [[
                {"latitude": 64.232322},
                {"longitude": 27.733171}
            ]]},
            {"altitude": 154.5},
            {"distance_km": 2.09},
            {"speed_kmh": 5.4},
            {"timestamp": "Thu Feb 02 16:31:45 UTC 2017"}
        ],
        [
            {"location": [[
                {"latitude": 64.232365},
                {"longitude": 27.732976}
            ]]},
            {"altitude": 151},
            {"distance_km": 2.1},
            {"speed_kmh": 5.4},
            {"timestamp": "Thu Feb 02 16:31:53 UTC 2017"}
        ],
        [
            {"location": [[
                {"latitude": 64.232413},
                {"longitude": 27.732769}
            ]]},
            {"altitude": 155},
            {"distance_km": 2.12},
            {"speed_kmh": 5.4},
            {"timestamp": "Thu Feb 02 16:32:01 UTC 2017"}
        ],
        [
            {"location": [[
                {"latitude": 64.232469},
                {"longitude": 27.732542}
            ]]},
            {"altitude": 157.5},
            {"distance_km": 2.13},
            {"speed_kmh": 5.4},
            {"timestamp": "Thu Feb 02 16:32:09 UTC 2017"}
        ],
        [
            {"location": [[
                {"latitude": 64.232529},
                {"longitude": 27.732315}
            ]]},
            {"altitude": 161.5},
            {"distance_km": 2.14},
            {"speed_kmh": 5.4},
            {"timestamp": "Thu Feb 02 16:32:18 UTC 2017"}
        ],
        [
            {"location": [[
                {"latitude": 64.232574},
                {"longitude": 27.732078}
            ]]},
            {"altitude": 160.5},
            {"distance_km": 2.15},
            {"speed_kmh": 5.4},
            {"timestamp": "Thu Feb 02 16:32:26 UTC 2017"}
        ],
        [
            {"location": [[
                {"latitude": 64.2326},
                {"longitude": 27.731847}
            ]]},
            {"altitude": 160},
            {"distance_km": 2.16},
            {"speed_kmh": 5.4},
            {"timestamp": "Thu Feb 02 16:32:34 UTC 2017"}
        ],
        [
            {"location": [[
                {"latitude": 64.232615},
                {"longitude": 27.731639}
            ]]},
            {"altitude": 158.5},
            {"distance_km": 2.17},
            {"speed_kmh": 5.4},
            {"timestamp": "Thu Feb 02 16:32:42 UTC 2017"}
        ],
        [
            {"location": [[
                {"latitude": 64.232592},
                {"longitude": 27.731396}
            ]]},
            {"altitude": 157.5},
            {"distance_km": 2.19},
            {"speed_kmh": 5.4},
            {"timestamp": "Thu Feb 02 16:32:51 UTC 2017"}
        ],
        [
            {"location": [[
                {"latitude": 64.232516},
                {"longitude": 27.731185}
            ]]},
            {"altitude": 156},
            {"distance_km": 2.2},
            {"speed_kmh": 5.4},
            {"timestamp": "Thu Feb 02 16:32:59 UTC 2017"}
        ],
        [
            {"location": [[
                {"latitude": 64.232431},
                {"longitude": 27.731113}
            ]]},
            {"altitude": 157.5},
            {"distance_km": 2.21},
            {"speed_kmh": 5.4},
            {"timestamp": "Thu Feb 02 16:33:05 UTC 2017"}
        ],
        [
            {"location": [[
                {"latitude": 64.232339},
                {"longitude": 27.731019}
            ]]},
            {"altitude": 154.5},
            {"distance_km": 2.22},
            {"speed_kmh": 5.4},
            {"timestamp": "Thu Feb 02 16:33:11 UTC 2017"}
        ],
        [
            {"location": [[
                {"latitude": 64.232237},
                {"longitude": 27.730942}
            ]]},
            {"altitude": 152},
            {"distance_km": 2.23},
            {"speed_kmh": 5.4},
            {"timestamp": "Thu Feb 02 16:33:19 UTC 2017"}
        ],
        [
            {"location": [[
                {"latitude": 64.232144},
                {"longitude": 27.730822}
            ]]},
            {"altitude": 151},
            {"distance_km": 2.25},
            {"speed_kmh": 5.4},
            {"timestamp": "Thu Feb 02 16:33:27 UTC 2017"}
        ],
        [
            {"location": [[
                {"latitude": 64.232101},
                {"longitude": 27.730619}
            ]]},
            {"altitude": 151},
            {"distance_km": 2.26},
            {"speed_kmh": 4.5},
            {"timestamp": "Thu Feb 02 16:33:33 UTC 2017"}
        ],
        [
            {"location": [[
                {"latitude": 64.232095},
                {"longitude": 27.730411}
            ]]},
            {"altitude": 151.5},
            {"distance_km": 2.27},
            {"speed_kmh": 4.5},
            {"timestamp": "Thu Feb 02 16:33:39 UTC 2017"}
        ],
        [
            {"location": [[
                {"latitude": 64.232115},
                {"longitude": 27.7302}
            ]]},
            {"altitude": 150.5},
            {"distance_km": 2.28},
            {"speed_kmh": 4.5},
            {"timestamp": "Thu Feb 02 16:33:47 UTC 2017"}
        ],
        [
            {"location": [[
                {"latitude": 64.232065},
                {"longitude": 27.730378}
            ]]},
            {"altitude": 150.5},
            {"distance_km": 2.29},
            {"speed_kmh": 4.5},
            {"timestamp": "Thu Feb 02 16:34:03 UTC 2017"}
        ],
        [
            {"location": [[
                {"latitude": 64.23198},
                {"longitude": 27.73047}
            ]]},
            {"altitude": 152},
            {"distance_km": 2.3},
            {"speed_kmh": 4.5},
            {"timestamp": "Thu Feb 02 16:34:11 UTC 2017"}
        ],
        [
            {"location": [[
                {"latitude": 64.231898},
                {"longitude": 27.730333}
            ]]},
            {"altitude": 152},
            {"distance_km": 2.31},
            {"speed_kmh": 4.5},
            {"timestamp": "Thu Feb 02 16:34:19 UTC 2017"}
        ],
        [
            {"location": [[
                {"latitude": 64.231796},
                {"longitude": 27.730265}
            ]]},
            {"altitude": 152},
            {"distance_km": 2.32},
            {"speed_kmh": 5.4},
            {"timestamp": "Thu Feb 02 16:34:28 UTC 2017"}
        ],
        [
            {"location": [[
                {"latitude": 64.231721},
                {"longitude": 27.730074}
            ]]},
            {"altitude": 151},
            {"distance_km": 2.33},
            {"speed_kmh": 5.4},
            {"timestamp": "Thu Feb 02 16:34:36 UTC 2017"}
        ],
        [
            {"location": [[
                {"latitude": 64.231694},
                {"longitude": 27.729875}
            ]]},
            {"altitude": 150.5},
            {"distance_km": 2.34},
            {"speed_kmh": 4.5},
            {"timestamp": "Thu Feb 02 16:34:44 UTC 2017"}
        ],
        [
            {"location": [[
                {"latitude": 64.231699},
                {"longitude": 27.729653}
            ]]},
            {"altitude": 152},
            {"distance_km": 2.35},
            {"speed_kmh": 4.5},
            {"timestamp": "Thu Feb 02 16:34:52 UTC 2017"}
        ],
        [
            {"location": [[
                {"latitude": 64.231787},
                {"longitude": 27.729596}
            ]]},
            {"altitude": 151},
            {"distance_km": 2.36},
            {"speed_kmh": 1.8},
            {"timestamp": "Thu Feb 02 16:35:17 UTC 2017"}
        ],
        [
            {"location": [[
                {"latitude": 64.231796},
                {"longitude": 27.729587}
            ]]},
            {"altitude": 153},
            {"distance_km": 2.36},
            {"speed_kmh": 0},
            {"timestamp": "Thu Feb 02 16:37:28 UTC 2017"}
        ],
        [
            {"location": [[
                {"latitude": 64.231796},
                {"longitude": 27.729587}
            ]]},
            {"altitude": 153},
            {"distance_km": 2.36},
            {"speed_kmh": 0},
            {"timestamp": "Thu Feb 02 16:37:29 UTC 2017"}
        ]
    ]}
]