[
    {"sport": "WEIGHT_TRAINING"},
    {"source": "INPUT_MANUAL_MOBILE"},
    {"created_date": "2017-05-23 16:59:56.0"},
    {"start_time": "2017-05-23 15:59:00.0"},
    {"end_time": "2017-05-23 16:39:00.0"},
    {"duration_s": 2400},
    {"distance_km": 0},
    {"calories_kcal": 394.677},
    {"speed_avg_kmh": 0},
    {"points": [
        [
            {"distance_km": 0},
            {"timestamp": "Tue May 23 15:59:00 UTC 2017"}
        ],
        [
            {"distance_km": 0},
            {"timestamp": "Tue May 23 16:39:00 UTC 2017"}
        ]
    ]}
]