[
    {"sport": "BADMINTON"},
    {"source": "INPUT_MANUAL_MOBILE"},
    {"created_date": "2017-06-07 18:59:04.0"},
    {"start_time": "2017-06-07 16:00:00.0"},
    {"end_time": "2017-06-07 17:00:00.0"},
    {"duration_s": 3600},
    {"distance_km": 0},
    {"calories_kcal": 542.68},
    {"speed_avg_kmh": 0},
    {"points": [
        [
            {"distance_km": 0},
            {"timestamp": "Wed Jun 07 16:00:00 UTC 2017"}
        ],
        [
            {"distance_km": 0},
            {"timestamp": "Wed Jun 07 17:00:00 UTC 2017"}
        ]
    ]}
]