[
    {"sport": "WALKING"},
    {"source": "TRACK_MOBILE"},
    {"created_date": "2017-05-05 14:48:41.0"},
    {"start_time": "2017-05-05 14:20:20.0"},
    {"end_time": "2017-05-05 14:49:41.0"},
    {"duration_s": 1761},
    {"distance_km": 2.17},
    {"calories_kcal": 160.702},
    {"altitude_min_m": 104},
    {"altitude_max_m": 187.5},
    {"speed_avg_kmh": 4.436115843270869},
    {"speed_max_kmh": 7.2},
    {"ascend_m": 197.5},
    {"descend_m": 206.5},
    {"points": [
        [
            {"location": [[
                {"latitude": 64.231806},
                {"longitude": 27.729404}
            ]]},
            {"distance_km": 0},
            {"timestamp": "Fri May 05 14:20:20 UTC 2017"}
        ],
        [
            {"location": [[
                {"latitude": 64.231806},
                {"longitude": 27.729404}
            ]]},
            {"altitude": 150.5},
            {"distance_km": 0},
            {"speed_kmh": 0},
            {"timestamp": "Fri May 05 14:20:34 UTC 2017"}
        ],
        [
            {"location": [[
                {"latitude": 64.231721},
                {"longitude": 27.729598}
            ]]},
            {"altitude": 125},
            {"distance_km": 0.01},
            {"speed_kmh": 5.4},
            {"timestamp": "Fri May 05 14:20:56 UTC 2017"}
        ],
        [
            {"location": [[
                {"latitude": 64.231728},
                {"longitude": 27.729833}
            ]]},
            {"altitude": 118.5},
            {"distance_km": 0.02},
            {"speed_kmh": 3.6},
            {"timestamp": "Fri May 05 14:21:04 UTC 2017"}
        ],
        [
            {"location": [[
                {"latitude": 64.231797},
                {"longitude": 27.73002}
            ]]},
            {"altitude": 114.5},
            {"distance_km": 0.04},
            {"speed_kmh": 3.6},
            {"timestamp": "Fri May 05 14:21:12 UTC 2017"}
        ],
        [
            {"location": [[
                {"latitude": 64.23187},
                {"longitude": 27.730181}
            ]]},
            {"altitude": 119},
            {"distance_km": 0.05},
            {"speed_kmh": 4.5},
            {"timestamp": "Fri May 05 14:21:20 UTC 2017"}
        ],
        [
            {"location": [[
                {"latitude": 64.231967},
                {"longitude": 27.730271}
            ]]},
            {"altitude": 125.5},
            {"distance_km": 0.06},
            {"speed_kmh": 4.5},
            {"timestamp": "Fri May 05 14:21:28 UTC 2017"}
        ],
        [
            {"location": [[
                {"latitude": 64.232058},
                {"longitude": 27.730387}
            ]]},
            {"altitude": 128},
            {"distance_km": 0.07},
            {"speed_kmh": 4.5},
            {"timestamp": "Fri May 05 14:21:36 UTC 2017"}
        ],
        [
            {"location": [[
                {"latitude": 64.232142},
                {"longitude": 27.730488}
            ]]},
            {"altitude": 133},
            {"distance_km": 0.08},
            {"speed_kmh": 4.5},
            {"timestamp": "Fri May 05 14:21:42 UTC 2017"}
        ],
        [
            {"location": [[
                {"latitude": 64.232237},
                {"longitude": 27.730628}
            ]]},
            {"altitude": 138},
            {"distance_km": 0.09},
            {"speed_kmh": 4.5},
            {"timestamp": "Fri May 05 14:21:51 UTC 2017"}
        ],
        [
            {"location": [[
                {"latitude": 64.232308},
                {"longitude": 27.730768}
            ]]},
            {"altitude": 142.5},
            {"distance_km": 0.1},
            {"speed_kmh": 3.6},
            {"timestamp": "Fri May 05 14:21:59 UTC 2017"}
        ],
        [
            {"location": [[
                {"latitude": 64.232385},
                {"longitude": 27.730885}
            ]]},
            {"altitude": 143.5},
            {"distance_km": 0.11},
            {"speed_kmh": 3.6},
            {"timestamp": "Fri May 05 14:22:06 UTC 2017"}
        ],
        [
            {"location": [[
                {"latitude": 64.232495},
                {"longitude": 27.730973}
            ]]},
            {"altitude": 139},
            {"distance_km": 0.13},
            {"speed_kmh": 4.5},
            {"timestamp": "Fri May 05 14:22:14 UTC 2017"}
        ],
        [
            {"location": [[
                {"latitude": 64.232597},
                {"longitude": 27.731013}
            ]]},
            {"altitude": 139.5},
            {"distance_km": 0.14},
            {"speed_kmh": 4.5},
            {"timestamp": "Fri May 05 14:22:20 UTC 2017"}
        ],
        [
            {"location": [[
                {"latitude": 64.23269},
                {"longitude": 27.731132}
            ]]},
            {"altitude": 137.5},
            {"distance_km": 0.15},
            {"speed_kmh": 5.4},
            {"timestamp": "Fri May 05 14:23:39 UTC 2017"}
        ],
        [
            {"location": [[
                {"latitude": 64.232758},
                {"longitude": 27.731285}
            ]]},
            {"altitude": 141},
            {"distance_km": 0.16},
            {"speed_kmh": 5.4},
            {"timestamp": "Fri May 05 14:23:45 UTC 2017"}
        ],
        [
            {"location": [[
                {"latitude": 64.232874},
                {"longitude": 27.731397}
            ]]},
            {"altitude": 151.5},
            {"distance_km": 0.18},
            {"speed_kmh": 5.4},
            {"timestamp": "Fri May 05 14:23:52 UTC 2017"}
        ],
        [
            {"location": [[
                {"latitude": 64.232975},
                {"longitude": 27.731474}
            ]]},
            {"altitude": 152},
            {"distance_km": 0.19},
            {"speed_kmh": 6.3},
            {"timestamp": "Fri May 05 14:23:58 UTC 2017"}
        ],
        [
            {"location": [[
                {"latitude": 64.233061},
                {"longitude": 27.731549}
            ]]},
            {"altitude": 152.5},
            {"distance_km": 0.2},
            {"speed_kmh": 5.4},
            {"timestamp": "Fri May 05 14:24:04 UTC 2017"}
        ],
        [
            {"location": [[
                {"latitude": 64.233166},
                {"longitude": 27.731569}
            ]]},
            {"altitude": 155.5},
            {"distance_km": 0.21},
            {"speed_kmh": 5.4},
            {"timestamp": "Fri May 05 14:24:12 UTC 2017"}
        ],
        [
            {"location": [[
                {"latitude": 64.233205},
                {"longitude": 27.731378}
            ]]},
            {"altitude": 160},
            {"distance_km": 0.22},
            {"speed_kmh": 0},
            {"timestamp": "Fri May 05 14:24:24 UTC 2017"}
        ],
        [
            {"location": [[
                {"latitude": 64.233304},
                {"longitude": 27.731327}
            ]]},
            {"altitude": 157.5},
            {"distance_km": 0.23},
            {"speed_kmh": 3.6},
            {"timestamp": "Fri May 05 14:24:36 UTC 2017"}
        ],
        [
            {"location": [[
                {"latitude": 64.233397},
                {"longitude": 27.731409}
            ]]},
            {"altitude": 158},
            {"distance_km": 0.24},
            {"speed_kmh": 3.6},
            {"timestamp": "Fri May 05 14:24:44 UTC 2017"}
        ],
        [
            {"location": [[
                {"latitude": 64.233507},
                {"longitude": 27.731386}
            ]]},
            {"altitude": 152.5},
            {"distance_km": 0.25},
            {"speed_kmh": 3.6},
            {"timestamp": "Fri May 05 14:24:52 UTC 2017"}
        ],
        [
            {"location": [[
                {"latitude": 64.233592},
                {"longitude": 27.731298}
            ]]},
            {"altitude": 150},
            {"distance_km": 0.26},
            {"speed_kmh": 3.6},
            {"timestamp": "Fri May 05 14:25:00 UTC 2017"}
        ],
        [
            {"location": [[
                {"latitude": 64.233688},
                {"longitude": 27.731296}
            ]]},
            {"altitude": 149},
            {"distance_km": 0.28},
            {"speed_kmh": 3.6},
            {"timestamp": "Fri May 05 14:25:08 UTC 2017"}
        ],
        [
            {"location": [[
                {"latitude": 64.233765},
                {"longitude": 27.731171}
            ]]},
            {"altitude": 147},
            {"distance_km": 0.29},
            {"speed_kmh": 3.6},
            {"timestamp": "Fri May 05 14:25:16 UTC 2017"}
        ],
        [
            {"location": [[
                {"latitude": 64.233837},
                {"longitude": 27.731021}
            ]]},
            {"altitude": 139},
            {"distance_km": 0.3},
            {"speed_kmh": 3.6},
            {"timestamp": "Fri May 05 14:25:24 UTC 2017"}
        ],
        [
            {"location": [[
                {"latitude": 64.23393},
                {"longitude": 27.730945}
            ]]},
            {"altitude": 136},
            {"distance_km": 0.31},
            {"speed_kmh": 3.6},
            {"timestamp": "Fri May 05 14:25:35 UTC 2017"}
        ],
        [
            {"location": [[
                {"latitude": 64.233935},
                {"longitude": 27.730721}
            ]]},
            {"altitude": 133.5},
            {"distance_km": 0.32},
            {"speed_kmh": 3.6},
            {"timestamp": "Fri May 05 14:25:48 UTC 2017"}
        ],
        [
            {"location": [[
                {"latitude": 64.233853},
                {"longitude": 27.730469}
            ]]},
            {"altitude": 137},
            {"distance_km": 0.33},
            {"speed_kmh": 6.3},
            {"timestamp": "Fri May 05 14:26:00 UTC 2017"}
        ],
        [
            {"location": [[
                {"latitude": 64.233798},
                {"longitude": 27.730248}
            ]]},
            {"altitude": 137.5},
            {"distance_km": 0.35},
            {"speed_kmh": 5.4},
            {"timestamp": "Fri May 05 14:26:06 UTC 2017"}
        ],
        [
            {"location": [[
                {"latitude": 64.233755},
                {"longitude": 27.730046}
            ]]},
            {"altitude": 132.5},
            {"distance_km": 0.36},
            {"speed_kmh": 3.6},
            {"timestamp": "Fri May 05 14:26:14 UTC 2017"}
        ],
        [
            {"location": [[
                {"latitude": 64.233706},
                {"longitude": 27.729854}
            ]]},
            {"altitude": 133},
            {"distance_km": 0.37},
            {"speed_kmh": 3.6},
            {"timestamp": "Fri May 05 14:26:20 UTC 2017"}
        ],
        [
            {"location": [[
                {"latitude": 64.233706},
                {"longitude": 27.729618}
            ]]},
            {"altitude": 124.5},
            {"distance_km": 0.38},
            {"speed_kmh": 1.8},
            {"timestamp": "Fri May 05 14:26:32 UTC 2017"}
        ],
        [
            {"location": [[
                {"latitude": 64.233785},
                {"longitude": 27.729432}
            ]]},
            {"altitude": 121},
            {"distance_km": 0.39},
            {"speed_kmh": 2.7},
            {"timestamp": "Fri May 05 14:26:40 UTC 2017"}
        ],
        [
            {"location": [[
                {"latitude": 64.233857},
                {"longitude": 27.72925}
            ]]},
            {"altitude": 111.5},
            {"distance_km": 0.4},
            {"speed_kmh": 2.7},
            {"timestamp": "Fri May 05 14:26:48 UTC 2017"}
        ],
        [
            {"location": [[
                {"latitude": 64.233919},
                {"longitude": 27.729045}
            ]]},
            {"altitude": 105.5},
            {"distance_km": 0.42},
            {"speed_kmh": 2.7},
            {"timestamp": "Fri May 05 14:26:56 UTC 2017"}
        ],
        [
            {"location": [[
                {"latitude": 64.233964},
                {"longitude": 27.728821}
            ]]},
            {"altitude": 104},
            {"distance_km": 0.43},
            {"speed_kmh": 5.4},
            {"timestamp": "Fri May 05 14:27:02 UTC 2017"}
        ],
        [
            {"location": [[
                {"latitude": 64.233967},
                {"longitude": 27.728602}
            ]]},
            {"altitude": 106.5},
            {"distance_km": 0.44},
            {"speed_kmh": 3.6},
            {"timestamp": "Fri May 05 14:27:08 UTC 2017"}
        ],
        [
            {"location": [[
                {"latitude": 64.233956},
                {"longitude": 27.728367}
            ]]},
            {"altitude": 118.5},
            {"distance_km": 0.45},
            {"speed_kmh": 3.6},
            {"timestamp": "Fri May 05 14:27:14 UTC 2017"}
        ],
        [
            {"location": [[
                {"latitude": 64.233919},
                {"longitude": 27.728158}
            ]]},
            {"altitude": 120.5},
            {"distance_km": 0.46},
            {"speed_kmh": 3.6},
            {"timestamp": "Fri May 05 14:27:21 UTC 2017"}
        ],
        [
            {"location": [[
                {"latitude": 64.23389},
                {"longitude": 27.727949}
            ]]},
            {"altitude": 125.5},
            {"distance_km": 0.47},
            {"speed_kmh": 3.6},
            {"timestamp": "Fri May 05 14:27:27 UTC 2017"}
        ],
        [
            {"location": [[
                {"latitude": 64.233842},
                {"longitude": 27.727733}
            ]]},
            {"altitude": 131.5},
            {"distance_km": 0.48},
            {"speed_kmh": 3.6},
            {"timestamp": "Fri May 05 14:27:34 UTC 2017"}
        ],
        [
            {"location": [[
                {"latitude": 64.233776},
                {"longitude": 27.727589}
            ]]},
            {"altitude": 130},
            {"distance_km": 0.49},
            {"speed_kmh": 3.6},
            {"timestamp": "Fri May 05 14:27:40 UTC 2017"}
        ],
        [
            {"location": [[
                {"latitude": 64.233771},
                {"longitude": 27.727378}
            ]]},
            {"altitude": 131.5},
            {"distance_km": 0.5},
            {"speed_kmh": 3.6},
            {"timestamp": "Fri May 05 14:27:46 UTC 2017"}
        ],
        [
            {"location": [[
                {"latitude": 64.233834},
                {"longitude": 27.727196}
            ]]},
            {"altitude": 132},
            {"distance_km": 0.51},
            {"speed_kmh": 3.6},
            {"timestamp": "Fri May 05 14:27:54 UTC 2017"}
        ],
        [
            {"location": [[
                {"latitude": 64.233871},
                {"longitude": 27.72698}
            ]]},
            {"altitude": 132.5},
            {"distance_km": 0.53},
            {"speed_kmh": 2.7},
            {"timestamp": "Fri May 05 14:28:04 UTC 2017"}
        ],
        [
            {"location": [[
                {"latitude": 64.233974},
                {"longitude": 27.726859}
            ]]},
            {"altitude": 135},
            {"distance_km": 0.54},
            {"speed_kmh": 3.6},
            {"timestamp": "Fri May 05 14:28:12 UTC 2017"}
        ],
        [
            {"location": [[
                {"latitude": 64.234035},
                {"longitude": 27.726681}
            ]]},
            {"altitude": 136.5},
            {"distance_km": 0.55},
            {"speed_kmh": 3.6},
            {"timestamp": "Fri May 05 14:28:22 UTC 2017"}
        ],
        [
            {"location": [[
                {"latitude": 64.234086},
                {"longitude": 27.726484}
            ]]},
            {"altitude": 140},
            {"distance_km": 0.56},
            {"speed_kmh": 2.7},
            {"timestamp": "Fri May 05 14:28:32 UTC 2017"}
        ],
        [
            {"location": [[
                {"latitude": 64.234136},
                {"longitude": 27.726312}
            ]]},
            {"altitude": 143},
            {"distance_km": 0.57},
            {"speed_kmh": 3.6},
            {"timestamp": "Fri May 05 14:28:40 UTC 2017"}
        ],
        [
            {"location": [[
                {"latitude": 64.234226},
                {"longitude": 27.726225}
            ]]},
            {"altitude": 147},
            {"distance_km": 0.58},
            {"speed_kmh": 3.6},
            {"timestamp": "Fri May 05 14:28:50 UTC 2017"}
        ],
        [
            {"location": [[
                {"latitude": 64.23432},
                {"longitude": 27.726193}
            ]]},
            {"altitude": 149},
            {"distance_km": 0.59},
            {"speed_kmh": 3.6},
            {"timestamp": "Fri May 05 14:28:58 UTC 2017"}
        ],
        [
            {"location": [[
                {"latitude": 64.234405},
                {"longitude": 27.726115}
            ]]},
            {"altitude": 153.5},
            {"distance_km": 0.6},
            {"speed_kmh": 3.6},
            {"timestamp": "Fri May 05 14:29:04 UTC 2017"}
        ],
        [
            {"location": [[
                {"latitude": 64.23446},
                {"longitude": 27.725868}
            ]]},
            {"altitude": 163},
            {"distance_km": 0.62},
            {"speed_kmh": 2.7},
            {"timestamp": "Fri May 05 14:29:13 UTC 2017"}
        ],
        [
            {"location": [[
                {"latitude": 64.23452},
                {"longitude": 27.725657}
            ]]},
            {"altitude": 168},
            {"distance_km": 0.63},
            {"speed_kmh": 2.7},
            {"timestamp": "Fri May 05 14:29:20 UTC 2017"}
        ],
        [
            {"location": [[
                {"latitude": 64.234618},
                {"longitude": 27.725589}
            ]]},
            {"altitude": 170.5},
            {"distance_km": 0.64},
            {"speed_kmh": 3.6},
            {"timestamp": "Fri May 05 14:29:28 UTC 2017"}
        ],
        [
            {"location": [[
                {"latitude": 64.234746},
                {"longitude": 27.725475}
            ]]},
            {"altitude": 170.5},
            {"distance_km": 0.65},
            {"speed_kmh": 3.6},
            {"timestamp": "Fri May 05 14:29:36 UTC 2017"}
        ],
        [
            {"location": [[
                {"latitude": 64.234837},
                {"longitude": 27.725438}
            ]]},
            {"altitude": 170.5},
            {"distance_km": 0.66},
            {"speed_kmh": 3.6},
            {"timestamp": "Fri May 05 14:29:42 UTC 2017"}
        ],
        [
            {"location": [[
                {"latitude": 64.234939},
                {"longitude": 27.725375}
            ]]},
            {"altitude": 173.5},
            {"distance_km": 0.68},
            {"speed_kmh": 4.5},
            {"timestamp": "Fri May 05 14:29:48 UTC 2017"}
        ],
        [
            {"location": [[
                {"latitude": 64.235027},
                {"longitude": 27.725331}
            ]]},
            {"altitude": 174.5},
            {"distance_km": 0.69},
            {"speed_kmh": 3.6},
            {"timestamp": "Fri May 05 14:29:54 UTC 2017"}
        ],
        [
            {"location": [[
                {"latitude": 64.235121},
                {"longitude": 27.72531}
            ]]},
            {"altitude": 173.5},
            {"distance_km": 0.7},
            {"speed_kmh": 4.5},
            {"timestamp": "Fri May 05 14:30:02 UTC 2017"}
        ],
        [
            {"location": [[
                {"latitude": 64.235236},
                {"longitude": 27.725316}
            ]]},
            {"altitude": 174.5},
            {"distance_km": 0.71},
            {"speed_kmh": 4.5},
            {"timestamp": "Fri May 05 14:30:10 UTC 2017"}
        ],
        [
            {"location": [[
                {"latitude": 64.235333},
                {"longitude": 27.725224}
            ]]},
            {"altitude": 176.5},
            {"distance_km": 0.72},
            {"speed_kmh": 2.7},
            {"timestamp": "Fri May 05 14:30:20 UTC 2017"}
        ],
        [
            {"location": [[
                {"latitude": 64.235434},
                {"longitude": 27.725197}
            ]]},
            {"altitude": 177.5},
            {"distance_km": 0.73},
            {"speed_kmh": 3.6},
            {"timestamp": "Fri May 05 14:30:28 UTC 2017"}
        ],
        [
            {"location": [[
                {"latitude": 64.235527},
                {"longitude": 27.725141}
            ]]},
            {"altitude": 175.5},
            {"distance_km": 0.74},
            {"speed_kmh": 3.6},
            {"timestamp": "Fri May 05 14:30:36 UTC 2017"}
        ],
        [
            {"location": [[
                {"latitude": 64.235631},
                {"longitude": 27.725185}
            ]]},
            {"altitude": 181.5},
            {"distance_km": 0.76},
            {"speed_kmh": 2.7},
            {"timestamp": "Fri May 05 14:30:48 UTC 2017"}
        ],
        [
            {"location": [[
                {"latitude": 64.23573},
                {"longitude": 27.725235}
            ]]},
            {"altitude": 185.5},
            {"distance_km": 0.77},
            {"speed_kmh": 2.7},
            {"timestamp": "Fri May 05 14:30:56 UTC 2017"}
        ],
        [
            {"location": [[
                {"latitude": 64.235829},
                {"longitude": 27.725305}
            ]]},
            {"altitude": 184.5},
            {"distance_km": 0.78},
            {"speed_kmh": 2.7},
            {"timestamp": "Fri May 05 14:31:05 UTC 2017"}
        ],
        [
            {"location": [[
                {"latitude": 64.235904},
                {"longitude": 27.725496}
            ]]},
            {"altitude": 183},
            {"distance_km": 0.79},
            {"speed_kmh": 2.7},
            {"timestamp": "Fri May 05 14:31:15 UTC 2017"}
        ],
        [
            {"location": [[
                {"latitude": 64.235989},
                {"longitude": 27.725562}
            ]]},
            {"altitude": 182.5},
            {"distance_km": 0.8},
            {"speed_kmh": 3.6},
            {"timestamp": "Fri May 05 14:31:22 UTC 2017"}
        ],
        [
            {"location": [[
                {"latitude": 64.236101},
                {"longitude": 27.725488}
            ]]},
            {"altitude": 187},
            {"distance_km": 0.81},
            {"speed_kmh": 3.6},
            {"timestamp": "Fri May 05 14:31:30 UTC 2017"}
        ],
        [
            {"location": [[
                {"latitude": 64.236189},
                {"longitude": 27.725358}
            ]]},
            {"altitude": 187.5},
            {"distance_km": 0.83},
            {"speed_kmh": 3.6},
            {"timestamp": "Fri May 05 14:31:38 UTC 2017"}
        ],
        [
            {"location": [[
                {"latitude": 64.236243},
                {"longitude": 27.725551}
            ]]},
            {"altitude": 182},
            {"distance_km": 0.84},
            {"speed_kmh": 3.6},
            {"timestamp": "Fri May 05 14:31:46 UTC 2017"}
        ],
        [
            {"location": [[
                {"latitude": 64.236277},
                {"longitude": 27.72575}
            ]]},
            {"altitude": 176.5},
            {"distance_km": 0.85},
            {"speed_kmh": 3.6},
            {"timestamp": "Fri May 05 14:31:52 UTC 2017"}
        ],
        [
            {"location": [[
                {"latitude": 64.236289},
                {"longitude": 27.725981}
            ]]},
            {"altitude": 172},
            {"distance_km": 0.86},
            {"speed_kmh": 2.7},
            {"timestamp": "Fri May 05 14:32:00 UTC 2017"}
        ],
        [
            {"location": [[
                {"latitude": 64.23627},
                {"longitude": 27.726238}
            ]]},
            {"altitude": 171.5},
            {"distance_km": 0.87},
            {"speed_kmh": 4.5},
            {"timestamp": "Fri May 05 14:32:10 UTC 2017"}
        ],
        [
            {"location": [[
                {"latitude": 64.236258},
                {"longitude": 27.726466}
            ]]},
            {"altitude": 173},
            {"distance_km": 0.88},
            {"speed_kmh": 1.8},
            {"timestamp": "Fri May 05 14:32:24 UTC 2017"}
        ],
        [
            {"location": [[
                {"latitude": 64.236195},
                {"longitude": 27.726637}
            ]]},
            {"altitude": 168},
            {"distance_km": 0.89},
            {"speed_kmh": 2.7},
            {"timestamp": "Fri May 05 14:32:32 UTC 2017"}
        ],
        [
            {"location": [[
                {"latitude": 64.236172},
                {"longitude": 27.726858}
            ]]},
            {"altitude": 168.5},
            {"distance_km": 0.9},
            {"speed_kmh": 0.9},
            {"timestamp": "Fri May 05 14:32:44 UTC 2017"}
        ],
        [
            {"location": [[
                {"latitude": 64.236127},
                {"longitude": 27.727077}
            ]]},
            {"altitude": 167.5},
            {"distance_km": 0.92},
            {"speed_kmh": 1.8},
            {"timestamp": "Fri May 05 14:32:54 UTC 2017"}
        ],
        [
            {"location": [[
                {"latitude": 64.23623},
                {"longitude": 27.727118}
            ]]},
            {"altitude": 163},
            {"distance_km": 0.93},
            {"speed_kmh": 4.5},
            {"timestamp": "Fri May 05 14:33:20 UTC 2017"}
        ],
        [
            {"location": [[
                {"latitude": 64.236325},
                {"longitude": 27.726961}
            ]]},
            {"altitude": 160},
            {"distance_km": 0.94},
            {"speed_kmh": 3.6},
            {"timestamp": "Fri May 05 14:33:30 UTC 2017"}
        ],
        [
            {"location": [[
                {"latitude": 64.236433},
                {"longitude": 27.726941}
            ]]},
            {"altitude": 157},
            {"distance_km": 0.95},
            {"speed_kmh": 3.6},
            {"timestamp": "Fri May 05 14:33:40 UTC 2017"}
        ],
        [
            {"location": [[
                {"latitude": 64.236527},
                {"longitude": 27.726923}
            ]]},
            {"altitude": 156.5},
            {"distance_km": 0.96},
            {"speed_kmh": 0},
            {"timestamp": "Fri May 05 14:33:52 UTC 2017"}
        ],
        [
            {"location": [[
                {"latitude": 64.236625},
                {"longitude": 27.72697}
            ]]},
            {"altitude": 154.5},
            {"distance_km": 0.97},
            {"speed_kmh": 3.6},
            {"timestamp": "Fri May 05 14:34:04 UTC 2017"}
        ],
        [
            {"location": [[
                {"latitude": 64.236722},
                {"longitude": 27.727113}
            ]]},
            {"altitude": 159},
            {"distance_km": 0.99},
            {"speed_kmh": 5.4},
            {"timestamp": "Fri May 05 14:34:12 UTC 2017"}
        ],
        [
            {"location": [[
                {"latitude": 64.236811},
                {"longitude": 27.727225}
            ]]},
            {"altitude": 158},
            {"distance_km": 1},
            {"speed_kmh": 3.6},
            {"timestamp": "Fri May 05 14:34:18 UTC 2017"}
        ],
        [
            {"location": [[
                {"latitude": 64.236911},
                {"longitude": 27.727305}
            ]]},
            {"altitude": 155},
            {"distance_km": 1.01},
            {"speed_kmh": 3.6},
            {"timestamp": "Fri May 05 14:34:24 UTC 2017"}
        ],
        [
            {"location": [[
                {"latitude": 64.236997},
                {"longitude": 27.727399}
            ]]},
            {"altitude": 154.5},
            {"distance_km": 1.02},
            {"speed_kmh": 3.6},
            {"timestamp": "Fri May 05 14:34:30 UTC 2017"}
        ],
        [
            {"location": [[
                {"latitude": 64.237102},
                {"longitude": 27.727501}
            ]]},
            {"altitude": 156.5},
            {"distance_km": 1.03},
            {"speed_kmh": 3.6},
            {"timestamp": "Fri May 05 14:34:38 UTC 2017"}
        ],
        [
            {"location": [[
                {"latitude": 64.237199},
                {"longitude": 27.727615}
            ]]},
            {"altitude": 153.5},
            {"distance_km": 1.04},
            {"speed_kmh": 3.6},
            {"timestamp": "Fri May 05 14:34:46 UTC 2017"}
        ],
        [
            {"location": [[
                {"latitude": 64.237308},
                {"longitude": 27.727673}
            ]]},
            {"altitude": 160.5},
            {"distance_km": 1.06},
            {"speed_kmh": 3.6},
            {"timestamp": "Fri May 05 14:34:54 UTC 2017"}
        ],
        [
            {"location": [[
                {"latitude": 64.237402},
                {"longitude": 27.727698}
            ]]},
            {"altitude": 158.5},
            {"distance_km": 1.07},
            {"speed_kmh": 3.6},
            {"timestamp": "Fri May 05 14:35:00 UTC 2017"}
        ],
        [
            {"location": [[
                {"latitude": 64.237511},
                {"longitude": 27.727773}
            ]]},
            {"altitude": 154.5},
            {"distance_km": 1.08},
            {"speed_kmh": 3.6},
            {"timestamp": "Fri May 05 14:35:08 UTC 2017"}
        ],
        [
            {"location": [[
                {"latitude": 64.237613},
                {"longitude": 27.727889}
            ]]},
            {"altitude": 158.5},
            {"distance_km": 1.09},
            {"speed_kmh": 3.6},
            {"timestamp": "Fri May 05 14:35:17 UTC 2017"}
        ],
        [
            {"location": [[
                {"latitude": 64.237731},
                {"longitude": 27.727928}
            ]]},
            {"altitude": 157.5},
            {"distance_km": 1.11},
            {"speed_kmh": 3.6},
            {"timestamp": "Fri May 05 14:35:26 UTC 2017"}
        ],
        [
            {"location": [[
                {"latitude": 64.23783},
                {"longitude": 27.727994}
            ]]},
            {"altitude": 159},
            {"distance_km": 1.12},
            {"speed_kmh": 5.4},
            {"timestamp": "Fri May 05 14:35:32 UTC 2017"}
        ],
        [
            {"location": [[
                {"latitude": 64.237914},
                {"longitude": 27.728075}
            ]]},
            {"altitude": 154},
            {"distance_km": 1.13},
            {"speed_kmh": 4.5},
            {"timestamp": "Fri May 05 14:35:38 UTC 2017"}
        ],
        [
            {"location": [[
                {"latitude": 64.238028},
                {"longitude": 27.728124}
            ]]},
            {"altitude": 151.5},
            {"distance_km": 1.14},
            {"speed_kmh": 4.5},
            {"timestamp": "Fri May 05 14:35:46 UTC 2017"}
        ],
        [
            {"location": [[
                {"latitude": 64.237998},
                {"longitude": 27.72835}
            ]]},
            {"altitude": 151.5},
            {"distance_km": 1.15},
            {"speed_kmh": 3.6},
            {"timestamp": "Fri May 05 14:35:56 UTC 2017"}
        ],
        [
            {"location": [[
                {"latitude": 64.237931},
                {"longitude": 27.72854}
            ]]},
            {"altitude": 149.5},
            {"distance_km": 1.16},
            {"speed_kmh": 3.6},
            {"timestamp": "Fri May 05 14:36:04 UTC 2017"}
        ],
        [
            {"location": [[
                {"latitude": 64.237859},
                {"longitude": 27.728668}
            ]]},
            {"altitude": 139.5},
            {"distance_km": 1.17},
            {"speed_kmh": 3.6},
            {"timestamp": "Fri May 05 14:36:16 UTC 2017"}
        ],
        [
            {"location": [[
                {"latitude": 64.237757},
                {"longitude": 27.728703}
            ]]},
            {"altitude": 138.5},
            {"distance_km": 1.19},
            {"speed_kmh": 3.6},
            {"timestamp": "Fri May 05 14:36:26 UTC 2017"}
        ],
        [
            {"location": [[
                {"latitude": 64.237651},
                {"longitude": 27.728687}
            ]]},
            {"altitude": 137.5},
            {"distance_km": 1.2},
            {"speed_kmh": 3.6},
            {"timestamp": "Fri May 05 14:36:34 UTC 2017"}
        ],
        [
            {"location": [[
                {"latitude": 64.237554},
                {"longitude": 27.728697}
            ]]},
            {"altitude": 143},
            {"distance_km": 1.21},
            {"speed_kmh": 3.6},
            {"timestamp": "Fri May 05 14:36:42 UTC 2017"}
        ],
        [
            {"location": [[
                {"latitude": 64.237458},
                {"longitude": 27.728718}
            ]]},
            {"altitude": 143},
            {"distance_km": 1.22},
            {"speed_kmh": 3.6},
            {"timestamp": "Fri May 05 14:36:50 UTC 2017"}
        ],
        [
            {"location": [[
                {"latitude": 64.237363},
                {"longitude": 27.728796}
            ]]},
            {"altitude": 143},
            {"distance_km": 1.23},
            {"speed_kmh": 2.7},
            {"timestamp": "Fri May 05 14:37:00 UTC 2017"}
        ],
        [
            {"location": [[
                {"latitude": 64.237266},
                {"longitude": 27.72879}
            ]]},
            {"altitude": 143.5},
            {"distance_km": 1.24},
            {"speed_kmh": 2.7},
            {"timestamp": "Fri May 05 14:37:10 UTC 2017"}
        ],
        [
            {"location": [[
                {"latitude": 64.237153},
                {"longitude": 27.728755}
            ]]},
            {"altitude": 144.5},
            {"distance_km": 1.25},
            {"speed_kmh": 3.6},
            {"timestamp": "Fri May 05 14:37:19 UTC 2017"}
        ],
        [
            {"location": [[
                {"latitude": 64.237067},
                {"longitude": 27.728679}
            ]]},
            {"altitude": 148.5},
            {"distance_km": 1.26},
            {"speed_kmh": 0},
            {"timestamp": "Fri May 05 14:37:29 UTC 2017"}
        ],
        [
            {"location": [[
                {"latitude": 64.236987},
                {"longitude": 27.728566}
            ]]},
            {"altitude": 144.5},
            {"distance_km": 1.27},
            {"speed_kmh": 3.6},
            {"timestamp": "Fri May 05 14:37:38 UTC 2017"}
        ],
        [
            {"location": [[
                {"latitude": 64.236894},
                {"longitude": 27.728462}
            ]]},
            {"altitude": 146},
            {"distance_km": 1.29},
            {"speed_kmh": 3.6},
            {"timestamp": "Fri May 05 14:37:44 UTC 2017"}
        ],
        [
            {"location": [[
                {"latitude": 64.23681},
                {"longitude": 27.728367}
            ]]},
            {"altitude": 146.5},
            {"distance_km": 1.3},
            {"speed_kmh": 3.6},
            {"timestamp": "Fri May 05 14:37:48 UTC 2017"}
        ],
        [
            {"location": [[
                {"latitude": 64.236706},
                {"longitude": 27.728309}
            ]]},
            {"altitude": 146.5},
            {"distance_km": 1.31},
            {"speed_kmh": 3.6},
            {"timestamp": "Fri May 05 14:37:54 UTC 2017"}
        ],
        [
            {"location": [[
                {"latitude": 64.236602},
                {"longitude": 27.728254}
            ]]},
            {"altitude": 146},
            {"distance_km": 1.32},
            {"speed_kmh": 3.6},
            {"timestamp": "Fri May 05 14:38:02 UTC 2017"}
        ],
        [
            {"location": [[
                {"latitude": 64.23651},
                {"longitude": 27.728256}
            ]]},
            {"altitude": 144.5},
            {"distance_km": 1.33},
            {"speed_kmh": 3.6},
            {"timestamp": "Fri May 05 14:38:10 UTC 2017"}
        ],
        [
            {"location": [[
                {"latitude": 64.236417},
                {"longitude": 27.72833}
            ]]},
            {"altitude": 144.5},
            {"distance_km": 1.34},
            {"speed_kmh": 3.6},
            {"timestamp": "Fri May 05 14:38:20 UTC 2017"}
        ],
        [
            {"location": [[
                {"latitude": 64.236314},
                {"longitude": 27.728373}
            ]]},
            {"altitude": 141.5},
            {"distance_km": 1.35},
            {"speed_kmh": 3.6},
            {"timestamp": "Fri May 05 14:38:28 UTC 2017"}
        ],
        [
            {"location": [[
                {"latitude": 64.236224},
                {"longitude": 27.728386}
            ]]},
            {"altitude": 143.5},
            {"distance_km": 1.36},
            {"speed_kmh": 3.6},
            {"timestamp": "Fri May 05 14:38:36 UTC 2017"}
        ],
        [
            {"location": [[
                {"latitude": 64.236156},
                {"longitude": 27.728524}
            ]]},
            {"altitude": 145.5},
            {"distance_km": 1.37},
            {"speed_kmh": 2.7},
            {"timestamp": "Fri May 05 14:38:44 UTC 2017"}
        ],
        [
            {"location": [[
                {"latitude": 64.236054},
                {"longitude": 27.728618}
            ]]},
            {"altitude": 146.5},
            {"distance_km": 1.39},
            {"speed_kmh": 2.7},
            {"timestamp": "Fri May 05 14:38:54 UTC 2017"}
        ],
        [
            {"location": [[
                {"latitude": 64.235959},
                {"longitude": 27.728689}
            ]]},
            {"altitude": 142},
            {"distance_km": 1.4},
            {"speed_kmh": 3.6},
            {"timestamp": "Fri May 05 14:39:00 UTC 2017"}
        ],
        [
            {"location": [[
                {"latitude": 64.235852},
                {"longitude": 27.728778}
            ]]},
            {"altitude": 144},
            {"distance_km": 1.41},
            {"speed_kmh": 3.6},
            {"timestamp": "Fri May 05 14:39:09 UTC 2017"}
        ],
        [
            {"location": [[
                {"latitude": 64.235746},
                {"longitude": 27.728828}
            ]]},
            {"altitude": 147},
            {"distance_km": 1.42},
            {"speed_kmh": 3.6},
            {"timestamp": "Fri May 05 14:39:17 UTC 2017"}
        ],
        [
            {"location": [[
                {"latitude": 64.235655},
                {"longitude": 27.728825}
            ]]},
            {"altitude": 145},
            {"distance_km": 1.43},
            {"speed_kmh": 3.6},
            {"timestamp": "Fri May 05 14:39:24 UTC 2017"}
        ],
        [
            {"location": [[
                {"latitude": 64.235559},
                {"longitude": 27.728924}
            ]]},
            {"altitude": 143},
            {"distance_km": 1.44},
            {"speed_kmh": 3.6},
            {"timestamp": "Fri May 05 14:39:32 UTC 2017"}
        ],
        [
            {"location": [[
                {"latitude": 64.235469},
                {"longitude": 27.728995}
            ]]},
            {"altitude": 146},
            {"distance_km": 1.45},
            {"speed_kmh": 0},
            {"timestamp": "Fri May 05 14:39:40 UTC 2017"}
        ],
        [
            {"location": [[
                {"latitude": 64.235399},
                {"longitude": 27.729137}
            ]]},
            {"altitude": 153.5},
            {"distance_km": 1.46},
            {"speed_kmh": 2.7},
            {"timestamp": "Fri May 05 14:39:52 UTC 2017"}
        ],
        [
            {"location": [[
                {"latitude": 64.235384},
                {"longitude": 27.72936}
            ]]},
            {"altitude": 160},
            {"distance_km": 1.48},
            {"speed_kmh": 2.7},
            {"timestamp": "Fri May 05 14:40:00 UTC 2017"}
        ],
        [
            {"location": [[
                {"latitude": 64.235391},
                {"longitude": 27.729578}
            ]]},
            {"altitude": 164.5},
            {"distance_km": 1.49},
            {"speed_kmh": 3.6},
            {"timestamp": "Fri May 05 14:40:08 UTC 2017"}
        ],
        [
            {"location": [[
                {"latitude": 64.235399},
                {"longitude": 27.729823}
            ]]},
            {"altitude": 163},
            {"distance_km": 1.5},
            {"speed_kmh": 3.6},
            {"timestamp": "Fri May 05 14:40:16 UTC 2017"}
        ],
        [
            {"location": [[
                {"latitude": 64.23544},
                {"longitude": 27.730039}
            ]]},
            {"altitude": 167},
            {"distance_km": 1.51},
            {"speed_kmh": 2.7},
            {"timestamp": "Fri May 05 14:40:24 UTC 2017"}
        ],
        [
            {"location": [[
                {"latitude": 64.235476},
                {"longitude": 27.730257}
            ]]},
            {"altitude": 169},
            {"distance_km": 1.52},
            {"speed_kmh": 0},
            {"timestamp": "Fri May 05 14:40:32 UTC 2017"}
        ],
        [
            {"location": [[
                {"latitude": 64.235499},
                {"longitude": 27.730468}
            ]]},
            {"altitude": 172},
            {"distance_km": 1.53},
            {"speed_kmh": 3.6},
            {"timestamp": "Fri May 05 14:40:40 UTC 2017"}
        ],
        [
            {"location": [[
                {"latitude": 64.235511},
                {"longitude": 27.7307}
            ]]},
            {"altitude": 171},
            {"distance_km": 1.54},
            {"speed_kmh": 3.6},
            {"timestamp": "Fri May 05 14:40:48 UTC 2017"}
        ],
        [
            {"location": [[
                {"latitude": 64.235516},
                {"longitude": 27.730969}
            ]]},
            {"altitude": 171},
            {"distance_km": 1.56},
            {"speed_kmh": 3.6},
            {"timestamp": "Fri May 05 14:40:56 UTC 2017"}
        ],
        [
            {"location": [[
                {"latitude": 64.235534},
                {"longitude": 27.731208}
            ]]},
            {"altitude": 170},
            {"distance_km": 1.57},
            {"speed_kmh": 4.5},
            {"timestamp": "Fri May 05 14:41:02 UTC 2017"}
        ],
        [
            {"location": [[
                {"latitude": 64.235532},
                {"longitude": 27.731449}
            ]]},
            {"altitude": 169},
            {"distance_km": 1.58},
            {"speed_kmh": 3.6},
            {"timestamp": "Fri May 05 14:41:11 UTC 2017"}
        ],
        [
            {"location": [[
                {"latitude": 64.23546},
                {"longitude": 27.731607}
            ]]},
            {"altitude": 158},
            {"distance_km": 1.59},
            {"speed_kmh": 3.6},
            {"timestamp": "Fri May 05 14:41:20 UTC 2017"}
        ],
        [
            {"location": [[
                {"latitude": 64.235362},
                {"longitude": 27.731665}
            ]]},
            {"altitude": 149.5},
            {"distance_km": 1.6},
            {"speed_kmh": 3.6},
            {"timestamp": "Fri May 05 14:41:28 UTC 2017"}
        ],
        [
            {"location": [[
                {"latitude": 64.235274},
                {"longitude": 27.73173}
            ]]},
            {"altitude": 151.5},
            {"distance_km": 1.61},
            {"speed_kmh": 3.6},
            {"timestamp": "Fri May 05 14:41:34 UTC 2017"}
        ],
        [
            {"location": [[
                {"latitude": 64.235176},
                {"longitude": 27.731793}
            ]]},
            {"altitude": 148.5},
            {"distance_km": 1.62},
            {"speed_kmh": 3.6},
            {"timestamp": "Fri May 05 14:41:42 UTC 2017"}
        ],
        [
            {"location": [[
                {"latitude": 64.235068},
                {"longitude": 27.731868}
            ]]},
            {"altitude": 150},
            {"distance_km": 1.63},
            {"speed_kmh": 4.5},
            {"timestamp": "Fri May 05 14:41:50 UTC 2017"}
        ],
        [
            {"location": [[
                {"latitude": 64.234953},
                {"longitude": 27.731867}
            ]]},
            {"altitude": 147},
            {"distance_km": 1.65},
            {"speed_kmh": 4.5},
            {"timestamp": "Fri May 05 14:41:58 UTC 2017"}
        ],
        [
            {"location": [[
                {"latitude": 64.23484},
                {"longitude": 27.731925}
            ]]},
            {"altitude": 146.5},
            {"distance_km": 1.66},
            {"speed_kmh": 0},
            {"timestamp": "Fri May 05 14:42:06 UTC 2017"}
        ],
        [
            {"location": [[
                {"latitude": 64.234728},
                {"longitude": 27.731935}
            ]]},
            {"altitude": 142},
            {"distance_km": 1.67},
            {"speed_kmh": 4.5},
            {"timestamp": "Fri May 05 14:42:16 UTC 2017"}
        ],
        [
            {"location": [[
                {"latitude": 64.234613},
                {"longitude": 27.731932}
            ]]},
            {"altitude": 141},
            {"distance_km": 1.69},
            {"speed_kmh": 4.5},
            {"timestamp": "Fri May 05 14:42:24 UTC 2017"}
        ],
        [
            {"location": [[
                {"latitude": 64.234504},
                {"longitude": 27.731939}
            ]]},
            {"altitude": 137},
            {"distance_km": 1.7},
            {"speed_kmh": 4.5},
            {"timestamp": "Fri May 05 14:42:32 UTC 2017"}
        ],
        [
            {"location": [[
                {"latitude": 64.23439},
                {"longitude": 27.731936}
            ]]},
            {"altitude": 132},
            {"distance_km": 1.71},
            {"speed_kmh": 4.5},
            {"timestamp": "Fri May 05 14:42:40 UTC 2017"}
        ],
        [
            {"location": [[
                {"latitude": 64.234295},
                {"longitude": 27.731955}
            ]]},
            {"altitude": 133.5},
            {"distance_km": 1.72},
            {"speed_kmh": 4.5},
            {"timestamp": "Fri May 05 14:42:46 UTC 2017"}
        ],
        [
            {"location": [[
                {"latitude": 64.234186},
                {"longitude": 27.731995}
            ]]},
            {"altitude": 128.5},
            {"distance_km": 1.73},
            {"speed_kmh": 4.5},
            {"timestamp": "Fri May 05 14:42:54 UTC 2017"}
        ],
        [
            {"location": [[
                {"latitude": 64.23409},
                {"longitude": 27.732031}
            ]]},
            {"altitude": 125.5},
            {"distance_km": 1.74},
            {"speed_kmh": 3.6},
            {"timestamp": "Fri May 05 14:43:02 UTC 2017"}
        ],
        [
            {"location": [[
                {"latitude": 64.233985},
                {"longitude": 27.732102}
            ]]},
            {"altitude": 133.5},
            {"distance_km": 1.76},
            {"speed_kmh": 2.7},
            {"timestamp": "Fri May 05 14:43:40 UTC 2017"}
        ],
        [
            {"location": [[
                {"latitude": 64.233878},
                {"longitude": 27.732131}
            ]]},
            {"altitude": 138},
            {"distance_km": 1.77},
            {"speed_kmh": 5.4},
            {"timestamp": "Fri May 05 14:43:46 UTC 2017"}
        ],
        [
            {"location": [[
                {"latitude": 64.233771},
                {"longitude": 27.732224}
            ]]},
            {"altitude": 143.5},
            {"distance_km": 1.78},
            {"speed_kmh": 3.6},
            {"timestamp": "Fri May 05 14:43:54 UTC 2017"}
        ],
        [
            {"location": [[
                {"latitude": 64.233654},
                {"longitude": 27.732273}
            ]]},
            {"altitude": 144.5},
            {"distance_km": 1.79},
            {"speed_kmh": 3.6},
            {"timestamp": "Fri May 05 14:44:02 UTC 2017"}
        ],
        [
            {"location": [[
                {"latitude": 64.233575},
                {"longitude": 27.7324}
            ]]},
            {"altitude": 144.5},
            {"distance_km": 1.81},
            {"speed_kmh": 0},
            {"timestamp": "Fri May 05 14:44:12 UTC 2017"}
        ],
        [
            {"location": [[
                {"latitude": 64.233475},
                {"longitude": 27.732486}
            ]]},
            {"altitude": 141},
            {"distance_km": 1.82},
            {"speed_kmh": 4.5},
            {"timestamp": "Fri May 05 14:44:22 UTC 2017"}
        ],
        [
            {"location": [[
                {"latitude": 64.233388},
                {"longitude": 27.732548}
            ]]},
            {"altitude": 141},
            {"distance_km": 1.83},
            {"speed_kmh": 4.5},
            {"timestamp": "Fri May 05 14:44:28 UTC 2017"}
        ],
        [
            {"location": [[
                {"latitude": 64.233304},
                {"longitude": 27.73268}
            ]]},
            {"altitude": 147.5},
            {"distance_km": 1.84},
            {"speed_kmh": 3.6},
            {"timestamp": "Fri May 05 14:44:34 UTC 2017"}
        ],
        [
            {"location": [[
                {"latitude": 64.233234},
                {"longitude": 27.732819}
            ]]},
            {"altitude": 149.5},
            {"distance_km": 1.85},
            {"speed_kmh": 2.7},
            {"timestamp": "Fri May 05 14:44:44 UTC 2017"}
        ],
        [
            {"location": [[
                {"latitude": 64.23315},
                {"longitude": 27.732928}
            ]]},
            {"altitude": 144},
            {"distance_km": 1.86},
            {"speed_kmh": 2.7},
            {"timestamp": "Fri May 05 14:44:50 UTC 2017"}
        ],
        [
            {"location": [[
                {"latitude": 64.23304},
                {"longitude": 27.732991}
            ]]},
            {"altitude": 139.5},
            {"distance_km": 1.87},
            {"speed_kmh": 4.5},
            {"timestamp": "Fri May 05 14:44:56 UTC 2017"}
        ],
        [
            {"location": [[
                {"latitude": 64.23293},
                {"longitude": 27.732968}
            ]]},
            {"altitude": 139.5},
            {"distance_km": 1.88},
            {"speed_kmh": 5.4},
            {"timestamp": "Fri May 05 14:45:02 UTC 2017"}
        ],
        [
            {"location": [[
                {"latitude": 64.232821},
                {"longitude": 27.732955}
            ]]},
            {"altitude": 146.5},
            {"distance_km": 1.9},
            {"speed_kmh": 5.4},
            {"timestamp": "Fri May 05 14:45:08 UTC 2017"}
        ],
        [
            {"location": [[
                {"latitude": 64.2327},
                {"longitude": 27.733018}
            ]]},
            {"altitude": 152},
            {"distance_km": 1.91},
            {"speed_kmh": 5.4},
            {"timestamp": "Fri May 05 14:45:14 UTC 2017"}
        ],
        [
            {"location": [[
                {"latitude": 64.232605},
                {"longitude": 27.733037}
            ]]},
            {"altitude": 154},
            {"distance_km": 1.92},
            {"speed_kmh": 5.4},
            {"timestamp": "Fri May 05 14:45:20 UTC 2017"}
        ],
        [
            {"location": [[
                {"latitude": 64.232609},
                {"longitude": 27.732762}
            ]]},
            {"altitude": 145.5},
            {"distance_km": 1.93},
            {"speed_kmh": 5.4},
            {"timestamp": "Fri May 05 14:45:29 UTC 2017"}
        ],
        [
            {"location": [[
                {"latitude": 64.232648},
                {"longitude": 27.732575}
            ]]},
            {"altitude": 142},
            {"distance_km": 1.94},
            {"speed_kmh": 5.4},
            {"timestamp": "Fri May 05 14:45:35 UTC 2017"}
        ],
        [
            {"location": [[
                {"latitude": 64.232672},
                {"longitude": 27.732361}
            ]]},
            {"altitude": 140.5},
            {"distance_km": 1.96},
            {"speed_kmh": 5.4},
            {"timestamp": "Fri May 05 14:45:42 UTC 2017"}
        ],
        [
            {"location": [[
                {"latitude": 64.232704},
                {"longitude": 27.732147}
            ]]},
            {"altitude": 131},
            {"distance_km": 1.97},
            {"speed_kmh": 4.5},
            {"timestamp": "Fri May 05 14:45:50 UTC 2017"}
        ],
        [
            {"location": [[
                {"latitude": 64.232693},
                {"longitude": 27.731881}
            ]]},
            {"altitude": 133.5},
            {"distance_km": 1.98},
            {"speed_kmh": 4.5},
            {"timestamp": "Fri May 05 14:45:58 UTC 2017"}
        ],
        [
            {"location": [[
                {"latitude": 64.23269},
                {"longitude": 27.731661}
            ]]},
            {"altitude": 126.5},
            {"distance_km": 1.99},
            {"speed_kmh": 5.4},
            {"timestamp": "Fri May 05 14:46:04 UTC 2017"}
        ],
        [
            {"location": [[
                {"latitude": 64.232727},
                {"longitude": 27.731445}
            ]]},
            {"altitude": 133},
            {"distance_km": 2},
            {"speed_kmh": 4.5},
            {"timestamp": "Fri May 05 14:46:12 UTC 2017"}
        ],
        [
            {"location": [[
                {"latitude": 64.232656},
                {"longitude": 27.731265}
            ]]},
            {"altitude": 144.5},
            {"distance_km": 2.01},
            {"speed_kmh": 4.5},
            {"timestamp": "Fri May 05 14:46:22 UTC 2017"}
        ],
        [
            {"location": [[
                {"latitude": 64.232569},
                {"longitude": 27.731217}
            ]]},
            {"altitude": 144},
            {"distance_km": 2.02},
            {"speed_kmh": 7.2},
            {"timestamp": "Fri May 05 14:46:28 UTC 2017"}
        ],
        [
            {"location": [[
                {"latitude": 64.232466},
                {"longitude": 27.731143}
            ]]},
            {"altitude": 149},
            {"distance_km": 2.03},
            {"speed_kmh": 5.4},
            {"timestamp": "Fri May 05 14:46:36 UTC 2017"}
        ],
        [
            {"location": [[
                {"latitude": 64.232366},
                {"longitude": 27.731124}
            ]]},
            {"altitude": 153.5},
            {"distance_km": 2.05},
            {"speed_kmh": 0},
            {"timestamp": "Fri May 05 14:46:42 UTC 2017"}
        ],
        [
            {"location": [[
                {"latitude": 64.232269},
                {"longitude": 27.731073}
            ]]},
            {"altitude": 156},
            {"distance_km": 2.06},
            {"speed_kmh": 4.5},
            {"timestamp": "Fri May 05 14:46:50 UTC 2017"}
        ],
        [
            {"location": [[
                {"latitude": 64.232179},
                {"longitude": 27.730965}
            ]]},
            {"altitude": 159.5},
            {"distance_km": 2.07},
            {"speed_kmh": 6.3},
            {"timestamp": "Fri May 05 14:46:56 UTC 2017"}
        ],
        [
            {"location": [[
                {"latitude": 64.232095},
                {"longitude": 27.730865}
            ]]},
            {"altitude": 161},
            {"distance_km": 2.08},
            {"speed_kmh": 6.3},
            {"timestamp": "Fri May 05 14:47:02 UTC 2017"}
        ],
        [
            {"location": [[
                {"latitude": 64.232022},
                {"longitude": 27.730737}
            ]]},
            {"altitude": 159},
            {"distance_km": 2.09},
            {"speed_kmh": 6.3},
            {"timestamp": "Fri May 05 14:47:08 UTC 2017"}
        ],
        [
            {"location": [[
                {"latitude": 64.231935},
                {"longitude": 27.730532}
            ]]},
            {"altitude": 156.5},
            {"distance_km": 2.1},
            {"speed_kmh": 6.3},
            {"timestamp": "Fri May 05 14:47:21 UTC 2017"}
        ],
        [
            {"location": [[
                {"latitude": 64.231824},
                {"longitude": 27.730415}
            ]]},
            {"altitude": 156},
            {"distance_km": 2.12},
            {"speed_kmh": 5.4},
            {"timestamp": "Fri May 05 14:47:28 UTC 2017"}
        ],
        [
            {"location": [[
                {"latitude": 64.231759},
                {"longitude": 27.730222}
            ]]},
            {"altitude": 156},
            {"distance_km": 2.13},
            {"speed_kmh": 5.4},
            {"timestamp": "Fri May 05 14:47:36 UTC 2017"}
        ],
        [
            {"location": [[
                {"latitude": 64.231683},
                {"longitude": 27.730056}
            ]]},
            {"altitude": 153.5},
            {"distance_km": 2.14},
            {"speed_kmh": 4.5},
            {"timestamp": "Fri May 05 14:47:44 UTC 2017"}
        ],
        [
            {"location": [[
                {"latitude": 64.23166},
                {"longitude": 27.729852}
            ]]},
            {"altitude": 154},
            {"distance_km": 2.15},
            {"speed_kmh": 5.4},
            {"timestamp": "Fri May 05 14:47:50 UTC 2017"}
        ],
        [
            {"location": [[
                {"latitude": 64.231645},
                {"longitude": 27.729609}
            ]]},
            {"altitude": 141.5},
            {"distance_km": 2.16},
            {"speed_kmh": 2.7},
            {"timestamp": "Fri May 05 14:48:00 UTC 2017"}
        ],
        [
            {"location": [[
                {"latitude": 64.231678},
                {"longitude": 27.729414}
            ]]},
            {"altitude": 140.5},
            {"distance_km": 2.17},
            {"speed_kmh": 0},
            {"timestamp": "Fri May 05 14:48:34 UTC 2017"}
        ],
        [
            {"location": [[
                {"latitude": 64.231678},
                {"longitude": 27.729414}
            ]]},
            {"distance_km": 2.17},
            {"timestamp": "Fri May 05 14:49:41 UTC 2017"}
        ],
        [
            {"location": [[
                {"latitude": 64.231678},
                {"longitude": 27.729414}
            ]]},
            {"distance_km": 2.17},
            {"timestamp": "Fri May 05 14:49:42 UTC 2017"}
        ]
    ]}
]