[
    {"sport": "WALKING"},
    {"source": "TRACK_MOBILE"},
    {"created_date": "2017-06-26 17:25:57.0"},
    {"start_time": "2017-06-26 17:24:52.0"},
    {"end_time": "2017-06-26 17:51:00.0"},
    {"duration_s": 1567},
    {"distance_km": 1.62},
    {"calories_kcal": 129.654},
    {"altitude_min_m": 74.5},
    {"altitude_max_m": 112},
    {"speed_avg_kmh": 3.721761327377154},
    {"speed_max_kmh": 7.2},
    {"ascend_m": 63},
    {"descend_m": 87},
    {"points": [
        [
            {"location": [[
                {"latitude": 61.194825},
                {"longitude": 28.697107}
            ]]},
            {"distance_km": 0},
            {"timestamp": "Mon Jun 26 17:24:52 UTC 2017"}
        ],
        [
            {"location": [[
                {"latitude": 61.194825},
                {"longitude": 28.697107}
            ]]},
            {"altitude": 106},
            {"distance_km": 0},
            {"speed_kmh": 0},
            {"timestamp": "Mon Jun 26 17:24:59 UTC 2017"}
        ],
        [
            {"location": [[
                {"latitude": 61.194617},
                {"longitude": 28.69707}
            ]]},
            {"altitude": 95.5},
            {"distance_km": 0.02},
            {"speed_kmh": 0},
            {"timestamp": "Mon Jun 26 17:25:03 UTC 2017"}
        ],
        [
            {"location": [[
                {"latitude": 61.194646},
                {"longitude": 28.697249}
            ]]},
            {"altitude": 112},
            {"distance_km": 0.03},
            {"speed_kmh": 0},
            {"timestamp": "Mon Jun 26 17:25:36 UTC 2017"}
        ],
        [
            {"location": [[
                {"latitude": 61.194738},
                {"longitude": 28.697217}
            ]]},
            {"altitude": 99.5},
            {"distance_km": 0.04},
            {"speed_kmh": 2.7},
            {"timestamp": "Mon Jun 26 17:26:30 UTC 2017"}
        ],
        [
            {"location": [[
                {"latitude": 61.194655},
                {"longitude": 28.697338}
            ]]},
            {"altitude": 79},
            {"distance_km": 0.06},
            {"speed_kmh": 2.7},
            {"timestamp": "Mon Jun 26 17:27:03 UTC 2017"}
        ],
        [
            {"location": [[
                {"latitude": 61.194564},
                {"longitude": 28.69748}
            ]]},
            {"altitude": 74.5},
            {"distance_km": 0.07},
            {"speed_kmh": 3.6},
            {"timestamp": "Mon Jun 26 17:27:24 UTC 2017"}
        ],
        [
            {"location": [[
                {"latitude": 61.194498},
                {"longitude": 28.697642}
            ]]},
            {"altitude": 78},
            {"distance_km": 0.08},
            {"speed_kmh": 3.6},
            {"timestamp": "Mon Jun 26 17:27:34 UTC 2017"}
        ],
        [
            {"location": [[
                {"latitude": 61.194554},
                {"longitude": 28.697824}
            ]]},
            {"altitude": 81.5},
            {"distance_km": 0.09},
            {"speed_kmh": 2.7},
            {"timestamp": "Mon Jun 26 17:28:14 UTC 2017"}
        ],
        [
            {"location": [[
                {"latitude": 61.194611},
                {"longitude": 28.698023}
            ]]},
            {"altitude": 82},
            {"distance_km": 0.1},
            {"speed_kmh": 3.6},
            {"timestamp": "Mon Jun 26 17:28:25 UTC 2017"}
        ],
        [
            {"location": [[
                {"latitude": 61.194635},
                {"longitude": 28.698219}
            ]]},
            {"altitude": 81.5},
            {"distance_km": 0.11},
            {"speed_kmh": 3.6},
            {"timestamp": "Mon Jun 26 17:28:33 UTC 2017"}
        ],
        [
            {"location": [[
                {"latitude": 61.194688},
                {"longitude": 28.69837}
            ]]},
            {"altitude": 81},
            {"distance_km": 0.12},
            {"speed_kmh": 1.8},
            {"timestamp": "Mon Jun 26 17:28:49 UTC 2017"}
        ],
        [
            {"location": [[
                {"latitude": 61.194699},
                {"longitude": 28.698606}
            ]]},
            {"altitude": 84.5},
            {"distance_km": 0.14},
            {"speed_kmh": 3.6},
            {"timestamp": "Mon Jun 26 17:28:59 UTC 2017"}
        ],
        [
            {"location": [[
                {"latitude": 61.194723},
                {"longitude": 28.69882}
            ]]},
            {"altitude": 87.5},
            {"distance_km": 0.15},
            {"speed_kmh": 3.6},
            {"timestamp": "Mon Jun 26 17:29:07 UTC 2017"}
        ],
        [
            {"location": [[
                {"latitude": 61.194693},
                {"longitude": 28.699013}
            ]]},
            {"altitude": 88.5},
            {"distance_km": 0.16},
            {"speed_kmh": 3.6},
            {"timestamp": "Mon Jun 26 17:29:15 UTC 2017"}
        ],
        [
            {"location": [[
                {"latitude": 61.194696},
                {"longitude": 28.699202}
            ]]},
            {"altitude": 90.5},
            {"distance_km": 0.17},
            {"speed_kmh": 0},
            {"timestamp": "Mon Jun 26 17:29:23 UTC 2017"}
        ],
        [
            {"location": [[
                {"latitude": 61.194692},
                {"longitude": 28.699413}
            ]]},
            {"altitude": 92},
            {"distance_km": 0.18},
            {"speed_kmh": 4.5},
            {"timestamp": "Mon Jun 26 17:29:32 UTC 2017"}
        ],
        [
            {"location": [[
                {"latitude": 61.194682},
                {"longitude": 28.699645}
            ]]},
            {"altitude": 95},
            {"distance_km": 0.19},
            {"speed_kmh": 4.5},
            {"timestamp": "Mon Jun 26 17:29:40 UTC 2017"}
        ],
        [
            {"location": [[
                {"latitude": 61.194695},
                {"longitude": 28.69983}
            ]]},
            {"altitude": 104.5},
            {"distance_km": 0.2},
            {"speed_kmh": 0},
            {"timestamp": "Mon Jun 26 17:30:41 UTC 2017"}
        ],
        [
            {"location": [[
                {"latitude": 61.194697},
                {"longitude": 28.700029}
            ]]},
            {"altitude": 102},
            {"distance_km": 0.21},
            {"speed_kmh": 1.8},
            {"timestamp": "Mon Jun 26 17:30:53 UTC 2017"}
        ],
        [
            {"location": [[
                {"latitude": 61.194662},
                {"longitude": 28.700233}
            ]]},
            {"altitude": 104},
            {"distance_km": 0.23},
            {"speed_kmh": 1.8},
            {"timestamp": "Mon Jun 26 17:31:05 UTC 2017"}
        ],
        [
            {"location": [[
                {"latitude": 61.194652},
                {"longitude": 28.700432}
            ]]},
            {"altitude": 104.5},
            {"distance_km": 0.24},
            {"speed_kmh": 3.6},
            {"timestamp": "Mon Jun 26 17:31:11 UTC 2017"}
        ],
        [
            {"location": [[
                {"latitude": 61.194634},
                {"longitude": 28.700653}
            ]]},
            {"altitude": 105.5},
            {"distance_km": 0.25},
            {"speed_kmh": 2.7},
            {"timestamp": "Mon Jun 26 17:31:19 UTC 2017"}
        ],
        [
            {"location": [[
                {"latitude": 61.194634},
                {"longitude": 28.700858}
            ]]},
            {"altitude": 107},
            {"distance_km": 0.26},
            {"speed_kmh": 3.6},
            {"timestamp": "Mon Jun 26 17:31:29 UTC 2017"}
        ],
        [
            {"location": [[
                {"latitude": 61.194629},
                {"longitude": 28.701045}
            ]]},
            {"altitude": 108.5},
            {"distance_km": 0.27},
            {"speed_kmh": 0},
            {"timestamp": "Mon Jun 26 17:31:34 UTC 2017"}
        ],
        [
            {"location": [[
                {"latitude": 61.194611},
                {"longitude": 28.701254}
            ]]},
            {"altitude": 108},
            {"distance_km": 0.28},
            {"speed_kmh": 3.6},
            {"timestamp": "Mon Jun 26 17:31:44 UTC 2017"}
        ],
        [
            {"location": [[
                {"latitude": 61.194618},
                {"longitude": 28.701453}
            ]]},
            {"altitude": 103.5},
            {"distance_km": 0.29},
            {"speed_kmh": 3.6},
            {"timestamp": "Mon Jun 26 17:31:52 UTC 2017"}
        ],
        [
            {"location": [[
                {"latitude": 61.194611},
                {"longitude": 28.701673}
            ]]},
            {"altitude": 100},
            {"distance_km": 0.3},
            {"speed_kmh": 3.6},
            {"timestamp": "Mon Jun 26 17:32:00 UTC 2017"}
        ],
        [
            {"location": [[
                {"latitude": 61.19461},
                {"longitude": 28.701861}
            ]]},
            {"altitude": 100},
            {"distance_km": 0.31},
            {"speed_kmh": 3.6},
            {"timestamp": "Mon Jun 26 17:32:08 UTC 2017"}
        ],
        [
            {"location": [[
                {"latitude": 61.194608},
                {"longitude": 28.702114}
            ]]},
            {"altitude": 97.5},
            {"distance_km": 0.33},
            {"speed_kmh": 5.4},
            {"timestamp": "Mon Jun 26 17:32:19 UTC 2017"}
        ],
        [
            {"location": [[
                {"latitude": 61.194617},
                {"longitude": 28.702332}
            ]]},
            {"altitude": 98},
            {"distance_km": 0.34},
            {"speed_kmh": 3.6},
            {"timestamp": "Mon Jun 26 17:32:27 UTC 2017"}
        ],
        [
            {"location": [[
                {"latitude": 61.194601},
                {"longitude": 28.702564}
            ]]},
            {"altitude": 93},
            {"distance_km": 0.35},
            {"speed_kmh": 5.4},
            {"timestamp": "Mon Jun 26 17:32:45 UTC 2017"}
        ],
        [
            {"location": [[
                {"latitude": 61.194605},
                {"longitude": 28.702802}
            ]]},
            {"altitude": 92},
            {"distance_km": 0.36},
            {"speed_kmh": 4.5},
            {"timestamp": "Mon Jun 26 17:32:51 UTC 2017"}
        ],
        [
            {"location": [[
                {"latitude": 61.194618},
                {"longitude": 28.703046}
            ]]},
            {"altitude": 94.5},
            {"distance_km": 0.38},
            {"speed_kmh": 4.5},
            {"timestamp": "Mon Jun 26 17:32:57 UTC 2017"}
        ],
        [
            {"location": [[
                {"latitude": 61.194618},
                {"longitude": 28.703234}
            ]]},
            {"altitude": 91.5},
            {"distance_km": 0.39},
            {"speed_kmh": 4.5},
            {"timestamp": "Mon Jun 26 17:33:03 UTC 2017"}
        ],
        [
            {"location": [[
                {"latitude": 61.194618},
                {"longitude": 28.703455}
            ]]},
            {"altitude": 91.5},
            {"distance_km": 0.4},
            {"speed_kmh": 0},
            {"timestamp": "Mon Jun 26 17:33:13 UTC 2017"}
        ],
        [
            {"location": [[
                {"latitude": 61.194568},
                {"longitude": 28.70363}
            ]]},
            {"altitude": 90},
            {"distance_km": 0.41},
            {"speed_kmh": 3.6},
            {"timestamp": "Mon Jun 26 17:33:20 UTC 2017"}
        ],
        [
            {"location": [[
                {"latitude": 61.194499},
                {"longitude": 28.703802}
            ]]},
            {"altitude": 92.5},
            {"distance_km": 0.42},
            {"speed_kmh": 5.4},
            {"timestamp": "Mon Jun 26 17:33:26 UTC 2017"}
        ],
        [
            {"location": [[
                {"latitude": 61.19442},
                {"longitude": 28.703963}
            ]]},
            {"altitude": 93.5},
            {"distance_km": 0.43},
            {"speed_kmh": 4.5},
            {"timestamp": "Mon Jun 26 17:33:34 UTC 2017"}
        ],
        [
            {"location": [[
                {"latitude": 61.194348},
                {"longitude": 28.704142}
            ]]},
            {"altitude": 95.5},
            {"distance_km": 0.45},
            {"speed_kmh": 5.4},
            {"timestamp": "Mon Jun 26 17:33:42 UTC 2017"}
        ],
        [
            {"location": [[
                {"latitude": 61.194298},
                {"longitude": 28.704335}
            ]]},
            {"altitude": 95.5},
            {"distance_km": 0.46},
            {"speed_kmh": 5.4},
            {"timestamp": "Mon Jun 26 17:33:50 UTC 2017"}
        ],
        [
            {"location": [[
                {"latitude": 61.194223},
                {"longitude": 28.70446}
            ]]},
            {"altitude": 96},
            {"distance_km": 0.47},
            {"speed_kmh": 4.5},
            {"timestamp": "Mon Jun 26 17:33:58 UTC 2017"}
        ],
        [
            {"location": [[
                {"latitude": 61.194144},
                {"longitude": 28.704608}
            ]]},
            {"altitude": 96},
            {"distance_km": 0.48},
            {"speed_kmh": 4.5},
            {"timestamp": "Mon Jun 26 17:34:06 UTC 2017"}
        ],
        [
            {"location": [[
                {"latitude": 61.194058},
                {"longitude": 28.704729}
            ]]},
            {"altitude": 96},
            {"distance_km": 0.49},
            {"speed_kmh": 5.4},
            {"timestamp": "Mon Jun 26 17:34:14 UTC 2017"}
        ],
        [
            {"location": [[
                {"latitude": 61.193961},
                {"longitude": 28.704845}
            ]]},
            {"altitude": 97},
            {"distance_km": 0.51},
            {"speed_kmh": 5.4},
            {"timestamp": "Mon Jun 26 17:34:23 UTC 2017"}
        ],
        [
            {"location": [[
                {"latitude": 61.193863},
                {"longitude": 28.704974}
            ]]},
            {"altitude": 96},
            {"distance_km": 0.52},
            {"speed_kmh": 5.4},
            {"timestamp": "Mon Jun 26 17:34:31 UTC 2017"}
        ],
        [
            {"location": [[
                {"latitude": 61.193771},
                {"longitude": 28.705064}
            ]]},
            {"altitude": 94},
            {"distance_km": 0.53},
            {"speed_kmh": 5.4},
            {"timestamp": "Mon Jun 26 17:34:39 UTC 2017"}
        ],
        [
            {"location": [[
                {"latitude": 61.193672},
                {"longitude": 28.705136}
            ]]},
            {"altitude": 93},
            {"distance_km": 0.54},
            {"speed_kmh": 5.4},
            {"timestamp": "Mon Jun 26 17:34:47 UTC 2017"}
        ],
        [
            {"location": [[
                {"latitude": 61.19356},
                {"longitude": 28.705216}
            ]]},
            {"altitude": 92.5},
            {"distance_km": 0.55},
            {"speed_kmh": 5.4},
            {"timestamp": "Mon Jun 26 17:34:55 UTC 2017"}
        ],
        [
            {"location": [[
                {"latitude": 61.193447},
                {"longitude": 28.705276}
            ]]},
            {"altitude": 93},
            {"distance_km": 0.57},
            {"speed_kmh": 5.4},
            {"timestamp": "Mon Jun 26 17:35:03 UTC 2017"}
        ],
        [
            {"location": [[
                {"latitude": 61.193339},
                {"longitude": 28.705301}
            ]]},
            {"altitude": 93.5},
            {"distance_km": 0.58},
            {"speed_kmh": 5.4},
            {"timestamp": "Mon Jun 26 17:35:10 UTC 2017"}
        ],
        [
            {"location": [[
                {"latitude": 61.193234},
                {"longitude": 28.705317}
            ]]},
            {"altitude": 94},
            {"distance_km": 0.59},
            {"speed_kmh": 5.4},
            {"timestamp": "Mon Jun 26 17:35:18 UTC 2017"}
        ],
        [
            {"location": [[
                {"latitude": 61.193138},
                {"longitude": 28.705278}
            ]]},
            {"altitude": 92},
            {"distance_km": 0.6},
            {"speed_kmh": 5.4},
            {"timestamp": "Mon Jun 26 17:35:26 UTC 2017"}
        ],
        [
            {"location": [[
                {"latitude": 61.193034},
                {"longitude": 28.705239}
            ]]},
            {"altitude": 91},
            {"distance_km": 0.61},
            {"speed_kmh": 5.4},
            {"timestamp": "Mon Jun 26 17:35:34 UTC 2017"}
        ],
        [
            {"location": [[
                {"latitude": 61.192935},
                {"longitude": 28.705171}
            ]]},
            {"altitude": 89.5},
            {"distance_km": 0.63},
            {"speed_kmh": 5.4},
            {"timestamp": "Mon Jun 26 17:35:42 UTC 2017"}
        ],
        [
            {"location": [[
                {"latitude": 61.192844},
                {"longitude": 28.705084}
            ]]},
            {"altitude": 87.5},
            {"distance_km": 0.64},
            {"speed_kmh": 5.4},
            {"timestamp": "Mon Jun 26 17:35:50 UTC 2017"}
        ],
        [
            {"location": [[
                {"latitude": 61.192744},
                {"longitude": 28.705025}
            ]]},
            {"altitude": 86.5},
            {"distance_km": 0.65},
            {"speed_kmh": 4.5},
            {"timestamp": "Mon Jun 26 17:36:00 UTC 2017"}
        ],
        [
            {"location": [[
                {"latitude": 61.192657},
                {"longitude": 28.704935}
            ]]},
            {"altitude": 84.5},
            {"distance_km": 0.66},
            {"speed_kmh": 3.6},
            {"timestamp": "Mon Jun 26 17:36:13 UTC 2017"}
        ],
        [
            {"location": [[
                {"latitude": 61.192559},
                {"longitude": 28.704837}
            ]]},
            {"altitude": 83.5},
            {"distance_km": 0.67},
            {"speed_kmh": 5.4},
            {"timestamp": "Mon Jun 26 17:36:21 UTC 2017"}
        ],
        [
            {"location": [[
                {"latitude": 61.192459},
                {"longitude": 28.70474}
            ]]},
            {"altitude": 83.5},
            {"distance_km": 0.68},
            {"speed_kmh": 5.4},
            {"timestamp": "Mon Jun 26 17:36:29 UTC 2017"}
        ],
        [
            {"location": [[
                {"latitude": 61.192375},
                {"longitude": 28.704625}
            ]]},
            {"altitude": 83.5},
            {"distance_km": 0.69},
            {"speed_kmh": 2.7},
            {"timestamp": "Mon Jun 26 17:36:39 UTC 2017"}
        ],
        [
            {"location": [[
                {"latitude": 61.192312},
                {"longitude": 28.704448}
            ]]},
            {"altitude": 81.5},
            {"distance_km": 0.71},
            {"speed_kmh": 4.5},
            {"timestamp": "Mon Jun 26 17:36:51 UTC 2017"}
        ],
        [
            {"location": [[
                {"latitude": 61.192253},
                {"longitude": 28.704275}
            ]]},
            {"altitude": 79.5},
            {"distance_km": 0.72},
            {"speed_kmh": 5.4},
            {"timestamp": "Mon Jun 26 17:37:01 UTC 2017"}
        ],
        [
            {"location": [[
                {"latitude": 61.192187},
                {"longitude": 28.704133}
            ]]},
            {"altitude": 80},
            {"distance_km": 0.73},
            {"speed_kmh": 4.5},
            {"timestamp": "Mon Jun 26 17:37:08 UTC 2017"}
        ],
        [
            {"location": [[
                {"latitude": 61.192127},
                {"longitude": 28.703971}
            ]]},
            {"altitude": 80},
            {"distance_km": 0.74},
            {"speed_kmh": 5.4},
            {"timestamp": "Mon Jun 26 17:37:16 UTC 2017"}
        ],
        [
            {"location": [[
                {"latitude": 61.192083},
                {"longitude": 28.703789}
            ]]},
            {"altitude": 81},
            {"distance_km": 0.75},
            {"speed_kmh": 5.4},
            {"timestamp": "Mon Jun 26 17:37:24 UTC 2017"}
        ],
        [
            {"location": [[
                {"latitude": 61.192034},
                {"longitude": 28.703596}
            ]]},
            {"altitude": 80},
            {"distance_km": 0.76},
            {"speed_kmh": 5.4},
            {"timestamp": "Mon Jun 26 17:37:32 UTC 2017"}
        ],
        [
            {"location": [[
                {"latitude": 61.192},
                {"longitude": 28.703388}
            ]]},
            {"altitude": 80.5},
            {"distance_km": 0.77},
            {"speed_kmh": 5.4},
            {"timestamp": "Mon Jun 26 17:37:40 UTC 2017"}
        ],
        [
            {"location": [[
                {"latitude": 61.191959},
                {"longitude": 28.70318}
            ]]},
            {"altitude": 80.5},
            {"distance_km": 0.79},
            {"speed_kmh": 5.4},
            {"timestamp": "Mon Jun 26 17:37:48 UTC 2017"}
        ],
        [
            {"location": [[
                {"latitude": 61.191922},
                {"longitude": 28.70295}
            ]]},
            {"altitude": 82},
            {"distance_km": 0.8},
            {"speed_kmh": 5.4},
            {"timestamp": "Mon Jun 26 17:37:56 UTC 2017"}
        ],
        [
            {"location": [[
                {"latitude": 61.191894},
                {"longitude": 28.702719}
            ]]},
            {"altitude": 82.5},
            {"distance_km": 0.81},
            {"speed_kmh": 5.4},
            {"timestamp": "Mon Jun 26 17:38:04 UTC 2017"}
        ],
        [
            {"location": [[
                {"latitude": 61.191882},
                {"longitude": 28.702502}
            ]]},
            {"altitude": 83.5},
            {"distance_km": 0.82},
            {"speed_kmh": 5.4},
            {"timestamp": "Mon Jun 26 17:38:13 UTC 2017"}
        ],
        [
            {"location": [[
                {"latitude": 61.19187},
                {"longitude": 28.70226}
            ]]},
            {"altitude": 84.5},
            {"distance_km": 0.84},
            {"speed_kmh": 5.4},
            {"timestamp": "Mon Jun 26 17:38:21 UTC 2017"}
        ],
        [
            {"location": [[
                {"latitude": 61.191861},
                {"longitude": 28.702033}
            ]]},
            {"altitude": 86},
            {"distance_km": 0.85},
            {"speed_kmh": 5.4},
            {"timestamp": "Mon Jun 26 17:38:29 UTC 2017"}
        ],
        [
            {"location": [[
                {"latitude": 61.191851},
                {"longitude": 28.701814}
            ]]},
            {"altitude": 86.5},
            {"distance_km": 0.86},
            {"speed_kmh": 5.4},
            {"timestamp": "Mon Jun 26 17:38:37 UTC 2017"}
        ],
        [
            {"location": [[
                {"latitude": 61.191838},
                {"longitude": 28.701589}
            ]]},
            {"altitude": 86.5},
            {"distance_km": 0.87},
            {"speed_kmh": 5.4},
            {"timestamp": "Mon Jun 26 17:38:45 UTC 2017"}
        ],
        [
            {"location": [[
                {"latitude": 61.191818},
                {"longitude": 28.701379}
            ]]},
            {"altitude": 87.5},
            {"distance_km": 0.88},
            {"speed_kmh": 5.4},
            {"timestamp": "Mon Jun 26 17:38:53 UTC 2017"}
        ],
        [
            {"location": [[
                {"latitude": 61.191809},
                {"longitude": 28.701173}
            ]]},
            {"altitude": 87.5},
            {"distance_km": 0.89},
            {"speed_kmh": 5.4},
            {"timestamp": "Mon Jun 26 17:39:01 UTC 2017"}
        ],
        [
            {"location": [[
                {"latitude": 61.1918},
                {"longitude": 28.700958}
            ]]},
            {"altitude": 89.5},
            {"distance_km": 0.91},
            {"speed_kmh": 5.4},
            {"timestamp": "Mon Jun 26 17:39:07 UTC 2017"}
        ],
        [
            {"location": [[
                {"latitude": 61.191777},
                {"longitude": 28.7007}
            ]]},
            {"altitude": 91.5},
            {"distance_km": 0.92},
            {"speed_kmh": 7.2},
            {"timestamp": "Mon Jun 26 17:39:14 UTC 2017"}
        ],
        [
            {"location": [[
                {"latitude": 61.19178},
                {"longitude": 28.700493}
            ]]},
            {"altitude": 92.5},
            {"distance_km": 0.93},
            {"speed_kmh": 5.4},
            {"timestamp": "Mon Jun 26 17:39:20 UTC 2017"}
        ],
        [
            {"location": [[
                {"latitude": 61.191784},
                {"longitude": 28.700287}
            ]]},
            {"altitude": 96.5},
            {"distance_km": 0.94},
            {"speed_kmh": 5.4},
            {"timestamp": "Mon Jun 26 17:39:26 UTC 2017"}
        ],
        [
            {"location": [[
                {"latitude": 61.191775},
                {"longitude": 28.700055}
            ]]},
            {"altitude": 99.5},
            {"distance_km": 0.96},
            {"speed_kmh": 4.5},
            {"timestamp": "Mon Jun 26 17:39:34 UTC 2017"}
        ],
        [
            {"location": [[
                {"latitude": 61.191773},
                {"longitude": 28.69984}
            ]]},
            {"altitude": 99},
            {"distance_km": 0.97},
            {"speed_kmh": 4.5},
            {"timestamp": "Mon Jun 26 17:39:42 UTC 2017"}
        ],
        [
            {"location": [[
                {"latitude": 61.191769},
                {"longitude": 28.699643}
            ]]},
            {"altitude": 100},
            {"distance_km": 0.98},
            {"speed_kmh": 4.5},
            {"timestamp": "Mon Jun 26 17:39:50 UTC 2017"}
        ],
        [
            {"location": [[
                {"latitude": 61.191753},
                {"longitude": 28.699419}
            ]]},
            {"altitude": 100},
            {"distance_km": 0.99},
            {"speed_kmh": 4.5},
            {"timestamp": "Mon Jun 26 17:39:58 UTC 2017"}
        ],
        [
            {"location": [[
                {"latitude": 61.191726},
                {"longitude": 28.69921}
            ]]},
            {"altitude": 98.5},
            {"distance_km": 1},
            {"speed_kmh": 4.5},
            {"timestamp": "Mon Jun 26 17:40:23 UTC 2017"}
        ],
        [
            {"location": [[
                {"latitude": 61.191666},
                {"longitude": 28.699032}
            ]]},
            {"altitude": 98},
            {"distance_km": 1.01},
            {"speed_kmh": 0},
            {"timestamp": "Mon Jun 26 17:40:27 UTC 2017"}
        ],
        [
            {"location": [[
                {"latitude": 61.191596},
                {"longitude": 28.698807}
            ]]},
            {"altitude": 100},
            {"distance_km": 1.03},
            {"speed_kmh": 5.4},
            {"timestamp": "Mon Jun 26 17:40:37 UTC 2017"}
        ],
        [
            {"location": [[
                {"latitude": 61.191542},
                {"longitude": 28.69865}
            ]]},
            {"altitude": 99},
            {"distance_km": 1.04},
            {"speed_kmh": 3.6},
            {"timestamp": "Mon Jun 26 17:40:43 UTC 2017"}
        ],
        [
            {"location": [[
                {"latitude": 61.191459},
                {"longitude": 28.698465}
            ]]},
            {"altitude": 96.5},
            {"distance_km": 1.05},
            {"speed_kmh": 5.4},
            {"timestamp": "Mon Jun 26 17:40:49 UTC 2017"}
        ],
        [
            {"location": [[
                {"latitude": 61.191398},
                {"longitude": 28.698308}
            ]]},
            {"altitude": 95.5},
            {"distance_km": 1.06},
            {"speed_kmh": 4.5},
            {"timestamp": "Mon Jun 26 17:40:55 UTC 2017"}
        ],
        [
            {"location": [[
                {"latitude": 61.191326},
                {"longitude": 28.698158}
            ]]},
            {"altitude": 94.5},
            {"distance_km": 1.07},
            {"speed_kmh": 4.5},
            {"timestamp": "Mon Jun 26 17:41:03 UTC 2017"}
        ],
        [
            {"location": [[
                {"latitude": 61.19135},
                {"longitude": 28.697948}
            ]]},
            {"altitude": 95},
            {"distance_km": 1.08},
            {"speed_kmh": 5.4},
            {"timestamp": "Mon Jun 26 17:41:09 UTC 2017"}
        ],
        [
            {"location": [[
                {"latitude": 61.191402},
                {"longitude": 28.697758}
            ]]},
            {"altitude": 96},
            {"distance_km": 1.1},
            {"speed_kmh": 5.4},
            {"timestamp": "Mon Jun 26 17:41:16 UTC 2017"}
        ],
        [
            {"location": [[
                {"latitude": 61.19149},
                {"longitude": 28.697614}
            ]]},
            {"altitude": 97},
            {"distance_km": 1.11},
            {"speed_kmh": 5.4},
            {"timestamp": "Mon Jun 26 17:41:24 UTC 2017"}
        ],
        [
            {"location": [[
                {"latitude": 61.191578},
                {"longitude": 28.697501}
            ]]},
            {"altitude": 97.5},
            {"distance_km": 1.12},
            {"speed_kmh": 4.5},
            {"timestamp": "Mon Jun 26 17:41:32 UTC 2017"}
        ],
        [
            {"location": [[
                {"latitude": 61.191667},
                {"longitude": 28.697385}
            ]]},
            {"altitude": 98},
            {"distance_km": 1.13},
            {"speed_kmh": 4.5},
            {"timestamp": "Mon Jun 26 17:41:40 UTC 2017"}
        ],
        [
            {"location": [[
                {"latitude": 61.191752},
                {"longitude": 28.697327}
            ]]},
            {"altitude": 95.5},
            {"distance_km": 1.14},
            {"speed_kmh": 4.5},
            {"timestamp": "Mon Jun 26 17:41:48 UTC 2017"}
        ],
        [
            {"location": [[
                {"latitude": 61.191834},
                {"longitude": 28.697237}
            ]]},
            {"altitude": 96},
            {"distance_km": 1.15},
            {"speed_kmh": 4.5},
            {"timestamp": "Mon Jun 26 17:41:56 UTC 2017"}
        ],
        [
            {"location": [[
                {"latitude": 61.19192},
                {"longitude": 28.697151}
            ]]},
            {"altitude": 95},
            {"distance_km": 1.16},
            {"speed_kmh": 4.5},
            {"timestamp": "Mon Jun 26 17:42:06 UTC 2017"}
        ],
        [
            {"location": [[
                {"latitude": 61.192023},
                {"longitude": 28.697065}
            ]]},
            {"altitude": 98.5},
            {"distance_km": 1.18},
            {"speed_kmh": 3.6},
            {"timestamp": "Mon Jun 26 17:42:18 UTC 2017"}
        ],
        [
            {"location": [[
                {"latitude": 61.192122},
                {"longitude": 28.696965}
            ]]},
            {"altitude": 99.5},
            {"distance_km": 1.19},
            {"speed_kmh": 4.5},
            {"timestamp": "Mon Jun 26 17:42:27 UTC 2017"}
        ],
        [
            {"location": [[
                {"latitude": 61.192219},
                {"longitude": 28.696868}
            ]]},
            {"altitude": 100.5},
            {"distance_km": 1.2},
            {"speed_kmh": 4.5},
            {"timestamp": "Mon Jun 26 17:42:35 UTC 2017"}
        ],
        [
            {"location": [[
                {"latitude": 61.192311},
                {"longitude": 28.696777}
            ]]},
            {"altitude": 98.5},
            {"distance_km": 1.21},
            {"speed_kmh": 4.5},
            {"timestamp": "Mon Jun 26 17:42:43 UTC 2017"}
        ],
        [
            {"location": [[
                {"latitude": 61.192397},
                {"longitude": 28.696665}
            ]]},
            {"altitude": 95.5},
            {"distance_km": 1.22},
            {"speed_kmh": 4.5},
            {"timestamp": "Mon Jun 26 17:42:51 UTC 2017"}
        ],
        [
            {"location": [[
                {"latitude": 61.192486},
                {"longitude": 28.696562}
            ]]},
            {"altitude": 98},
            {"distance_km": 1.23},
            {"speed_kmh": 4.5},
            {"timestamp": "Mon Jun 26 17:42:59 UTC 2017"}
        ],
        [
            {"location": [[
                {"latitude": 61.192576},
                {"longitude": 28.696455}
            ]]},
            {"altitude": 98},
            {"distance_km": 1.25},
            {"speed_kmh": 4.5},
            {"timestamp": "Mon Jun 26 17:43:07 UTC 2017"}
        ],
        [
            {"location": [[
                {"latitude": 61.192659},
                {"longitude": 28.696348}
            ]]},
            {"altitude": 102.5},
            {"distance_km": 1.26},
            {"speed_kmh": 4.5},
            {"timestamp": "Mon Jun 26 17:43:13 UTC 2017"}
        ],
        [
            {"location": [[
                {"latitude": 61.192754},
                {"longitude": 28.696275}
            ]]},
            {"altitude": 102.5},
            {"distance_km": 1.27},
            {"speed_kmh": 4.5},
            {"timestamp": "Mon Jun 26 17:43:22 UTC 2017"}
        ],
        [
            {"location": [[
                {"latitude": 61.192844},
                {"longitude": 28.696232}
            ]]},
            {"altitude": 103},
            {"distance_km": 1.28},
            {"speed_kmh": 4.5},
            {"timestamp": "Mon Jun 26 17:43:30 UTC 2017"}
        ],
        [
            {"location": [[
                {"latitude": 61.192925},
                {"longitude": 28.696138}
            ]]},
            {"altitude": 102.5},
            {"distance_km": 1.29},
            {"speed_kmh": 4.5},
            {"timestamp": "Mon Jun 26 17:43:38 UTC 2017"}
        ],
        [
            {"location": [[
                {"latitude": 61.193015},
                {"longitude": 28.696086}
            ]]},
            {"altitude": 100.5},
            {"distance_km": 1.3},
            {"speed_kmh": 1.8},
            {"timestamp": "Mon Jun 26 17:43:48 UTC 2017"}
        ],
        [
            {"location": [[
                {"latitude": 61.193107},
                {"longitude": 28.69607}
            ]]},
            {"altitude": 97.5},
            {"distance_km": 1.31},
            {"speed_kmh": 3.6},
            {"timestamp": "Mon Jun 26 17:43:58 UTC 2017"}
        ],
        [
            {"location": [[
                {"latitude": 61.193213},
                {"longitude": 28.696073}
            ]]},
            {"altitude": 97.5},
            {"distance_km": 1.32},
            {"speed_kmh": 3.6},
            {"timestamp": "Mon Jun 26 17:44:08 UTC 2017"}
        ],
        [
            {"location": [[
                {"latitude": 61.193316},
                {"longitude": 28.696007}
            ]]},
            {"altitude": 92},
            {"distance_km": 1.33},
            {"speed_kmh": 3.6},
            {"timestamp": "Mon Jun 26 17:44:19 UTC 2017"}
        ],
        [
            {"location": [[
                {"latitude": 61.193353},
                {"longitude": 28.695836}
            ]]},
            {"altitude": 88.5},
            {"distance_km": 1.34},
            {"speed_kmh": 1.8},
            {"timestamp": "Mon Jun 26 17:44:35 UTC 2017"}
        ],
        [
            {"location": [[
                {"latitude": 61.193415},
                {"longitude": 28.695667}
            ]]},
            {"altitude": 83.5},
            {"distance_km": 1.35},
            {"speed_kmh": 0.9},
            {"timestamp": "Mon Jun 26 17:44:53 UTC 2017"}
        ],
        [
            {"location": [[
                {"latitude": 61.193519},
                {"longitude": 28.695619}
            ]]},
            {"altitude": 85.5},
            {"distance_km": 1.37},
            {"speed_kmh": 4.5},
            {"timestamp": "Mon Jun 26 17:45:01 UTC 2017"}
        ],
        [
            {"location": [[
                {"latitude": 61.193638},
                {"longitude": 28.69559}
            ]]},
            {"altitude": 86},
            {"distance_km": 1.38},
            {"speed_kmh": 4.5},
            {"timestamp": "Mon Jun 26 17:45:10 UTC 2017"}
        ],
        [
            {"location": [[
                {"latitude": 61.193741},
                {"longitude": 28.695646}
            ]]},
            {"altitude": 88.5},
            {"distance_km": 1.39},
            {"speed_kmh": 2.7},
            {"timestamp": "Mon Jun 26 17:45:22 UTC 2017"}
        ],
        [
            {"location": [[
                {"latitude": 61.193851},
                {"longitude": 28.695664}
            ]]},
            {"altitude": 92},
            {"distance_km": 1.4},
            {"speed_kmh": 3.6},
            {"timestamp": "Mon Jun 26 17:45:36 UTC 2017"}
        ],
        [
            {"location": [[
                {"latitude": 61.193936},
                {"longitude": 28.695582}
            ]]},
            {"altitude": 85.5},
            {"distance_km": 1.41},
            {"speed_kmh": 4.5},
            {"timestamp": "Mon Jun 26 17:45:46 UTC 2017"}
        ],
        [
            {"location": [[
                {"latitude": 61.193952},
                {"longitude": 28.695363}
            ]]},
            {"altitude": 84},
            {"distance_km": 1.43},
            {"speed_kmh": 3.6},
            {"timestamp": "Mon Jun 26 17:45:56 UTC 2017"}
        ],
        [
            {"location": [[
                {"latitude": 61.193976},
                {"longitude": 28.69518}
            ]]},
            {"altitude": 85},
            {"distance_km": 1.44},
            {"speed_kmh": 0},
            {"timestamp": "Mon Jun 26 17:46:08 UTC 2017"}
        ],
        [
            {"location": [[
                {"latitude": 61.194082},
                {"longitude": 28.69517}
            ]]},
            {"altitude": 85},
            {"distance_km": 1.45},
            {"speed_kmh": 2.7},
            {"timestamp": "Mon Jun 26 17:46:27 UTC 2017"}
        ],
        [
            {"location": [[
                {"latitude": 61.194175},
                {"longitude": 28.695205}
            ]]},
            {"altitude": 87.5},
            {"distance_km": 1.46},
            {"speed_kmh": 2.7},
            {"timestamp": "Mon Jun 26 17:47:50 UTC 2017"}
        ],
        [
            {"location": [[
                {"latitude": 61.194271},
                {"longitude": 28.695231}
            ]]},
            {"altitude": 86},
            {"distance_km": 1.47},
            {"speed_kmh": 2.7},
            {"timestamp": "Mon Jun 26 17:48:02 UTC 2017"}
        ],
        [
            {"location": [[
                {"latitude": 61.194373},
                {"longitude": 28.695288}
            ]]},
            {"altitude": 86},
            {"distance_km": 1.48},
            {"speed_kmh": 3.6},
            {"timestamp": "Mon Jun 26 17:48:14 UTC 2017"}
        ],
        [
            {"location": [[
                {"latitude": 61.194475},
                {"longitude": 28.695357}
            ]]},
            {"altitude": 82},
            {"distance_km": 1.49},
            {"speed_kmh": 3.6},
            {"timestamp": "Mon Jun 26 17:48:28 UTC 2017"}
        ],
        [
            {"location": [[
                {"latitude": 61.194575},
                {"longitude": 28.695441}
            ]]},
            {"altitude": 85},
            {"distance_km": 1.5},
            {"speed_kmh": 4.5},
            {"timestamp": "Mon Jun 26 17:48:37 UTC 2017"}
        ],
        [
            {"location": [[
                {"latitude": 61.194679},
                {"longitude": 28.695531}
            ]]},
            {"altitude": 83.5},
            {"distance_km": 1.52},
            {"speed_kmh": 4.5},
            {"timestamp": "Mon Jun 26 17:48:45 UTC 2017"}
        ],
        [
            {"location": [[
                {"latitude": 61.194782},
                {"longitude": 28.695574}
            ]]},
            {"altitude": 82},
            {"distance_km": 1.53},
            {"speed_kmh": 4.5},
            {"timestamp": "Mon Jun 26 17:48:53 UTC 2017"}
        ],
        [
            {"location": [[
                {"latitude": 61.194888},
                {"longitude": 28.695604}
            ]]},
            {"altitude": 78},
            {"distance_km": 1.54},
            {"speed_kmh": 4.5},
            {"timestamp": "Mon Jun 26 17:49:03 UTC 2017"}
        ],
        [
            {"location": [[
                {"latitude": 61.194857},
                {"longitude": 28.695812}
            ]]},
            {"altitude": 79.5},
            {"distance_km": 1.55},
            {"speed_kmh": 4.5},
            {"timestamp": "Mon Jun 26 17:49:13 UTC 2017"}
        ],
        [
            {"location": [[
                {"latitude": 61.194839},
                {"longitude": 28.696034}
            ]]},
            {"altitude": 79.5},
            {"distance_km": 1.56},
            {"speed_kmh": 3.6},
            {"timestamp": "Mon Jun 26 17:49:21 UTC 2017"}
        ],
        [
            {"location": [[
                {"latitude": 61.194836},
                {"longitude": 28.696246}
            ]]},
            {"altitude": 79},
            {"distance_km": 1.58},
            {"speed_kmh": 3.6},
            {"timestamp": "Mon Jun 26 17:49:32 UTC 2017"}
        ],
        [
            {"location": [[
                {"latitude": 61.194815},
                {"longitude": 28.696467}
            ]]},
            {"altitude": 79},
            {"distance_km": 1.59},
            {"speed_kmh": 4.5},
            {"timestamp": "Mon Jun 26 17:49:40 UTC 2017"}
        ],
        [
            {"location": [[
                {"latitude": 61.194803},
                {"longitude": 28.696663}
            ]]},
            {"altitude": 80},
            {"distance_km": 1.6},
            {"speed_kmh": 3.6},
            {"timestamp": "Mon Jun 26 17:49:48 UTC 2017"}
        ],
        [
            {"location": [[
                {"latitude": 61.194774},
                {"longitude": 28.696869}
            ]]},
            {"altitude": 81.5},
            {"distance_km": 1.61},
            {"speed_kmh": 5.4},
            {"timestamp": "Mon Jun 26 17:50:47 UTC 2017"}
        ],
        [
            {"location": [[
                {"latitude": 61.194735},
                {"longitude": 28.697092}
            ]]},
            {"altitude": 77.5},
            {"distance_km": 1.62},
            {"speed_kmh": 6.3},
            {"timestamp": "Mon Jun 26 17:50:55 UTC 2017"}
        ],
        [
            {"location": [[
                {"latitude": 61.194685},
                {"longitude": 28.697182}
            ]]},
            {"altitude": 79},
            {"distance_km": 1.62},
            {"speed_kmh": 4.5},
            {"timestamp": "Mon Jun 26 17:51:00 UTC 2017"}
        ],
        [
            {"location": [[
                {"latitude": 61.19468},
                {"longitude": 28.697193}
            ]]},
            {"altitude": 79},
            {"distance_km": 1.62},
            {"speed_kmh": 4.5},
            {"timestamp": "Mon Jun 26 17:51:02 UTC 2017"}
        ]
    ]}
]