[
    {"sport": "WALKING"},
    {"source": "TRACK_MOBILE"},
    {"created_date": "2017-01-25 15:00:42.0"},
    {"start_time": "2017-01-25 14:59:29.0"},
    {"end_time": "2017-01-25 15:28:50.0"},
    {"duration_s": 1760},
    {"distance_km": 2.18},
    {"calories_kcal": 160.544},
    {"altitude_min_m": 138},
    {"altitude_max_m": 195},
    {"speed_avg_kmh": 4.459090909090909},
    {"speed_max_kmh": 7.2},
    {"ascend_m": 63.5},
    {"descend_m": 67.5},
    {"points": [
        [
            {"location": [[
                {"latitude": 64.231809},
                {"longitude": 27.729404}
            ]]},
            {"distance_km": 0},
            {"timestamp": "Wed Jan 25 14:59:29 UTC 2017"}
        ],
        [
            {"location": [[
                {"latitude": 64.231809},
                {"longitude": 27.729404}
            ]]},
            {"altitude": 163},
            {"distance_km": 0},
            {"speed_kmh": 0},
            {"timestamp": "Wed Jan 25 15:00:10 UTC 2017"}
        ],
        [
            {"location": [[
                {"latitude": 64.231702},
                {"longitude": 27.72947}
            ]]},
            {"altitude": 160.5},
            {"distance_km": 0.01},
            {"speed_kmh": 2.7},
            {"timestamp": "Wed Jan 25 15:00:20 UTC 2017"}
        ],
        [
            {"location": [[
                {"latitude": 64.231675},
                {"longitude": 27.729702}
            ]]},
            {"altitude": 148},
            {"distance_km": 0.02},
            {"speed_kmh": 4.5},
            {"timestamp": "Wed Jan 25 15:00:38 UTC 2017"}
        ],
        [
            {"location": [[
                {"latitude": 64.231684},
                {"longitude": 27.729907}
            ]]},
            {"altitude": 140.5},
            {"distance_km": 0.03},
            {"speed_kmh": 3.6},
            {"timestamp": "Wed Jan 25 15:00:48 UTC 2017"}
        ],
        [
            {"location": [[
                {"latitude": 64.23179},
                {"longitude": 27.730023}
            ]]},
            {"altitude": 138},
            {"distance_km": 0.05},
            {"speed_kmh": 4.5},
            {"timestamp": "Wed Jan 25 15:01:10 UTC 2017"}
        ],
        [
            {"location": [[
                {"latitude": 64.231874},
                {"longitude": 27.730148}
            ]]},
            {"altitude": 138.5},
            {"distance_km": 0.06},
            {"speed_kmh": 3.6},
            {"timestamp": "Wed Jan 25 15:01:19 UTC 2017"}
        ],
        [
            {"location": [[
                {"latitude": 64.231966},
                {"longitude": 27.730209}
            ]]},
            {"altitude": 142},
            {"distance_km": 0.07},
            {"speed_kmh": 3.6},
            {"timestamp": "Wed Jan 25 15:01:54 UTC 2017"}
        ],
        [
            {"location": [[
                {"latitude": 64.232034},
                {"longitude": 27.730406}
            ]]},
            {"altitude": 144},
            {"distance_km": 0.08},
            {"speed_kmh": 5.4},
            {"timestamp": "Wed Jan 25 15:02:14 UTC 2017"}
        ],
        [
            {"location": [[
                {"latitude": 64.232121},
                {"longitude": 27.730528}
            ]]},
            {"altitude": 144.5},
            {"distance_km": 0.09},
            {"speed_kmh": 4.5},
            {"timestamp": "Wed Jan 25 15:02:22 UTC 2017"}
        ],
        [
            {"location": [[
                {"latitude": 64.2322},
                {"longitude": 27.730669}
            ]]},
            {"altitude": 143.5},
            {"distance_km": 0.1},
            {"speed_kmh": 4.5},
            {"timestamp": "Wed Jan 25 15:02:30 UTC 2017"}
        ],
        [
            {"location": [[
                {"latitude": 64.232294},
                {"longitude": 27.730786}
            ]]},
            {"altitude": 146.5},
            {"distance_km": 0.12},
            {"speed_kmh": 5.4},
            {"timestamp": "Wed Jan 25 15:02:38 UTC 2017"}
        ],
        [
            {"location": [[
                {"latitude": 64.232384},
                {"longitude": 27.730919}
            ]]},
            {"altitude": 146.5},
            {"distance_km": 0.13},
            {"speed_kmh": 5.4},
            {"timestamp": "Wed Jan 25 15:02:46 UTC 2017"}
        ],
        [
            {"location": [[
                {"latitude": 64.232453},
                {"longitude": 27.731056}
            ]]},
            {"altitude": 147},
            {"distance_km": 0.14},
            {"speed_kmh": 5.4},
            {"timestamp": "Wed Jan 25 15:02:53 UTC 2017"}
        ],
        [
            {"location": [[
                {"latitude": 64.232547},
                {"longitude": 27.731139}
            ]]},
            {"altitude": 148},
            {"distance_km": 0.15},
            {"speed_kmh": 5.4},
            {"timestamp": "Wed Jan 25 15:03:01 UTC 2017"}
        ],
        [
            {"location": [[
                {"latitude": 64.232645},
                {"longitude": 27.731268}
            ]]},
            {"altitude": 148.5},
            {"distance_km": 0.16},
            {"speed_kmh": 5.4},
            {"timestamp": "Wed Jan 25 15:03:17 UTC 2017"}
        ],
        [
            {"location": [[
                {"latitude": 64.232756},
                {"longitude": 27.73131}
            ]]},
            {"altitude": 147.5},
            {"distance_km": 0.17},
            {"speed_kmh": 5.4},
            {"timestamp": "Wed Jan 25 15:03:25 UTC 2017"}
        ],
        [
            {"location": [[
                {"latitude": 64.232826},
                {"longitude": 27.731477}
            ]]},
            {"altitude": 148.5},
            {"distance_km": 0.18},
            {"speed_kmh": 5.4},
            {"timestamp": "Wed Jan 25 15:03:34 UTC 2017"}
        ],
        [
            {"location": [[
                {"latitude": 64.232794},
                {"longitude": 27.731698}
            ]]},
            {"altitude": 149.5},
            {"distance_km": 0.2},
            {"speed_kmh": 6.3},
            {"timestamp": "Wed Jan 25 15:03:40 UTC 2017"}
        ],
        [
            {"location": [[
                {"latitude": 64.232769},
                {"longitude": 27.731926}
            ]]},
            {"altitude": 150},
            {"distance_km": 0.21},
            {"speed_kmh": 6.3},
            {"timestamp": "Wed Jan 25 15:03:46 UTC 2017"}
        ],
        [
            {"location": [[
                {"latitude": 64.232748},
                {"longitude": 27.73217}
            ]]},
            {"altitude": 150},
            {"distance_km": 0.22},
            {"speed_kmh": 6.3},
            {"timestamp": "Wed Jan 25 15:03:52 UTC 2017"}
        ],
        [
            {"location": [[
                {"latitude": 64.232731},
                {"longitude": 27.732379}
            ]]},
            {"altitude": 148.5},
            {"distance_km": 0.23},
            {"speed_kmh": 6.3},
            {"timestamp": "Wed Jan 25 15:03:58 UTC 2017"}
        ],
        [
            {"location": [[
                {"latitude": 64.232711},
                {"longitude": 27.732593}
            ]]},
            {"altitude": 146.5},
            {"distance_km": 0.24},
            {"speed_kmh": 6.3},
            {"timestamp": "Wed Jan 25 15:04:04 UTC 2017"}
        ],
        [
            {"location": [[
                {"latitude": 64.23269},
                {"longitude": 27.732857}
            ]]},
            {"altitude": 145},
            {"distance_km": 0.25},
            {"speed_kmh": 5.4},
            {"timestamp": "Wed Jan 25 15:04:12 UTC 2017"}
        ],
        [
            {"location": [[
                {"latitude": 64.232665},
                {"longitude": 27.733119}
            ]]},
            {"altitude": 144},
            {"distance_km": 0.27},
            {"speed_kmh": 5.4},
            {"timestamp": "Wed Jan 25 15:04:20 UTC 2017"}
        ],
        [
            {"location": [[
                {"latitude": 64.232758},
                {"longitude": 27.733158}
            ]]},
            {"altitude": 145},
            {"distance_km": 0.28},
            {"speed_kmh": 5.4},
            {"timestamp": "Wed Jan 25 15:04:27 UTC 2017"}
        ],
        [
            {"location": [[
                {"latitude": 64.232866},
                {"longitude": 27.733152}
            ]]},
            {"altitude": 149},
            {"distance_km": 0.29},
            {"speed_kmh": 4.5},
            {"timestamp": "Wed Jan 25 15:04:35 UTC 2017"}
        ],
        [
            {"location": [[
                {"latitude": 64.232963},
                {"longitude": 27.733175}
            ]]},
            {"altitude": 151.5},
            {"distance_km": 0.3},
            {"speed_kmh": 4.5},
            {"timestamp": "Wed Jan 25 15:04:43 UTC 2017"}
        ],
        [
            {"location": [[
                {"latitude": 64.233059},
                {"longitude": 27.733095}
            ]]},
            {"altitude": 153},
            {"distance_km": 0.31},
            {"speed_kmh": 4.5},
            {"timestamp": "Wed Jan 25 15:04:51 UTC 2017"}
        ],
        [
            {"location": [[
                {"latitude": 64.233147},
                {"longitude": 27.732983}
            ]]},
            {"altitude": 156},
            {"distance_km": 0.32},
            {"speed_kmh": 4.5},
            {"timestamp": "Wed Jan 25 15:04:59 UTC 2017"}
        ],
        [
            {"location": [[
                {"latitude": 64.233233},
                {"longitude": 27.732891}
            ]]},
            {"altitude": 157.5},
            {"distance_km": 0.33},
            {"speed_kmh": 4.5},
            {"timestamp": "Wed Jan 25 15:05:08 UTC 2017"}
        ],
        [
            {"location": [[
                {"latitude": 64.233322},
                {"longitude": 27.732779}
            ]]},
            {"altitude": 159},
            {"distance_km": 0.34},
            {"speed_kmh": 4.5},
            {"timestamp": "Wed Jan 25 15:05:16 UTC 2017"}
        ],
        [
            {"location": [[
                {"latitude": 64.23341},
                {"longitude": 27.732647}
            ]]},
            {"altitude": 162.5},
            {"distance_km": 0.36},
            {"speed_kmh": 4.5},
            {"timestamp": "Wed Jan 25 15:05:24 UTC 2017"}
        ],
        [
            {"location": [[
                {"latitude": 64.233512},
                {"longitude": 27.732565}
            ]]},
            {"altitude": 162},
            {"distance_km": 0.37},
            {"speed_kmh": 4.5},
            {"timestamp": "Wed Jan 25 15:05:32 UTC 2017"}
        ],
        [
            {"location": [[
                {"latitude": 64.233603},
                {"longitude": 27.732516}
            ]]},
            {"altitude": 159.5},
            {"distance_km": 0.38},
            {"speed_kmh": 4.5},
            {"timestamp": "Wed Jan 25 15:05:40 UTC 2017"}
        ],
        [
            {"location": [[
                {"latitude": 64.233693},
                {"longitude": 27.732412}
            ]]},
            {"altitude": 160.5},
            {"distance_km": 0.39},
            {"speed_kmh": 4.5},
            {"timestamp": "Wed Jan 25 15:05:48 UTC 2017"}
        ],
        [
            {"location": [[
                {"latitude": 64.233787},
                {"longitude": 27.732272}
            ]]},
            {"altitude": 163},
            {"distance_km": 0.4},
            {"speed_kmh": 4.5},
            {"timestamp": "Wed Jan 25 15:05:56 UTC 2017"}
        ],
        [
            {"location": [[
                {"latitude": 64.233873},
                {"longitude": 27.732116}
            ]]},
            {"altitude": 165.5},
            {"distance_km": 0.41},
            {"speed_kmh": 4.5},
            {"timestamp": "Wed Jan 25 15:06:05 UTC 2017"}
        ],
        [
            {"location": [[
                {"latitude": 64.23396},
                {"longitude": 27.732059}
            ]]},
            {"altitude": 163},
            {"distance_km": 0.42},
            {"speed_kmh": 2.7},
            {"timestamp": "Wed Jan 25 15:06:13 UTC 2017"}
        ],
        [
            {"location": [[
                {"latitude": 64.234048},
                {"longitude": 27.731996}
            ]]},
            {"altitude": 160.5},
            {"distance_km": 0.43},
            {"speed_kmh": 3.6},
            {"timestamp": "Wed Jan 25 15:06:23 UTC 2017"}
        ],
        [
            {"location": [[
                {"latitude": 64.234145},
                {"longitude": 27.731937}
            ]]},
            {"altitude": 160.5},
            {"distance_km": 0.45},
            {"speed_kmh": 3.6},
            {"timestamp": "Wed Jan 25 15:06:31 UTC 2017"}
        ],
        [
            {"location": [[
                {"latitude": 64.234258},
                {"longitude": 27.731894}
            ]]},
            {"altitude": 164},
            {"distance_km": 0.46},
            {"speed_kmh": 4.5},
            {"timestamp": "Wed Jan 25 15:06:39 UTC 2017"}
        ],
        [
            {"location": [[
                {"latitude": 64.234347},
                {"longitude": 27.731852}
            ]]},
            {"altitude": 164},
            {"distance_km": 0.47},
            {"speed_kmh": 4.5},
            {"timestamp": "Wed Jan 25 15:06:46 UTC 2017"}
        ],
        [
            {"location": [[
                {"latitude": 64.234437},
                {"longitude": 27.731833}
            ]]},
            {"altitude": 163},
            {"distance_km": 0.48},
            {"speed_kmh": 4.5},
            {"timestamp": "Wed Jan 25 15:06:52 UTC 2017"}
        ],
        [
            {"location": [[
                {"latitude": 64.234545},
                {"longitude": 27.731827}
            ]]},
            {"altitude": 165.5},
            {"distance_km": 0.49},
            {"speed_kmh": 4.5},
            {"timestamp": "Wed Jan 25 15:07:00 UTC 2017"}
        ],
        [
            {"location": [[
                {"latitude": 64.234649},
                {"longitude": 27.731857}
            ]]},
            {"altitude": 166},
            {"distance_km": 0.5},
            {"speed_kmh": 4.5},
            {"timestamp": "Wed Jan 25 15:07:08 UTC 2017"}
        ],
        [
            {"location": [[
                {"latitude": 64.234766},
                {"longitude": 27.731854}
            ]]},
            {"altitude": 168.5},
            {"distance_km": 0.52},
            {"speed_kmh": 4.5},
            {"timestamp": "Wed Jan 25 15:07:16 UTC 2017"}
        ],
        [
            {"location": [[
                {"latitude": 64.234867},
                {"longitude": 27.731843}
            ]]},
            {"altitude": 169.5},
            {"distance_km": 0.53},
            {"speed_kmh": 4.5},
            {"timestamp": "Wed Jan 25 15:07:24 UTC 2017"}
        ],
        [
            {"location": [[
                {"latitude": 64.234962},
                {"longitude": 27.731836}
            ]]},
            {"altitude": 170},
            {"distance_km": 0.54},
            {"speed_kmh": 4.5},
            {"timestamp": "Wed Jan 25 15:07:32 UTC 2017"}
        ],
        [
            {"location": [[
                {"latitude": 64.235072},
                {"longitude": 27.731848}
            ]]},
            {"altitude": 168},
            {"distance_km": 0.55},
            {"speed_kmh": 4.5},
            {"timestamp": "Wed Jan 25 15:07:40 UTC 2017"}
        ],
        [
            {"location": [[
                {"latitude": 64.235187},
                {"longitude": 27.731827}
            ]]},
            {"altitude": 169.5},
            {"distance_km": 0.56},
            {"speed_kmh": 4.5},
            {"timestamp": "Wed Jan 25 15:07:49 UTC 2017"}
        ],
        [
            {"location": [[
                {"latitude": 64.235297},
                {"longitude": 27.731797}
            ]]},
            {"altitude": 170.5},
            {"distance_km": 0.57},
            {"speed_kmh": 4.5},
            {"timestamp": "Wed Jan 25 15:07:57 UTC 2017"}
        ],
        [
            {"location": [[
                {"latitude": 64.235404},
                {"longitude": 27.731799}
            ]]},
            {"altitude": 172.5},
            {"distance_km": 0.59},
            {"speed_kmh": 4.5},
            {"timestamp": "Wed Jan 25 15:08:05 UTC 2017"}
        ],
        [
            {"location": [[
                {"latitude": 64.235505},
                {"longitude": 27.731786}
            ]]},
            {"altitude": 173.5},
            {"distance_km": 0.6},
            {"speed_kmh": 4.5},
            {"timestamp": "Wed Jan 25 15:08:13 UTC 2017"}
        ],
        [
            {"location": [[
                {"latitude": 64.23561},
                {"longitude": 27.73177}
            ]]},
            {"altitude": 172},
            {"distance_km": 0.61},
            {"speed_kmh": 4.5},
            {"timestamp": "Wed Jan 25 15:08:21 UTC 2017"}
        ],
        [
            {"location": [[
                {"latitude": 64.2357},
                {"longitude": 27.731792}
            ]]},
            {"altitude": 170.5},
            {"distance_km": 0.62},
            {"speed_kmh": 4.5},
            {"timestamp": "Wed Jan 25 15:08:30 UTC 2017"}
        ],
        [
            {"location": [[
                {"latitude": 64.235813},
                {"longitude": 27.73175}
            ]]},
            {"altitude": 174.5},
            {"distance_km": 0.63},
            {"speed_kmh": 4.5},
            {"timestamp": "Wed Jan 25 15:08:36 UTC 2017"}
        ],
        [
            {"location": [[
                {"latitude": 64.235918},
                {"longitude": 27.731725}
            ]]},
            {"altitude": 176.5},
            {"distance_km": 0.64},
            {"speed_kmh": 4.5},
            {"timestamp": "Wed Jan 25 15:08:44 UTC 2017"}
        ],
        [
            {"location": [[
                {"latitude": 64.236017},
                {"longitude": 27.731745}
            ]]},
            {"altitude": 174.5},
            {"distance_km": 0.66},
            {"speed_kmh": 4.5},
            {"timestamp": "Wed Jan 25 15:08:52 UTC 2017"}
        ],
        [
            {"location": [[
                {"latitude": 64.23611},
                {"longitude": 27.73174}
            ]]},
            {"altitude": 177.5},
            {"distance_km": 0.67},
            {"speed_kmh": 4.5},
            {"timestamp": "Wed Jan 25 15:08:58 UTC 2017"}
        ],
        [
            {"location": [[
                {"latitude": 64.236204},
                {"longitude": 27.731739}
            ]]},
            {"altitude": 180.5},
            {"distance_km": 0.68},
            {"speed_kmh": 4.5},
            {"timestamp": "Wed Jan 25 15:09:04 UTC 2017"}
        ],
        [
            {"location": [[
                {"latitude": 64.236313},
                {"longitude": 27.731725}
            ]]},
            {"altitude": 182.5},
            {"distance_km": 0.69},
            {"speed_kmh": 4.5},
            {"timestamp": "Wed Jan 25 15:09:12 UTC 2017"}
        ],
        [
            {"location": [[
                {"latitude": 64.236432},
                {"longitude": 27.731737}
            ]]},
            {"altitude": 184},
            {"distance_km": 0.7},
            {"speed_kmh": 4.5},
            {"timestamp": "Wed Jan 25 15:09:20 UTC 2017"}
        ],
        [
            {"location": [[
                {"latitude": 64.236543},
                {"longitude": 27.731755}
            ]]},
            {"altitude": 182.5},
            {"distance_km": 0.71},
            {"speed_kmh": 4.5},
            {"timestamp": "Wed Jan 25 15:09:29 UTC 2017"}
        ],
        [
            {"location": [[
                {"latitude": 64.23665},
                {"longitude": 27.731791}
            ]]},
            {"altitude": 182.5},
            {"distance_km": 0.73},
            {"speed_kmh": 4.5},
            {"timestamp": "Wed Jan 25 15:09:37 UTC 2017"}
        ],
        [
            {"location": [[
                {"latitude": 64.236756},
                {"longitude": 27.731822}
            ]]},
            {"altitude": 184.5},
            {"distance_km": 0.74},
            {"speed_kmh": 4.5},
            {"timestamp": "Wed Jan 25 15:09:45 UTC 2017"}
        ],
        [
            {"location": [[
                {"latitude": 64.236867},
                {"longitude": 27.731848}
            ]]},
            {"altitude": 184.5},
            {"distance_km": 0.75},
            {"speed_kmh": 4.5},
            {"timestamp": "Wed Jan 25 15:09:53 UTC 2017"}
        ],
        [
            {"location": [[
                {"latitude": 64.236983},
                {"longitude": 27.731873}
            ]]},
            {"altitude": 187.5},
            {"distance_km": 0.76},
            {"speed_kmh": 4.5},
            {"timestamp": "Wed Jan 25 15:10:01 UTC 2017"}
        ],
        [
            {"location": [[
                {"latitude": 64.237093},
                {"longitude": 27.731916}
            ]]},
            {"altitude": 188},
            {"distance_km": 0.78},
            {"speed_kmh": 4.5},
            {"timestamp": "Wed Jan 25 15:10:10 UTC 2017"}
        ],
        [
            {"location": [[
                {"latitude": 64.237202},
                {"longitude": 27.731966}
            ]]},
            {"altitude": 190.5},
            {"distance_km": 0.79},
            {"speed_kmh": 4.5},
            {"timestamp": "Wed Jan 25 15:10:18 UTC 2017"}
        ],
        [
            {"location": [[
                {"latitude": 64.237318},
                {"longitude": 27.732026}
            ]]},
            {"altitude": 190.5},
            {"distance_km": 0.8},
            {"speed_kmh": 4.5},
            {"timestamp": "Wed Jan 25 15:10:26 UTC 2017"}
        ],
        [
            {"location": [[
                {"latitude": 64.237402},
                {"longitude": 27.732104}
            ]]},
            {"altitude": 190},
            {"distance_km": 0.81},
            {"speed_kmh": 4.5},
            {"timestamp": "Wed Jan 25 15:10:32 UTC 2017"}
        ],
        [
            {"location": [[
                {"latitude": 64.237494},
                {"longitude": 27.732156}
            ]]},
            {"altitude": 192},
            {"distance_km": 0.82},
            {"speed_kmh": 4.5},
            {"timestamp": "Wed Jan 25 15:10:38 UTC 2017"}
        ],
        [
            {"location": [[
                {"latitude": 64.237599},
                {"longitude": 27.732259}
            ]]},
            {"altitude": 187.5},
            {"distance_km": 0.83},
            {"speed_kmh": 5.4},
            {"timestamp": "Wed Jan 25 15:10:46 UTC 2017"}
        ],
        [
            {"location": [[
                {"latitude": 64.237701},
                {"longitude": 27.732359}
            ]]},
            {"altitude": 187.5},
            {"distance_km": 0.85},
            {"speed_kmh": 5.4},
            {"timestamp": "Wed Jan 25 15:10:54 UTC 2017"}
        ],
        [
            {"location": [[
                {"latitude": 64.237811},
                {"longitude": 27.73245}
            ]]},
            {"altitude": 188},
            {"distance_km": 0.86},
            {"speed_kmh": 5.4},
            {"timestamp": "Wed Jan 25 15:11:02 UTC 2017"}
        ],
        [
            {"location": [[
                {"latitude": 64.237922},
                {"longitude": 27.73251}
            ]]},
            {"altitude": 186.5},
            {"distance_km": 0.87},
            {"speed_kmh": 5.4},
            {"timestamp": "Wed Jan 25 15:11:10 UTC 2017"}
        ],
        [
            {"location": [[
                {"latitude": 64.238035},
                {"longitude": 27.73259}
            ]]},
            {"altitude": 191},
            {"distance_km": 0.89},
            {"speed_kmh": 5.4},
            {"timestamp": "Wed Jan 25 15:11:18 UTC 2017"}
        ],
        [
            {"location": [[
                {"latitude": 64.238139},
                {"longitude": 27.73265}
            ]]},
            {"altitude": 190.5},
            {"distance_km": 0.9},
            {"speed_kmh": 5.4},
            {"timestamp": "Wed Jan 25 15:11:25 UTC 2017"}
        ],
        [
            {"location": [[
                {"latitude": 64.238225},
                {"longitude": 27.732747}
            ]]},
            {"altitude": 191},
            {"distance_km": 0.91},
            {"speed_kmh": 5.4},
            {"timestamp": "Wed Jan 25 15:11:31 UTC 2017"}
        ],
        [
            {"location": [[
                {"latitude": 64.238304},
                {"longitude": 27.732846}
            ]]},
            {"altitude": 191},
            {"distance_km": 0.92},
            {"speed_kmh": 5.4},
            {"timestamp": "Wed Jan 25 15:11:37 UTC 2017"}
        ],
        [
            {"location": [[
                {"latitude": 64.238313},
                {"longitude": 27.733062}
            ]]},
            {"altitude": 185.5},
            {"distance_km": 0.93},
            {"speed_kmh": 0},
            {"timestamp": "Wed Jan 25 15:11:45 UTC 2017"}
        ],
        [
            {"location": [[
                {"latitude": 64.238264},
                {"longitude": 27.733254}
            ]]},
            {"altitude": 183},
            {"distance_km": 0.94},
            {"speed_kmh": 3.6},
            {"timestamp": "Wed Jan 25 15:11:59 UTC 2017"}
        ],
        [
            {"location": [[
                {"latitude": 64.238149},
                {"longitude": 27.733236}
            ]]},
            {"altitude": 187},
            {"distance_km": 0.95},
            {"speed_kmh": 4.5},
            {"timestamp": "Wed Jan 25 15:12:08 UTC 2017"}
        ],
        [
            {"location": [[
                {"latitude": 64.23804},
                {"longitude": 27.73329}
            ]]},
            {"altitude": 187.5},
            {"distance_km": 0.96},
            {"speed_kmh": 5.4},
            {"timestamp": "Wed Jan 25 15:12:16 UTC 2017"}
        ],
        [
            {"location": [[
                {"latitude": 64.237929},
                {"longitude": 27.733335}
            ]]},
            {"altitude": 189.5},
            {"distance_km": 0.98},
            {"speed_kmh": 6.3},
            {"timestamp": "Wed Jan 25 15:12:22 UTC 2017"}
        ],
        [
            {"location": [[
                {"latitude": 64.237826},
                {"longitude": 27.733408}
            ]]},
            {"altitude": 191},
            {"distance_km": 0.99},
            {"speed_kmh": 5.4},
            {"timestamp": "Wed Jan 25 15:12:30 UTC 2017"}
        ],
        [
            {"location": [[
                {"latitude": 64.237713},
                {"longitude": 27.73349}
            ]]},
            {"altitude": 190},
            {"distance_km": 1},
            {"speed_kmh": 6.3},
            {"timestamp": "Wed Jan 25 15:12:38 UTC 2017"}
        ],
        [
            {"location": [[
                {"latitude": 64.237618},
                {"longitude": 27.733561}
            ]]},
            {"altitude": 190.5},
            {"distance_km": 1.01},
            {"speed_kmh": 5.4},
            {"timestamp": "Wed Jan 25 15:12:44 UTC 2017"}
        ],
        [
            {"location": [[
                {"latitude": 64.237538},
                {"longitude": 27.733679}
            ]]},
            {"altitude": 193},
            {"distance_km": 1.02},
            {"speed_kmh": 5.4},
            {"timestamp": "Wed Jan 25 15:12:50 UTC 2017"}
        ],
        [
            {"location": [[
                {"latitude": 64.237437},
                {"longitude": 27.733773}
            ]]},
            {"altitude": 193},
            {"distance_km": 1.04},
            {"speed_kmh": 5.4},
            {"timestamp": "Wed Jan 25 15:12:58 UTC 2017"}
        ],
        [
            {"location": [[
                {"latitude": 64.237338},
                {"longitude": 27.733874}
            ]]},
            {"altitude": 194},
            {"distance_km": 1.05},
            {"speed_kmh": 4.5},
            {"timestamp": "Wed Jan 25 15:13:06 UTC 2017"}
        ],
        [
            {"location": [[
                {"latitude": 64.23726},
                {"longitude": 27.733997}
            ]]},
            {"altitude": 195},
            {"distance_km": 1.06},
            {"speed_kmh": 3.6},
            {"timestamp": "Wed Jan 25 15:13:15 UTC 2017"}
        ],
        [
            {"location": [[
                {"latitude": 64.237142},
                {"longitude": 27.734014}
            ]]},
            {"altitude": 186.5},
            {"distance_km": 1.07},
            {"speed_kmh": 4.5},
            {"timestamp": "Wed Jan 25 15:13:21 UTC 2017"}
        ],
        [
            {"location": [[
                {"latitude": 64.237039},
                {"longitude": 27.734045}
            ]]},
            {"altitude": 184.5},
            {"distance_km": 1.08},
            {"speed_kmh": 4.5},
            {"timestamp": "Wed Jan 25 15:13:27 UTC 2017"}
        ],
        [
            {"location": [[
                {"latitude": 64.236944},
                {"longitude": 27.73407}
            ]]},
            {"altitude": 183.5},
            {"distance_km": 1.09},
            {"speed_kmh": 5.4},
            {"timestamp": "Wed Jan 25 15:13:33 UTC 2017"}
        ],
        [
            {"location": [[
                {"latitude": 64.236851},
                {"longitude": 27.734188}
            ]]},
            {"altitude": 183.5},
            {"distance_km": 1.11},
            {"speed_kmh": 5.4},
            {"timestamp": "Wed Jan 25 15:13:39 UTC 2017"}
        ],
        [
            {"location": [[
                {"latitude": 64.236767},
                {"longitude": 27.734283}
            ]]},
            {"altitude": 182.5},
            {"distance_km": 1.12},
            {"speed_kmh": 5.4},
            {"timestamp": "Wed Jan 25 15:13:45 UTC 2017"}
        ],
        [
            {"location": [[
                {"latitude": 64.23666},
                {"longitude": 27.73437}
            ]]},
            {"altitude": 181.5},
            {"distance_km": 1.13},
            {"speed_kmh": 5.4},
            {"timestamp": "Wed Jan 25 15:13:53 UTC 2017"}
        ],
        [
            {"location": [[
                {"latitude": 64.236565},
                {"longitude": 27.734488}
            ]]},
            {"altitude": 180.5},
            {"distance_km": 1.14},
            {"speed_kmh": 6.3},
            {"timestamp": "Wed Jan 25 15:14:00 UTC 2017"}
        ],
        [
            {"location": [[
                {"latitude": 64.236497},
                {"longitude": 27.734699}
            ]]},
            {"altitude": 179.5},
            {"distance_km": 1.15},
            {"speed_kmh": 5.4},
            {"timestamp": "Wed Jan 25 15:14:06 UTC 2017"}
        ],
        [
            {"location": [[
                {"latitude": 64.236413},
                {"longitude": 27.734865}
            ]]},
            {"altitude": 177.5},
            {"distance_km": 1.17},
            {"speed_kmh": 5.4},
            {"timestamp": "Wed Jan 25 15:14:12 UTC 2017"}
        ],
        [
            {"location": [[
                {"latitude": 64.236324},
                {"longitude": 27.735019}
            ]]},
            {"altitude": 178.5},
            {"distance_km": 1.18},
            {"speed_kmh": 5.4},
            {"timestamp": "Wed Jan 25 15:14:20 UTC 2017"}
        ],
        [
            {"location": [[
                {"latitude": 64.236228},
                {"longitude": 27.735129}
            ]]},
            {"altitude": 178.5},
            {"distance_km": 1.19},
            {"speed_kmh": 5.4},
            {"timestamp": "Wed Jan 25 15:14:28 UTC 2017"}
        ],
        [
            {"location": [[
                {"latitude": 64.236142},
                {"longitude": 27.735223}
            ]]},
            {"altitude": 176.5},
            {"distance_km": 1.2},
            {"speed_kmh": 5.4},
            {"timestamp": "Wed Jan 25 15:14:36 UTC 2017"}
        ],
        [
            {"location": [[
                {"latitude": 64.236051},
                {"longitude": 27.735368}
            ]]},
            {"altitude": 177},
            {"distance_km": 1.21},
            {"speed_kmh": 5.4},
            {"timestamp": "Wed Jan 25 15:14:44 UTC 2017"}
        ],
        [
            {"location": [[
                {"latitude": 64.235946},
                {"longitude": 27.735472}
            ]]},
            {"altitude": 175},
            {"distance_km": 1.23},
            {"speed_kmh": 5.4},
            {"timestamp": "Wed Jan 25 15:14:54 UTC 2017"}
        ],
        [
            {"location": [[
                {"latitude": 64.235871},
                {"longitude": 27.73567}
            ]]},
            {"altitude": 175},
            {"distance_km": 1.24},
            {"speed_kmh": 5.4},
            {"timestamp": "Wed Jan 25 15:15:02 UTC 2017"}
        ],
        [
            {"location": [[
                {"latitude": 64.235814},
                {"longitude": 27.735835}
            ]]},
            {"altitude": 174},
            {"distance_km": 1.25},
            {"speed_kmh": 5.4},
            {"timestamp": "Wed Jan 25 15:15:08 UTC 2017"}
        ],
        [
            {"location": [[
                {"latitude": 64.235739},
                {"longitude": 27.735977}
            ]]},
            {"altitude": 174},
            {"distance_km": 1.26},
            {"speed_kmh": 5.4},
            {"timestamp": "Wed Jan 25 15:15:16 UTC 2017"}
        ],
        [
            {"location": [[
                {"latitude": 64.2357},
                {"longitude": 27.73617}
            ]]},
            {"altitude": 176.5},
            {"distance_km": 1.27},
            {"speed_kmh": 5.4},
            {"timestamp": "Wed Jan 25 15:15:22 UTC 2017"}
        ],
        [
            {"location": [[
                {"latitude": 64.235589},
                {"longitude": 27.736329}
            ]]},
            {"altitude": 176.5},
            {"distance_km": 1.28},
            {"speed_kmh": 5.4},
            {"timestamp": "Wed Jan 25 15:15:29 UTC 2017"}
        ],
        [
            {"location": [[
                {"latitude": 64.235493},
                {"longitude": 27.736438}
            ]]},
            {"altitude": 177.5},
            {"distance_km": 1.3},
            {"speed_kmh": 5.4},
            {"timestamp": "Wed Jan 25 15:15:35 UTC 2017"}
        ],
        [
            {"location": [[
                {"latitude": 64.235413},
                {"longitude": 27.736563}
            ]]},
            {"altitude": 177},
            {"distance_km": 1.31},
            {"speed_kmh": 5.4},
            {"timestamp": "Wed Jan 25 15:15:41 UTC 2017"}
        ],
        [
            {"location": [[
                {"latitude": 64.235349},
                {"longitude": 27.736766}
            ]]},
            {"altitude": 179.5},
            {"distance_km": 1.32},
            {"speed_kmh": 5.4},
            {"timestamp": "Wed Jan 25 15:15:49 UTC 2017"}
        ],
        [
            {"location": [[
                {"latitude": 64.235301},
                {"longitude": 27.736947}
            ]]},
            {"altitude": 180},
            {"distance_km": 1.33},
            {"speed_kmh": 5.4},
            {"timestamp": "Wed Jan 25 15:15:55 UTC 2017"}
        ],
        [
            {"location": [[
                {"latitude": 64.235192},
                {"longitude": 27.736885}
            ]]},
            {"altitude": 181.5},
            {"distance_km": 1.34},
            {"speed_kmh": 5.4},
            {"timestamp": "Wed Jan 25 15:16:04 UTC 2017"}
        ],
        [
            {"location": [[
                {"latitude": 64.235112},
                {"longitude": 27.736752}
            ]]},
            {"altitude": 181},
            {"distance_km": 1.35},
            {"speed_kmh": 5.4},
            {"timestamp": "Wed Jan 25 15:16:10 UTC 2017"}
        ],
        [
            {"location": [[
                {"latitude": 64.235008},
                {"longitude": 27.73665}
            ]]},
            {"altitude": 181.5},
            {"distance_km": 1.37},
            {"speed_kmh": 5.4},
            {"timestamp": "Wed Jan 25 15:16:18 UTC 2017"}
        ],
        [
            {"location": [[
                {"latitude": 64.234935},
                {"longitude": 27.736785}
            ]]},
            {"altitude": 178.5},
            {"distance_km": 1.38},
            {"speed_kmh": 5.4},
            {"timestamp": "Wed Jan 25 15:16:26 UTC 2017"}
        ],
        [
            {"location": [[
                {"latitude": 64.234842},
                {"longitude": 27.736835}
            ]]},
            {"altitude": 178},
            {"distance_km": 1.39},
            {"speed_kmh": 4.5},
            {"timestamp": "Wed Jan 25 15:16:34 UTC 2017"}
        ],
        [
            {"location": [[
                {"latitude": 64.234743},
                {"longitude": 27.736883}
            ]]},
            {"altitude": 178},
            {"distance_km": 1.4},
            {"speed_kmh": 3.6},
            {"timestamp": "Wed Jan 25 15:16:44 UTC 2017"}
        ],
        [
            {"location": [[
                {"latitude": 64.23464},
                {"longitude": 27.736845}
            ]]},
            {"altitude": 175.5},
            {"distance_km": 1.41},
            {"speed_kmh": 3.6},
            {"timestamp": "Wed Jan 25 15:16:54 UTC 2017"}
        ],
        [
            {"location": [[
                {"latitude": 64.234532},
                {"longitude": 27.736849}
            ]]},
            {"altitude": 173},
            {"distance_km": 1.42},
            {"speed_kmh": 3.6},
            {"timestamp": "Wed Jan 25 15:17:02 UTC 2017"}
        ],
        [
            {"location": [[
                {"latitude": 64.23445},
                {"longitude": 27.736976}
            ]]},
            {"altitude": 174.5},
            {"distance_km": 1.43},
            {"speed_kmh": 0},
            {"timestamp": "Wed Jan 25 15:17:10 UTC 2017"}
        ],
        [
            {"location": [[
                {"latitude": 64.234377},
                {"longitude": 27.737168}
            ]]},
            {"altitude": 179},
            {"distance_km": 1.44},
            {"speed_kmh": 3.6},
            {"timestamp": "Wed Jan 25 15:17:23 UTC 2017"}
        ],
        [
            {"location": [[
                {"latitude": 64.234351},
                {"longitude": 27.737406}
            ]]},
            {"altitude": 177.5},
            {"distance_km": 1.46},
            {"speed_kmh": 3.6},
            {"timestamp": "Wed Jan 25 15:17:31 UTC 2017"}
        ],
        [
            {"location": [[
                {"latitude": 64.234368},
                {"longitude": 27.73762}
            ]]},
            {"altitude": 179.5},
            {"distance_km": 1.47},
            {"speed_kmh": 3.6},
            {"timestamp": "Wed Jan 25 15:17:39 UTC 2017"}
        ],
        [
            {"location": [[
                {"latitude": 64.234343},
                {"longitude": 27.737838}
            ]]},
            {"altitude": 178},
            {"distance_km": 1.48},
            {"speed_kmh": 1.8},
            {"timestamp": "Wed Jan 25 15:17:47 UTC 2017"}
        ],
        [
            {"location": [[
                {"latitude": 64.234276},
                {"longitude": 27.738037}
            ]]},
            {"altitude": 174},
            {"distance_km": 1.49},
            {"speed_kmh": 3.6},
            {"timestamp": "Wed Jan 25 15:17:56 UTC 2017"}
        ],
        [
            {"location": [[
                {"latitude": 64.234174},
                {"longitude": 27.738178}
            ]]},
            {"altitude": 173},
            {"distance_km": 1.5},
            {"speed_kmh": 3.6},
            {"timestamp": "Wed Jan 25 15:18:04 UTC 2017"}
        ],
        [
            {"location": [[
                {"latitude": 64.234082},
                {"longitude": 27.738228}
            ]]},
            {"altitude": 173.5},
            {"distance_km": 1.51},
            {"speed_kmh": 5.4},
            {"timestamp": "Wed Jan 25 15:18:10 UTC 2017"}
        ],
        [
            {"location": [[
                {"latitude": 64.233974},
                {"longitude": 27.738279}
            ]]},
            {"altitude": 177.5},
            {"distance_km": 1.53},
            {"speed_kmh": 4.5},
            {"timestamp": "Wed Jan 25 15:18:20 UTC 2017"}
        ],
        [
            {"location": [[
                {"latitude": 64.233877},
                {"longitude": 27.738297}
            ]]},
            {"altitude": 180.5},
            {"distance_km": 1.54},
            {"speed_kmh": 4.5},
            {"timestamp": "Wed Jan 25 15:18:26 UTC 2017"}
        ],
        [
            {"location": [[
                {"latitude": 64.233775},
                {"longitude": 27.738249}
            ]]},
            {"altitude": 180.5},
            {"distance_km": 1.55},
            {"speed_kmh": 4.5},
            {"timestamp": "Wed Jan 25 15:18:34 UTC 2017"}
        ],
        [
            {"location": [[
                {"latitude": 64.233684},
                {"longitude": 27.73831}
            ]]},
            {"altitude": 178},
            {"distance_km": 1.56},
            {"speed_kmh": 4.5},
            {"timestamp": "Wed Jan 25 15:18:44 UTC 2017"}
        ],
        [
            {"location": [[
                {"latitude": 64.233596},
                {"longitude": 27.738159}
            ]]},
            {"altitude": 173.5},
            {"distance_km": 1.57},
            {"speed_kmh": 5.4},
            {"timestamp": "Wed Jan 25 15:18:54 UTC 2017"}
        ],
        [
            {"location": [[
                {"latitude": 64.23359},
                {"longitude": 27.737923}
            ]]},
            {"altitude": 170},
            {"distance_km": 1.58},
            {"speed_kmh": 5.4},
            {"timestamp": "Wed Jan 25 15:19:00 UTC 2017"}
        ],
        [
            {"location": [[
                {"latitude": 64.233612},
                {"longitude": 27.737662}
            ]]},
            {"altitude": 167},
            {"distance_km": 1.6},
            {"speed_kmh": 5.4},
            {"timestamp": "Wed Jan 25 15:19:08 UTC 2017"}
        ],
        [
            {"location": [[
                {"latitude": 64.233629},
                {"longitude": 27.737422}
            ]]},
            {"altitude": 167.5},
            {"distance_km": 1.61},
            {"speed_kmh": 5.4},
            {"timestamp": "Wed Jan 25 15:19:15 UTC 2017"}
        ],
        [
            {"location": [[
                {"latitude": 64.233645},
                {"longitude": 27.737202}
            ]]},
            {"altitude": 168.5},
            {"distance_km": 1.62},
            {"speed_kmh": 5.4},
            {"timestamp": "Wed Jan 25 15:19:21 UTC 2017"}
        ],
        [
            {"location": [[
                {"latitude": 64.233677},
                {"longitude": 27.73698}
            ]]},
            {"altitude": 169.5},
            {"distance_km": 1.63},
            {"speed_kmh": 5.4},
            {"timestamp": "Wed Jan 25 15:19:27 UTC 2017"}
        ],
        [
            {"location": [[
                {"latitude": 64.233711},
                {"longitude": 27.736719}
            ]]},
            {"altitude": 168},
            {"distance_km": 1.64},
            {"speed_kmh": 5.4},
            {"timestamp": "Wed Jan 25 15:19:35 UTC 2017"}
        ],
        [
            {"location": [[
                {"latitude": 64.233742},
                {"longitude": 27.736514}
            ]]},
            {"altitude": 167},
            {"distance_km": 1.65},
            {"speed_kmh": 5.4},
            {"timestamp": "Wed Jan 25 15:19:41 UTC 2017"}
        ],
        [
            {"location": [[
                {"latitude": 64.233752},
                {"longitude": 27.736243}
            ]]},
            {"altitude": 167},
            {"distance_km": 1.67},
            {"speed_kmh": 5.4},
            {"timestamp": "Wed Jan 25 15:19:50 UTC 2017"}
        ],
        [
            {"location": [[
                {"latitude": 64.233794},
                {"longitude": 27.736026}
            ]]},
            {"altitude": 168},
            {"distance_km": 1.68},
            {"speed_kmh": 5.4},
            {"timestamp": "Wed Jan 25 15:19:56 UTC 2017"}
        ],
        [
            {"location": [[
                {"latitude": 64.23383},
                {"longitude": 27.735764}
            ]]},
            {"altitude": 169.5},
            {"distance_km": 1.69},
            {"speed_kmh": 5.4},
            {"timestamp": "Wed Jan 25 15:20:04 UTC 2017"}
        ],
        [
            {"location": [[
                {"latitude": 64.233867},
                {"longitude": 27.735571}
            ]]},
            {"altitude": 167.5},
            {"distance_km": 1.7},
            {"speed_kmh": 5.4},
            {"timestamp": "Wed Jan 25 15:20:10 UTC 2017"}
        ],
        [
            {"location": [[
                {"latitude": 64.233908},
                {"longitude": 27.735323}
            ]]},
            {"altitude": 166.5},
            {"distance_km": 1.71},
            {"speed_kmh": 5.4},
            {"timestamp": "Wed Jan 25 15:20:18 UTC 2017"}
        ],
        [
            {"location": [[
                {"latitude": 64.233914},
                {"longitude": 27.735116}
            ]]},
            {"altitude": 165},
            {"distance_km": 1.72},
            {"speed_kmh": 5.4},
            {"timestamp": "Wed Jan 25 15:20:24 UTC 2017"}
        ],
        [
            {"location": [[
                {"latitude": 64.23384},
                {"longitude": 27.734934}
            ]]},
            {"altitude": 164},
            {"distance_km": 1.74},
            {"speed_kmh": 5.4},
            {"timestamp": "Wed Jan 25 15:20:32 UTC 2017"}
        ],
        [
            {"location": [[
                {"latitude": 64.233752},
                {"longitude": 27.734834}
            ]]},
            {"altitude": 165},
            {"distance_km": 1.75},
            {"speed_kmh": 5.4},
            {"timestamp": "Wed Jan 25 15:20:38 UTC 2017"}
        ],
        [
            {"location": [[
                {"latitude": 64.233624},
                {"longitude": 27.73474}
            ]]},
            {"altitude": 165.5},
            {"distance_km": 1.76},
            {"speed_kmh": 5.4},
            {"timestamp": "Wed Jan 25 15:20:47 UTC 2017"}
        ],
        [
            {"location": [[
                {"latitude": 64.233537},
                {"longitude": 27.734659}
            ]]},
            {"altitude": 166},
            {"distance_km": 1.77},
            {"speed_kmh": 5.4},
            {"timestamp": "Wed Jan 25 15:20:53 UTC 2017"}
        ],
        [
            {"location": [[
                {"latitude": 64.233423},
                {"longitude": 27.734604}
            ]]},
            {"altitude": 167},
            {"distance_km": 1.79},
            {"speed_kmh": 5.4},
            {"timestamp": "Wed Jan 25 15:21:01 UTC 2017"}
        ],
        [
            {"location": [[
                {"latitude": 64.233332},
                {"longitude": 27.734586}
            ]]},
            {"altitude": 169},
            {"distance_km": 1.8},
            {"speed_kmh": 5.4},
            {"timestamp": "Wed Jan 25 15:21:07 UTC 2017"}
        ],
        [
            {"location": [[
                {"latitude": 64.233211},
                {"longitude": 27.734583}
            ]]},
            {"altitude": 170.5},
            {"distance_km": 1.81},
            {"speed_kmh": 5.4},
            {"timestamp": "Wed Jan 25 15:21:15 UTC 2017"}
        ],
        [
            {"location": [[
                {"latitude": 64.233098},
                {"longitude": 27.73451}
            ]]},
            {"altitude": 169.5},
            {"distance_km": 1.82},
            {"speed_kmh": 5.4},
            {"timestamp": "Wed Jan 25 15:21:24 UTC 2017"}
        ],
        [
            {"location": [[
                {"latitude": 64.232985},
                {"longitude": 27.734487}
            ]]},
            {"altitude": 171},
            {"distance_km": 1.84},
            {"speed_kmh": 5.4},
            {"timestamp": "Wed Jan 25 15:21:30 UTC 2017"}
        ],
        [
            {"location": [[
                {"latitude": 64.232867},
                {"longitude": 27.734449}
            ]]},
            {"altitude": 168.5},
            {"distance_km": 1.85},
            {"speed_kmh": 5.4},
            {"timestamp": "Wed Jan 25 15:21:38 UTC 2017"}
        ],
        [
            {"location": [[
                {"latitude": 64.232778},
                {"longitude": 27.734407}
            ]]},
            {"altitude": 169.5},
            {"distance_km": 1.86},
            {"speed_kmh": 5.4},
            {"timestamp": "Wed Jan 25 15:21:44 UTC 2017"}
        ],
        [
            {"location": [[
                {"latitude": 64.232668},
                {"longitude": 27.734353}
            ]]},
            {"altitude": 170.5},
            {"distance_km": 1.87},
            {"speed_kmh": 6.3},
            {"timestamp": "Wed Jan 25 15:21:50 UTC 2017"}
        ],
        [
            {"location": [[
                {"latitude": 64.232571},
                {"longitude": 27.734314}
            ]]},
            {"altitude": 166},
            {"distance_km": 1.88},
            {"speed_kmh": 3.6},
            {"timestamp": "Wed Jan 25 15:22:00 UTC 2017"}
        ],
        [
            {"location": [[
                {"latitude": 64.232605},
                {"longitude": 27.734085}
            ]]},
            {"altitude": 159.5},
            {"distance_km": 1.89},
            {"speed_kmh": 7.2},
            {"timestamp": "Wed Jan 25 15:22:18 UTC 2017"}
        ],
        [
            {"location": [[
                {"latitude": 64.232634},
                {"longitude": 27.733859}
            ]]},
            {"altitude": 156.5},
            {"distance_km": 1.91},
            {"speed_kmh": 5.4},
            {"timestamp": "Wed Jan 25 15:22:24 UTC 2017"}
        ],
        [
            {"location": [[
                {"latitude": 64.232652},
                {"longitude": 27.733648}
            ]]},
            {"altitude": 155},
            {"distance_km": 1.92},
            {"speed_kmh": 6.3},
            {"timestamp": "Wed Jan 25 15:22:29 UTC 2017"}
        ],
        [
            {"location": [[
                {"latitude": 64.232677},
                {"longitude": 27.733429}
            ]]},
            {"altitude": 153},
            {"distance_km": 1.93},
            {"speed_kmh": 6.3},
            {"timestamp": "Wed Jan 25 15:22:35 UTC 2017"}
        ],
        [
            {"location": [[
                {"latitude": 64.232678},
                {"longitude": 27.733157}
            ]]},
            {"altitude": 155},
            {"distance_km": 1.94},
            {"speed_kmh": 5.4},
            {"timestamp": "Wed Jan 25 15:22:43 UTC 2017"}
        ],
        [
            {"location": [[
                {"latitude": 64.232711},
                {"longitude": 27.732919}
            ]]},
            {"altitude": 153.5},
            {"distance_km": 1.95},
            {"speed_kmh": 5.4},
            {"timestamp": "Wed Jan 25 15:22:51 UTC 2017"}
        ],
        [
            {"location": [[
                {"latitude": 64.232707},
                {"longitude": 27.732693}
            ]]},
            {"altitude": 153},
            {"distance_km": 1.96},
            {"speed_kmh": 5.4},
            {"timestamp": "Wed Jan 25 15:22:59 UTC 2017"}
        ],
        [
            {"location": [[
                {"latitude": 64.232736},
                {"longitude": 27.732454}
            ]]},
            {"altitude": 152},
            {"distance_km": 1.97},
            {"speed_kmh": 5.4},
            {"timestamp": "Wed Jan 25 15:23:07 UTC 2017"}
        ],
        [
            {"location": [[
                {"latitude": 64.23277},
                {"longitude": 27.732228}
            ]]},
            {"altitude": 150},
            {"distance_km": 1.99},
            {"speed_kmh": 5.4},
            {"timestamp": "Wed Jan 25 15:23:16 UTC 2017"}
        ],
        [
            {"location": [[
                {"latitude": 64.2328},
                {"longitude": 27.732022}
            ]]},
            {"altitude": 148},
            {"distance_km": 2},
            {"speed_kmh": 5.4},
            {"timestamp": "Wed Jan 25 15:23:22 UTC 2017"}
        ],
        [
            {"location": [[
                {"latitude": 64.232826},
                {"longitude": 27.73176}
            ]]},
            {"altitude": 150.5},
            {"distance_km": 2.01},
            {"speed_kmh": 5.4},
            {"timestamp": "Wed Jan 25 15:23:30 UTC 2017"}
        ],
        [
            {"location": [[
                {"latitude": 64.232833},
                {"longitude": 27.731532}
            ]]},
            {"altitude": 150.5},
            {"distance_km": 2.02},
            {"speed_kmh": 6.3},
            {"timestamp": "Wed Jan 25 15:23:36 UTC 2017"}
        ],
        [
            {"location": [[
                {"latitude": 64.232765},
                {"longitude": 27.731362}
            ]]},
            {"altitude": 152.5},
            {"distance_km": 2.03},
            {"speed_kmh": 4.5},
            {"timestamp": "Wed Jan 25 15:23:46 UTC 2017"}
        ],
        [
            {"location": [[
                {"latitude": 64.232665},
                {"longitude": 27.731278}
            ]]},
            {"altitude": 155},
            {"distance_km": 2.04},
            {"speed_kmh": 3.6},
            {"timestamp": "Wed Jan 25 15:23:58 UTC 2017"}
        ],
        [
            {"location": [[
                {"latitude": 64.232574},
                {"longitude": 27.731237}
            ]]},
            {"altitude": 156.5},
            {"distance_km": 2.05},
            {"speed_kmh": 4.5},
            {"timestamp": "Wed Jan 25 15:24:04 UTC 2017"}
        ],
        [
            {"location": [[
                {"latitude": 64.232457},
                {"longitude": 27.731236}
            ]]},
            {"altitude": 159},
            {"distance_km": 2.07},
            {"speed_kmh": 5.4},
            {"timestamp": "Wed Jan 25 15:24:12 UTC 2017"}
        ],
        [
            {"location": [[
                {"latitude": 64.232367},
                {"longitude": 27.731161}
            ]]},
            {"altitude": 160},
            {"distance_km": 2.08},
            {"speed_kmh": 4.5},
            {"timestamp": "Wed Jan 25 15:24:20 UTC 2017"}
        ],
        [
            {"location": [[
                {"latitude": 64.232266},
                {"longitude": 27.731043}
            ]]},
            {"altitude": 160.5},
            {"distance_km": 2.09},
            {"speed_kmh": 5.4},
            {"timestamp": "Wed Jan 25 15:24:29 UTC 2017"}
        ],
        [
            {"location": [[
                {"latitude": 64.232173},
                {"longitude": 27.730929}
            ]]},
            {"altitude": 161.5},
            {"distance_km": 2.1},
            {"speed_kmh": 5.4},
            {"timestamp": "Wed Jan 25 15:24:35 UTC 2017"}
        ],
        [
            {"location": [[
                {"latitude": 64.232089},
                {"longitude": 27.730805}
            ]]},
            {"altitude": 162.5},
            {"distance_km": 2.11},
            {"speed_kmh": 6.3},
            {"timestamp": "Wed Jan 25 15:24:41 UTC 2017"}
        ],
        [
            {"location": [[
                {"latitude": 64.232039},
                {"longitude": 27.73063}
            ]]},
            {"altitude": 160.5},
            {"distance_km": 2.12},
            {"speed_kmh": 6.3},
            {"timestamp": "Wed Jan 25 15:24:47 UTC 2017"}
        ],
        [
            {"location": [[
                {"latitude": 64.232064},
                {"longitude": 27.730399}
            ]]},
            {"altitude": 158},
            {"distance_km": 2.13},
            {"speed_kmh": 5.4},
            {"timestamp": "Wed Jan 25 15:24:53 UTC 2017"}
        ],
        [
            {"location": [[
                {"latitude": 64.232089},
                {"longitude": 27.730191}
            ]]},
            {"altitude": 155.5},
            {"distance_km": 2.15},
            {"speed_kmh": 3.6},
            {"timestamp": "Wed Jan 25 15:25:12 UTC 2017"}
        ],
        [
            {"location": [[
                {"latitude": 64.2321},
                {"longitude": 27.729895}
            ]]},
            {"altitude": 154.5},
            {"distance_km": 2.16},
            {"speed_kmh": 4.5},
            {"timestamp": "Wed Jan 25 15:25:22 UTC 2017"}
        ],
        [
            {"location": [[
                {"latitude": 64.232098},
                {"longitude": 27.729628}
            ]]},
            {"altitude": 154},
            {"distance_km": 2.17},
            {"speed_kmh": 4.5},
            {"timestamp": "Wed Jan 25 15:25:30 UTC 2017"}
        ],
        [
            {"location": [[
                {"latitude": 64.232015},
                {"longitude": 27.729512}
            ]]},
            {"altitude": 156.5},
            {"distance_km": 2.18},
            {"speed_kmh": 2.7},
            {"timestamp": "Wed Jan 25 15:25:40 UTC 2017"}
        ],
        [
            {"location": [[
                {"latitude": 64.232001},
                {"longitude": 27.729511}
            ]]},
            {"altitude": 158.5},
            {"distance_km": 2.18},
            {"speed_kmh": 0},
            {"timestamp": "Wed Jan 25 15:28:50 UTC 2017"}
        ],
        [
            {"location": [[
                {"latitude": 64.232001},
                {"longitude": 27.729511}
            ]]},
            {"altitude": 158.5},
            {"distance_km": 2.18},
            {"speed_kmh": 0},
            {"timestamp": "Wed Jan 25 15:28:51 UTC 2017"}
        ]
    ]}
]