[
    {"sport": "WALKING"},
    {"source": "TRACK_MOBILE"},
    {"created_date": "2017-04-24 14:42:55.0"},
    {"start_time": "2017-04-24 14:40:16.0"},
    {"end_time": "2017-04-24 15:09:58.0"},
    {"duration_s": 1781},
    {"distance_km": 2.32},
    {"calories_kcal": 167.907},
    {"altitude_min_m": 80.5},
    {"altitude_max_m": 198.5},
    {"speed_avg_kmh": 4.689500280741156},
    {"speed_max_kmh": 7.2},
    {"ascend_m": 144.5},
    {"descend_m": 98},
    {"points": [
        [
            {"location": [[
                {"latitude": 64.231804},
                {"longitude": 27.730132}
            ]]},
            {"distance_km": 0},
            {"timestamp": "Mon Apr 24 14:40:16 UTC 2017"}
        ],
        [
            {"location": [[
                {"latitude": 64.231804},
                {"longitude": 27.730132}
            ]]},
            {"altitude": 117.5},
            {"distance_km": 0},
            {"speed_kmh": 3.6},
            {"timestamp": "Mon Apr 24 14:40:26 UTC 2017"}
        ],
        [
            {"location": [[
                {"latitude": 64.231554},
                {"longitude": 27.729644}
            ]]},
            {"altitude": 142},
            {"distance_km": 0.04},
            {"speed_kmh": 4.5},
            {"timestamp": "Mon Apr 24 14:40:28 UTC 2017"}
        ],
        [
            {"location": [[
                {"latitude": 64.231742},
                {"longitude": 27.729563}
            ]]},
            {"altitude": 164},
            {"distance_km": 0.06},
            {"speed_kmh": 2.7},
            {"timestamp": "Mon Apr 24 14:40:30 UTC 2017"}
        ],
        [
            {"location": [[
                {"latitude": 64.2318},
                {"longitude": 27.72975}
            ]]},
            {"altitude": 138.5},
            {"distance_km": 0.07},
            {"speed_kmh": 0},
            {"timestamp": "Mon Apr 24 14:40:34 UTC 2017"}
        ],
        [
            {"location": [[
                {"latitude": 64.231699},
                {"longitude": 27.729675}
            ]]},
            {"altitude": 153},
            {"distance_km": 0.08},
            {"speed_kmh": 0},
            {"timestamp": "Mon Apr 24 14:40:36 UTC 2017"}
        ],
        [
            {"location": [[
                {"latitude": 64.231785},
                {"longitude": 27.729566}
            ]]},
            {"altitude": 129},
            {"distance_km": 0.09},
            {"speed_kmh": 0},
            {"timestamp": "Mon Apr 24 14:40:42 UTC 2017"}
        ],
        [
            {"location": [[
                {"latitude": 64.231682},
                {"longitude": 27.729671}
            ]]},
            {"altitude": 127.5},
            {"distance_km": 0.1},
            {"speed_kmh": 6.3},
            {"timestamp": "Mon Apr 24 14:41:00 UTC 2017"}
        ],
        [
            {"location": [[
                {"latitude": 64.231684},
                {"longitude": 27.729932}
            ]]},
            {"altitude": 121.5},
            {"distance_km": 0.12},
            {"speed_kmh": 6.3},
            {"timestamp": "Mon Apr 24 14:41:06 UTC 2017"}
        ],
        [
            {"location": [[
                {"latitude": 64.231728},
                {"longitude": 27.730127}
            ]]},
            {"altitude": 118.5},
            {"distance_km": 0.13},
            {"speed_kmh": 5.4},
            {"timestamp": "Mon Apr 24 14:41:12 UTC 2017"}
        ],
        [
            {"location": [[
                {"latitude": 64.23181},
                {"longitude": 27.73028}
            ]]},
            {"altitude": 113.5},
            {"distance_km": 0.14},
            {"speed_kmh": 6.3},
            {"timestamp": "Mon Apr 24 14:41:22 UTC 2017"}
        ],
        [
            {"location": [[
                {"latitude": 64.23187},
                {"longitude": 27.730434}
            ]]},
            {"altitude": 109},
            {"distance_km": 0.15},
            {"speed_kmh": 5.4},
            {"timestamp": "Mon Apr 24 14:41:28 UTC 2017"}
        ],
        [
            {"location": [[
                {"latitude": 64.23194},
                {"longitude": 27.730611}
            ]]},
            {"altitude": 106},
            {"distance_km": 0.16},
            {"speed_kmh": 5.4},
            {"timestamp": "Mon Apr 24 14:41:36 UTC 2017"}
        ],
        [
            {"location": [[
                {"latitude": 64.232037},
                {"longitude": 27.730767}
            ]]},
            {"altitude": 102.5},
            {"distance_km": 0.17},
            {"speed_kmh": 5.4},
            {"timestamp": "Mon Apr 24 14:41:44 UTC 2017"}
        ],
        [
            {"location": [[
                {"latitude": 64.232105},
                {"longitude": 27.730905}
            ]]},
            {"altitude": 100},
            {"distance_km": 0.18},
            {"speed_kmh": 5.4},
            {"timestamp": "Mon Apr 24 14:41:51 UTC 2017"}
        ],
        [
            {"location": [[
                {"latitude": 64.232193},
                {"longitude": 27.731019}
            ]]},
            {"altitude": 93.5},
            {"distance_km": 0.2},
            {"speed_kmh": 5.4},
            {"timestamp": "Mon Apr 24 14:42:01 UTC 2017"}
        ],
        [
            {"location": [[
                {"latitude": 64.23229},
                {"longitude": 27.73115}
            ]]},
            {"altitude": 92.5},
            {"distance_km": 0.21},
            {"speed_kmh": 5.4},
            {"timestamp": "Mon Apr 24 14:42:08 UTC 2017"}
        ],
        [
            {"location": [[
                {"latitude": 64.232401},
                {"longitude": 27.731233}
            ]]},
            {"altitude": 89},
            {"distance_km": 0.22},
            {"speed_kmh": 5.4},
            {"timestamp": "Mon Apr 24 14:42:16 UTC 2017"}
        ],
        [
            {"location": [[
                {"latitude": 64.232492},
                {"longitude": 27.73131}
            ]]},
            {"altitude": 90},
            {"distance_km": 0.23},
            {"speed_kmh": 4.5},
            {"timestamp": "Mon Apr 24 14:42:24 UTC 2017"}
        ],
        [
            {"location": [[
                {"latitude": 64.232587},
                {"longitude": 27.731435}
            ]]},
            {"altitude": 85.5},
            {"distance_km": 0.24},
            {"speed_kmh": 5.4},
            {"timestamp": "Mon Apr 24 14:42:32 UTC 2017"}
        ],
        [
            {"location": [[
                {"latitude": 64.23269},
                {"longitude": 27.731488}
            ]]},
            {"altitude": 80.5},
            {"distance_km": 0.26},
            {"speed_kmh": 5.4},
            {"timestamp": "Mon Apr 24 14:42:40 UTC 2017"}
        ],
        [
            {"location": [[
                {"latitude": 64.232779},
                {"longitude": 27.731566}
            ]]},
            {"altitude": 82},
            {"distance_km": 0.27},
            {"speed_kmh": 3.6},
            {"timestamp": "Mon Apr 24 14:43:04 UTC 2017"}
        ],
        [
            {"location": [[
                {"latitude": 64.232871},
                {"longitude": 27.731527}
            ]]},
            {"altitude": 82.5},
            {"distance_km": 0.28},
            {"speed_kmh": 0},
            {"timestamp": "Mon Apr 24 14:43:14 UTC 2017"}
        ],
        [
            {"location": [[
                {"latitude": 64.232973},
                {"longitude": 27.731595}
            ]]},
            {"altitude": 85.5},
            {"distance_km": 0.29},
            {"speed_kmh": 2.7},
            {"timestamp": "Mon Apr 24 14:43:24 UTC 2017"}
        ],
        [
            {"location": [[
                {"latitude": 64.233064},
                {"longitude": 27.73168}
            ]]},
            {"altitude": 94.5},
            {"distance_km": 0.3},
            {"speed_kmh": 0},
            {"timestamp": "Mon Apr 24 14:43:35 UTC 2017"}
        ],
        [
            {"location": [[
                {"latitude": 64.233154},
                {"longitude": 27.731725}
            ]]},
            {"altitude": 102},
            {"distance_km": 0.31},
            {"speed_kmh": 1.8},
            {"timestamp": "Mon Apr 24 14:43:48 UTC 2017"}
        ],
        [
            {"location": [[
                {"latitude": 64.233248},
                {"longitude": 27.731765}
            ]]},
            {"altitude": 105},
            {"distance_km": 0.32},
            {"speed_kmh": 1.8},
            {"timestamp": "Mon Apr 24 14:43:56 UTC 2017"}
        ],
        [
            {"location": [[
                {"latitude": 64.23336},
                {"longitude": 27.731809}
            ]]},
            {"altitude": 108},
            {"distance_km": 0.33},
            {"speed_kmh": 0},
            {"timestamp": "Mon Apr 24 14:44:02 UTC 2017"}
        ],
        [
            {"location": [[
                {"latitude": 64.233463},
                {"longitude": 27.731829}
            ]]},
            {"altitude": 111.5},
            {"distance_km": 0.34},
            {"speed_kmh": 0},
            {"timestamp": "Mon Apr 24 14:44:12 UTC 2017"}
        ],
        [
            {"location": [[
                {"latitude": 64.23355},
                {"longitude": 27.731748}
            ]]},
            {"altitude": 113.5},
            {"distance_km": 0.35},
            {"speed_kmh": 2.7},
            {"timestamp": "Mon Apr 24 14:44:22 UTC 2017"}
        ],
        [
            {"location": [[
                {"latitude": 64.23365},
                {"longitude": 27.731683}
            ]]},
            {"altitude": 115.5},
            {"distance_km": 0.37},
            {"speed_kmh": 3.6},
            {"timestamp": "Mon Apr 24 14:44:28 UTC 2017"}
        ],
        [
            {"location": [[
                {"latitude": 64.233764},
                {"longitude": 27.73159}
            ]]},
            {"altitude": 120},
            {"distance_km": 0.38},
            {"speed_kmh": 4.5},
            {"timestamp": "Mon Apr 24 14:44:40 UTC 2017"}
        ],
        [
            {"location": [[
                {"latitude": 64.233857},
                {"longitude": 27.731511}
            ]]},
            {"altitude": 122.5},
            {"distance_km": 0.39},
            {"speed_kmh": 2.7},
            {"timestamp": "Mon Apr 24 14:44:46 UTC 2017"}
        ],
        [
            {"location": [[
                {"latitude": 64.233928},
                {"longitude": 27.731371}
            ]]},
            {"altitude": 122.5},
            {"distance_km": 0.4},
            {"speed_kmh": 2.7},
            {"timestamp": "Mon Apr 24 14:44:54 UTC 2017"}
        ],
        [
            {"location": [[
                {"latitude": 64.234003},
                {"longitude": 27.731173}
            ]]},
            {"altitude": 122.5},
            {"distance_km": 0.41},
            {"speed_kmh": 3.6},
            {"timestamp": "Mon Apr 24 14:45:02 UTC 2017"}
        ],
        [
            {"location": [[
                {"latitude": 64.234058},
                {"longitude": 27.73099}
            ]]},
            {"altitude": 124},
            {"distance_km": 0.42},
            {"speed_kmh": 3.6},
            {"timestamp": "Mon Apr 24 14:45:08 UTC 2017"}
        ],
        [
            {"location": [[
                {"latitude": 64.234142},
                {"longitude": 27.730806}
            ]]},
            {"altitude": 124.5},
            {"distance_km": 0.44},
            {"speed_kmh": 5.4},
            {"timestamp": "Mon Apr 24 14:45:14 UTC 2017"}
        ],
        [
            {"location": [[
                {"latitude": 64.234201},
                {"longitude": 27.730588}
            ]]},
            {"altitude": 123.5},
            {"distance_km": 0.45},
            {"speed_kmh": 3.6},
            {"timestamp": "Mon Apr 24 14:45:20 UTC 2017"}
        ],
        [
            {"location": [[
                {"latitude": 64.234295},
                {"longitude": 27.730453}
            ]]},
            {"altitude": 125.5},
            {"distance_km": 0.46},
            {"speed_kmh": 2.7},
            {"timestamp": "Mon Apr 24 14:45:31 UTC 2017"}
        ],
        [
            {"location": [[
                {"latitude": 64.234386},
                {"longitude": 27.730261}
            ]]},
            {"altitude": 134},
            {"distance_km": 0.48},
            {"speed_kmh": 2.7},
            {"timestamp": "Mon Apr 24 14:45:42 UTC 2017"}
        ],
        [
            {"location": [[
                {"latitude": 64.234468},
                {"longitude": 27.730162}
            ]]},
            {"altitude": 139},
            {"distance_km": 0.49},
            {"speed_kmh": 2.7},
            {"timestamp": "Mon Apr 24 14:45:50 UTC 2017"}
        ],
        [
            {"location": [[
                {"latitude": 64.234553},
                {"longitude": 27.730073}
            ]]},
            {"altitude": 136},
            {"distance_km": 0.5},
            {"speed_kmh": 1.8},
            {"timestamp": "Mon Apr 24 14:46:04 UTC 2017"}
        ],
        [
            {"location": [[
                {"latitude": 64.23463},
                {"longitude": 27.729938}
            ]]},
            {"altitude": 138.5},
            {"distance_km": 0.51},
            {"speed_kmh": 2.7},
            {"timestamp": "Mon Apr 24 14:46:12 UTC 2017"}
        ],
        [
            {"location": [[
                {"latitude": 64.234704},
                {"longitude": 27.729816}
            ]]},
            {"altitude": 139.5},
            {"distance_km": 0.52},
            {"speed_kmh": 2.7},
            {"timestamp": "Mon Apr 24 14:46:18 UTC 2017"}
        ],
        [
            {"location": [[
                {"latitude": 64.234787},
                {"longitude": 27.729661}
            ]]},
            {"altitude": 144},
            {"distance_km": 0.53},
            {"speed_kmh": 2.7},
            {"timestamp": "Mon Apr 24 14:46:28 UTC 2017"}
        ],
        [
            {"location": [[
                {"latitude": 64.234836},
                {"longitude": 27.729442}
            ]]},
            {"altitude": 143.5},
            {"distance_km": 0.54},
            {"speed_kmh": 2.7},
            {"timestamp": "Mon Apr 24 14:46:38 UTC 2017"}
        ],
        [
            {"location": [[
                {"latitude": 64.234926},
                {"longitude": 27.729381}
            ]]},
            {"altitude": 148.5},
            {"distance_km": 0.55},
            {"speed_kmh": 2.7},
            {"timestamp": "Mon Apr 24 14:46:48 UTC 2017"}
        ],
        [
            {"location": [[
                {"latitude": 64.23501},
                {"longitude": 27.729224}
            ]]},
            {"altitude": 148.5},
            {"distance_km": 0.56},
            {"speed_kmh": 1.8},
            {"timestamp": "Mon Apr 24 14:47:04 UTC 2017"}
        ],
        [
            {"location": [[
                {"latitude": 64.235094},
                {"longitude": 27.729125}
            ]]},
            {"altitude": 153.5},
            {"distance_km": 0.57},
            {"speed_kmh": 2.7},
            {"timestamp": "Mon Apr 24 14:47:15 UTC 2017"}
        ],
        [
            {"location": [[
                {"latitude": 64.235181},
                {"longitude": 27.729182}
            ]]},
            {"altitude": 151},
            {"distance_km": 0.58},
            {"speed_kmh": 3.6},
            {"timestamp": "Mon Apr 24 14:47:23 UTC 2017"}
        ],
        [
            {"location": [[
                {"latitude": 64.235277},
                {"longitude": 27.729149}
            ]]},
            {"altitude": 150.5},
            {"distance_km": 0.6},
            {"speed_kmh": 2.7},
            {"timestamp": "Mon Apr 24 14:47:34 UTC 2017"}
        ],
        [
            {"location": [[
                {"latitude": 64.235367},
                {"longitude": 27.729101}
            ]]},
            {"altitude": 150},
            {"distance_km": 0.61},
            {"speed_kmh": 0.9},
            {"timestamp": "Mon Apr 24 14:47:44 UTC 2017"}
        ],
        [
            {"location": [[
                {"latitude": 64.235363},
                {"longitude": 27.72889}
            ]]},
            {"altitude": 148},
            {"distance_km": 0.62},
            {"speed_kmh": 2.7},
            {"timestamp": "Mon Apr 24 14:47:56 UTC 2017"}
        ],
        [
            {"location": [[
                {"latitude": 64.235421},
                {"longitude": 27.728715}
            ]]},
            {"altitude": 152.5},
            {"distance_km": 0.63},
            {"speed_kmh": 2.7},
            {"timestamp": "Mon Apr 24 14:48:04 UTC 2017"}
        ],
        [
            {"location": [[
                {"latitude": 64.235504},
                {"longitude": 27.728594}
            ]]},
            {"altitude": 153.5},
            {"distance_km": 0.64},
            {"speed_kmh": 2.7},
            {"timestamp": "Mon Apr 24 14:48:18 UTC 2017"}
        ],
        [
            {"location": [[
                {"latitude": 64.235584},
                {"longitude": 27.728467}
            ]]},
            {"altitude": 153},
            {"distance_km": 0.65},
            {"speed_kmh": 2.7},
            {"timestamp": "Mon Apr 24 14:48:26 UTC 2017"}
        ],
        [
            {"location": [[
                {"latitude": 64.235685},
                {"longitude": 27.728345}
            ]]},
            {"altitude": 154.5},
            {"distance_km": 0.66},
            {"speed_kmh": 3.6},
            {"timestamp": "Mon Apr 24 14:48:34 UTC 2017"}
        ],
        [
            {"location": [[
                {"latitude": 64.235767},
                {"longitude": 27.72817}
            ]]},
            {"altitude": 154.5},
            {"distance_km": 0.67},
            {"speed_kmh": 3.6},
            {"timestamp": "Mon Apr 24 14:48:42 UTC 2017"}
        ],
        [
            {"location": [[
                {"latitude": 64.235848},
                {"longitude": 27.727993}
            ]]},
            {"altitude": 157.5},
            {"distance_km": 0.69},
            {"speed_kmh": 3.6},
            {"timestamp": "Mon Apr 24 14:48:50 UTC 2017"}
        ],
        [
            {"location": [[
                {"latitude": 64.235946},
                {"longitude": 27.72784}
            ]]},
            {"altitude": 161},
            {"distance_km": 0.7},
            {"speed_kmh": 3.6},
            {"timestamp": "Mon Apr 24 14:48:58 UTC 2017"}
        ],
        [
            {"location": [[
                {"latitude": 64.236},
                {"longitude": 27.727639}
            ]]},
            {"altitude": 160},
            {"distance_km": 0.71},
            {"speed_kmh": 2.7},
            {"timestamp": "Mon Apr 24 14:49:07 UTC 2017"}
        ],
        [
            {"location": [[
                {"latitude": 64.23605},
                {"longitude": 27.727443}
            ]]},
            {"altitude": 162.5},
            {"distance_km": 0.72},
            {"speed_kmh": 2.7},
            {"timestamp": "Mon Apr 24 14:49:13 UTC 2017"}
        ],
        [
            {"location": [[
                {"latitude": 64.236099},
                {"longitude": 27.727255}
            ]]},
            {"altitude": 164},
            {"distance_km": 0.73},
            {"speed_kmh": 2.7},
            {"timestamp": "Mon Apr 24 14:49:19 UTC 2017"}
        ],
        [
            {"location": [[
                {"latitude": 64.236134},
                {"longitude": 27.727059}
            ]]},
            {"altitude": 164.5},
            {"distance_km": 0.74},
            {"speed_kmh": 2.7},
            {"timestamp": "Mon Apr 24 14:49:26 UTC 2017"}
        ],
        [
            {"location": [[
                {"latitude": 64.236172},
                {"longitude": 27.726813}
            ]]},
            {"altitude": 160},
            {"distance_km": 0.75},
            {"speed_kmh": 2.7},
            {"timestamp": "Mon Apr 24 14:49:34 UTC 2017"}
        ],
        [
            {"location": [[
                {"latitude": 64.236228},
                {"longitude": 27.726568}
            ]]},
            {"altitude": 164},
            {"distance_km": 0.77},
            {"speed_kmh": 4.5},
            {"timestamp": "Mon Apr 24 14:49:42 UTC 2017"}
        ],
        [
            {"location": [[
                {"latitude": 64.236252},
                {"longitude": 27.726362}
            ]]},
            {"altitude": 164},
            {"distance_km": 0.78},
            {"speed_kmh": 2.7},
            {"timestamp": "Mon Apr 24 14:49:50 UTC 2017"}
        ],
        [
            {"location": [[
                {"latitude": 64.236296},
                {"longitude": 27.726111}
            ]]},
            {"altitude": 165},
            {"distance_km": 0.79},
            {"speed_kmh": 3.6},
            {"timestamp": "Mon Apr 24 14:49:58 UTC 2017"}
        ],
        [
            {"location": [[
                {"latitude": 64.236304},
                {"longitude": 27.725895}
            ]]},
            {"altitude": 162.5},
            {"distance_km": 0.8},
            {"speed_kmh": 3.6},
            {"timestamp": "Mon Apr 24 14:50:04 UTC 2017"}
        ],
        [
            {"location": [[
                {"latitude": 64.236334},
                {"longitude": 27.725688}
            ]]},
            {"altitude": 162.5},
            {"distance_km": 0.81},
            {"speed_kmh": 3.6},
            {"timestamp": "Mon Apr 24 14:50:12 UTC 2017"}
        ],
        [
            {"location": [[
                {"latitude": 64.236374},
                {"longitude": 27.725449}
            ]]},
            {"altitude": 159},
            {"distance_km": 0.83},
            {"speed_kmh": 3.6},
            {"timestamp": "Mon Apr 24 14:50:22 UTC 2017"}
        ],
        [
            {"location": [[
                {"latitude": 64.236462},
                {"longitude": 27.725317}
            ]]},
            {"altitude": 157.5},
            {"distance_km": 0.84},
            {"speed_kmh": 2.7},
            {"timestamp": "Mon Apr 24 14:50:42 UTC 2017"}
        ],
        [
            {"location": [[
                {"latitude": 64.236572},
                {"longitude": 27.725283}
            ]]},
            {"altitude": 159},
            {"distance_km": 0.85},
            {"speed_kmh": 2.7},
            {"timestamp": "Mon Apr 24 14:50:52 UTC 2017"}
        ],
        [
            {"location": [[
                {"latitude": 64.236683},
                {"longitude": 27.725291}
            ]]},
            {"altitude": 158},
            {"distance_km": 0.86},
            {"speed_kmh": 2.7},
            {"timestamp": "Mon Apr 24 14:51:02 UTC 2017"}
        ],
        [
            {"location": [[
                {"latitude": 64.236786},
                {"longitude": 27.725342}
            ]]},
            {"altitude": 156},
            {"distance_km": 0.87},
            {"speed_kmh": 2.7},
            {"timestamp": "Mon Apr 24 14:51:11 UTC 2017"}
        ],
        [
            {"location": [[
                {"latitude": 64.236882},
                {"longitude": 27.725327}
            ]]},
            {"altitude": 158.5},
            {"distance_km": 0.88},
            {"speed_kmh": 3.6},
            {"timestamp": "Mon Apr 24 14:51:19 UTC 2017"}
        ],
        [
            {"location": [[
                {"latitude": 64.236996},
                {"longitude": 27.725369}
            ]]},
            {"altitude": 158.5},
            {"distance_km": 0.9},
            {"speed_kmh": 3.6},
            {"timestamp": "Mon Apr 24 14:51:28 UTC 2017"}
        ],
        [
            {"location": [[
                {"latitude": 64.237105},
                {"longitude": 27.725463}
            ]]},
            {"altitude": 158.5},
            {"distance_km": 0.91},
            {"speed_kmh": 3.6},
            {"timestamp": "Mon Apr 24 14:51:36 UTC 2017"}
        ],
        [
            {"location": [[
                {"latitude": 64.237176},
                {"longitude": 27.725611}
            ]]},
            {"altitude": 160},
            {"distance_km": 0.92},
            {"speed_kmh": 3.6},
            {"timestamp": "Mon Apr 24 14:51:44 UTC 2017"}
        ],
        [
            {"location": [[
                {"latitude": 64.237272},
                {"longitude": 27.725745}
            ]]},
            {"altitude": 160.5},
            {"distance_km": 0.93},
            {"speed_kmh": 3.6},
            {"timestamp": "Mon Apr 24 14:51:54 UTC 2017"}
        ],
        [
            {"location": [[
                {"latitude": 64.23736},
                {"longitude": 27.725887}
            ]]},
            {"altitude": 158.5},
            {"distance_km": 0.94},
            {"speed_kmh": 3.6},
            {"timestamp": "Mon Apr 24 14:52:02 UTC 2017"}
        ],
        [
            {"location": [[
                {"latitude": 64.237446},
                {"longitude": 27.726032}
            ]]},
            {"altitude": 158},
            {"distance_km": 0.96},
            {"speed_kmh": 3.6},
            {"timestamp": "Mon Apr 24 14:52:12 UTC 2017"}
        ],
        [
            {"location": [[
                {"latitude": 64.237533},
                {"longitude": 27.726157}
            ]]},
            {"altitude": 162.5},
            {"distance_km": 0.97},
            {"speed_kmh": 3.6},
            {"timestamp": "Mon Apr 24 14:52:20 UTC 2017"}
        ],
        [
            {"location": [[
                {"latitude": 64.237627},
                {"longitude": 27.726273}
            ]]},
            {"altitude": 162},
            {"distance_km": 0.98},
            {"speed_kmh": 3.6},
            {"timestamp": "Mon Apr 24 14:52:28 UTC 2017"}
        ],
        [
            {"location": [[
                {"latitude": 64.237711},
                {"longitude": 27.726411}
            ]]},
            {"altitude": 163.5},
            {"distance_km": 0.99},
            {"speed_kmh": 2.7},
            {"timestamp": "Mon Apr 24 14:52:36 UTC 2017"}
        ],
        [
            {"location": [[
                {"latitude": 64.237817},
                {"longitude": 27.726508}
            ]]},
            {"altitude": 163},
            {"distance_km": 1},
            {"speed_kmh": 4.5},
            {"timestamp": "Mon Apr 24 14:52:46 UTC 2017"}
        ],
        [
            {"location": [[
                {"latitude": 64.237918},
                {"longitude": 27.726597}
            ]]},
            {"altitude": 163.5},
            {"distance_km": 1.02},
            {"speed_kmh": 4.5},
            {"timestamp": "Mon Apr 24 14:52:52 UTC 2017"}
        ],
        [
            {"location": [[
                {"latitude": 64.23802},
                {"longitude": 27.726643}
            ]]},
            {"altitude": 168.5},
            {"distance_km": 1.03},
            {"speed_kmh": 4.5},
            {"timestamp": "Mon Apr 24 14:52:58 UTC 2017"}
        ],
        [
            {"location": [[
                {"latitude": 64.238115},
                {"longitude": 27.726767}
            ]]},
            {"altitude": 167},
            {"distance_km": 1.04},
            {"speed_kmh": 4.5},
            {"timestamp": "Mon Apr 24 14:53:06 UTC 2017"}
        ],
        [
            {"location": [[
                {"latitude": 64.238193},
                {"longitude": 27.726883}
            ]]},
            {"altitude": 163},
            {"distance_km": 1.05},
            {"speed_kmh": 3.6},
            {"timestamp": "Mon Apr 24 14:53:14 UTC 2017"}
        ],
        [
            {"location": [[
                {"latitude": 64.23831},
                {"longitude": 27.72692}
            ]]},
            {"altitude": 166},
            {"distance_km": 1.06},
            {"speed_kmh": 3.6},
            {"timestamp": "Mon Apr 24 14:53:25 UTC 2017"}
        ],
        [
            {"location": [[
                {"latitude": 64.2384},
                {"longitude": 27.726943}
            ]]},
            {"altitude": 162},
            {"distance_km": 1.07},
            {"speed_kmh": 3.6},
            {"timestamp": "Mon Apr 24 14:53:31 UTC 2017"}
        ],
        [
            {"location": [[
                {"latitude": 64.238504},
                {"longitude": 27.726963}
            ]]},
            {"altitude": 167.5},
            {"distance_km": 1.09},
            {"speed_kmh": 3.6},
            {"timestamp": "Mon Apr 24 14:53:38 UTC 2017"}
        ],
        [
            {"location": [[
                {"latitude": 64.23859},
                {"longitude": 27.727059}
            ]]},
            {"altitude": 164.5},
            {"distance_km": 1.1},
            {"speed_kmh": 1.8},
            {"timestamp": "Mon Apr 24 14:53:48 UTC 2017"}
        ],
        [
            {"location": [[
                {"latitude": 64.238609},
                {"longitude": 27.727267}
            ]]},
            {"altitude": 169},
            {"distance_km": 1.11},
            {"speed_kmh": 3.6},
            {"timestamp": "Mon Apr 24 14:53:56 UTC 2017"}
        ],
        [
            {"location": [[
                {"latitude": 64.238628},
                {"longitude": 27.727531}
            ]]},
            {"altitude": 171.5},
            {"distance_km": 1.12},
            {"speed_kmh": 3.6},
            {"timestamp": "Mon Apr 24 14:54:04 UTC 2017"}
        ],
        [
            {"location": [[
                {"latitude": 64.238658},
                {"longitude": 27.727757}
            ]]},
            {"altitude": 171.5},
            {"distance_km": 1.13},
            {"speed_kmh": 3.6},
            {"timestamp": "Mon Apr 24 14:54:12 UTC 2017"}
        ],
        [
            {"location": [[
                {"latitude": 64.238718},
                {"longitude": 27.727936}
            ]]},
            {"altitude": 170.5},
            {"distance_km": 1.14},
            {"speed_kmh": 3.6},
            {"timestamp": "Mon Apr 24 14:54:20 UTC 2017"}
        ],
        [
            {"location": [[
                {"latitude": 64.238767},
                {"longitude": 27.728133}
            ]]},
            {"altitude": 167},
            {"distance_km": 1.15},
            {"speed_kmh": 3.6},
            {"timestamp": "Mon Apr 24 14:54:28 UTC 2017"}
        ],
        [
            {"location": [[
                {"latitude": 64.238815},
                {"longitude": 27.728319}
            ]]},
            {"altitude": 169.5},
            {"distance_km": 1.16},
            {"speed_kmh": 3.6},
            {"timestamp": "Mon Apr 24 14:54:34 UTC 2017"}
        ],
        [
            {"location": [[
                {"latitude": 64.238843},
                {"longitude": 27.728533}
            ]]},
            {"altitude": 168},
            {"distance_km": 1.17},
            {"speed_kmh": 3.6},
            {"timestamp": "Mon Apr 24 14:54:42 UTC 2017"}
        ],
        [
            {"location": [[
                {"latitude": 64.238846},
                {"longitude": 27.72878}
            ]]},
            {"altitude": 167.5},
            {"distance_km": 1.19},
            {"speed_kmh": 2.7},
            {"timestamp": "Mon Apr 24 14:54:52 UTC 2017"}
        ],
        [
            {"location": [[
                {"latitude": 64.238856},
                {"longitude": 27.728986}
            ]]},
            {"altitude": 163.5},
            {"distance_km": 1.2},
            {"speed_kmh": 3.6},
            {"timestamp": "Mon Apr 24 14:55:01 UTC 2017"}
        ],
        [
            {"location": [[
                {"latitude": 64.238888},
                {"longitude": 27.729222}
            ]]},
            {"altitude": 165.5},
            {"distance_km": 1.21},
            {"speed_kmh": 3.6},
            {"timestamp": "Mon Apr 24 14:55:10 UTC 2017"}
        ],
        [
            {"location": [[
                {"latitude": 64.238929},
                {"longitude": 27.729454}
            ]]},
            {"altitude": 164},
            {"distance_km": 1.22},
            {"speed_kmh": 3.6},
            {"timestamp": "Mon Apr 24 14:55:18 UTC 2017"}
        ],
        [
            {"location": [[
                {"latitude": 64.238943},
                {"longitude": 27.729694}
            ]]},
            {"altitude": 167},
            {"distance_km": 1.23},
            {"speed_kmh": 3.6},
            {"timestamp": "Mon Apr 24 14:55:26 UTC 2017"}
        ],
        [
            {"location": [[
                {"latitude": 64.23894},
                {"longitude": 27.729915}
            ]]},
            {"altitude": 165.5},
            {"distance_km": 1.24},
            {"speed_kmh": 4.5},
            {"timestamp": "Mon Apr 24 14:55:34 UTC 2017"}
        ],
        [
            {"location": [[
                {"latitude": 64.238921},
                {"longitude": 27.730128}
            ]]},
            {"altitude": 164},
            {"distance_km": 1.25},
            {"speed_kmh": 3.6},
            {"timestamp": "Mon Apr 24 14:55:42 UTC 2017"}
        ],
        [
            {"location": [[
                {"latitude": 64.238905},
                {"longitude": 27.730333}
            ]]},
            {"altitude": 166},
            {"distance_km": 1.26},
            {"speed_kmh": 2.7},
            {"timestamp": "Mon Apr 24 14:55:50 UTC 2017"}
        ],
        [
            {"location": [[
                {"latitude": 64.238878},
                {"longitude": 27.730575}
            ]]},
            {"altitude": 169.5},
            {"distance_km": 1.27},
            {"speed_kmh": 2.7},
            {"timestamp": "Mon Apr 24 14:56:00 UTC 2017"}
        ],
        [
            {"location": [[
                {"latitude": 64.238855},
                {"longitude": 27.73082}
            ]]},
            {"altitude": 163},
            {"distance_km": 1.29},
            {"speed_kmh": 3.6},
            {"timestamp": "Mon Apr 24 14:56:10 UTC 2017"}
        ],
        [
            {"location": [[
                {"latitude": 64.238857},
                {"longitude": 27.73103}
            ]]},
            {"altitude": 160},
            {"distance_km": 1.3},
            {"speed_kmh": 3.6},
            {"timestamp": "Mon Apr 24 14:56:18 UTC 2017"}
        ],
        [
            {"location": [[
                {"latitude": 64.238841},
                {"longitude": 27.731292}
            ]]},
            {"altitude": 163},
            {"distance_km": 1.31},
            {"speed_kmh": 3.6},
            {"timestamp": "Mon Apr 24 14:56:26 UTC 2017"}
        ],
        [
            {"location": [[
                {"latitude": 64.238824},
                {"longitude": 27.73154}
            ]]},
            {"altitude": 165},
            {"distance_km": 1.32},
            {"speed_kmh": 3.6},
            {"timestamp": "Mon Apr 24 14:56:34 UTC 2017"}
        ],
        [
            {"location": [[
                {"latitude": 64.238831},
                {"longitude": 27.731781}
            ]]},
            {"altitude": 165.5},
            {"distance_km": 1.33},
            {"speed_kmh": 3.6},
            {"timestamp": "Mon Apr 24 14:56:42 UTC 2017"}
        ],
        [
            {"location": [[
                {"latitude": 64.238824},
                {"longitude": 27.73199}
            ]]},
            {"altitude": 168.5},
            {"distance_km": 1.34},
            {"speed_kmh": 1.8},
            {"timestamp": "Mon Apr 24 14:56:59 UTC 2017"}
        ],
        [
            {"location": [[
                {"latitude": 64.238835},
                {"longitude": 27.732214}
            ]]},
            {"altitude": 170},
            {"distance_km": 1.35},
            {"speed_kmh": 2.7},
            {"timestamp": "Mon Apr 24 14:57:07 UTC 2017"}
        ],
        [
            {"location": [[
                {"latitude": 64.238924},
                {"longitude": 27.732296}
            ]]},
            {"altitude": 169.5},
            {"distance_km": 1.37},
            {"speed_kmh": 3.6},
            {"timestamp": "Mon Apr 24 14:57:38 UTC 2017"}
        ],
        [
            {"location": [[
                {"latitude": 64.238887},
                {"longitude": 27.732497}
            ]]},
            {"altitude": 168.5},
            {"distance_km": 1.38},
            {"speed_kmh": 2.7},
            {"timestamp": "Mon Apr 24 14:57:46 UTC 2017"}
        ],
        [
            {"location": [[
                {"latitude": 64.23881},
                {"longitude": 27.732626}
            ]]},
            {"altitude": 163},
            {"distance_km": 1.39},
            {"speed_kmh": 1.8},
            {"timestamp": "Mon Apr 24 14:58:02 UTC 2017"}
        ],
        [
            {"location": [[
                {"latitude": 64.238763},
                {"longitude": 27.732814}
            ]]},
            {"altitude": 161.5},
            {"distance_km": 1.4},
            {"speed_kmh": 0},
            {"timestamp": "Mon Apr 24 14:58:10 UTC 2017"}
        ],
        [
            {"location": [[
                {"latitude": 64.238674},
                {"longitude": 27.732874}
            ]]},
            {"altitude": 160.5},
            {"distance_km": 1.41},
            {"speed_kmh": 2.7},
            {"timestamp": "Mon Apr 24 14:58:24 UTC 2017"}
        ],
        [
            {"location": [[
                {"latitude": 64.238584},
                {"longitude": 27.73292}
            ]]},
            {"altitude": 156},
            {"distance_km": 1.42},
            {"speed_kmh": 2.7},
            {"timestamp": "Mon Apr 24 14:58:32 UTC 2017"}
        ],
        [
            {"location": [[
                {"latitude": 64.238474},
                {"longitude": 27.732964}
            ]]},
            {"altitude": 153.5},
            {"distance_km": 1.43},
            {"speed_kmh": 2.7},
            {"timestamp": "Mon Apr 24 14:58:42 UTC 2017"}
        ],
        [
            {"location": [[
                {"latitude": 64.238376},
                {"longitude": 27.732926}
            ]]},
            {"altitude": 152.5},
            {"distance_km": 1.44},
            {"speed_kmh": 3.6},
            {"timestamp": "Mon Apr 24 14:59:08 UTC 2017"}
        ],
        [
            {"location": [[
                {"latitude": 64.238268},
                {"longitude": 27.732889}
            ]]},
            {"altitude": 148},
            {"distance_km": 1.45},
            {"speed_kmh": 4.5},
            {"timestamp": "Mon Apr 24 14:59:16 UTC 2017"}
        ],
        [
            {"location": [[
                {"latitude": 64.238171},
                {"longitude": 27.732776}
            ]]},
            {"altitude": 144},
            {"distance_km": 1.47},
            {"speed_kmh": 4.5},
            {"timestamp": "Mon Apr 24 14:59:24 UTC 2017"}
        ],
        [
            {"location": [[
                {"latitude": 64.238069},
                {"longitude": 27.732686}
            ]]},
            {"altitude": 145.5},
            {"distance_km": 1.48},
            {"speed_kmh": 4.5},
            {"timestamp": "Mon Apr 24 14:59:32 UTC 2017"}
        ],
        [
            {"location": [[
                {"latitude": 64.237972},
                {"longitude": 27.732591}
            ]]},
            {"altitude": 151.5},
            {"distance_km": 1.49},
            {"speed_kmh": 4.5},
            {"timestamp": "Mon Apr 24 14:59:40 UTC 2017"}
        ],
        [
            {"location": [[
                {"latitude": 64.237882},
                {"longitude": 27.732543}
            ]]},
            {"altitude": 148},
            {"distance_km": 1.5},
            {"speed_kmh": 4.5},
            {"timestamp": "Mon Apr 24 14:59:48 UTC 2017"}
        ],
        [
            {"location": [[
                {"latitude": 64.237795},
                {"longitude": 27.73246}
            ]]},
            {"altitude": 150.5},
            {"distance_km": 1.51},
            {"speed_kmh": 4.5},
            {"timestamp": "Mon Apr 24 14:59:56 UTC 2017"}
        ],
        [
            {"location": [[
                {"latitude": 64.237696},
                {"longitude": 27.732374}
            ]]},
            {"altitude": 155},
            {"distance_km": 1.52},
            {"speed_kmh": 4.5},
            {"timestamp": "Mon Apr 24 15:00:04 UTC 2017"}
        ],
        [
            {"location": [[
                {"latitude": 64.237583},
                {"longitude": 27.732256}
            ]]},
            {"altitude": 159},
            {"distance_km": 1.54},
            {"speed_kmh": 6.3},
            {"timestamp": "Mon Apr 24 15:00:12 UTC 2017"}
        ],
        [
            {"location": [[
                {"latitude": 64.237485},
                {"longitude": 27.732152}
            ]]},
            {"altitude": 158},
            {"distance_km": 1.55},
            {"speed_kmh": 6.3},
            {"timestamp": "Mon Apr 24 15:00:18 UTC 2017"}
        ],
        [
            {"location": [[
                {"latitude": 64.237393},
                {"longitude": 27.732089}
            ]]},
            {"altitude": 159.5},
            {"distance_km": 1.56},
            {"speed_kmh": 5.4},
            {"timestamp": "Mon Apr 24 15:00:24 UTC 2017"}
        ],
        [
            {"location": [[
                {"latitude": 64.237311},
                {"longitude": 27.731992}
            ]]},
            {"altitude": 161.5},
            {"distance_km": 1.57},
            {"speed_kmh": 5.4},
            {"timestamp": "Mon Apr 24 15:00:30 UTC 2017"}
        ],
        [
            {"location": [[
                {"latitude": 64.237223},
                {"longitude": 27.731901}
            ]]},
            {"altitude": 165.5},
            {"distance_km": 1.58},
            {"speed_kmh": 3.6},
            {"timestamp": "Mon Apr 24 15:00:40 UTC 2017"}
        ],
        [
            {"location": [[
                {"latitude": 64.237129},
                {"longitude": 27.731865}
            ]]},
            {"altitude": 168},
            {"distance_km": 1.59},
            {"speed_kmh": 4.5},
            {"timestamp": "Mon Apr 24 15:00:48 UTC 2017"}
        ],
        [
            {"location": [[
                {"latitude": 64.237024},
                {"longitude": 27.73188}
            ]]},
            {"altitude": 176.5},
            {"distance_km": 1.6},
            {"speed_kmh": 4.5},
            {"timestamp": "Mon Apr 24 15:01:03 UTC 2017"}
        ],
        [
            {"location": [[
                {"latitude": 64.236926},
                {"longitude": 27.73186}
            ]]},
            {"altitude": 182.5},
            {"distance_km": 1.61},
            {"speed_kmh": 4.5},
            {"timestamp": "Mon Apr 24 15:01:12 UTC 2017"}
        ],
        [
            {"location": [[
                {"latitude": 64.236812},
                {"longitude": 27.73183}
            ]]},
            {"altitude": 187},
            {"distance_km": 1.63},
            {"speed_kmh": 5.4},
            {"timestamp": "Mon Apr 24 15:01:20 UTC 2017"}
        ],
        [
            {"location": [[
                {"latitude": 64.236713},
                {"longitude": 27.731889}
            ]]},
            {"altitude": 189.5},
            {"distance_km": 1.64},
            {"speed_kmh": 4.5},
            {"timestamp": "Mon Apr 24 15:01:28 UTC 2017"}
        ],
        [
            {"location": [[
                {"latitude": 64.236617},
                {"longitude": 27.731859}
            ]]},
            {"altitude": 191.5},
            {"distance_km": 1.65},
            {"speed_kmh": 4.5},
            {"timestamp": "Mon Apr 24 15:01:34 UTC 2017"}
        ],
        [
            {"location": [[
                {"latitude": 64.236521},
                {"longitude": 27.731857}
            ]]},
            {"altitude": 194.5},
            {"distance_km": 1.66},
            {"speed_kmh": 4.5},
            {"timestamp": "Mon Apr 24 15:01:40 UTC 2017"}
        ],
        [
            {"location": [[
                {"latitude": 64.236403},
                {"longitude": 27.731826}
            ]]},
            {"altitude": 194},
            {"distance_km": 1.67},
            {"speed_kmh": 4.5},
            {"timestamp": "Mon Apr 24 15:01:48 UTC 2017"}
        ],
        [
            {"location": [[
                {"latitude": 64.236291},
                {"longitude": 27.73181}
            ]]},
            {"altitude": 192.5},
            {"distance_km": 1.68},
            {"speed_kmh": 4.5},
            {"timestamp": "Mon Apr 24 15:02:00 UTC 2017"}
        ],
        [
            {"location": [[
                {"latitude": 64.236181},
                {"longitude": 27.731837}
            ]]},
            {"altitude": 193.5},
            {"distance_km": 1.7},
            {"speed_kmh": 3.6},
            {"timestamp": "Mon Apr 24 15:02:08 UTC 2017"}
        ],
        [
            {"location": [[
                {"latitude": 64.236079},
                {"longitude": 27.731824}
            ]]},
            {"altitude": 195},
            {"distance_km": 1.71},
            {"speed_kmh": 0},
            {"timestamp": "Mon Apr 24 15:02:16 UTC 2017"}
        ],
        [
            {"location": [[
                {"latitude": 64.235987},
                {"longitude": 27.731825}
            ]]},
            {"altitude": 197},
            {"distance_km": 1.72},
            {"speed_kmh": 3.6},
            {"timestamp": "Mon Apr 24 15:02:24 UTC 2017"}
        ],
        [
            {"location": [[
                {"latitude": 64.235886},
                {"longitude": 27.731806}
            ]]},
            {"altitude": 198.5},
            {"distance_km": 1.73},
            {"speed_kmh": 2.7},
            {"timestamp": "Mon Apr 24 15:02:32 UTC 2017"}
        ],
        [
            {"location": [[
                {"latitude": 64.235771},
                {"longitude": 27.731853}
            ]]},
            {"altitude": 194.5},
            {"distance_km": 1.74},
            {"speed_kmh": 6.3},
            {"timestamp": "Mon Apr 24 15:02:40 UTC 2017"}
        ],
        [
            {"location": [[
                {"latitude": 64.235669},
                {"longitude": 27.731854}
            ]]},
            {"altitude": 191},
            {"distance_km": 1.75},
            {"speed_kmh": 4.5},
            {"timestamp": "Mon Apr 24 15:02:46 UTC 2017"}
        ],
        [
            {"location": [[
                {"latitude": 64.235564},
                {"longitude": 27.73188}
            ]]},
            {"altitude": 192},
            {"distance_km": 1.77},
            {"speed_kmh": 4.5},
            {"timestamp": "Mon Apr 24 15:02:53 UTC 2017"}
        ],
        [
            {"location": [[
                {"latitude": 64.235455},
                {"longitude": 27.731858}
            ]]},
            {"altitude": 190.5},
            {"distance_km": 1.78},
            {"speed_kmh": 0},
            {"timestamp": "Mon Apr 24 15:03:01 UTC 2017"}
        ],
        [
            {"location": [[
                {"latitude": 64.235358},
                {"longitude": 27.731835}
            ]]},
            {"altitude": 192.5},
            {"distance_km": 1.79},
            {"speed_kmh": 3.6},
            {"timestamp": "Mon Apr 24 15:03:08 UTC 2017"}
        ],
        [
            {"location": [[
                {"latitude": 64.235252},
                {"longitude": 27.731844}
            ]]},
            {"altitude": 196.5},
            {"distance_km": 1.8},
            {"speed_kmh": 3.6},
            {"timestamp": "Mon Apr 24 15:03:16 UTC 2017"}
        ],
        [
            {"location": [[
                {"latitude": 64.235131},
                {"longitude": 27.731842}
            ]]},
            {"altitude": 195},
            {"distance_km": 1.81},
            {"speed_kmh": 3.6},
            {"timestamp": "Mon Apr 24 15:03:24 UTC 2017"}
        ],
        [
            {"location": [[
                {"latitude": 64.235015},
                {"longitude": 27.731845}
            ]]},
            {"altitude": 195},
            {"distance_km": 1.83},
            {"speed_kmh": 3.6},
            {"timestamp": "Mon Apr 24 15:03:32 UTC 2017"}
        ],
        [
            {"location": [[
                {"latitude": 64.234919},
                {"longitude": 27.731852}
            ]]},
            {"altitude": 197},
            {"distance_km": 1.84},
            {"speed_kmh": 3.6},
            {"timestamp": "Mon Apr 24 15:03:38 UTC 2017"}
        ],
        [
            {"location": [[
                {"latitude": 64.234826},
                {"longitude": 27.731887}
            ]]},
            {"altitude": 193},
            {"distance_km": 1.85},
            {"speed_kmh": 3.6},
            {"timestamp": "Mon Apr 24 15:03:48 UTC 2017"}
        ],
        [
            {"location": [[
                {"latitude": 64.234728},
                {"longitude": 27.731891}
            ]]},
            {"altitude": 190},
            {"distance_km": 1.86},
            {"speed_kmh": 3.6},
            {"timestamp": "Mon Apr 24 15:03:54 UTC 2017"}
        ],
        [
            {"location": [[
                {"latitude": 64.23463},
                {"longitude": 27.731875}
            ]]},
            {"altitude": 189},
            {"distance_km": 1.87},
            {"speed_kmh": 3.6},
            {"timestamp": "Mon Apr 24 15:04:00 UTC 2017"}
        ],
        [
            {"location": [[
                {"latitude": 64.234518},
                {"longitude": 27.731888}
            ]]},
            {"altitude": 194.5},
            {"distance_km": 1.88},
            {"speed_kmh": 3.6},
            {"timestamp": "Mon Apr 24 15:04:08 UTC 2017"}
        ],
        [
            {"location": [[
                {"latitude": 64.234407},
                {"longitude": 27.731924}
            ]]},
            {"altitude": 192},
            {"distance_km": 1.89},
            {"speed_kmh": 3.6},
            {"timestamp": "Mon Apr 24 15:04:16 UTC 2017"}
        ],
        [
            {"location": [[
                {"latitude": 64.234296},
                {"longitude": 27.731988}
            ]]},
            {"altitude": 189.5},
            {"distance_km": 1.91},
            {"speed_kmh": 3.6},
            {"timestamp": "Mon Apr 24 15:04:24 UTC 2017"}
        ],
        [
            {"location": [[
                {"latitude": 64.234181},
                {"longitude": 27.732048}
            ]]},
            {"altitude": 184},
            {"distance_km": 1.92},
            {"speed_kmh": 3.6},
            {"timestamp": "Mon Apr 24 15:04:32 UTC 2017"}
        ],
        [
            {"location": [[
                {"latitude": 64.234066},
                {"longitude": 27.732092}
            ]]},
            {"altitude": 184.5},
            {"distance_km": 1.93},
            {"speed_kmh": 3.6},
            {"timestamp": "Mon Apr 24 15:04:41 UTC 2017"}
        ],
        [
            {"location": [[
                {"latitude": 64.233965},
                {"longitude": 27.732174}
            ]]},
            {"altitude": 183.5},
            {"distance_km": 1.94},
            {"speed_kmh": 3.6},
            {"timestamp": "Mon Apr 24 15:04:49 UTC 2017"}
        ],
        [
            {"location": [[
                {"latitude": 64.233878},
                {"longitude": 27.732242}
            ]]},
            {"altitude": 185.5},
            {"distance_km": 1.96},
            {"speed_kmh": 3.6},
            {"timestamp": "Mon Apr 24 15:04:56 UTC 2017"}
        ],
        [
            {"location": [[
                {"latitude": 64.23379},
                {"longitude": 27.732347}
            ]]},
            {"altitude": 187},
            {"distance_km": 1.97},
            {"speed_kmh": 3.6},
            {"timestamp": "Mon Apr 24 15:05:02 UTC 2017"}
        ],
        [
            {"location": [[
                {"latitude": 64.233685},
                {"longitude": 27.732455}
            ]]},
            {"altitude": 189},
            {"distance_km": 1.98},
            {"speed_kmh": 3.6},
            {"timestamp": "Mon Apr 24 15:05:10 UTC 2017"}
        ],
        [
            {"location": [[
                {"latitude": 64.23357},
                {"longitude": 27.732534}
            ]]},
            {"altitude": 191},
            {"distance_km": 1.99},
            {"speed_kmh": 6.3},
            {"timestamp": "Mon Apr 24 15:05:18 UTC 2017"}
        ],
        [
            {"location": [[
                {"latitude": 64.233464},
                {"longitude": 27.73261}
            ]]},
            {"altitude": 192.5},
            {"distance_km": 2},
            {"speed_kmh": 4.5},
            {"timestamp": "Mon Apr 24 15:05:24 UTC 2017"}
        ],
        [
            {"location": [[
                {"latitude": 64.233349},
                {"longitude": 27.732701}
            ]]},
            {"altitude": 189},
            {"distance_km": 2.02},
            {"speed_kmh": 6.3},
            {"timestamp": "Mon Apr 24 15:05:30 UTC 2017"}
        ],
        [
            {"location": [[
                {"latitude": 64.233255},
                {"longitude": 27.732835}
            ]]},
            {"altitude": 188},
            {"distance_km": 2.03},
            {"speed_kmh": 5.4},
            {"timestamp": "Mon Apr 24 15:05:36 UTC 2017"}
        ],
        [
            {"location": [[
                {"latitude": 64.233167},
                {"longitude": 27.732977}
            ]]},
            {"altitude": 187.5},
            {"distance_km": 2.04},
            {"speed_kmh": 4.5},
            {"timestamp": "Mon Apr 24 15:05:46 UTC 2017"}
        ],
        [
            {"location": [[
                {"latitude": 64.233086},
                {"longitude": 27.733125}
            ]]},
            {"altitude": 179},
            {"distance_km": 2.05},
            {"speed_kmh": 3.6},
            {"timestamp": "Mon Apr 24 15:05:54 UTC 2017"}
        ],
        [
            {"location": [[
                {"latitude": 64.232996},
                {"longitude": 27.733205}
            ]]},
            {"altitude": 177},
            {"distance_km": 2.06},
            {"speed_kmh": 5.4},
            {"timestamp": "Mon Apr 24 15:06:02 UTC 2017"}
        ],
        [
            {"location": [[
                {"latitude": 64.232898},
                {"longitude": 27.733125}
            ]]},
            {"altitude": 172.5},
            {"distance_km": 2.08},
            {"speed_kmh": 4.5},
            {"timestamp": "Mon Apr 24 15:06:10 UTC 2017"}
        ],
        [
            {"location": [[
                {"latitude": 64.232796},
                {"longitude": 27.733108}
            ]]},
            {"altitude": 166},
            {"distance_km": 2.09},
            {"speed_kmh": 3.6},
            {"timestamp": "Mon Apr 24 15:06:30 UTC 2017"}
        ],
        [
            {"location": [[
                {"latitude": 64.232732},
                {"longitude": 27.732951}
            ]]},
            {"altitude": 160.5},
            {"distance_km": 2.1},
            {"speed_kmh": 3.6},
            {"timestamp": "Mon Apr 24 15:06:38 UTC 2017"}
        ],
        [
            {"location": [[
                {"latitude": 64.232758},
                {"longitude": 27.732733}
            ]]},
            {"altitude": 160.5},
            {"distance_km": 2.11},
            {"speed_kmh": 3.6},
            {"timestamp": "Mon Apr 24 15:06:48 UTC 2017"}
        ],
        [
            {"location": [[
                {"latitude": 64.232795},
                {"longitude": 27.732537}
            ]]},
            {"altitude": 155.5},
            {"distance_km": 2.12},
            {"speed_kmh": 3.6},
            {"timestamp": "Mon Apr 24 15:06:56 UTC 2017"}
        ],
        [
            {"location": [[
                {"latitude": 64.232828},
                {"longitude": 27.732297}
            ]]},
            {"altitude": 150.5},
            {"distance_km": 2.13},
            {"speed_kmh": 3.6},
            {"timestamp": "Mon Apr 24 15:07:06 UTC 2017"}
        ],
        [
            {"location": [[
                {"latitude": 64.232871},
                {"longitude": 27.732069}
            ]]},
            {"altitude": 153.5},
            {"distance_km": 2.14},
            {"speed_kmh": 5.4},
            {"timestamp": "Mon Apr 24 15:07:14 UTC 2017"}
        ],
        [
            {"location": [[
                {"latitude": 64.232896},
                {"longitude": 27.731861}
            ]]},
            {"altitude": 151},
            {"distance_km": 2.15},
            {"speed_kmh": 4.5},
            {"timestamp": "Mon Apr 24 15:07:20 UTC 2017"}
        ],
        [
            {"location": [[
                {"latitude": 64.2329},
                {"longitude": 27.731642}
            ]]},
            {"altitude": 150.5},
            {"distance_km": 2.16},
            {"speed_kmh": 4.5},
            {"timestamp": "Mon Apr 24 15:07:26 UTC 2017"}
        ],
        [
            {"location": [[
                {"latitude": 64.232839},
                {"longitude": 27.73144}
            ]]},
            {"altitude": 153},
            {"distance_km": 2.18},
            {"speed_kmh": 5.4},
            {"timestamp": "Mon Apr 24 15:07:32 UTC 2017"}
        ],
        [
            {"location": [[
                {"latitude": 64.232732},
                {"longitude": 27.731383}
            ]]},
            {"altitude": 156},
            {"distance_km": 2.19},
            {"speed_kmh": 5.4},
            {"timestamp": "Mon Apr 24 15:07:38 UTC 2017"}
        ],
        [
            {"location": [[
                {"latitude": 64.232645},
                {"longitude": 27.731285}
            ]]},
            {"altitude": 157},
            {"distance_km": 2.2},
            {"speed_kmh": 3.6},
            {"timestamp": "Mon Apr 24 15:07:48 UTC 2017"}
        ],
        [
            {"location": [[
                {"latitude": 64.232536},
                {"longitude": 27.731174}
            ]]},
            {"altitude": 158.5},
            {"distance_km": 2.21},
            {"speed_kmh": 7.2},
            {"timestamp": "Mon Apr 24 15:07:54 UTC 2017"}
        ],
        [
            {"location": [[
                {"latitude": 64.232438},
                {"longitude": 27.731025}
            ]]},
            {"altitude": 157.5},
            {"distance_km": 2.23},
            {"speed_kmh": 7.2},
            {"timestamp": "Mon Apr 24 15:08:00 UTC 2017"}
        ],
        [
            {"location": [[
                {"latitude": 64.23235},
                {"longitude": 27.730917}
            ]]},
            {"altitude": 157},
            {"distance_km": 2.24},
            {"speed_kmh": 6.3},
            {"timestamp": "Mon Apr 24 15:08:06 UTC 2017"}
        ],
        [
            {"location": [[
                {"latitude": 64.232262},
                {"longitude": 27.730778}
            ]]},
            {"altitude": 156.5},
            {"distance_km": 2.25},
            {"speed_kmh": 5.4},
            {"timestamp": "Mon Apr 24 15:08:15 UTC 2017"}
        ],
        [
            {"location": [[
                {"latitude": 64.232177},
                {"longitude": 27.730662}
            ]]},
            {"altitude": 156},
            {"distance_km": 2.26},
            {"speed_kmh": 5.4},
            {"timestamp": "Mon Apr 24 15:08:23 UTC 2017"}
        ],
        [
            {"location": [[
                {"latitude": 64.232101},
                {"longitude": 27.730487}
            ]]},
            {"altitude": 156.5},
            {"distance_km": 2.27},
            {"speed_kmh": 5.4},
            {"timestamp": "Mon Apr 24 15:08:30 UTC 2017"}
        ],
        [
            {"location": [[
                {"latitude": 64.232095},
                {"longitude": 27.730245}
            ]]},
            {"altitude": 157},
            {"distance_km": 2.28},
            {"speed_kmh": 4.5},
            {"timestamp": "Mon Apr 24 15:08:38 UTC 2017"}
        ],
        [
            {"location": [[
                {"latitude": 64.232134},
                {"longitude": 27.730029}
            ]]},
            {"altitude": 158},
            {"distance_km": 2.29},
            {"speed_kmh": 4.5},
            {"timestamp": "Mon Apr 24 15:08:54 UTC 2017"}
        ],
        [
            {"location": [[
                {"latitude": 64.23213},
                {"longitude": 27.729785}
            ]]},
            {"altitude": 155},
            {"distance_km": 2.31},
            {"speed_kmh": 4.5},
            {"timestamp": "Mon Apr 24 15:09:02 UTC 2017"}
        ],
        [
            {"location": [[
                {"latitude": 64.2321},
                {"longitude": 27.729561}
            ]]},
            {"altitude": 151.5},
            {"distance_km": 2.32},
            {"speed_kmh": 2.7},
            {"timestamp": "Mon Apr 24 15:09:12 UTC 2017"}
        ],
        [
            {"location": [[
                {"latitude": 64.232046},
                {"longitude": 27.729503}
            ]]},
            {"altitude": 156.5},
            {"distance_km": 2.32},
            {"speed_kmh": 0},
            {"timestamp": "Mon Apr 24 15:09:58 UTC 2017"}
        ],
        [
            {"location": [[
                {"latitude": 64.232046},
                {"longitude": 27.729503}
            ]]},
            {"altitude": 156.5},
            {"distance_km": 2.32},
            {"speed_kmh": 0},
            {"timestamp": "Mon Apr 24 15:09:59 UTC 2017"}
        ]
    ]}
]