[
    {"sport": "WALKING"},
    {"source": "TRACK_MOBILE"},
    {"created_date": "2017-03-25 14:04:06.0"},
    {"start_time": "2017-03-25 13:31:41.0"},
    {"end_time": "2017-03-25 14:04:13.0"},
    {"duration_s": 1951},
    {"distance_km": 2.42},
    {"calories_kcal": 178.114},
    {"altitude_min_m": 136.5},
    {"altitude_max_m": 197.5},
    {"speed_avg_kmh": 4.465402357765248},
    {"speed_max_kmh": 7.2},
    {"ascend_m": 97},
    {"descend_m": 90.5},
    {"points": [
        [
            {"location": [[
                {"latitude": 64.231534},
                {"longitude": 27.72988}
            ]]},
            {"distance_km": 0},
            {"timestamp": "Sat Mar 25 13:31:41 UTC 2017"}
        ],
        [
            {"location": [[
                {"latitude": 64.231534},
                {"longitude": 27.72988}
            ]]},
            {"altitude": 158},
            {"distance_km": 0},
            {"speed_kmh": 0},
            {"timestamp": "Sat Mar 25 13:31:49 UTC 2017"}
        ],
        [
            {"location": [[
                {"latitude": 64.231761},
                {"longitude": 27.729692}
            ]]},
            {"altitude": 148.5},
            {"distance_km": 0.03},
            {"speed_kmh": 0},
            {"timestamp": "Sat Mar 25 13:31:53 UTC 2017"}
        ],
        [
            {"location": [[
                {"latitude": 64.23191},
                {"longitude": 27.729491}
            ]]},
            {"altitude": 136.5},
            {"distance_km": 0.05},
            {"speed_kmh": 1.8},
            {"timestamp": "Sat Mar 25 13:32:03 UTC 2017"}
        ],
        [
            {"location": [[
                {"latitude": 64.231816},
                {"longitude": 27.729483}
            ]]},
            {"altitude": 146},
            {"distance_km": 0.06},
            {"speed_kmh": 0.9},
            {"timestamp": "Sat Mar 25 13:32:07 UTC 2017"}
        ],
        [
            {"location": [[
                {"latitude": 64.231723},
                {"longitude": 27.729492}
            ]]},
            {"altitude": 147},
            {"distance_km": 0.07},
            {"speed_kmh": 3.6},
            {"timestamp": "Sat Mar 25 13:32:23 UTC 2017"}
        ],
        [
            {"location": [[
                {"latitude": 64.231633},
                {"longitude": 27.72957}
            ]]},
            {"altitude": 145.5},
            {"distance_km": 0.08},
            {"speed_kmh": 4.5},
            {"timestamp": "Sat Mar 25 13:32:31 UTC 2017"}
        ],
        [
            {"location": [[
                {"latitude": 64.231633},
                {"longitude": 27.729823}
            ]]},
            {"altitude": 148.5},
            {"distance_km": 0.09},
            {"speed_kmh": 4.5},
            {"timestamp": "Sat Mar 25 13:32:39 UTC 2017"}
        ],
        [
            {"location": [[
                {"latitude": 64.231661},
                {"longitude": 27.73002}
            ]]},
            {"altitude": 145},
            {"distance_km": 0.1},
            {"speed_kmh": 4.5},
            {"timestamp": "Sat Mar 25 13:32:45 UTC 2017"}
        ],
        [
            {"location": [[
                {"latitude": 64.231727},
                {"longitude": 27.730167}
            ]]},
            {"altitude": 143.5},
            {"distance_km": 0.11},
            {"speed_kmh": 4.5},
            {"timestamp": "Sat Mar 25 13:32:53 UTC 2017"}
        ],
        [
            {"location": [[
                {"latitude": 64.231817},
                {"longitude": 27.730283}
            ]]},
            {"altitude": 145},
            {"distance_km": 0.12},
            {"speed_kmh": 4.5},
            {"timestamp": "Sat Mar 25 13:33:01 UTC 2017"}
        ],
        [
            {"location": [[
                {"latitude": 64.231909},
                {"longitude": 27.730397}
            ]]},
            {"altitude": 145.5},
            {"distance_km": 0.13},
            {"speed_kmh": 4.5},
            {"timestamp": "Sat Mar 25 13:33:09 UTC 2017"}
        ],
        [
            {"location": [[
                {"latitude": 64.23201},
                {"longitude": 27.730543}
            ]]},
            {"altitude": 151},
            {"distance_km": 0.15},
            {"speed_kmh": 4.5},
            {"timestamp": "Sat Mar 25 13:33:17 UTC 2017"}
        ],
        [
            {"location": [[
                {"latitude": 64.232079},
                {"longitude": 27.730693}
            ]]},
            {"altitude": 153},
            {"distance_km": 0.16},
            {"speed_kmh": 4.5},
            {"timestamp": "Sat Mar 25 13:33:24 UTC 2017"}
        ],
        [
            {"location": [[
                {"latitude": 64.232174},
                {"longitude": 27.730757}
            ]]},
            {"altitude": 153},
            {"distance_km": 0.17},
            {"speed_kmh": 4.5},
            {"timestamp": "Sat Mar 25 13:33:31 UTC 2017"}
        ],
        [
            {"location": [[
                {"latitude": 64.232262},
                {"longitude": 27.730899}
            ]]},
            {"altitude": 156.5},
            {"distance_km": 0.18},
            {"speed_kmh": 4.5},
            {"timestamp": "Sat Mar 25 13:33:37 UTC 2017"}
        ],
        [
            {"location": [[
                {"latitude": 64.23236},
                {"longitude": 27.731028}
            ]]},
            {"altitude": 158.5},
            {"distance_km": 0.19},
            {"speed_kmh": 4.5},
            {"timestamp": "Sat Mar 25 13:33:45 UTC 2017"}
        ],
        [
            {"location": [[
                {"latitude": 64.232431},
                {"longitude": 27.731155}
            ]]},
            {"altitude": 156},
            {"distance_km": 0.2},
            {"speed_kmh": 4.5},
            {"timestamp": "Sat Mar 25 13:33:51 UTC 2017"}
        ],
        [
            {"location": [[
                {"latitude": 64.232497},
                {"longitude": 27.731305}
            ]]},
            {"altitude": 155.5},
            {"distance_km": 0.21},
            {"speed_kmh": 4.5},
            {"timestamp": "Sat Mar 25 13:33:59 UTC 2017"}
        ],
        [
            {"location": [[
                {"latitude": 64.232609},
                {"longitude": 27.731404}
            ]]},
            {"altitude": 154.5},
            {"distance_km": 0.23},
            {"speed_kmh": 6.3},
            {"timestamp": "Sat Mar 25 13:34:13 UTC 2017"}
        ],
        [
            {"location": [[
                {"latitude": 64.232698},
                {"longitude": 27.731431}
            ]]},
            {"altitude": 155.5},
            {"distance_km": 0.24},
            {"speed_kmh": 4.5},
            {"timestamp": "Sat Mar 25 13:34:19 UTC 2017"}
        ],
        [
            {"location": [[
                {"latitude": 64.2328},
                {"longitude": 27.731484}
            ]]},
            {"altitude": 153.5},
            {"distance_km": 0.25},
            {"speed_kmh": 4.5},
            {"timestamp": "Sat Mar 25 13:34:27 UTC 2017"}
        ],
        [
            {"location": [[
                {"latitude": 64.232917},
                {"longitude": 27.731458}
            ]]},
            {"altitude": 154},
            {"distance_km": 0.26},
            {"speed_kmh": 6.3},
            {"timestamp": "Sat Mar 25 13:34:33 UTC 2017"}
        ],
        [
            {"location": [[
                {"latitude": 64.232991},
                {"longitude": 27.731585}
            ]]},
            {"altitude": 152},
            {"distance_km": 0.27},
            {"speed_kmh": 1.8},
            {"timestamp": "Sat Mar 25 13:34:49 UTC 2017"}
        ],
        [
            {"location": [[
                {"latitude": 64.233094},
                {"longitude": 27.731592}
            ]]},
            {"altitude": 149.5},
            {"distance_km": 0.28},
            {"speed_kmh": 3.6},
            {"timestamp": "Sat Mar 25 13:35:03 UTC 2017"}
        ],
        [
            {"location": [[
                {"latitude": 64.233189},
                {"longitude": 27.731637}
            ]]},
            {"altitude": 149},
            {"distance_km": 0.29},
            {"speed_kmh": 2.7},
            {"timestamp": "Sat Mar 25 13:35:11 UTC 2017"}
        ],
        [
            {"location": [[
                {"latitude": 64.233279},
                {"longitude": 27.731709}
            ]]},
            {"altitude": 152.5},
            {"distance_km": 0.3},
            {"speed_kmh": 2.7},
            {"timestamp": "Sat Mar 25 13:35:19 UTC 2017"}
        ],
        [
            {"location": [[
                {"latitude": 64.233374},
                {"longitude": 27.731733}
            ]]},
            {"altitude": 152},
            {"distance_km": 0.31},
            {"speed_kmh": 0},
            {"timestamp": "Sat Mar 25 13:35:31 UTC 2017"}
        ],
        [
            {"location": [[
                {"latitude": 64.233479},
                {"longitude": 27.731681}
            ]]},
            {"altitude": 153.5},
            {"distance_km": 0.33},
            {"speed_kmh": 4.5},
            {"timestamp": "Sat Mar 25 13:35:45 UTC 2017"}
        ],
        [
            {"location": [[
                {"latitude": 64.233576},
                {"longitude": 27.731608}
            ]]},
            {"altitude": 156},
            {"distance_km": 0.34},
            {"speed_kmh": 3.6},
            {"timestamp": "Sat Mar 25 13:35:49 UTC 2017"}
        ],
        [
            {"location": [[
                {"latitude": 64.233679},
                {"longitude": 27.731486}
            ]]},
            {"altitude": 152.5},
            {"distance_km": 0.35},
            {"speed_kmh": 2.7},
            {"timestamp": "Sat Mar 25 13:35:55 UTC 2017"}
        ],
        [
            {"location": [[
                {"latitude": 64.233793},
                {"longitude": 27.731359}
            ]]},
            {"altitude": 156},
            {"distance_km": 0.36},
            {"speed_kmh": 2.7},
            {"timestamp": "Sat Mar 25 13:36:03 UTC 2017"}
        ],
        [
            {"location": [[
                {"latitude": 64.233887},
                {"longitude": 27.7313}
            ]]},
            {"altitude": 158.5},
            {"distance_km": 0.38},
            {"speed_kmh": 0},
            {"timestamp": "Sat Mar 25 13:36:11 UTC 2017"}
        ],
        [
            {"location": [[
                {"latitude": 64.233991},
                {"longitude": 27.731155}
            ]]},
            {"altitude": 165.5},
            {"distance_km": 0.39},
            {"speed_kmh": 2.7},
            {"timestamp": "Sat Mar 25 13:36:31 UTC 2017"}
        ],
        [
            {"location": [[
                {"latitude": 64.234048},
                {"longitude": 27.730983}
            ]]},
            {"altitude": 167},
            {"distance_km": 0.4},
            {"speed_kmh": 1.8},
            {"timestamp": "Sat Mar 25 13:36:38 UTC 2017"}
        ],
        [
            {"location": [[
                {"latitude": 64.234126},
                {"longitude": 27.730793}
            ]]},
            {"altitude": 167.5},
            {"distance_km": 0.41},
            {"speed_kmh": 2.7},
            {"timestamp": "Sat Mar 25 13:36:45 UTC 2017"}
        ],
        [
            {"location": [[
                {"latitude": 64.234192},
                {"longitude": 27.73062}
            ]]},
            {"altitude": 169},
            {"distance_km": 0.42},
            {"speed_kmh": 2.7},
            {"timestamp": "Sat Mar 25 13:36:51 UTC 2017"}
        ],
        [
            {"location": [[
                {"latitude": 64.234277},
                {"longitude": 27.73051}
            ]]},
            {"altitude": 172.5},
            {"distance_km": 0.43},
            {"speed_kmh": 2.7},
            {"timestamp": "Sat Mar 25 13:36:57 UTC 2017"}
        ],
        [
            {"location": [[
                {"latitude": 64.234366},
                {"longitude": 27.730351}
            ]]},
            {"altitude": 179},
            {"distance_km": 0.45},
            {"speed_kmh": 3.6},
            {"timestamp": "Sat Mar 25 13:37:03 UTC 2017"}
        ],
        [
            {"location": [[
                {"latitude": 64.234433},
                {"longitude": 27.730196}
            ]]},
            {"altitude": 181.5},
            {"distance_km": 0.46},
            {"speed_kmh": 0},
            {"timestamp": "Sat Mar 25 13:37:11 UTC 2017"}
        ],
        [
            {"location": [[
                {"latitude": 64.234518},
                {"longitude": 27.730065}
            ]]},
            {"altitude": 181},
            {"distance_km": 0.47},
            {"speed_kmh": 2.7},
            {"timestamp": "Sat Mar 25 13:37:31 UTC 2017"}
        ],
        [
            {"location": [[
                {"latitude": 64.234615},
                {"longitude": 27.729924}
            ]]},
            {"altitude": 182.5},
            {"distance_km": 0.48},
            {"speed_kmh": 3.6},
            {"timestamp": "Sat Mar 25 13:37:37 UTC 2017"}
        ],
        [
            {"location": [[
                {"latitude": 64.234688},
                {"longitude": 27.729793}
            ]]},
            {"altitude": 181},
            {"distance_km": 0.49},
            {"speed_kmh": 2.7},
            {"timestamp": "Sat Mar 25 13:37:43 UTC 2017"}
        ],
        [
            {"location": [[
                {"latitude": 64.234736},
                {"longitude": 27.7296}
            ]]},
            {"altitude": 180.5},
            {"distance_km": 0.5},
            {"speed_kmh": 2.7},
            {"timestamp": "Sat Mar 25 13:37:55 UTC 2017"}
        ],
        [
            {"location": [[
                {"latitude": 64.234814},
                {"longitude": 27.729477}
            ]]},
            {"altitude": 180},
            {"distance_km": 0.51},
            {"speed_kmh": 1.8},
            {"timestamp": "Sat Mar 25 13:38:07 UTC 2017"}
        ],
        [
            {"location": [[
                {"latitude": 64.234892},
                {"longitude": 27.72937}
            ]]},
            {"altitude": 185},
            {"distance_km": 0.52},
            {"speed_kmh": 0},
            {"timestamp": "Sat Mar 25 13:38:28 UTC 2017"}
        ],
        [
            {"location": [[
                {"latitude": 64.234964},
                {"longitude": 27.729232}
            ]]},
            {"altitude": 186},
            {"distance_km": 0.53},
            {"speed_kmh": 0},
            {"timestamp": "Sat Mar 25 13:38:41 UTC 2017"}
        ],
        [
            {"location": [[
                {"latitude": 64.235057},
                {"longitude": 27.729215}
            ]]},
            {"altitude": 187},
            {"distance_km": 0.54},
            {"speed_kmh": 0},
            {"timestamp": "Sat Mar 25 13:38:57 UTC 2017"}
        ],
        [
            {"location": [[
                {"latitude": 64.235177},
                {"longitude": 27.729177}
            ]]},
            {"altitude": 186.5},
            {"distance_km": 0.56},
            {"speed_kmh": 2.7},
            {"timestamp": "Sat Mar 25 13:39:09 UTC 2017"}
        ],
        [
            {"location": [[
                {"latitude": 64.235261},
                {"longitude": 27.72908}
            ]]},
            {"altitude": 186.5},
            {"distance_km": 0.57},
            {"speed_kmh": 1.8},
            {"timestamp": "Sat Mar 25 13:39:19 UTC 2017"}
        ],
        [
            {"location": [[
                {"latitude": 64.23526},
                {"longitude": 27.728807}
            ]]},
            {"altitude": 187},
            {"distance_km": 0.58},
            {"speed_kmh": 3.6},
            {"timestamp": "Sat Mar 25 13:39:27 UTC 2017"}
        ],
        [
            {"location": [[
                {"latitude": 64.235262},
                {"longitude": 27.728591}
            ]]},
            {"altitude": 186},
            {"distance_km": 0.59},
            {"speed_kmh": 0},
            {"timestamp": "Sat Mar 25 13:39:43 UTC 2017"}
        ],
        [
            {"location": [[
                {"latitude": 64.235354},
                {"longitude": 27.728552}
            ]]},
            {"altitude": 189},
            {"distance_km": 0.6},
            {"speed_kmh": 2.7},
            {"timestamp": "Sat Mar 25 13:39:55 UTC 2017"}
        ],
        [
            {"location": [[
                {"latitude": 64.235458},
                {"longitude": 27.728476}
            ]]},
            {"altitude": 185.5},
            {"distance_km": 0.61},
            {"speed_kmh": 2.7},
            {"timestamp": "Sat Mar 25 13:40:05 UTC 2017"}
        ],
        [
            {"location": [[
                {"latitude": 64.235549},
                {"longitude": 27.728459}
            ]]},
            {"altitude": 185},
            {"distance_km": 0.62},
            {"speed_kmh": 1.8},
            {"timestamp": "Sat Mar 25 13:40:15 UTC 2017"}
        ],
        [
            {"location": [[
                {"latitude": 64.235637},
                {"longitude": 27.728361}
            ]]},
            {"altitude": 184},
            {"distance_km": 0.64},
            {"speed_kmh": 3.6},
            {"timestamp": "Sat Mar 25 13:40:21 UTC 2017"}
        ],
        [
            {"location": [[
                {"latitude": 64.235723},
                {"longitude": 27.728254}
            ]]},
            {"altitude": 186},
            {"distance_km": 0.65},
            {"speed_kmh": 3.6},
            {"timestamp": "Sat Mar 25 13:40:27 UTC 2017"}
        ],
        [
            {"location": [[
                {"latitude": 64.235814},
                {"longitude": 27.728182}
            ]]},
            {"altitude": 187.5},
            {"distance_km": 0.66},
            {"speed_kmh": 3.6},
            {"timestamp": "Sat Mar 25 13:40:34 UTC 2017"}
        ],
        [
            {"location": [[
                {"latitude": 64.235904},
                {"longitude": 27.728127}
            ]]},
            {"altitude": 189},
            {"distance_km": 0.67},
            {"speed_kmh": 3.6},
            {"timestamp": "Sat Mar 25 13:40:41 UTC 2017"}
        ],
        [
            {"location": [[
                {"latitude": 64.235999},
                {"longitude": 27.728017}
            ]]},
            {"altitude": 192},
            {"distance_km": 0.68},
            {"speed_kmh": 3.6},
            {"timestamp": "Sat Mar 25 13:40:47 UTC 2017"}
        ],
        [
            {"location": [[
                {"latitude": 64.236099},
                {"longitude": 27.727855}
            ]]},
            {"altitude": 197.5},
            {"distance_km": 0.69},
            {"speed_kmh": 4.5},
            {"timestamp": "Sat Mar 25 13:40:53 UTC 2017"}
        ],
        [
            {"location": [[
                {"latitude": 64.236133},
                {"longitude": 27.727621}
            ]]},
            {"altitude": 195.5},
            {"distance_km": 0.7},
            {"speed_kmh": 3.6},
            {"timestamp": "Sat Mar 25 13:40:59 UTC 2017"}
        ],
        [
            {"location": [[
                {"latitude": 64.236149},
                {"longitude": 27.7274}
            ]]},
            {"altitude": 195},
            {"distance_km": 0.72},
            {"speed_kmh": 2.7},
            {"timestamp": "Sat Mar 25 13:41:07 UTC 2017"}
        ],
        [
            {"location": [[
                {"latitude": 64.236185},
                {"longitude": 27.727189}
            ]]},
            {"altitude": 191},
            {"distance_km": 0.73},
            {"speed_kmh": 0},
            {"timestamp": "Sat Mar 25 13:41:31 UTC 2017"}
        ],
        [
            {"location": [[
                {"latitude": 64.236209},
                {"longitude": 27.72697}
            ]]},
            {"altitude": 187.5},
            {"distance_km": 0.74},
            {"speed_kmh": 3.6},
            {"timestamp": "Sat Mar 25 13:41:59 UTC 2017"}
        ],
        [
            {"location": [[
                {"latitude": 64.236245},
                {"longitude": 27.726726}
            ]]},
            {"altitude": 192},
            {"distance_km": 0.75},
            {"speed_kmh": 3.6},
            {"timestamp": "Sat Mar 25 13:42:09 UTC 2017"}
        ],
        [
            {"location": [[
                {"latitude": 64.236307},
                {"longitude": 27.72653}
            ]]},
            {"altitude": 191},
            {"distance_km": 0.76},
            {"speed_kmh": 2.7},
            {"timestamp": "Sat Mar 25 13:42:17 UTC 2017"}
        ],
        [
            {"location": [[
                {"latitude": 64.236316},
                {"longitude": 27.72631}
            ]]},
            {"altitude": 190.5},
            {"distance_km": 0.77},
            {"speed_kmh": 1.8},
            {"timestamp": "Sat Mar 25 13:42:27 UTC 2017"}
        ],
        [
            {"location": [[
                {"latitude": 64.236336},
                {"longitude": 27.726106}
            ]]},
            {"altitude": 190},
            {"distance_km": 0.78},
            {"speed_kmh": 0.9},
            {"timestamp": "Sat Mar 25 13:42:43 UTC 2017"}
        ],
        [
            {"location": [[
                {"latitude": 64.236342},
                {"longitude": 27.725877}
            ]]},
            {"altitude": 185},
            {"distance_km": 0.79},
            {"speed_kmh": 4.5},
            {"timestamp": "Sat Mar 25 13:42:54 UTC 2017"}
        ],
        [
            {"location": [[
                {"latitude": 64.236346},
                {"longitude": 27.725649}
            ]]},
            {"altitude": 185.5},
            {"distance_km": 0.8},
            {"speed_kmh": 2.7},
            {"timestamp": "Sat Mar 25 13:43:07 UTC 2017"}
        ],
        [
            {"location": [[
                {"latitude": 64.23641},
                {"longitude": 27.725449}
            ]]},
            {"altitude": 185.5},
            {"distance_km": 0.82},
            {"speed_kmh": 2.7},
            {"timestamp": "Sat Mar 25 13:43:17 UTC 2017"}
        ],
        [
            {"location": [[
                {"latitude": 64.23649},
                {"longitude": 27.725326}
            ]]},
            {"altitude": 184},
            {"distance_km": 0.83},
            {"speed_kmh": 3.6},
            {"timestamp": "Sat Mar 25 13:43:39 UTC 2017"}
        ],
        [
            {"location": [[
                {"latitude": 64.23658},
                {"longitude": 27.725383}
            ]]},
            {"altitude": 182.5},
            {"distance_km": 0.84},
            {"speed_kmh": 0},
            {"timestamp": "Sat Mar 25 13:43:53 UTC 2017"}
        ],
        [
            {"location": [[
                {"latitude": 64.236674},
                {"longitude": 27.7254}
            ]]},
            {"altitude": 180},
            {"distance_km": 0.85},
            {"speed_kmh": 1.8},
            {"timestamp": "Sat Mar 25 13:44:03 UTC 2017"}
        ],
        [
            {"location": [[
                {"latitude": 64.236793},
                {"longitude": 27.725404}
            ]]},
            {"altitude": 180.5},
            {"distance_km": 0.86},
            {"speed_kmh": 3.6},
            {"timestamp": "Sat Mar 25 13:44:11 UTC 2017"}
        ],
        [
            {"location": [[
                {"latitude": 64.236896},
                {"longitude": 27.725463}
            ]]},
            {"altitude": 184.5},
            {"distance_km": 0.87},
            {"speed_kmh": 4.5},
            {"timestamp": "Sat Mar 25 13:44:17 UTC 2017"}
        ],
        [
            {"location": [[
                {"latitude": 64.23702},
                {"longitude": 27.725529}
            ]]},
            {"altitude": 184.5},
            {"distance_km": 0.89},
            {"speed_kmh": 4.5},
            {"timestamp": "Sat Mar 25 13:44:23 UTC 2017"}
        ],
        [
            {"location": [[
                {"latitude": 64.237106},
                {"longitude": 27.725623}
            ]]},
            {"altitude": 184.5},
            {"distance_km": 0.9},
            {"speed_kmh": 4.5},
            {"timestamp": "Sat Mar 25 13:44:29 UTC 2017"}
        ],
        [
            {"location": [[
                {"latitude": 64.237206},
                {"longitude": 27.725691}
            ]]},
            {"altitude": 180},
            {"distance_km": 0.91},
            {"speed_kmh": 2.7},
            {"timestamp": "Sat Mar 25 13:44:38 UTC 2017"}
        ],
        [
            {"location": [[
                {"latitude": 64.237286},
                {"longitude": 27.725811}
            ]]},
            {"altitude": 182},
            {"distance_km": 0.92},
            {"speed_kmh": 0},
            {"timestamp": "Sat Mar 25 13:44:49 UTC 2017"}
        ],
        [
            {"location": [[
                {"latitude": 64.237377},
                {"longitude": 27.72592}
            ]]},
            {"altitude": 182.5},
            {"distance_km": 0.93},
            {"speed_kmh": 2.7},
            {"timestamp": "Sat Mar 25 13:45:01 UTC 2017"}
        ],
        [
            {"location": [[
                {"latitude": 64.237463},
                {"longitude": 27.726054}
            ]]},
            {"altitude": 183.5},
            {"distance_km": 0.94},
            {"speed_kmh": 3.6},
            {"timestamp": "Sat Mar 25 13:45:07 UTC 2017"}
        ],
        [
            {"location": [[
                {"latitude": 64.237554},
                {"longitude": 27.726155}
            ]]},
            {"altitude": 185},
            {"distance_km": 0.95},
            {"speed_kmh": 3.6},
            {"timestamp": "Sat Mar 25 13:45:13 UTC 2017"}
        ],
        [
            {"location": [[
                {"latitude": 64.237639},
                {"longitude": 27.726259}
            ]]},
            {"altitude": 185.5},
            {"distance_km": 0.97},
            {"speed_kmh": 3.6},
            {"timestamp": "Sat Mar 25 13:45:19 UTC 2017"}
        ],
        [
            {"location": [[
                {"latitude": 64.23771},
                {"longitude": 27.726427}
            ]]},
            {"altitude": 184},
            {"distance_km": 0.98},
            {"speed_kmh": 1.8},
            {"timestamp": "Sat Mar 25 13:45:29 UTC 2017"}
        ],
        [
            {"location": [[
                {"latitude": 64.237805},
                {"longitude": 27.726499}
            ]]},
            {"altitude": 187},
            {"distance_km": 0.99},
            {"speed_kmh": 3.6},
            {"timestamp": "Sat Mar 25 13:45:37 UTC 2017"}
        ],
        [
            {"location": [[
                {"latitude": 64.237898},
                {"longitude": 27.726575}
            ]]},
            {"altitude": 185.5},
            {"distance_km": 1},
            {"speed_kmh": 2.7},
            {"timestamp": "Sat Mar 25 13:45:45 UTC 2017"}
        ],
        [
            {"location": [[
                {"latitude": 64.237995},
                {"longitude": 27.72669}
            ]]},
            {"altitude": 185.5},
            {"distance_km": 1.01},
            {"speed_kmh": 2.7},
            {"timestamp": "Sat Mar 25 13:45:59 UTC 2017"}
        ],
        [
            {"location": [[
                {"latitude": 64.238096},
                {"longitude": 27.726804}
            ]]},
            {"altitude": 186},
            {"distance_km": 1.02},
            {"speed_kmh": 2.7},
            {"timestamp": "Sat Mar 25 13:46:07 UTC 2017"}
        ],
        [
            {"location": [[
                {"latitude": 64.238199},
                {"longitude": 27.726919}
            ]]},
            {"altitude": 180.5},
            {"distance_km": 1.04},
            {"speed_kmh": 2.7},
            {"timestamp": "Sat Mar 25 13:46:15 UTC 2017"}
        ],
        [
            {"location": [[
                {"latitude": 64.238288},
                {"longitude": 27.726962}
            ]]},
            {"altitude": 179},
            {"distance_km": 1.05},
            {"speed_kmh": 2.7},
            {"timestamp": "Sat Mar 25 13:46:21 UTC 2017"}
        ],
        [
            {"location": [[
                {"latitude": 64.2384},
                {"longitude": 27.727026}
            ]]},
            {"altitude": 179.5},
            {"distance_km": 1.06},
            {"speed_kmh": 2.7},
            {"timestamp": "Sat Mar 25 13:46:29 UTC 2017"}
        ],
        [
            {"location": [[
                {"latitude": 64.238487},
                {"longitude": 27.727084}
            ]]},
            {"altitude": 178.5},
            {"distance_km": 1.07},
            {"speed_kmh": 0},
            {"timestamp": "Sat Mar 25 13:46:33 UTC 2017"}
        ],
        [
            {"location": [[
                {"latitude": 64.238594},
                {"longitude": 27.727193}
            ]]},
            {"altitude": 182.5},
            {"distance_km": 1.08},
            {"speed_kmh": 3.6},
            {"timestamp": "Sat Mar 25 13:46:46 UTC 2017"}
        ],
        [
            {"location": [[
                {"latitude": 64.238654},
                {"longitude": 27.727393}
            ]]},
            {"altitude": 184},
            {"distance_km": 1.09},
            {"speed_kmh": 3.6},
            {"timestamp": "Sat Mar 25 13:46:53 UTC 2017"}
        ],
        [
            {"location": [[
                {"latitude": 64.238721},
                {"longitude": 27.72756}
            ]]},
            {"altitude": 184.5},
            {"distance_km": 1.1},
            {"speed_kmh": 3.6},
            {"timestamp": "Sat Mar 25 13:47:01 UTC 2017"}
        ],
        [
            {"location": [[
                {"latitude": 64.238767},
                {"longitude": 27.727755}
            ]]},
            {"altitude": 189.5},
            {"distance_km": 1.12},
            {"speed_kmh": 3.6},
            {"timestamp": "Sat Mar 25 13:47:11 UTC 2017"}
        ],
        [
            {"location": [[
                {"latitude": 64.238792},
                {"longitude": 27.727972}
            ]]},
            {"altitude": 193},
            {"distance_km": 1.13},
            {"speed_kmh": 3.6},
            {"timestamp": "Sat Mar 25 13:47:19 UTC 2017"}
        ],
        [
            {"location": [[
                {"latitude": 64.238807},
                {"longitude": 27.728185}
            ]]},
            {"altitude": 196.5},
            {"distance_km": 1.14},
            {"speed_kmh": 3.6},
            {"timestamp": "Sat Mar 25 13:47:27 UTC 2017"}
        ],
        [
            {"location": [[
                {"latitude": 64.238834},
                {"longitude": 27.728402}
            ]]},
            {"altitude": 196.5},
            {"distance_km": 1.15},
            {"speed_kmh": 0},
            {"timestamp": "Sat Mar 25 13:47:35 UTC 2017"}
        ],
        [
            {"location": [[
                {"latitude": 64.238834},
                {"longitude": 27.728632}
            ]]},
            {"altitude": 197.5},
            {"distance_km": 1.16},
            {"speed_kmh": 2.7},
            {"timestamp": "Sat Mar 25 13:47:47 UTC 2017"}
        ],
        [
            {"location": [[
                {"latitude": 64.238824},
                {"longitude": 27.728886}
            ]]},
            {"altitude": 193.5},
            {"distance_km": 1.17},
            {"speed_kmh": 3.6},
            {"timestamp": "Sat Mar 25 13:47:55 UTC 2017"}
        ],
        [
            {"location": [[
                {"latitude": 64.238878},
                {"longitude": 27.729095}
            ]]},
            {"altitude": 191},
            {"distance_km": 1.18},
            {"speed_kmh": 3.6},
            {"timestamp": "Sat Mar 25 13:48:03 UTC 2017"}
        ],
        [
            {"location": [[
                {"latitude": 64.238945},
                {"longitude": 27.729245}
            ]]},
            {"altitude": 188},
            {"distance_km": 1.19},
            {"speed_kmh": 3.6},
            {"timestamp": "Sat Mar 25 13:48:11 UTC 2017"}
        ],
        [
            {"location": [[
                {"latitude": 64.238918},
                {"longitude": 27.729482}
            ]]},
            {"altitude": 186.5},
            {"distance_km": 1.21},
            {"speed_kmh": 3.6},
            {"timestamp": "Sat Mar 25 13:48:19 UTC 2017"}
        ],
        [
            {"location": [[
                {"latitude": 64.238884},
                {"longitude": 27.729687}
            ]]},
            {"altitude": 188},
            {"distance_km": 1.22},
            {"speed_kmh": 3.6},
            {"timestamp": "Sat Mar 25 13:48:25 UTC 2017"}
        ],
        [
            {"location": [[
                {"latitude": 64.238882},
                {"longitude": 27.729917}
            ]]},
            {"altitude": 183.5},
            {"distance_km": 1.23},
            {"speed_kmh": 3.6},
            {"timestamp": "Sat Mar 25 13:48:33 UTC 2017"}
        ],
        [
            {"location": [[
                {"latitude": 64.238863},
                {"longitude": 27.730155}
            ]]},
            {"altitude": 185.5},
            {"distance_km": 1.24},
            {"speed_kmh": 3.6},
            {"timestamp": "Sat Mar 25 13:48:41 UTC 2017"}
        ],
        [
            {"location": [[
                {"latitude": 64.238817},
                {"longitude": 27.730341}
            ]]},
            {"altitude": 187.5},
            {"distance_km": 1.25},
            {"speed_kmh": 3.6},
            {"timestamp": "Sat Mar 25 13:48:49 UTC 2017"}
        ],
        [
            {"location": [[
                {"latitude": 64.238789},
                {"longitude": 27.730598}
            ]]},
            {"altitude": 191.5},
            {"distance_km": 1.26},
            {"speed_kmh": 2.7},
            {"timestamp": "Sat Mar 25 13:48:59 UTC 2017"}
        ],
        [
            {"location": [[
                {"latitude": 64.238752},
                {"longitude": 27.730804}
            ]]},
            {"altitude": 191.5},
            {"distance_km": 1.27},
            {"speed_kmh": 2.7},
            {"timestamp": "Sat Mar 25 13:49:07 UTC 2017"}
        ],
        [
            {"location": [[
                {"latitude": 64.238789},
                {"longitude": 27.731014}
            ]]},
            {"altitude": 189},
            {"distance_km": 1.28},
            {"speed_kmh": 2.7},
            {"timestamp": "Sat Mar 25 13:49:15 UTC 2017"}
        ],
        [
            {"location": [[
                {"latitude": 64.238804},
                {"longitude": 27.731263}
            ]]},
            {"altitude": 189.5},
            {"distance_km": 1.3},
            {"speed_kmh": 0},
            {"timestamp": "Sat Mar 25 13:49:27 UTC 2017"}
        ],
        [
            {"location": [[
                {"latitude": 64.238787},
                {"longitude": 27.731467}
            ]]},
            {"altitude": 191.5},
            {"distance_km": 1.31},
            {"speed_kmh": 2.7},
            {"timestamp": "Sat Mar 25 13:49:45 UTC 2017"}
        ],
        [
            {"location": [[
                {"latitude": 64.238788},
                {"longitude": 27.731738}
            ]]},
            {"altitude": 193},
            {"distance_km": 1.32},
            {"speed_kmh": 3.6},
            {"timestamp": "Sat Mar 25 13:49:55 UTC 2017"}
        ],
        [
            {"location": [[
                {"latitude": 64.238789},
                {"longitude": 27.73197}
            ]]},
            {"altitude": 195},
            {"distance_km": 1.33},
            {"speed_kmh": 1.8},
            {"timestamp": "Sat Mar 25 13:50:09 UTC 2017"}
        ],
        [
            {"location": [[
                {"latitude": 64.238789},
                {"longitude": 27.732228}
            ]]},
            {"altitude": 194.5},
            {"distance_km": 1.34},
            {"speed_kmh": 2.7},
            {"timestamp": "Sat Mar 25 13:50:19 UTC 2017"}
        ],
        [
            {"location": [[
                {"latitude": 64.238746},
                {"longitude": 27.732418}
            ]]},
            {"altitude": 196},
            {"distance_km": 1.35},
            {"speed_kmh": 2.7},
            {"timestamp": "Sat Mar 25 13:50:25 UTC 2017"}
        ],
        [
            {"location": [[
                {"latitude": 64.238706},
                {"longitude": 27.73268}
            ]]},
            {"altitude": 195},
            {"distance_km": 1.37},
            {"speed_kmh": 3.6},
            {"timestamp": "Sat Mar 25 13:50:33 UTC 2017"}
        ],
        [
            {"location": [[
                {"latitude": 64.238637},
                {"longitude": 27.732824}
            ]]},
            {"altitude": 194.5},
            {"distance_km": 1.38},
            {"speed_kmh": 2.7},
            {"timestamp": "Sat Mar 25 13:50:53 UTC 2017"}
        ],
        [
            {"location": [[
                {"latitude": 64.238543},
                {"longitude": 27.732851}
            ]]},
            {"altitude": 191.5},
            {"distance_km": 1.39},
            {"speed_kmh": 3.6},
            {"timestamp": "Sat Mar 25 13:51:06 UTC 2017"}
        ],
        [
            {"location": [[
                {"latitude": 64.238434},
                {"longitude": 27.732875}
            ]]},
            {"altitude": 186},
            {"distance_km": 1.4},
            {"speed_kmh": 3.6},
            {"timestamp": "Sat Mar 25 13:51:11 UTC 2017"}
        ],
        [
            {"location": [[
                {"latitude": 64.238336},
                {"longitude": 27.732964}
            ]]},
            {"altitude": 185},
            {"distance_km": 1.41},
            {"speed_kmh": 4.5},
            {"timestamp": "Sat Mar 25 13:51:17 UTC 2017"}
        ],
        [
            {"location": [[
                {"latitude": 64.23833},
                {"longitude": 27.733173}
            ]]},
            {"altitude": 186.5},
            {"distance_km": 1.42},
            {"speed_kmh": 3.6},
            {"timestamp": "Sat Mar 25 13:51:25 UTC 2017"}
        ],
        [
            {"location": [[
                {"latitude": 64.238223},
                {"longitude": 27.733193}
            ]]},
            {"altitude": 188},
            {"distance_km": 1.43},
            {"speed_kmh": 5.4},
            {"timestamp": "Sat Mar 25 13:51:33 UTC 2017"}
        ],
        [
            {"location": [[
                {"latitude": 64.23811},
                {"longitude": 27.733213}
            ]]},
            {"altitude": 190},
            {"distance_km": 1.45},
            {"speed_kmh": 4.5},
            {"timestamp": "Sat Mar 25 13:51:43 UTC 2017"}
        ],
        [
            {"location": [[
                {"latitude": 64.23802},
                {"longitude": 27.733274}
            ]]},
            {"altitude": 191},
            {"distance_km": 1.46},
            {"speed_kmh": 2.7},
            {"timestamp": "Sat Mar 25 13:51:57 UTC 2017"}
        ],
        [
            {"location": [[
                {"latitude": 64.237911},
                {"longitude": 27.733315}
            ]]},
            {"altitude": 184.5},
            {"distance_km": 1.47},
            {"speed_kmh": 0},
            {"timestamp": "Sat Mar 25 13:52:03 UTC 2017"}
        ],
        [
            {"location": [[
                {"latitude": 64.237825},
                {"longitude": 27.733382}
            ]]},
            {"altitude": 184.5},
            {"distance_km": 1.48},
            {"speed_kmh": 6.3},
            {"timestamp": "Sat Mar 25 13:52:09 UTC 2017"}
        ],
        [
            {"location": [[
                {"latitude": 64.23773},
                {"longitude": 27.733437}
            ]]},
            {"altitude": 183.5},
            {"distance_km": 1.49},
            {"speed_kmh": 5.4},
            {"timestamp": "Sat Mar 25 13:52:15 UTC 2017"}
        ],
        [
            {"location": [[
                {"latitude": 64.237639},
                {"longitude": 27.733494}
            ]]},
            {"altitude": 181.5},
            {"distance_km": 1.5},
            {"speed_kmh": 0},
            {"timestamp": "Sat Mar 25 13:52:21 UTC 2017"}
        ],
        [
            {"location": [[
                {"latitude": 64.237548},
                {"longitude": 27.733537}
            ]]},
            {"altitude": 176.5},
            {"distance_km": 1.51},
            {"speed_kmh": 3.6},
            {"timestamp": "Sat Mar 25 13:52:29 UTC 2017"}
        ],
        [
            {"location": [[
                {"latitude": 64.237453},
                {"longitude": 27.733595}
            ]]},
            {"altitude": 177.5},
            {"distance_km": 1.52},
            {"speed_kmh": 0},
            {"timestamp": "Sat Mar 25 13:52:35 UTC 2017"}
        ],
        [
            {"location": [[
                {"latitude": 64.237368},
                {"longitude": 27.733663}
            ]]},
            {"altitude": 178},
            {"distance_km": 1.53},
            {"speed_kmh": 5.4},
            {"timestamp": "Sat Mar 25 13:52:41 UTC 2017"}
        ],
        [
            {"location": [[
                {"latitude": 64.237275},
                {"longitude": 27.733737}
            ]]},
            {"altitude": 180},
            {"distance_km": 1.54},
            {"speed_kmh": 3.6},
            {"timestamp": "Sat Mar 25 13:52:47 UTC 2017"}
        ],
        [
            {"location": [[
                {"latitude": 64.237163},
                {"longitude": 27.733831}
            ]]},
            {"altitude": 182},
            {"distance_km": 1.56},
            {"speed_kmh": 5.4},
            {"timestamp": "Sat Mar 25 13:52:53 UTC 2017"}
        ],
        [
            {"location": [[
                {"latitude": 64.237065},
                {"longitude": 27.733919}
            ]]},
            {"altitude": 183},
            {"distance_km": 1.57},
            {"speed_kmh": 4.5},
            {"timestamp": "Sat Mar 25 13:52:59 UTC 2017"}
        ],
        [
            {"location": [[
                {"latitude": 64.236976},
                {"longitude": 27.733985}
            ]]},
            {"altitude": 183},
            {"distance_km": 1.58},
            {"speed_kmh": 4.5},
            {"timestamp": "Sat Mar 25 13:53:05 UTC 2017"}
        ],
        [
            {"location": [[
                {"latitude": 64.236869},
                {"longitude": 27.734088}
            ]]},
            {"altitude": 182.5},
            {"distance_km": 1.59},
            {"speed_kmh": 5.4},
            {"timestamp": "Sat Mar 25 13:53:13 UTC 2017"}
        ],
        [
            {"location": [[
                {"latitude": 64.236791},
                {"longitude": 27.734211}
            ]]},
            {"altitude": 185},
            {"distance_km": 1.6},
            {"speed_kmh": 5.4},
            {"timestamp": "Sat Mar 25 13:53:19 UTC 2017"}
        ],
        [
            {"location": [[
                {"latitude": 64.236698},
                {"longitude": 27.734299}
            ]]},
            {"altitude": 186},
            {"distance_km": 1.61},
            {"speed_kmh": 4.5},
            {"timestamp": "Sat Mar 25 13:53:26 UTC 2017"}
        ],
        [
            {"location": [[
                {"latitude": 64.236594},
                {"longitude": 27.734444}
            ]]},
            {"altitude": 189},
            {"distance_km": 1.63},
            {"speed_kmh": 4.5},
            {"timestamp": "Sat Mar 25 13:53:33 UTC 2017"}
        ],
        [
            {"location": [[
                {"latitude": 64.236503},
                {"longitude": 27.734543}
            ]]},
            {"altitude": 185},
            {"distance_km": 1.64},
            {"speed_kmh": 5.4},
            {"timestamp": "Sat Mar 25 13:53:39 UTC 2017"}
        ],
        [
            {"location": [[
                {"latitude": 64.236414},
                {"longitude": 27.734697}
            ]]},
            {"altitude": 184},
            {"distance_km": 1.65},
            {"speed_kmh": 4.5},
            {"timestamp": "Sat Mar 25 13:53:47 UTC 2017"}
        ],
        [
            {"location": [[
                {"latitude": 64.236328},
                {"longitude": 27.734849}
            ]]},
            {"altitude": 182.5},
            {"distance_km": 1.66},
            {"speed_kmh": 5.4},
            {"timestamp": "Sat Mar 25 13:53:55 UTC 2017"}
        ],
        [
            {"location": [[
                {"latitude": 64.236243},
                {"longitude": 27.735024}
            ]]},
            {"altitude": 180},
            {"distance_km": 1.67},
            {"speed_kmh": 4.5},
            {"timestamp": "Sat Mar 25 13:54:03 UTC 2017"}
        ],
        [
            {"location": [[
                {"latitude": 64.236186},
                {"longitude": 27.735201}
            ]]},
            {"altitude": 179},
            {"distance_km": 1.68},
            {"speed_kmh": 4.5},
            {"timestamp": "Sat Mar 25 13:54:11 UTC 2017"}
        ],
        [
            {"location": [[
                {"latitude": 64.236149},
                {"longitude": 27.735403}
            ]]},
            {"altitude": 177.5},
            {"distance_km": 1.7},
            {"speed_kmh": 4.5},
            {"timestamp": "Sat Mar 25 13:54:19 UTC 2017"}
        ],
        [
            {"location": [[
                {"latitude": 64.236036},
                {"longitude": 27.735506}
            ]]},
            {"altitude": 178.5},
            {"distance_km": 1.71},
            {"speed_kmh": 4.5},
            {"timestamp": "Sat Mar 25 13:54:27 UTC 2017"}
        ],
        [
            {"location": [[
                {"latitude": 64.23595},
                {"longitude": 27.735616}
            ]]},
            {"altitude": 178.5},
            {"distance_km": 1.72},
            {"speed_kmh": 4.5},
            {"timestamp": "Sat Mar 25 13:54:33 UTC 2017"}
        ],
        [
            {"location": [[
                {"latitude": 64.235883},
                {"longitude": 27.735812}
            ]]},
            {"altitude": 179},
            {"distance_km": 1.73},
            {"speed_kmh": 4.5},
            {"timestamp": "Sat Mar 25 13:54:41 UTC 2017"}
        ],
        [
            {"location": [[
                {"latitude": 64.235801},
                {"longitude": 27.736006}
            ]]},
            {"altitude": 175},
            {"distance_km": 1.75},
            {"speed_kmh": 6.3},
            {"timestamp": "Sat Mar 25 13:54:49 UTC 2017"}
        ],
        [
            {"location": [[
                {"latitude": 64.235731},
                {"longitude": 27.736146}
            ]]},
            {"altitude": 171},
            {"distance_km": 1.76},
            {"speed_kmh": 5.4},
            {"timestamp": "Sat Mar 25 13:54:55 UTC 2017"}
        ],
        [
            {"location": [[
                {"latitude": 64.235655},
                {"longitude": 27.736265}
            ]]},
            {"altitude": 170},
            {"distance_km": 1.77},
            {"speed_kmh": 5.4},
            {"timestamp": "Sat Mar 25 13:55:01 UTC 2017"}
        ],
        [
            {"location": [[
                {"latitude": 64.235542},
                {"longitude": 27.736297}
            ]]},
            {"altitude": 170},
            {"distance_km": 1.78},
            {"speed_kmh": 5.4},
            {"timestamp": "Sat Mar 25 13:55:09 UTC 2017"}
        ],
        [
            {"location": [[
                {"latitude": 64.235448},
                {"longitude": 27.736342}
            ]]},
            {"altitude": 171.5},
            {"distance_km": 1.79},
            {"speed_kmh": 2.7},
            {"timestamp": "Sat Mar 25 13:55:19 UTC 2017"}
        ],
        [
            {"location": [[
                {"latitude": 64.235387},
                {"longitude": 27.736516}
            ]]},
            {"altitude": 169},
            {"distance_km": 1.8},
            {"speed_kmh": 3.6},
            {"timestamp": "Sat Mar 25 13:55:30 UTC 2017"}
        ],
        [
            {"location": [[
                {"latitude": 64.235324},
                {"longitude": 27.736713}
            ]]},
            {"altitude": 168},
            {"distance_km": 1.81},
            {"speed_kmh": 5.4},
            {"timestamp": "Sat Mar 25 13:55:36 UTC 2017"}
        ],
        [
            {"location": [[
                {"latitude": 64.235234},
                {"longitude": 27.736712}
            ]]},
            {"altitude": 170},
            {"distance_km": 1.82},
            {"speed_kmh": 4.5},
            {"timestamp": "Sat Mar 25 13:55:43 UTC 2017"}
        ],
        [
            {"location": [[
                {"latitude": 64.235146},
                {"longitude": 27.7366}
            ]]},
            {"altitude": 166.5},
            {"distance_km": 1.83},
            {"speed_kmh": 4.5},
            {"timestamp": "Sat Mar 25 13:55:51 UTC 2017"}
        ],
        [
            {"location": [[
                {"latitude": 64.235052},
                {"longitude": 27.736477}
            ]]},
            {"altitude": 166},
            {"distance_km": 1.84},
            {"speed_kmh": 5.4},
            {"timestamp": "Sat Mar 25 13:55:59 UTC 2017"}
        ],
        [
            {"location": [[
                {"latitude": 64.234959},
                {"longitude": 27.736337}
            ]]},
            {"altitude": 165},
            {"distance_km": 1.86},
            {"speed_kmh": 5.4},
            {"timestamp": "Sat Mar 25 13:56:07 UTC 2017"}
        ],
        [
            {"location": [[
                {"latitude": 64.234861},
                {"longitude": 27.736209}
            ]]},
            {"altitude": 167},
            {"distance_km": 1.87},
            {"speed_kmh": 5.4},
            {"timestamp": "Sat Mar 25 13:56:15 UTC 2017"}
        ],
        [
            {"location": [[
                {"latitude": 64.234769},
                {"longitude": 27.736088}
            ]]},
            {"altitude": 167},
            {"distance_km": 1.88},
            {"speed_kmh": 4.5},
            {"timestamp": "Sat Mar 25 13:56:23 UTC 2017"}
        ],
        [
            {"location": [[
                {"latitude": 64.234684},
                {"longitude": 27.735943}
            ]]},
            {"altitude": 169},
            {"distance_km": 1.89},
            {"speed_kmh": 4.5},
            {"timestamp": "Sat Mar 25 13:56:31 UTC 2017"}
        ],
        [
            {"location": [[
                {"latitude": 64.234608},
                {"longitude": 27.735774}
            ]]},
            {"altitude": 170},
            {"distance_km": 1.91},
            {"speed_kmh": 3.6},
            {"timestamp": "Sat Mar 25 13:56:39 UTC 2017"}
        ],
        [
            {"location": [[
                {"latitude": 64.234512},
                {"longitude": 27.735628}
            ]]},
            {"altitude": 169.5},
            {"distance_km": 1.92},
            {"speed_kmh": 4.5},
            {"timestamp": "Sat Mar 25 13:56:47 UTC 2017"}
        ],
        [
            {"location": [[
                {"latitude": 64.23442},
                {"longitude": 27.735504}
            ]]},
            {"altitude": 167.5},
            {"distance_km": 1.93},
            {"speed_kmh": 4.5},
            {"timestamp": "Sat Mar 25 13:56:55 UTC 2017"}
        ],
        [
            {"location": [[
                {"latitude": 64.234344},
                {"longitude": 27.735337}
            ]]},
            {"altitude": 165.5},
            {"distance_km": 1.94},
            {"speed_kmh": 4.5},
            {"timestamp": "Sat Mar 25 13:57:01 UTC 2017"}
        ],
        [
            {"location": [[
                {"latitude": 64.234259},
                {"longitude": 27.735228}
            ]]},
            {"altitude": 163.5},
            {"distance_km": 1.95},
            {"speed_kmh": 4.5},
            {"timestamp": "Sat Mar 25 13:57:07 UTC 2017"}
        ],
        [
            {"location": [[
                {"latitude": 64.234184},
                {"longitude": 27.735109}
            ]]},
            {"altitude": 164.5},
            {"distance_km": 1.96},
            {"speed_kmh": 4.5},
            {"timestamp": "Sat Mar 25 13:57:13 UTC 2017"}
        ],
        [
            {"location": [[
                {"latitude": 64.234086},
                {"longitude": 27.735053}
            ]]},
            {"altitude": 163},
            {"distance_km": 1.97},
            {"speed_kmh": 4.5},
            {"timestamp": "Sat Mar 25 13:57:19 UTC 2017"}
        ],
        [
            {"location": [[
                {"latitude": 64.233978},
                {"longitude": 27.734962}
            ]]},
            {"altitude": 161.5},
            {"distance_km": 1.99},
            {"speed_kmh": 4.5},
            {"timestamp": "Sat Mar 25 13:57:27 UTC 2017"}
        ],
        [
            {"location": [[
                {"latitude": 64.233887},
                {"longitude": 27.734907}
            ]]},
            {"altitude": 159.5},
            {"distance_km": 2},
            {"speed_kmh": 4.5},
            {"timestamp": "Sat Mar 25 13:57:36 UTC 2017"}
        ],
        [
            {"location": [[
                {"latitude": 64.233806},
                {"longitude": 27.734816}
            ]]},
            {"altitude": 156},
            {"distance_km": 2.01},
            {"speed_kmh": 5.4},
            {"timestamp": "Sat Mar 25 13:57:43 UTC 2017"}
        ],
        [
            {"location": [[
                {"latitude": 64.233716},
                {"longitude": 27.734688}
            ]]},
            {"altitude": 156.5},
            {"distance_km": 2.02},
            {"speed_kmh": 4.5},
            {"timestamp": "Sat Mar 25 13:57:51 UTC 2017"}
        ],
        [
            {"location": [[
                {"latitude": 64.233623},
                {"longitude": 27.734501}
            ]]},
            {"altitude": 159.5},
            {"distance_km": 2.03},
            {"speed_kmh": 4.5},
            {"timestamp": "Sat Mar 25 13:57:59 UTC 2017"}
        ],
        [
            {"location": [[
                {"latitude": 64.233541},
                {"longitude": 27.734376}
            ]]},
            {"altitude": 157},
            {"distance_km": 2.04},
            {"speed_kmh": 4.5},
            {"timestamp": "Sat Mar 25 13:58:05 UTC 2017"}
        ],
        [
            {"location": [[
                {"latitude": 64.233431},
                {"longitude": 27.734303}
            ]]},
            {"altitude": 155.5},
            {"distance_km": 2.06},
            {"speed_kmh": 4.5},
            {"timestamp": "Sat Mar 25 13:58:13 UTC 2017"}
        ],
        [
            {"location": [[
                {"latitude": 64.233327},
                {"longitude": 27.734214}
            ]]},
            {"altitude": 156},
            {"distance_km": 2.07},
            {"speed_kmh": 5.4},
            {"timestamp": "Sat Mar 25 13:58:21 UTC 2017"}
        ],
        [
            {"location": [[
                {"latitude": 64.233235},
                {"longitude": 27.73414}
            ]]},
            {"altitude": 154.5},
            {"distance_km": 2.08},
            {"speed_kmh": 5.4},
            {"timestamp": "Sat Mar 25 13:58:27 UTC 2017"}
        ],
        [
            {"location": [[
                {"latitude": 64.233144},
                {"longitude": 27.734118}
            ]]},
            {"altitude": 154},
            {"distance_km": 2.09},
            {"speed_kmh": 5.4},
            {"timestamp": "Sat Mar 25 13:58:33 UTC 2017"}
        ],
        [
            {"location": [[
                {"latitude": 64.233039},
                {"longitude": 27.734068}
            ]]},
            {"altitude": 151},
            {"distance_km": 2.1},
            {"speed_kmh": 5.4},
            {"timestamp": "Sat Mar 25 13:58:41 UTC 2017"}
        ],
        [
            {"location": [[
                {"latitude": 64.232925},
                {"longitude": 27.734022}
            ]]},
            {"altitude": 152.5},
            {"distance_km": 2.11},
            {"speed_kmh": 5.4},
            {"timestamp": "Sat Mar 25 13:58:49 UTC 2017"}
        ],
        [
            {"location": [[
                {"latitude": 64.232824},
                {"longitude": 27.733962}
            ]]},
            {"altitude": 155},
            {"distance_km": 2.13},
            {"speed_kmh": 7.2},
            {"timestamp": "Sat Mar 25 13:59:03 UTC 2017"}
        ],
        [
            {"location": [[
                {"latitude": 64.232728},
                {"longitude": 27.733923}
            ]]},
            {"altitude": 154.5},
            {"distance_km": 2.14},
            {"speed_kmh": 5.4},
            {"timestamp": "Sat Mar 25 13:59:09 UTC 2017"}
        ],
        [
            {"location": [[
                {"latitude": 64.232672},
                {"longitude": 27.733746}
            ]]},
            {"altitude": 151.5},
            {"distance_km": 2.15},
            {"speed_kmh": 5.4},
            {"timestamp": "Sat Mar 25 13:59:21 UTC 2017"}
        ],
        [
            {"location": [[
                {"latitude": 64.232698},
                {"longitude": 27.733529}
            ]]},
            {"altitude": 150},
            {"distance_km": 2.16},
            {"speed_kmh": 5.4},
            {"timestamp": "Sat Mar 25 13:59:30 UTC 2017"}
        ],
        [
            {"location": [[
                {"latitude": 64.232695},
                {"longitude": 27.733282}
            ]]},
            {"altitude": 153.5},
            {"distance_km": 2.17},
            {"speed_kmh": 5.4},
            {"timestamp": "Sat Mar 25 13:59:39 UTC 2017"}
        ],
        [
            {"location": [[
                {"latitude": 64.232704},
                {"longitude": 27.733061}
            ]]},
            {"altitude": 155.5},
            {"distance_km": 2.18},
            {"speed_kmh": 5.4},
            {"timestamp": "Sat Mar 25 13:59:47 UTC 2017"}
        ],
        [
            {"location": [[
                {"latitude": 64.232724},
                {"longitude": 27.732833}
            ]]},
            {"altitude": 159.5},
            {"distance_km": 2.19},
            {"speed_kmh": 5.4},
            {"timestamp": "Sat Mar 25 13:59:55 UTC 2017"}
        ],
        [
            {"location": [[
                {"latitude": 64.232767},
                {"longitude": 27.732595}
            ]]},
            {"altitude": 161},
            {"distance_km": 2.2},
            {"speed_kmh": 4.5},
            {"timestamp": "Sat Mar 25 14:00:05 UTC 2017"}
        ],
        [
            {"location": [[
                {"latitude": 64.232809},
                {"longitude": 27.732368}
            ]]},
            {"altitude": 167},
            {"distance_km": 2.22},
            {"speed_kmh": 4.5},
            {"timestamp": "Sat Mar 25 14:00:13 UTC 2017"}
        ],
        [
            {"location": [[
                {"latitude": 64.232848},
                {"longitude": 27.732127}
            ]]},
            {"altitude": 169.5},
            {"distance_km": 2.23},
            {"speed_kmh": 4.5},
            {"timestamp": "Sat Mar 25 14:00:21 UTC 2017"}
        ],
        [
            {"location": [[
                {"latitude": 64.232876},
                {"longitude": 27.731883}
            ]]},
            {"altitude": 175.5},
            {"distance_km": 2.24},
            {"speed_kmh": 4.5},
            {"timestamp": "Sat Mar 25 14:00:29 UTC 2017"}
        ],
        [
            {"location": [[
                {"latitude": 64.232917},
                {"longitude": 27.731647}
            ]]},
            {"altitude": 174},
            {"distance_km": 2.25},
            {"speed_kmh": 4.5},
            {"timestamp": "Sat Mar 25 14:00:37 UTC 2017"}
        ],
        [
            {"location": [[
                {"latitude": 64.232911},
                {"longitude": 27.731408}
            ]]},
            {"altitude": 159.5},
            {"distance_km": 2.27},
            {"speed_kmh": 4.5},
            {"timestamp": "Sat Mar 25 14:00:45 UTC 2017"}
        ],
        [
            {"location": [[
                {"latitude": 64.2328},
                {"longitude": 27.73138}
            ]]},
            {"altitude": 154},
            {"distance_km": 2.28},
            {"speed_kmh": 4.5},
            {"timestamp": "Sat Mar 25 14:00:51 UTC 2017"}
        ],
        [
            {"location": [[
                {"latitude": 64.232721},
                {"longitude": 27.731285}
            ]]},
            {"altitude": 155.5},
            {"distance_km": 2.29},
            {"speed_kmh": 0},
            {"timestamp": "Sat Mar 25 14:01:03 UTC 2017"}
        ],
        [
            {"location": [[
                {"latitude": 64.23261},
                {"longitude": 27.731182}
            ]]},
            {"altitude": 155},
            {"distance_km": 2.3},
            {"speed_kmh": 5.4},
            {"timestamp": "Sat Mar 25 14:01:26 UTC 2017"}
        ],
        [
            {"location": [[
                {"latitude": 64.23249},
                {"longitude": 27.731052}
            ]]},
            {"altitude": 154},
            {"distance_km": 2.32},
            {"speed_kmh": 5.4},
            {"timestamp": "Sat Mar 25 14:01:35 UTC 2017"}
        ],
        [
            {"location": [[
                {"latitude": 64.232387},
                {"longitude": 27.730955}
            ]]},
            {"altitude": 153},
            {"distance_km": 2.33},
            {"speed_kmh": 5.4},
            {"timestamp": "Sat Mar 25 14:01:43 UTC 2017"}
        ],
        [
            {"location": [[
                {"latitude": 64.232294},
                {"longitude": 27.730837}
            ]]},
            {"altitude": 153.5},
            {"distance_km": 2.34},
            {"speed_kmh": 5.4},
            {"timestamp": "Sat Mar 25 14:01:51 UTC 2017"}
        ],
        [
            {"location": [[
                {"latitude": 64.232212},
                {"longitude": 27.730689}
            ]]},
            {"altitude": 154},
            {"distance_km": 2.35},
            {"speed_kmh": 5.4},
            {"timestamp": "Sat Mar 25 14:01:59 UTC 2017"}
        ],
        [
            {"location": [[
                {"latitude": 64.232149},
                {"longitude": 27.730517}
            ]]},
            {"altitude": 160.5},
            {"distance_km": 2.36},
            {"speed_kmh": 5.4},
            {"timestamp": "Sat Mar 25 14:02:05 UTC 2017"}
        ],
        [
            {"location": [[
                {"latitude": 64.232126},
                {"longitude": 27.730298}
            ]]},
            {"altitude": 159},
            {"distance_km": 2.37},
            {"speed_kmh": 4.5},
            {"timestamp": "Sat Mar 25 14:02:13 UTC 2017"}
        ],
        [
            {"location": [[
                {"latitude": 64.232151},
                {"longitude": 27.730052}
            ]]},
            {"altitude": 164.5},
            {"distance_km": 2.39},
            {"speed_kmh": 2.7},
            {"timestamp": "Sat Mar 25 14:02:55 UTC 2017"}
        ],
        [
            {"location": [[
                {"latitude": 64.232149},
                {"longitude": 27.729813}
            ]]},
            {"altitude": 165},
            {"distance_km": 2.4},
            {"speed_kmh": 1.8},
            {"timestamp": "Sat Mar 25 14:03:03 UTC 2017"}
        ],
        [
            {"location": [[
                {"latitude": 64.232089},
                {"longitude": 27.729647}
            ]]},
            {"altitude": 161},
            {"distance_km": 2.41},
            {"speed_kmh": 2.7},
            {"timestamp": "Sat Mar 25 14:03:12 UTC 2017"}
        ],
        [
            {"location": [[
                {"latitude": 64.23202},
                {"longitude": 27.729513}
            ]]},
            {"altitude": 160.5},
            {"distance_km": 2.42},
            {"speed_kmh": 2.7},
            {"timestamp": "Sat Mar 25 14:03:21 UTC 2017"}
        ],
        [
            {"location": [[
                {"latitude": 64.232029},
                {"longitude": 27.729459}
            ]]},
            {"altitude": 162},
            {"distance_km": 2.42},
            {"speed_kmh": 0},
            {"timestamp": "Sat Mar 25 14:04:13 UTC 2017"}
        ],
        [
            {"location": [[
                {"latitude": 64.232029},
                {"longitude": 27.729459}
            ]]},
            {"altitude": 162},
            {"distance_km": 2.42},
            {"speed_kmh": 0},
            {"timestamp": "Sat Mar 25 14:04:13 UTC 2017"}
        ]
    ]}
]