[
    {"sport": "WALKING"},
    {"source": "TRACK_MOBILE"},
    {"created_date": "2017-06-14 09:57:59.0"},
    {"start_time": "2017-06-14 09:56:08.0"},
    {"end_time": "2017-06-14 10:30:21.0"},
    {"duration_s": 2052},
    {"distance_km": 1.42},
    {"calories_kcal": 137.138},
    {"altitude_min_m": 123.5},
    {"altitude_max_m": 167},
    {"speed_avg_kmh": 2.4912280701754383},
    {"speed_max_kmh": 5.4},
    {"ascend_m": 60},
    {"descend_m": 22.5},
    {"points": [
        [
            {"location": [[
                {"latitude": 66.54283},
                {"longitude": 25.83985}
            ]]},
            {"altitude": 123.5},
            {"distance_km": 0},
            {"speed_kmh": 0},
            {"timestamp": "Wed Jun 14 09:56:08 UTC 2017"}
        ],
        [
            {"location": [[
                {"latitude": 66.542941},
                {"longitude": 25.839816}
            ]]},
            {"altitude": 132},
            {"distance_km": 0.01},
            {"speed_kmh": 3.6},
            {"timestamp": "Wed Jun 14 09:56:40 UTC 2017"}
        ],
        [
            {"location": [[
                {"latitude": 66.543038},
                {"longitude": 25.839622}
            ]]},
            {"altitude": 139},
            {"distance_km": 0.03},
            {"speed_kmh": 5.4},
            {"timestamp": "Wed Jun 14 09:57:02 UTC 2017"}
        ],
        [
            {"location": [[
                {"latitude": 66.543091},
                {"longitude": 25.839437}
            ]]},
            {"altitude": 139},
            {"distance_km": 0.04},
            {"speed_kmh": 5.4},
            {"timestamp": "Wed Jun 14 09:57:08 UTC 2017"}
        ],
        [
            {"location": [[
                {"latitude": 66.543145},
                {"longitude": 25.839188}
            ]]},
            {"altitude": 140},
            {"distance_km": 0.05},
            {"speed_kmh": 5.4},
            {"timestamp": "Wed Jun 14 09:57:16 UTC 2017"}
        ],
        [
            {"location": [[
                {"latitude": 66.543154},
                {"longitude": 25.83895}
            ]]},
            {"altitude": 146},
            {"distance_km": 0.06},
            {"speed_kmh": 4.5},
            {"timestamp": "Wed Jun 14 09:57:26 UTC 2017"}
        ],
        [
            {"location": [[
                {"latitude": 66.543171},
                {"longitude": 25.838702}
            ]]},
            {"altitude": 148.5},
            {"distance_km": 0.07},
            {"speed_kmh": 4.5},
            {"timestamp": "Wed Jun 14 09:57:49 UTC 2017"}
        ],
        [
            {"location": [[
                {"latitude": 66.54314},
                {"longitude": 25.838446}
            ]]},
            {"altitude": 151},
            {"distance_km": 0.08},
            {"speed_kmh": 4.5},
            {"timestamp": "Wed Jun 14 09:57:59 UTC 2017"}
        ],
        [
            {"location": [[
                {"latitude": 66.543112},
                {"longitude": 25.838216}
            ]]},
            {"altitude": 151},
            {"distance_km": 0.09},
            {"speed_kmh": 4.5},
            {"timestamp": "Wed Jun 14 09:58:08 UTC 2017"}
        ],
        [
            {"location": [[
                {"latitude": 66.543079},
                {"longitude": 25.837977}
            ]]},
            {"altitude": 153},
            {"distance_km": 0.1},
            {"speed_kmh": 4.5},
            {"timestamp": "Wed Jun 14 09:58:18 UTC 2017"}
        ],
        [
            {"location": [[
                {"latitude": 66.543082},
                {"longitude": 25.83775}
            ]]},
            {"altitude": 150},
            {"distance_km": 0.11},
            {"speed_kmh": 4.5},
            {"timestamp": "Wed Jun 14 09:58:26 UTC 2017"}
        ],
        [
            {"location": [[
                {"latitude": 66.543052},
                {"longitude": 25.837535}
            ]]},
            {"altitude": 150},
            {"distance_km": 0.12},
            {"speed_kmh": 4.5},
            {"timestamp": "Wed Jun 14 09:58:34 UTC 2017"}
        ],
        [
            {"location": [[
                {"latitude": 66.543019},
                {"longitude": 25.837285}
            ]]},
            {"altitude": 150.5},
            {"distance_km": 0.14},
            {"speed_kmh": 4.5},
            {"timestamp": "Wed Jun 14 09:58:44 UTC 2017"}
        ],
        [
            {"location": [[
                {"latitude": 66.542986},
                {"longitude": 25.837024}
            ]]},
            {"altitude": 150.5},
            {"distance_km": 0.15},
            {"speed_kmh": 4.5},
            {"timestamp": "Wed Jun 14 09:58:52 UTC 2017"}
        ],
        [
            {"location": [[
                {"latitude": 66.542944},
                {"longitude": 25.836824}
            ]]},
            {"altitude": 151},
            {"distance_km": 0.16},
            {"speed_kmh": 1.8},
            {"timestamp": "Wed Jun 14 09:59:02 UTC 2017"}
        ],
        [
            {"location": [[
                {"latitude": 66.542915},
                {"longitude": 25.836572}
            ]]},
            {"altitude": 153.5},
            {"distance_km": 0.17},
            {"speed_kmh": 3.6},
            {"timestamp": "Wed Jun 14 09:59:15 UTC 2017"}
        ],
        [
            {"location": [[
                {"latitude": 66.542904},
                {"longitude": 25.836319}
            ]]},
            {"altitude": 153},
            {"distance_km": 0.18},
            {"speed_kmh": 3.6},
            {"timestamp": "Wed Jun 14 09:59:26 UTC 2017"}
        ],
        [
            {"location": [[
                {"latitude": 66.542902},
                {"longitude": 25.836043}
            ]]},
            {"altitude": 152},
            {"distance_km": 0.19},
            {"speed_kmh": 3.6},
            {"timestamp": "Wed Jun 14 09:59:38 UTC 2017"}
        ],
        [
            {"location": [[
                {"latitude": 66.542895},
                {"longitude": 25.835786}
            ]]},
            {"altitude": 152.5},
            {"distance_km": 0.2},
            {"speed_kmh": 3.6},
            {"timestamp": "Wed Jun 14 09:59:48 UTC 2017"}
        ],
        [
            {"location": [[
                {"latitude": 66.542908},
                {"longitude": 25.835552}
            ]]},
            {"altitude": 151.5},
            {"distance_km": 0.22},
            {"speed_kmh": 2.7},
            {"timestamp": "Wed Jun 14 09:59:58 UTC 2017"}
        ],
        [
            {"location": [[
                {"latitude": 66.542896},
                {"longitude": 25.835296}
            ]]},
            {"altitude": 153.5},
            {"distance_km": 0.23},
            {"speed_kmh": 3.6},
            {"timestamp": "Wed Jun 14 10:00:08 UTC 2017"}
        ],
        [
            {"location": [[
                {"latitude": 66.542898},
                {"longitude": 25.835014}
            ]]},
            {"altitude": 153.5},
            {"distance_km": 0.24},
            {"speed_kmh": 4.5},
            {"timestamp": "Wed Jun 14 10:00:18 UTC 2017"}
        ],
        [
            {"location": [[
                {"latitude": 66.542854},
                {"longitude": 25.834812}
            ]]},
            {"altitude": 154.5},
            {"distance_km": 0.25},
            {"speed_kmh": 2.7},
            {"timestamp": "Wed Jun 14 10:00:30 UTC 2017"}
        ],
        [
            {"location": [[
                {"latitude": 66.542847},
                {"longitude": 25.834576}
            ]]},
            {"altitude": 155},
            {"distance_km": 0.26},
            {"speed_kmh": 3.6},
            {"timestamp": "Wed Jun 14 10:00:42 UTC 2017"}
        ],
        [
            {"location": [[
                {"latitude": 66.54286},
                {"longitude": 25.834342}
            ]]},
            {"altitude": 155},
            {"distance_km": 0.27},
            {"speed_kmh": 2.7},
            {"timestamp": "Wed Jun 14 10:00:52 UTC 2017"}
        ],
        [
            {"location": [[
                {"latitude": 66.542814},
                {"longitude": 25.83414}
            ]]},
            {"altitude": 157},
            {"distance_km": 0.28},
            {"speed_kmh": 2.7},
            {"timestamp": "Wed Jun 14 10:01:13 UTC 2017"}
        ],
        [
            {"location": [[
                {"latitude": 66.542758},
                {"longitude": 25.833916}
            ]]},
            {"altitude": 154.5},
            {"distance_km": 0.29},
            {"speed_kmh": 3.6},
            {"timestamp": "Wed Jun 14 10:01:24 UTC 2017"}
        ],
        [
            {"location": [[
                {"latitude": 66.542698},
                {"longitude": 25.83372}
            ]]},
            {"altitude": 152.5},
            {"distance_km": 0.3},
            {"speed_kmh": 3.6},
            {"timestamp": "Wed Jun 14 10:01:34 UTC 2017"}
        ],
        [
            {"location": [[
                {"latitude": 66.542665},
                {"longitude": 25.833496}
            ]]},
            {"altitude": 153.5},
            {"distance_km": 0.31},
            {"speed_kmh": 3.6},
            {"timestamp": "Wed Jun 14 10:01:44 UTC 2017"}
        ],
        [
            {"location": [[
                {"latitude": 66.542623},
                {"longitude": 25.833289}
            ]]},
            {"altitude": 154.5},
            {"distance_km": 0.32},
            {"speed_kmh": 3.6},
            {"timestamp": "Wed Jun 14 10:01:54 UTC 2017"}
        ],
        [
            {"location": [[
                {"latitude": 66.542625},
                {"longitude": 25.833041}
            ]]},
            {"altitude": 152.5},
            {"distance_km": 0.34},
            {"speed_kmh": 3.6},
            {"timestamp": "Wed Jun 14 10:02:02 UTC 2017"}
        ],
        [
            {"location": [[
                {"latitude": 66.542654},
                {"longitude": 25.832802}
            ]]},
            {"altitude": 153.5},
            {"distance_km": 0.35},
            {"speed_kmh": 3.6},
            {"timestamp": "Wed Jun 14 10:02:10 UTC 2017"}
        ],
        [
            {"location": [[
                {"latitude": 66.542659},
                {"longitude": 25.832517}
            ]]},
            {"altitude": 152},
            {"distance_km": 0.36},
            {"speed_kmh": 3.6},
            {"timestamp": "Wed Jun 14 10:02:20 UTC 2017"}
        ],
        [
            {"location": [[
                {"latitude": 66.542687},
                {"longitude": 25.832271}
            ]]},
            {"altitude": 150.5},
            {"distance_km": 0.37},
            {"speed_kmh": 3.6},
            {"timestamp": "Wed Jun 14 10:02:28 UTC 2017"}
        ],
        [
            {"location": [[
                {"latitude": 66.542657},
                {"longitude": 25.832011}
            ]]},
            {"altitude": 149.5},
            {"distance_km": 0.38},
            {"speed_kmh": 3.6},
            {"timestamp": "Wed Jun 14 10:02:38 UTC 2017"}
        ],
        [
            {"location": [[
                {"latitude": 66.542675},
                {"longitude": 25.831753}
            ]]},
            {"altitude": 149},
            {"distance_km": 0.39},
            {"speed_kmh": 3.6},
            {"timestamp": "Wed Jun 14 10:02:48 UTC 2017"}
        ],
        [
            {"location": [[
                {"latitude": 66.542677},
                {"longitude": 25.831488}
            ]]},
            {"altitude": 150.5},
            {"distance_km": 0.41},
            {"speed_kmh": 3.6},
            {"timestamp": "Wed Jun 14 10:02:58 UTC 2017"}
        ],
        [
            {"location": [[
                {"latitude": 66.542581},
                {"longitude": 25.831453}
            ]]},
            {"altitude": 150},
            {"distance_km": 0.42},
            {"speed_kmh": 4.5},
            {"timestamp": "Wed Jun 14 10:03:19 UTC 2017"}
        ],
        [
            {"location": [[
                {"latitude": 66.542484},
                {"longitude": 25.831463}
            ]]},
            {"altitude": 149.5},
            {"distance_km": 0.43},
            {"speed_kmh": 4.5},
            {"timestamp": "Wed Jun 14 10:03:27 UTC 2017"}
        ],
        [
            {"location": [[
                {"latitude": 66.542393},
                {"longitude": 25.831484}
            ]]},
            {"altitude": 149.5},
            {"distance_km": 0.44},
            {"speed_kmh": 4.5},
            {"timestamp": "Wed Jun 14 10:03:35 UTC 2017"}
        ],
        [
            {"location": [[
                {"latitude": 66.5423},
                {"longitude": 25.831514}
            ]]},
            {"altitude": 149},
            {"distance_km": 0.45},
            {"speed_kmh": 4.5},
            {"timestamp": "Wed Jun 14 10:03:44 UTC 2017"}
        ],
        [
            {"location": [[
                {"latitude": 66.542204},
                {"longitude": 25.83153}
            ]]},
            {"altitude": 148.5},
            {"distance_km": 0.46},
            {"speed_kmh": 4.5},
            {"timestamp": "Wed Jun 14 10:03:52 UTC 2017"}
        ],
        [
            {"location": [[
                {"latitude": 66.542097},
                {"longitude": 25.831604}
            ]]},
            {"altitude": 150},
            {"distance_km": 0.47},
            {"speed_kmh": 4.5},
            {"timestamp": "Wed Jun 14 10:04:02 UTC 2017"}
        ],
        [
            {"location": [[
                {"latitude": 66.542013},
                {"longitude": 25.831725}
            ]]},
            {"altitude": 148.5},
            {"distance_km": 0.48},
            {"speed_kmh": 4.5},
            {"timestamp": "Wed Jun 14 10:04:12 UTC 2017"}
        ],
        [
            {"location": [[
                {"latitude": 66.541922},
                {"longitude": 25.831766}
            ]]},
            {"altitude": 149.5},
            {"distance_km": 0.49},
            {"speed_kmh": 3.6},
            {"timestamp": "Wed Jun 14 10:04:20 UTC 2017"}
        ],
        [
            {"location": [[
                {"latitude": 66.541807},
                {"longitude": 25.831817}
            ]]},
            {"altitude": 150.5},
            {"distance_km": 0.5},
            {"speed_kmh": 4.5},
            {"timestamp": "Wed Jun 14 10:04:30 UTC 2017"}
        ],
        [
            {"location": [[
                {"latitude": 66.541704},
                {"longitude": 25.831841}
            ]]},
            {"altitude": 149},
            {"distance_km": 0.52},
            {"speed_kmh": 4.5},
            {"timestamp": "Wed Jun 14 10:04:38 UTC 2017"}
        ],
        [
            {"location": [[
                {"latitude": 66.541598},
                {"longitude": 25.831871}
            ]]},
            {"altitude": 147.5},
            {"distance_km": 0.53},
            {"speed_kmh": 4.5},
            {"timestamp": "Wed Jun 14 10:04:46 UTC 2017"}
        ],
        [
            {"location": [[
                {"latitude": 66.541493},
                {"longitude": 25.831785}
            ]]},
            {"altitude": 145.5},
            {"distance_km": 0.54},
            {"speed_kmh": 4.5},
            {"timestamp": "Wed Jun 14 10:04:56 UTC 2017"}
        ],
        [
            {"location": [[
                {"latitude": 66.541404},
                {"longitude": 25.831753}
            ]]},
            {"altitude": 147.5},
            {"distance_km": 0.55},
            {"speed_kmh": 0.9},
            {"timestamp": "Wed Jun 14 10:05:15 UTC 2017"}
        ],
        [
            {"location": [[
                {"latitude": 66.541319},
                {"longitude": 25.831676}
            ]]},
            {"altitude": 144},
            {"distance_km": 0.56},
            {"speed_kmh": 2.7},
            {"timestamp": "Wed Jun 14 10:06:51 UTC 2017"}
        ],
        [
            {"location": [[
                {"latitude": 66.541228},
                {"longitude": 25.831696}
            ]]},
            {"altitude": 145},
            {"distance_km": 0.57},
            {"speed_kmh": 2.7},
            {"timestamp": "Wed Jun 14 10:07:03 UTC 2017"}
        ],
        [
            {"location": [[
                {"latitude": 66.541132},
                {"longitude": 25.831724}
            ]]},
            {"altitude": 144.5},
            {"distance_km": 0.58},
            {"speed_kmh": 2.7},
            {"timestamp": "Wed Jun 14 10:07:16 UTC 2017"}
        ],
        [
            {"location": [[
                {"latitude": 66.541026},
                {"longitude": 25.831727}
            ]]},
            {"altitude": 143},
            {"distance_km": 0.59},
            {"speed_kmh": 3.6},
            {"timestamp": "Wed Jun 14 10:07:28 UTC 2017"}
        ],
        [
            {"location": [[
                {"latitude": 66.54092},
                {"longitude": 25.831716}
            ]]},
            {"altitude": 142},
            {"distance_km": 0.61},
            {"speed_kmh": 3.6},
            {"timestamp": "Wed Jun 14 10:07:38 UTC 2017"}
        ],
        [
            {"location": [[
                {"latitude": 66.540822},
                {"longitude": 25.831749}
            ]]},
            {"altitude": 141},
            {"distance_km": 0.62},
            {"speed_kmh": 3.6},
            {"timestamp": "Wed Jun 14 10:07:48 UTC 2017"}
        ],
        [
            {"location": [[
                {"latitude": 66.540724},
                {"longitude": 25.831704}
            ]]},
            {"altitude": 142.5},
            {"distance_km": 0.63},
            {"speed_kmh": 3.6},
            {"timestamp": "Wed Jun 14 10:07:58 UTC 2017"}
        ],
        [
            {"location": [[
                {"latitude": 66.540634},
                {"longitude": 25.831733}
            ]]},
            {"altitude": 142},
            {"distance_km": 0.64},
            {"speed_kmh": 3.6},
            {"timestamp": "Wed Jun 14 10:08:08 UTC 2017"}
        ],
        [
            {"location": [[
                {"latitude": 66.540532},
                {"longitude": 25.83174}
            ]]},
            {"altitude": 142},
            {"distance_km": 0.65},
            {"speed_kmh": 3.6},
            {"timestamp": "Wed Jun 14 10:08:18 UTC 2017"}
        ],
        [
            {"location": [[
                {"latitude": 66.540433},
                {"longitude": 25.831692}
            ]]},
            {"altitude": 140.5},
            {"distance_km": 0.66},
            {"speed_kmh": 3.6},
            {"timestamp": "Wed Jun 14 10:08:29 UTC 2017"}
        ],
        [
            {"location": [[
                {"latitude": 66.540519},
                {"longitude": 25.831617}
            ]]},
            {"altitude": 132.5},
            {"distance_km": 0.67},
            {"speed_kmh": 2.7},
            {"timestamp": "Wed Jun 14 10:09:12 UTC 2017"}
        ],
        [
            {"location": [[
                {"latitude": 66.540624},
                {"longitude": 25.831641}
            ]]},
            {"altitude": 128.5},
            {"distance_km": 0.68},
            {"speed_kmh": 2.7},
            {"timestamp": "Wed Jun 14 10:09:24 UTC 2017"}
        ],
        [
            {"location": [[
                {"latitude": 66.540715},
                {"longitude": 25.831641}
            ]]},
            {"altitude": 130},
            {"distance_km": 0.69},
            {"speed_kmh": 3.6},
            {"timestamp": "Wed Jun 14 10:09:34 UTC 2017"}
        ],
        [
            {"location": [[
                {"latitude": 66.540812},
                {"longitude": 25.831605}
            ]]},
            {"altitude": 133.5},
            {"distance_km": 0.7},
            {"speed_kmh": 2.7},
            {"timestamp": "Wed Jun 14 10:10:14 UTC 2017"}
        ],
        [
            {"location": [[
                {"latitude": 66.540907},
                {"longitude": 25.831596}
            ]]},
            {"altitude": 139.5},
            {"distance_km": 0.71},
            {"speed_kmh": 2.7},
            {"timestamp": "Wed Jun 14 10:10:29 UTC 2017"}
        ],
        [
            {"location": [[
                {"latitude": 66.541015},
                {"longitude": 25.831569}
            ]]},
            {"altitude": 140.5},
            {"distance_km": 0.73},
            {"speed_kmh": 3.6},
            {"timestamp": "Wed Jun 14 10:10:41 UTC 2017"}
        ],
        [
            {"location": [[
                {"latitude": 66.541108},
                {"longitude": 25.831543}
            ]]},
            {"altitude": 141.5},
            {"distance_km": 0.74},
            {"speed_kmh": 3.6},
            {"timestamp": "Wed Jun 14 10:10:50 UTC 2017"}
        ],
        [
            {"location": [[
                {"latitude": 66.541201},
                {"longitude": 25.831514}
            ]]},
            {"altitude": 142},
            {"distance_km": 0.75},
            {"speed_kmh": 3.6},
            {"timestamp": "Wed Jun 14 10:10:58 UTC 2017"}
        ],
        [
            {"location": [[
                {"latitude": 66.541299},
                {"longitude": 25.831465}
            ]]},
            {"altitude": 143},
            {"distance_km": 0.76},
            {"speed_kmh": 3.6},
            {"timestamp": "Wed Jun 14 10:11:08 UTC 2017"}
        ],
        [
            {"location": [[
                {"latitude": 66.541405},
                {"longitude": 25.831456}
            ]]},
            {"altitude": 142},
            {"distance_km": 0.77},
            {"speed_kmh": 3.6},
            {"timestamp": "Wed Jun 14 10:11:20 UTC 2017"}
        ],
        [
            {"location": [[
                {"latitude": 66.5415},
                {"longitude": 25.831497}
            ]]},
            {"altitude": 143.5},
            {"distance_km": 0.78},
            {"speed_kmh": 3.6},
            {"timestamp": "Wed Jun 14 10:11:30 UTC 2017"}
        ],
        [
            {"location": [[
                {"latitude": 66.541604},
                {"longitude": 25.831506}
            ]]},
            {"altitude": 142.5},
            {"distance_km": 0.79},
            {"speed_kmh": 3.6},
            {"timestamp": "Wed Jun 14 10:11:40 UTC 2017"}
        ],
        [
            {"location": [[
                {"latitude": 66.541712},
                {"longitude": 25.831529}
            ]]},
            {"altitude": 143},
            {"distance_km": 0.8},
            {"speed_kmh": 4.5},
            {"timestamp": "Wed Jun 14 10:11:50 UTC 2017"}
        ],
        [
            {"location": [[
                {"latitude": 66.541823},
                {"longitude": 25.831505}
            ]]},
            {"altitude": 144},
            {"distance_km": 0.82},
            {"speed_kmh": 4.5},
            {"timestamp": "Wed Jun 14 10:12:00 UTC 2017"}
        ],
        [
            {"location": [[
                {"latitude": 66.541924},
                {"longitude": 25.831539}
            ]]},
            {"altitude": 144},
            {"distance_km": 0.83},
            {"speed_kmh": 4.5},
            {"timestamp": "Wed Jun 14 10:12:10 UTC 2017"}
        ],
        [
            {"location": [[
                {"latitude": 66.542018},
                {"longitude": 25.831497}
            ]]},
            {"altitude": 144.5},
            {"distance_km": 0.84},
            {"speed_kmh": 3.6},
            {"timestamp": "Wed Jun 14 10:12:21 UTC 2017"}
        ],
        [
            {"location": [[
                {"latitude": 66.542113},
                {"longitude": 25.831428}
            ]]},
            {"altitude": 147.5},
            {"distance_km": 0.85},
            {"speed_kmh": 3.6},
            {"timestamp": "Wed Jun 14 10:12:31 UTC 2017"}
        ],
        [
            {"location": [[
                {"latitude": 66.542215},
                {"longitude": 25.831433}
            ]]},
            {"altitude": 146.5},
            {"distance_km": 0.86},
            {"speed_kmh": 3.6},
            {"timestamp": "Wed Jun 14 10:12:42 UTC 2017"}
        ],
        [
            {"location": [[
                {"latitude": 66.542314},
                {"longitude": 25.831395}
            ]]},
            {"altitude": 147},
            {"distance_km": 0.87},
            {"speed_kmh": 3.6},
            {"timestamp": "Wed Jun 14 10:12:58 UTC 2017"}
        ],
        [
            {"location": [[
                {"latitude": 66.542414},
                {"longitude": 25.831377}
            ]]},
            {"altitude": 147},
            {"distance_km": 0.88},
            {"speed_kmh": 3.6},
            {"timestamp": "Wed Jun 14 10:13:08 UTC 2017"}
        ],
        [
            {"location": [[
                {"latitude": 66.542508},
                {"longitude": 25.831348}
            ]]},
            {"altitude": 147.5},
            {"distance_km": 0.89},
            {"speed_kmh": 3.6},
            {"timestamp": "Wed Jun 14 10:13:18 UTC 2017"}
        ],
        [
            {"location": [[
                {"latitude": 66.542608},
                {"longitude": 25.831299}
            ]]},
            {"altitude": 148},
            {"distance_km": 0.9},
            {"speed_kmh": 3.6},
            {"timestamp": "Wed Jun 14 10:13:28 UTC 2017"}
        ],
        [
            {"location": [[
                {"latitude": 66.542696},
                {"longitude": 25.83139}
            ]]},
            {"altitude": 149},
            {"distance_km": 0.92},
            {"speed_kmh": 3.6},
            {"timestamp": "Wed Jun 14 10:13:38 UTC 2017"}
        ],
        [
            {"location": [[
                {"latitude": 66.54269},
                {"longitude": 25.831651}
            ]]},
            {"altitude": 150.5},
            {"distance_km": 0.93},
            {"speed_kmh": 3.6},
            {"timestamp": "Wed Jun 14 10:13:46 UTC 2017"}
        ],
        [
            {"location": [[
                {"latitude": 66.542685},
                {"longitude": 25.8319}
            ]]},
            {"altitude": 150},
            {"distance_km": 0.94},
            {"speed_kmh": 4.5},
            {"timestamp": "Wed Jun 14 10:13:54 UTC 2017"}
        ],
        [
            {"location": [[
                {"latitude": 66.542674},
                {"longitude": 25.832162}
            ]]},
            {"altitude": 150.5},
            {"distance_km": 0.95},
            {"speed_kmh": 3.6},
            {"timestamp": "Wed Jun 14 10:14:04 UTC 2017"}
        ],
        [
            {"location": [[
                {"latitude": 66.54267},
                {"longitude": 25.832433}
            ]]},
            {"altitude": 151},
            {"distance_km": 0.96},
            {"speed_kmh": 4.5},
            {"timestamp": "Wed Jun 14 10:14:15 UTC 2017"}
        ],
        [
            {"location": [[
                {"latitude": 66.542671},
                {"longitude": 25.8327}
            ]]},
            {"altitude": 155},
            {"distance_km": 0.97},
            {"speed_kmh": 4.5},
            {"timestamp": "Wed Jun 14 10:14:24 UTC 2017"}
        ],
        [
            {"location": [[
                {"latitude": 66.542673},
                {"longitude": 25.832939}
            ]]},
            {"altitude": 155},
            {"distance_km": 0.98},
            {"speed_kmh": 4.5},
            {"timestamp": "Wed Jun 14 10:14:32 UTC 2017"}
        ],
        [
            {"location": [[
                {"latitude": 66.542699},
                {"longitude": 25.833211}
            ]]},
            {"altitude": 157.5},
            {"distance_km": 1},
            {"speed_kmh": 4.5},
            {"timestamp": "Wed Jun 14 10:14:42 UTC 2017"}
        ],
        [
            {"location": [[
                {"latitude": 66.542733},
                {"longitude": 25.833429}
            ]]},
            {"altitude": 159.5},
            {"distance_km": 1.01},
            {"speed_kmh": 4.5},
            {"timestamp": "Wed Jun 14 10:14:50 UTC 2017"}
        ],
        [
            {"location": [[
                {"latitude": 66.542761},
                {"longitude": 25.833663}
            ]]},
            {"altitude": 157.5},
            {"distance_km": 1.02},
            {"speed_kmh": 4.5},
            {"timestamp": "Wed Jun 14 10:14:58 UTC 2017"}
        ],
        [
            {"location": [[
                {"latitude": 66.542818},
                {"longitude": 25.833891}
            ]]},
            {"altitude": 157},
            {"distance_km": 1.03},
            {"speed_kmh": 4.5},
            {"timestamp": "Wed Jun 14 10:15:08 UTC 2017"}
        ],
        [
            {"location": [[
                {"latitude": 66.542866},
                {"longitude": 25.834131}
            ]]},
            {"altitude": 155},
            {"distance_km": 1.04},
            {"speed_kmh": 4.5},
            {"timestamp": "Wed Jun 14 10:15:18 UTC 2017"}
        ],
        [
            {"location": [[
                {"latitude": 66.542892},
                {"longitude": 25.834347}
            ]]},
            {"altitude": 156},
            {"distance_km": 1.05},
            {"speed_kmh": 4.5},
            {"timestamp": "Wed Jun 14 10:15:26 UTC 2017"}
        ],
        [
            {"location": [[
                {"latitude": 66.542931},
                {"longitude": 25.834605}
            ]]},
            {"altitude": 157},
            {"distance_km": 1.06},
            {"speed_kmh": 4.5},
            {"timestamp": "Wed Jun 14 10:15:36 UTC 2017"}
        ],
        [
            {"location": [[
                {"latitude": 66.542944},
                {"longitude": 25.83488}
            ]]},
            {"altitude": 156},
            {"distance_km": 1.08},
            {"speed_kmh": 4.5},
            {"timestamp": "Wed Jun 14 10:15:46 UTC 2017"}
        ],
        [
            {"location": [[
                {"latitude": 66.542948},
                {"longitude": 25.835134}
            ]]},
            {"altitude": 159},
            {"distance_km": 1.09},
            {"speed_kmh": 4.5},
            {"timestamp": "Wed Jun 14 10:15:56 UTC 2017"}
        ],
        [
            {"location": [[
                {"latitude": 66.542968},
                {"longitude": 25.835357}
            ]]},
            {"altitude": 159},
            {"distance_km": 1.1},
            {"speed_kmh": 2.7},
            {"timestamp": "Wed Jun 14 10:16:10 UTC 2017"}
        ],
        [
            {"location": [[
                {"latitude": 66.542948},
                {"longitude": 25.835629}
            ]]},
            {"altitude": 155.5},
            {"distance_km": 1.11},
            {"speed_kmh": 4.5},
            {"timestamp": "Wed Jun 14 10:16:18 UTC 2017"}
        ],
        [
            {"location": [[
                {"latitude": 66.542929},
                {"longitude": 25.835878}
            ]]},
            {"altitude": 158.5},
            {"distance_km": 1.12},
            {"speed_kmh": 4.5},
            {"timestamp": "Wed Jun 14 10:16:26 UTC 2017"}
        ],
        [
            {"location": [[
                {"latitude": 66.542934},
                {"longitude": 25.836107}
            ]]},
            {"altitude": 156},
            {"distance_km": 1.13},
            {"speed_kmh": 4.5},
            {"timestamp": "Wed Jun 14 10:16:34 UTC 2017"}
        ],
        [
            {"location": [[
                {"latitude": 66.542939},
                {"longitude": 25.836356}
            ]]},
            {"altitude": 157.5},
            {"distance_km": 1.14},
            {"speed_kmh": 4.5},
            {"timestamp": "Wed Jun 14 10:16:42 UTC 2017"}
        ],
        [
            {"location": [[
                {"latitude": 66.542966},
                {"longitude": 25.836583}
            ]]},
            {"altitude": 161},
            {"distance_km": 1.15},
            {"speed_kmh": 4.5},
            {"timestamp": "Wed Jun 14 10:16:50 UTC 2017"}
        ],
        [
            {"location": [[
                {"latitude": 66.542977},
                {"longitude": 25.836847}
            ]]},
            {"altitude": 158.5},
            {"distance_km": 1.16},
            {"speed_kmh": 4.5},
            {"timestamp": "Wed Jun 14 10:17:00 UTC 2017"}
        ],
        [
            {"location": [[
                {"latitude": 66.543021},
                {"longitude": 25.837075}
            ]]},
            {"altitude": 160},
            {"distance_km": 1.18},
            {"speed_kmh": 4.5},
            {"timestamp": "Wed Jun 14 10:17:10 UTC 2017"}
        ],
        [
            {"location": [[
                {"latitude": 66.543051},
                {"longitude": 25.837305}
            ]]},
            {"altitude": 160},
            {"distance_km": 1.19},
            {"speed_kmh": 4.5},
            {"timestamp": "Wed Jun 14 10:17:20 UTC 2017"}
        ],
        [
            {"location": [[
                {"latitude": 66.543099},
                {"longitude": 25.837544}
            ]]},
            {"altitude": 158.5},
            {"distance_km": 1.2},
            {"speed_kmh": 4.5},
            {"timestamp": "Wed Jun 14 10:17:30 UTC 2017"}
        ],
        [
            {"location": [[
                {"latitude": 66.543119},
                {"longitude": 25.83777}
            ]]},
            {"altitude": 158.5},
            {"distance_km": 1.21},
            {"speed_kmh": 4.5},
            {"timestamp": "Wed Jun 14 10:17:38 UTC 2017"}
        ],
        [
            {"location": [[
                {"latitude": 66.543141},
                {"longitude": 25.837992}
            ]]},
            {"altitude": 159},
            {"distance_km": 1.22},
            {"speed_kmh": 4.5},
            {"timestamp": "Wed Jun 14 10:17:46 UTC 2017"}
        ],
        [
            {"location": [[
                {"latitude": 66.543136},
                {"longitude": 25.838227}
            ]]},
            {"altitude": 160.5},
            {"distance_km": 1.23},
            {"speed_kmh": 4.5},
            {"timestamp": "Wed Jun 14 10:17:55 UTC 2017"}
        ],
        [
            {"location": [[
                {"latitude": 66.543121},
                {"longitude": 25.838503}
            ]]},
            {"altitude": 159},
            {"distance_km": 1.24},
            {"speed_kmh": 4.5},
            {"timestamp": "Wed Jun 14 10:18:05 UTC 2017"}
        ],
        [
            {"location": [[
                {"latitude": 66.543131},
                {"longitude": 25.838763}
            ]]},
            {"altitude": 159.5},
            {"distance_km": 1.25},
            {"speed_kmh": 4.5},
            {"timestamp": "Wed Jun 14 10:18:14 UTC 2017"}
        ],
        [
            {"location": [[
                {"latitude": 66.543135},
                {"longitude": 25.838993}
            ]]},
            {"altitude": 160},
            {"distance_km": 1.26},
            {"speed_kmh": 4.5},
            {"timestamp": "Wed Jun 14 10:18:22 UTC 2017"}
        ],
        [
            {"location": [[
                {"latitude": 66.54313},
                {"longitude": 25.839271}
            ]]},
            {"altitude": 160.5},
            {"distance_km": 1.28},
            {"speed_kmh": 4.5},
            {"timestamp": "Wed Jun 14 10:18:32 UTC 2017"}
        ],
        [
            {"location": [[
                {"latitude": 66.543138},
                {"longitude": 25.839514}
            ]]},
            {"altitude": 161},
            {"distance_km": 1.29},
            {"speed_kmh": 4.5},
            {"timestamp": "Wed Jun 14 10:18:40 UTC 2017"}
        ],
        [
            {"location": [[
                {"latitude": 66.543111},
                {"longitude": 25.839745}
            ]]},
            {"altitude": 161.5},
            {"distance_km": 1.3},
            {"speed_kmh": 3.6},
            {"timestamp": "Wed Jun 14 10:18:50 UTC 2017"}
        ],
        [
            {"location": [[
                {"latitude": 66.543156},
                {"longitude": 25.839981}
            ]]},
            {"altitude": 167},
            {"distance_km": 1.31},
            {"speed_kmh": 4.5},
            {"timestamp": "Wed Jun 14 10:19:52 UTC 2017"}
        ],
        [
            {"location": [[
                {"latitude": 66.543161},
                {"longitude": 25.840215}
            ]]},
            {"altitude": 164.5},
            {"distance_km": 1.32},
            {"speed_kmh": 4.5},
            {"timestamp": "Wed Jun 14 10:20:01 UTC 2017"}
        ],
        [
            {"location": [[
                {"latitude": 66.54316},
                {"longitude": 25.840499}
            ]]},
            {"altitude": 165},
            {"distance_km": 1.33},
            {"speed_kmh": 4.5},
            {"timestamp": "Wed Jun 14 10:20:11 UTC 2017"}
        ],
        [
            {"location": [[
                {"latitude": 66.543171},
                {"longitude": 25.840741}
            ]]},
            {"altitude": 164},
            {"distance_km": 1.34},
            {"speed_kmh": 4.5},
            {"timestamp": "Wed Jun 14 10:20:19 UTC 2017"}
        ],
        [
            {"location": [[
                {"latitude": 66.543182},
                {"longitude": 25.841}
            ]]},
            {"altitude": 164.5},
            {"distance_km": 1.35},
            {"speed_kmh": 4.5},
            {"timestamp": "Wed Jun 14 10:20:28 UTC 2017"}
        ],
        [
            {"location": [[
                {"latitude": 66.543171},
                {"longitude": 25.841282}
            ]]},
            {"altitude": 164.5},
            {"distance_km": 1.37},
            {"speed_kmh": 4.5},
            {"timestamp": "Wed Jun 14 10:20:38 UTC 2017"}
        ],
        [
            {"location": [[
                {"latitude": 66.543128},
                {"longitude": 25.841559}
            ]]},
            {"altitude": 164},
            {"distance_km": 1.38},
            {"speed_kmh": 4.5},
            {"timestamp": "Wed Jun 14 10:20:46 UTC 2017"}
        ],
        [
            {"location": [[
                {"latitude": 66.543113},
                {"longitude": 25.841791}
            ]]},
            {"altitude": 165.5},
            {"distance_km": 1.39},
            {"speed_kmh": 4.5},
            {"timestamp": "Wed Jun 14 10:20:54 UTC 2017"}
        ],
        [
            {"location": [[
                {"latitude": 66.543108},
                {"longitude": 25.842021}
            ]]},
            {"altitude": 165.5},
            {"distance_km": 1.4},
            {"speed_kmh": 4.5},
            {"timestamp": "Wed Jun 14 10:21:02 UTC 2017"}
        ],
        [
            {"location": [[
                {"latitude": 66.543082},
                {"longitude": 25.842241}
            ]]},
            {"altitude": 165.5},
            {"distance_km": 1.41},
            {"speed_kmh": 2.7},
            {"timestamp": "Wed Jun 14 10:27:04 UTC 2017"}
        ],
        [
            {"location": [[
                {"latitude": 66.54309},
                {"longitude": 25.84248}
            ]]},
            {"altitude": 165},
            {"distance_km": 1.42},
            {"speed_kmh": 1.8},
            {"timestamp": "Wed Jun 14 10:27:14 UTC 2017"}
        ],
        [
            {"location": [[
                {"latitude": 66.543092},
                {"longitude": 25.842592}
            ]]},
            {"altitude": 166},
            {"distance_km": 1.42},
            {"speed_kmh": 0},
            {"timestamp": "Wed Jun 14 10:30:21 UTC 2017"}
        ],
        [
            {"location": [[
                {"latitude": 66.543092},
                {"longitude": 25.842592}
            ]]},
            {"altitude": 166},
            {"distance_km": 1.42},
            {"speed_kmh": 0},
            {"timestamp": "Wed Jun 14 10:30:22 UTC 2017"}
        ]
    ]}
]