[
    {"sport": "WALKING"},
    {"source": "TRACK_MOBILE"},
    {"created_date": "2017-07-13 02:46:31.0"},
    {"start_time": "2017-07-13 02:43:58.0"},
    {"end_time": "2017-07-13 03:10:55.0"},
    {"duration_s": 1616},
    {"distance_km": 1.08},
    {"calories_kcal": 106.122},
    {"altitude_min_m": 127.5},
    {"altitude_max_m": 184},
    {"speed_avg_kmh": 2.4059405940594063},
    {"speed_max_kmh": 5.4},
    {"ascend_m": 49},
    {"descend_m": 74.5},
    {"points": [
        [
            {"location": [[
                {"latitude": 64.231901},
                {"longitude": 27.729475}
            ]]},
            {"distance_km": 0},
            {"timestamp": "Thu Jul 13 02:43:58 UTC 2017"}
        ],
        [
            {"location": [[
                {"latitude": 64.231901},
                {"longitude": 27.729475}
            ]]},
            {"altitude": 184},
            {"distance_km": 0},
            {"speed_kmh": 0.9},
            {"timestamp": "Thu Jul 13 02:44:35 UTC 2017"}
        ],
        [
            {"location": [[
                {"latitude": 64.231795},
                {"longitude": 27.729553}
            ]]},
            {"altitude": 153.5},
            {"distance_km": 0.01},
            {"speed_kmh": 2.7},
            {"timestamp": "Thu Jul 13 02:44:39 UTC 2017"}
        ],
        [
            {"location": [[
                {"latitude": 64.231862},
                {"longitude": 27.729361}
            ]]},
            {"altitude": 157.5},
            {"distance_km": 0.02},
            {"speed_kmh": 0},
            {"timestamp": "Thu Jul 13 02:44:41 UTC 2017"}
        ],
        [
            {"location": [[
                {"latitude": 64.231763},
                {"longitude": 27.729556}
            ]]},
            {"altitude": 155.5},
            {"distance_km": 0.04},
            {"speed_kmh": 0},
            {"timestamp": "Thu Jul 13 02:44:45 UTC 2017"}
        ],
        [
            {"location": [[
                {"latitude": 64.231681},
                {"longitude": 27.729644}
            ]]},
            {"altitude": 147},
            {"distance_km": 0.05},
            {"speed_kmh": 2.7},
            {"timestamp": "Thu Jul 13 02:44:53 UTC 2017"}
        ],
        [
            {"location": [[
                {"latitude": 64.231676},
                {"longitude": 27.729862}
            ]]},
            {"altitude": 144.5},
            {"distance_km": 0.06},
            {"speed_kmh": 3.6},
            {"timestamp": "Thu Jul 13 02:45:05 UTC 2017"}
        ],
        [
            {"location": [[
                {"latitude": 64.231724},
                {"longitude": 27.730051}
            ]]},
            {"altitude": 148.5},
            {"distance_km": 0.07},
            {"speed_kmh": 3.6},
            {"timestamp": "Thu Jul 13 02:45:17 UTC 2017"}
        ],
        [
            {"location": [[
                {"latitude": 64.231809},
                {"longitude": 27.730188}
            ]]},
            {"altitude": 149.5},
            {"distance_km": 0.08},
            {"speed_kmh": 3.6},
            {"timestamp": "Thu Jul 13 02:45:27 UTC 2017"}
        ],
        [
            {"location": [[
                {"latitude": 64.231884},
                {"longitude": 27.730353}
            ]]},
            {"altitude": 149.5},
            {"distance_km": 0.09},
            {"speed_kmh": 3.6},
            {"timestamp": "Thu Jul 13 02:45:36 UTC 2017"}
        ],
        [
            {"location": [[
                {"latitude": 64.231989},
                {"longitude": 27.730422}
            ]]},
            {"altitude": 151.5},
            {"distance_km": 0.11},
            {"speed_kmh": 3.6},
            {"timestamp": "Thu Jul 13 02:45:46 UTC 2017"}
        ],
        [
            {"location": [[
                {"latitude": 64.232072},
                {"longitude": 27.730314}
            ]]},
            {"altitude": 149.5},
            {"distance_km": 0.12},
            {"speed_kmh": 3.6},
            {"timestamp": "Thu Jul 13 02:46:11 UTC 2017"}
        ],
        [
            {"location": [[
                {"latitude": 64.232073},
                {"longitude": 27.730088}
            ]]},
            {"altitude": 147.5},
            {"distance_km": 0.13},
            {"speed_kmh": 4.5},
            {"timestamp": "Thu Jul 13 02:46:27 UTC 2017"}
        ],
        [
            {"location": [[
                {"latitude": 64.232064},
                {"longitude": 27.729877}
            ]]},
            {"altitude": 149.5},
            {"distance_km": 0.14},
            {"speed_kmh": 0},
            {"timestamp": "Thu Jul 13 02:46:37 UTC 2017"}
        ],
        [
            {"location": [[
                {"latitude": 64.232053},
                {"longitude": 27.72967}
            ]]},
            {"altitude": 156},
            {"distance_km": 0.15},
            {"speed_kmh": 2.7},
            {"timestamp": "Thu Jul 13 02:47:02 UTC 2017"}
        ],
        [
            {"location": [[
                {"latitude": 64.231959},
                {"longitude": 27.729633}
            ]]},
            {"altitude": 156.5},
            {"distance_km": 0.16},
            {"speed_kmh": 3.6},
            {"timestamp": "Thu Jul 13 02:48:39 UTC 2017"}
        ],
        [
            {"location": [[
                {"latitude": 64.231857},
                {"longitude": 27.729599}
            ]]},
            {"altitude": 149},
            {"distance_km": 0.17},
            {"speed_kmh": 0},
            {"timestamp": "Thu Jul 13 02:48:51 UTC 2017"}
        ],
        [
            {"location": [[
                {"latitude": 64.231768},
                {"longitude": 27.729521}
            ]]},
            {"altitude": 159},
            {"distance_km": 0.18},
            {"speed_kmh": 0},
            {"timestamp": "Thu Jul 13 02:49:04 UTC 2017"}
        ],
        [
            {"location": [[
                {"latitude": 64.231749},
                {"longitude": 27.729759}
            ]]},
            {"altitude": 150},
            {"distance_km": 0.19},
            {"speed_kmh": 2.7},
            {"timestamp": "Thu Jul 13 02:49:22 UTC 2017"}
        ],
        [
            {"location": [[
                {"latitude": 64.231784},
                {"longitude": 27.729971}
            ]]},
            {"altitude": 149},
            {"distance_km": 0.2},
            {"speed_kmh": 2.7},
            {"timestamp": "Thu Jul 13 02:49:32 UTC 2017"}
        ],
        [
            {"location": [[
                {"latitude": 64.231842},
                {"longitude": 27.730151}
            ]]},
            {"altitude": 149.5},
            {"distance_km": 0.21},
            {"speed_kmh": 3.6},
            {"timestamp": "Thu Jul 13 02:49:42 UTC 2017"}
        ],
        [
            {"location": [[
                {"latitude": 64.23193},
                {"longitude": 27.730292}
            ]]},
            {"altitude": 148.5},
            {"distance_km": 0.23},
            {"speed_kmh": 3.6},
            {"timestamp": "Thu Jul 13 02:49:53 UTC 2017"}
        ],
        [
            {"location": [[
                {"latitude": 64.231916},
                {"longitude": 27.730557}
            ]]},
            {"altitude": 145.5},
            {"distance_km": 0.24},
            {"speed_kmh": 5.4},
            {"timestamp": "Thu Jul 13 02:50:13 UTC 2017"}
        ],
        [
            {"location": [[
                {"latitude": 64.231839},
                {"longitude": 27.730732}
            ]]},
            {"altitude": 142.5},
            {"distance_km": 0.25},
            {"speed_kmh": 5.4},
            {"timestamp": "Thu Jul 13 02:50:21 UTC 2017"}
        ],
        [
            {"location": [[
                {"latitude": 64.231773},
                {"longitude": 27.730964}
            ]]},
            {"altitude": 143.5},
            {"distance_km": 0.26},
            {"speed_kmh": 5.4},
            {"timestamp": "Thu Jul 13 02:50:29 UTC 2017"}
        ],
        [
            {"location": [[
                {"latitude": 64.231733},
                {"longitude": 27.731209}
            ]]},
            {"altitude": 144.5},
            {"distance_km": 0.28},
            {"speed_kmh": 5.4},
            {"timestamp": "Thu Jul 13 02:50:36 UTC 2017"}
        ],
        [
            {"location": [[
                {"latitude": 64.231685},
                {"longitude": 27.73142}
            ]]},
            {"altitude": 145.5},
            {"distance_km": 0.29},
            {"speed_kmh": 4.5},
            {"timestamp": "Thu Jul 13 02:50:44 UTC 2017"}
        ],
        [
            {"location": [[
                {"latitude": 64.231636},
                {"longitude": 27.731664}
            ]]},
            {"altitude": 147.5},
            {"distance_km": 0.3},
            {"speed_kmh": 5.4},
            {"timestamp": "Thu Jul 13 02:51:04 UTC 2017"}
        ],
        [
            {"location": [[
                {"latitude": 64.231593},
                {"longitude": 27.731866}
            ]]},
            {"altitude": 146},
            {"distance_km": 0.31},
            {"speed_kmh": 2.7},
            {"timestamp": "Thu Jul 13 02:51:12 UTC 2017"}
        ],
        [
            {"location": [[
                {"latitude": 64.231555},
                {"longitude": 27.732083}
            ]]},
            {"altitude": 146},
            {"distance_km": 0.32},
            {"speed_kmh": 3.6},
            {"timestamp": "Thu Jul 13 02:51:24 UTC 2017"}
        ],
        [
            {"location": [[
                {"latitude": 64.231498},
                {"longitude": 27.732265}
            ]]},
            {"altitude": 144.5},
            {"distance_km": 0.33},
            {"speed_kmh": 3.6},
            {"timestamp": "Thu Jul 13 02:51:33 UTC 2017"}
        ],
        [
            {"location": [[
                {"latitude": 64.231389},
                {"longitude": 27.732325}
            ]]},
            {"altitude": 146},
            {"distance_km": 0.35},
            {"speed_kmh": 4.5},
            {"timestamp": "Thu Jul 13 02:51:41 UTC 2017"}
        ],
        [
            {"location": [[
                {"latitude": 64.231299},
                {"longitude": 27.732421}
            ]]},
            {"altitude": 149.5},
            {"distance_km": 0.36},
            {"speed_kmh": 2.7},
            {"timestamp": "Thu Jul 13 02:51:47 UTC 2017"}
        ],
        [
            {"location": [[
                {"latitude": 64.231209},
                {"longitude": 27.732549}
            ]]},
            {"altitude": 154.5},
            {"distance_km": 0.37},
            {"speed_kmh": 0},
            {"timestamp": "Thu Jul 13 02:51:57 UTC 2017"}
        ],
        [
            {"location": [[
                {"latitude": 64.231115},
                {"longitude": 27.732643}
            ]]},
            {"altitude": 154},
            {"distance_km": 0.38},
            {"speed_kmh": 2.7},
            {"timestamp": "Thu Jul 13 02:52:11 UTC 2017"}
        ],
        [
            {"location": [[
                {"latitude": 64.231023},
                {"longitude": 27.732693}
            ]]},
            {"altitude": 150},
            {"distance_km": 0.39},
            {"speed_kmh": 0},
            {"timestamp": "Thu Jul 13 02:52:19 UTC 2017"}
        ],
        [
            {"location": [[
                {"latitude": 64.230941},
                {"longitude": 27.732819}
            ]]},
            {"altitude": 152.5},
            {"distance_km": 0.4},
            {"speed_kmh": 1.8},
            {"timestamp": "Thu Jul 13 02:52:39 UTC 2017"}
        ],
        [
            {"location": [[
                {"latitude": 64.230842},
                {"longitude": 27.732789}
            ]]},
            {"altitude": 150},
            {"distance_km": 0.41},
            {"speed_kmh": 2.7},
            {"timestamp": "Thu Jul 13 02:52:46 UTC 2017"}
        ],
        [
            {"location": [[
                {"latitude": 64.230719},
                {"longitude": 27.732798}
            ]]},
            {"altitude": 147.5},
            {"distance_km": 0.43},
            {"speed_kmh": 3.6},
            {"timestamp": "Thu Jul 13 02:52:52 UTC 2017"}
        ],
        [
            {"location": [[
                {"latitude": 64.230619},
                {"longitude": 27.732845}
            ]]},
            {"altitude": 147.5},
            {"distance_km": 0.44},
            {"speed_kmh": 2.7},
            {"timestamp": "Thu Jul 13 02:52:58 UTC 2017"}
        ],
        [
            {"location": [[
                {"latitude": 64.23051},
                {"longitude": 27.732877}
            ]]},
            {"altitude": 152.5},
            {"distance_km": 0.45},
            {"speed_kmh": 1.8},
            {"timestamp": "Thu Jul 13 02:53:08 UTC 2017"}
        ],
        [
            {"location": [[
                {"latitude": 64.230426},
                {"longitude": 27.733001}
            ]]},
            {"altitude": 148.5},
            {"distance_km": 0.46},
            {"speed_kmh": 0},
            {"timestamp": "Thu Jul 13 02:53:19 UTC 2017"}
        ],
        [
            {"location": [[
                {"latitude": 64.230331},
                {"longitude": 27.733083}
            ]]},
            {"altitude": 142},
            {"distance_km": 0.47},
            {"speed_kmh": 2.7},
            {"timestamp": "Thu Jul 13 02:53:33 UTC 2017"}
        ],
        [
            {"location": [[
                {"latitude": 64.230223},
                {"longitude": 27.733087}
            ]]},
            {"altitude": 141},
            {"distance_km": 0.48},
            {"speed_kmh": 4.5},
            {"timestamp": "Thu Jul 13 02:53:39 UTC 2017"}
        ],
        [
            {"location": [[
                {"latitude": 64.230132},
                {"longitude": 27.732969}
            ]]},
            {"altitude": 134},
            {"distance_km": 0.5},
            {"speed_kmh": 4.5},
            {"timestamp": "Thu Jul 13 02:53:45 UTC 2017"}
        ],
        [
            {"location": [[
                {"latitude": 64.230102},
                {"longitude": 27.732727}
            ]]},
            {"altitude": 131.5},
            {"distance_km": 0.51},
            {"speed_kmh": 4.5},
            {"timestamp": "Thu Jul 13 02:53:55 UTC 2017"}
        ],
        [
            {"location": [[
                {"latitude": 64.230099},
                {"longitude": 27.732488}
            ]]},
            {"altitude": 129.5},
            {"distance_km": 0.52},
            {"speed_kmh": 4.5},
            {"timestamp": "Thu Jul 13 02:54:03 UTC 2017"}
        ],
        [
            {"location": [[
                {"latitude": 64.230123},
                {"longitude": 27.732284}
            ]]},
            {"altitude": 131.5},
            {"distance_km": 0.53},
            {"speed_kmh": 4.5},
            {"timestamp": "Thu Jul 13 02:54:09 UTC 2017"}
        ],
        [
            {"location": [[
                {"latitude": 64.230162},
                {"longitude": 27.73206}
            ]]},
            {"altitude": 128},
            {"distance_km": 0.54},
            {"speed_kmh": 4.5},
            {"timestamp": "Thu Jul 13 02:54:17 UTC 2017"}
        ],
        [
            {"location": [[
                {"latitude": 64.230214},
                {"longitude": 27.731883}
            ]]},
            {"altitude": 127.5},
            {"distance_km": 0.55},
            {"speed_kmh": 4.5},
            {"timestamp": "Thu Jul 13 02:54:24 UTC 2017"}
        ],
        [
            {"location": [[
                {"latitude": 64.230266},
                {"longitude": 27.731645}
            ]]},
            {"altitude": 128.5},
            {"distance_km": 0.57},
            {"speed_kmh": 5.4},
            {"timestamp": "Thu Jul 13 02:54:32 UTC 2017"}
        ],
        [
            {"location": [[
                {"latitude": 64.230309},
                {"longitude": 27.731433}
            ]]},
            {"altitude": 136},
            {"distance_km": 0.58},
            {"speed_kmh": 4.5},
            {"timestamp": "Thu Jul 13 02:54:40 UTC 2017"}
        ],
        [
            {"location": [[
                {"latitude": 64.230336},
                {"longitude": 27.731232}
            ]]},
            {"altitude": 132.5},
            {"distance_km": 0.59},
            {"speed_kmh": 1.8},
            {"timestamp": "Thu Jul 13 02:55:15 UTC 2017"}
        ],
        [
            {"location": [[
                {"latitude": 64.23041},
                {"longitude": 27.73106}
            ]]},
            {"altitude": 132.5},
            {"distance_km": 0.6},
            {"speed_kmh": 3.6},
            {"timestamp": "Thu Jul 13 02:55:23 UTC 2017"}
        ],
        [
            {"location": [[
                {"latitude": 64.230391},
                {"longitude": 27.73084}
            ]]},
            {"altitude": 137},
            {"distance_km": 0.61},
            {"speed_kmh": 1.8},
            {"timestamp": "Thu Jul 13 02:55:43 UTC 2017"}
        ],
        [
            {"location": [[
                {"latitude": 64.230441},
                {"longitude": 27.73066}
            ]]},
            {"altitude": 136.5},
            {"distance_km": 0.62},
            {"speed_kmh": 1.8},
            {"timestamp": "Thu Jul 13 02:55:55 UTC 2017"}
        ],
        [
            {"location": [[
                {"latitude": 64.230477},
                {"longitude": 27.730453}
            ]]},
            {"altitude": 141.5},
            {"distance_km": 0.63},
            {"speed_kmh": 2.7},
            {"timestamp": "Thu Jul 13 02:56:52 UTC 2017"}
        ],
        [
            {"location": [[
                {"latitude": 64.230527},
                {"longitude": 27.730265}
            ]]},
            {"altitude": 141.5},
            {"distance_km": 0.64},
            {"speed_kmh": 1.8},
            {"timestamp": "Thu Jul 13 02:57:00 UTC 2017"}
        ],
        [
            {"location": [[
                {"latitude": 64.230583},
                {"longitude": 27.7301}
            ]]},
            {"altitude": 142.5},
            {"distance_km": 0.65},
            {"speed_kmh": 2.7},
            {"timestamp": "Thu Jul 13 02:57:08 UTC 2017"}
        ],
        [
            {"location": [[
                {"latitude": 64.23063},
                {"longitude": 27.729918}
            ]]},
            {"altitude": 140.5},
            {"distance_km": 0.66},
            {"speed_kmh": 3.6},
            {"timestamp": "Thu Jul 13 02:57:17 UTC 2017"}
        ],
        [
            {"location": [[
                {"latitude": 64.230699},
                {"longitude": 27.729744}
            ]]},
            {"altitude": 135.5},
            {"distance_km": 0.67},
            {"speed_kmh": 3.6},
            {"timestamp": "Thu Jul 13 02:57:23 UTC 2017"}
        ],
        [
            {"location": [[
                {"latitude": 64.230762},
                {"longitude": 27.729568}
            ]]},
            {"altitude": 133},
            {"distance_km": 0.68},
            {"speed_kmh": 4.5},
            {"timestamp": "Thu Jul 13 02:57:29 UTC 2017"}
        ],
        [
            {"location": [[
                {"latitude": 64.230813},
                {"longitude": 27.729377}
            ]]},
            {"altitude": 136},
            {"distance_km": 0.69},
            {"speed_kmh": 4.5},
            {"timestamp": "Thu Jul 13 02:57:35 UTC 2017"}
        ],
        [
            {"location": [[
                {"latitude": 64.230855},
                {"longitude": 27.729181}
            ]]},
            {"altitude": 137.5},
            {"distance_km": 0.71},
            {"speed_kmh": 4.5},
            {"timestamp": "Thu Jul 13 02:57:41 UTC 2017"}
        ],
        [
            {"location": [[
                {"latitude": 64.230928},
                {"longitude": 27.728982}
            ]]},
            {"altitude": 134},
            {"distance_km": 0.72},
            {"speed_kmh": 4.5},
            {"timestamp": "Thu Jul 13 02:57:49 UTC 2017"}
        ],
        [
            {"location": [[
                {"latitude": 64.230994},
                {"longitude": 27.728817}
            ]]},
            {"altitude": 135},
            {"distance_km": 0.73},
            {"speed_kmh": 4.5},
            {"timestamp": "Thu Jul 13 02:57:58 UTC 2017"}
        ],
        [
            {"location": [[
                {"latitude": 64.231024},
                {"longitude": 27.72861}
            ]]},
            {"altitude": 137},
            {"distance_km": 0.74},
            {"speed_kmh": 4.5},
            {"timestamp": "Thu Jul 13 02:58:04 UTC 2017"}
        ],
        [
            {"location": [[
                {"latitude": 64.231039},
                {"longitude": 27.728395}
            ]]},
            {"altitude": 138.5},
            {"distance_km": 0.75},
            {"speed_kmh": 4.5},
            {"timestamp": "Thu Jul 13 02:58:10 UTC 2017"}
        ],
        [
            {"location": [[
                {"latitude": 64.231045},
                {"longitude": 27.728157}
            ]]},
            {"altitude": 144},
            {"distance_km": 0.76},
            {"speed_kmh": 2.7},
            {"timestamp": "Thu Jul 13 02:58:24 UTC 2017"}
        ],
        [
            {"location": [[
                {"latitude": 64.231101},
                {"longitude": 27.72793}
            ]]},
            {"altitude": 142.5},
            {"distance_km": 0.77},
            {"speed_kmh": 3.6},
            {"timestamp": "Thu Jul 13 02:58:32 UTC 2017"}
        ],
        [
            {"location": [[
                {"latitude": 64.231159},
                {"longitude": 27.727729}
            ]]},
            {"altitude": 137.5},
            {"distance_km": 0.79},
            {"speed_kmh": 3.6},
            {"timestamp": "Thu Jul 13 02:58:40 UTC 2017"}
        ],
        [
            {"location": [[
                {"latitude": 64.231198},
                {"longitude": 27.72749}
            ]]},
            {"altitude": 136},
            {"distance_km": 0.8},
            {"speed_kmh": 3.6},
            {"timestamp": "Thu Jul 13 02:58:50 UTC 2017"}
        ],
        [
            {"location": [[
                {"latitude": 64.231244},
                {"longitude": 27.727263}
            ]]},
            {"altitude": 136},
            {"distance_km": 0.81},
            {"speed_kmh": 3.6},
            {"timestamp": "Thu Jul 13 02:58:59 UTC 2017"}
        ],
        [
            {"location": [[
                {"latitude": 64.231277},
                {"longitude": 27.727036}
            ]]},
            {"altitude": 133},
            {"distance_km": 0.82},
            {"speed_kmh": 3.6},
            {"timestamp": "Thu Jul 13 02:59:07 UTC 2017"}
        ],
        [
            {"location": [[
                {"latitude": 64.231306},
                {"longitude": 27.726812}
            ]]},
            {"altitude": 135.5},
            {"distance_km": 0.83},
            {"speed_kmh": 3.6},
            {"timestamp": "Thu Jul 13 02:59:15 UTC 2017"}
        ],
        [
            {"location": [[
                {"latitude": 64.231359},
                {"longitude": 27.726593}
            ]]},
            {"altitude": 140.5},
            {"distance_km": 0.85},
            {"speed_kmh": 2.7},
            {"timestamp": "Thu Jul 13 02:59:25 UTC 2017"}
        ],
        [
            {"location": [[
                {"latitude": 64.231407},
                {"longitude": 27.726412}
            ]]},
            {"altitude": 144.5},
            {"distance_km": 0.86},
            {"speed_kmh": 2.7},
            {"timestamp": "Thu Jul 13 02:59:33 UTC 2017"}
        ],
        [
            {"location": [[
                {"latitude": 64.231462},
                {"longitude": 27.726215}
            ]]},
            {"altitude": 145},
            {"distance_km": 0.87},
            {"speed_kmh": 2.7},
            {"timestamp": "Thu Jul 13 02:59:41 UTC 2017"}
        ],
        [
            {"location": [[
                {"latitude": 64.231535},
                {"longitude": 27.726013}
            ]]},
            {"altitude": 147.5},
            {"distance_km": 0.88},
            {"speed_kmh": 2.7},
            {"timestamp": "Thu Jul 13 02:59:50 UTC 2017"}
        ],
        [
            {"location": [[
                {"latitude": 64.231639},
                {"longitude": 27.726033}
            ]]},
            {"altitude": 148},
            {"distance_km": 0.89},
            {"speed_kmh": 2.7},
            {"timestamp": "Thu Jul 13 03:00:00 UTC 2017"}
        ],
        [
            {"location": [[
                {"latitude": 64.231648},
                {"longitude": 27.726283}
            ]]},
            {"altitude": 140},
            {"distance_km": 0.9},
            {"speed_kmh": 3.6},
            {"timestamp": "Thu Jul 13 03:00:08 UTC 2017"}
        ],
        [
            {"location": [[
                {"latitude": 64.231661},
                {"longitude": 27.726546}
            ]]},
            {"altitude": 139.5},
            {"distance_km": 0.92},
            {"speed_kmh": 4.5},
            {"timestamp": "Thu Jul 13 03:00:16 UTC 2017"}
        ],
        [
            {"location": [[
                {"latitude": 64.231682},
                {"longitude": 27.726778}
            ]]},
            {"altitude": 136.5},
            {"distance_km": 0.93},
            {"speed_kmh": 4.5},
            {"timestamp": "Thu Jul 13 03:00:24 UTC 2017"}
        ],
        [
            {"location": [[
                {"latitude": 64.231717},
                {"longitude": 27.727009}
            ]]},
            {"altitude": 135.5},
            {"distance_km": 0.94},
            {"speed_kmh": 4.5},
            {"timestamp": "Thu Jul 13 03:00:33 UTC 2017"}
        ],
        [
            {"location": [[
                {"latitude": 64.231714},
                {"longitude": 27.727223}
            ]]},
            {"altitude": 131.5},
            {"distance_km": 0.95},
            {"speed_kmh": 5.4},
            {"timestamp": "Thu Jul 13 03:00:39 UTC 2017"}
        ],
        [
            {"location": [[
                {"latitude": 64.231716},
                {"longitude": 27.727455}
            ]]},
            {"altitude": 129.5},
            {"distance_km": 0.96},
            {"speed_kmh": 5.4},
            {"timestamp": "Thu Jul 13 03:00:45 UTC 2017"}
        ],
        [
            {"location": [[
                {"latitude": 64.231724},
                {"longitude": 27.727666}
            ]]},
            {"altitude": 130},
            {"distance_km": 0.97},
            {"speed_kmh": 4.5},
            {"timestamp": "Thu Jul 13 03:00:51 UTC 2017"}
        ],
        [
            {"location": [[
                {"latitude": 64.231725},
                {"longitude": 27.727929}
            ]]},
            {"altitude": 130.5},
            {"distance_km": 0.98},
            {"speed_kmh": 4.5},
            {"timestamp": "Thu Jul 13 03:00:59 UTC 2017"}
        ],
        [
            {"location": [[
                {"latitude": 64.231714},
                {"longitude": 27.728146}
            ]]},
            {"altitude": 128},
            {"distance_km": 0.99},
            {"speed_kmh": 4.5},
            {"timestamp": "Thu Jul 13 03:01:07 UTC 2017"}
        ],
        [
            {"location": [[
                {"latitude": 64.231708},
                {"longitude": 27.728368}
            ]]},
            {"altitude": 130.5},
            {"distance_km": 1.01},
            {"speed_kmh": 3.6},
            {"timestamp": "Thu Jul 13 03:01:17 UTC 2017"}
        ],
        [
            {"location": [[
                {"latitude": 64.231692},
                {"longitude": 27.728574}
            ]]},
            {"altitude": 130.5},
            {"distance_km": 1.02},
            {"speed_kmh": 4.5},
            {"timestamp": "Thu Jul 13 03:01:26 UTC 2017"}
        ],
        [
            {"location": [[
                {"latitude": 64.231677},
                {"longitude": 27.728831}
            ]]},
            {"altitude": 135},
            {"distance_km": 1.03},
            {"speed_kmh": 4.5},
            {"timestamp": "Thu Jul 13 03:01:34 UTC 2017"}
        ],
        [
            {"location": [[
                {"latitude": 64.231661},
                {"longitude": 27.729066}
            ]]},
            {"altitude": 137},
            {"distance_km": 1.04},
            {"speed_kmh": 4.5},
            {"timestamp": "Thu Jul 13 03:01:42 UTC 2017"}
        ],
        [
            {"location": [[
                {"latitude": 64.231647},
                {"longitude": 27.729284}
            ]]},
            {"altitude": 138.5},
            {"distance_km": 1.05},
            {"speed_kmh": 4.5},
            {"timestamp": "Thu Jul 13 03:01:50 UTC 2017"}
        ],
        [
            {"location": [[
                {"latitude": 64.231695},
                {"longitude": 27.729491}
            ]]},
            {"altitude": 143},
            {"distance_km": 1.06},
            {"speed_kmh": 3.6},
            {"timestamp": "Thu Jul 13 03:02:00 UTC 2017"}
        ],
        [
            {"location": [[
                {"latitude": 64.231786},
                {"longitude": 27.729544}
            ]]},
            {"altitude": 144},
            {"distance_km": 1.07},
            {"speed_kmh": 3.6},
            {"timestamp": "Thu Jul 13 03:02:10 UTC 2017"}
        ],
        [
            {"location": [[
                {"latitude": 64.231831},
                {"longitude": 27.729323}
            ]]},
            {"altitude": 158.5},
            {"distance_km": 1.08},
            {"speed_kmh": 2.7},
            {"timestamp": "Thu Jul 13 03:10:55 UTC 2017"}
        ],
        [
            {"location": [[
                {"latitude": 64.231831},
                {"longitude": 27.729323}
            ]]},
            {"altitude": 158.5},
            {"distance_km": 1.08},
            {"speed_kmh": 2.7},
            {"timestamp": "Thu Jul 13 03:10:55 UTC 2017"}
        ],
        [
            {"location": [[
                {"latitude": 64.231836},
                {"longitude": 27.729299}
            ]]},
            {"altitude": 158},
            {"distance_km": 1.08},
            {"speed_kmh": 2.7},
            {"timestamp": "Thu Jul 13 03:10:56 UTC 2017"}
        ]
    ]}
]