[
    {"sport": "WEIGHT_TRAINING"},
    {"source": "INPUT_MANUAL_MOBILE"},
    {"created_date": "2017-05-04 17:44:33.0"},
    {"start_time": "2017-05-04 14:55:00.0"},
    {"end_time": "2017-05-04 15:45:00.0"},
    {"duration_s": 3000},
    {"distance_km": 0},
    {"calories_kcal": 493.346},
    {"speed_avg_kmh": 0},
    {"points": [
        [
            {"distance_km": 0},
            {"timestamp": "Thu May 04 14:55:00 UTC 2017"}
        ],
        [
            {"distance_km": 0},
            {"timestamp": "Thu May 04 15:45:00 UTC 2017"}
        ]
    ]}
]