[
    {"sport": "WALKING"},
    {"source": "TRACK_MOBILE"},
    {"created_date": "2017-01-17 15:18:06.0"},
    {"start_time": "2017-01-17 14:49:47.0"},
    {"end_time": "2017-01-17 15:17:52.0"},
    {"duration_s": 1684},
    {"distance_km": 2.18},
    {"calories_kcal": 157.638},
    {"altitude_min_m": 146.5},
    {"altitude_max_m": 198.5},
    {"speed_avg_kmh": 4.660332541567697},
    {"speed_max_kmh": 8.1},
    {"ascend_m": 55},
    {"descend_m": 54},
    {"points": [
        [
            {"location": [[
                {"latitude": 64.231892},
                {"longitude": 27.729557}
            ]]},
            {"distance_km": 0},
            {"timestamp": "Tue Jan 17 14:49:47 UTC 2017"}
        ],
        [
            {"location": [[
                {"latitude": 64.231892},
                {"longitude": 27.729557}
            ]]},
            {"altitude": 153},
            {"distance_km": 0},
            {"speed_kmh": 0},
            {"timestamp": "Tue Jan 17 14:50:04 UTC 2017"}
        ],
        [
            {"location": [[
                {"latitude": 64.231789},
                {"longitude": 27.729519}
            ]]},
            {"altitude": 153.5},
            {"distance_km": 0.01},
            {"speed_kmh": 6.3},
            {"timestamp": "Tue Jan 17 14:50:27 UTC 2017"}
        ],
        [
            {"location": [[
                {"latitude": 64.231688},
                {"longitude": 27.729497}
            ]]},
            {"altitude": 152},
            {"distance_km": 0.02},
            {"speed_kmh": 8.1},
            {"timestamp": "Tue Jan 17 14:50:29 UTC 2017"}
        ],
        [
            {"location": [[
                {"latitude": 64.231683},
                {"longitude": 27.729729}
            ]]},
            {"altitude": 155},
            {"distance_km": 0.03},
            {"speed_kmh": 5.4},
            {"timestamp": "Tue Jan 17 14:50:35 UTC 2017"}
        ],
        [
            {"location": [[
                {"latitude": 64.231721},
                {"longitude": 27.729982}
            ]]},
            {"altitude": 150.5},
            {"distance_km": 0.05},
            {"speed_kmh": 4.5},
            {"timestamp": "Tue Jan 17 14:50:43 UTC 2017"}
        ],
        [
            {"location": [[
                {"latitude": 64.231769},
                {"longitude": 27.730175}
            ]]},
            {"altitude": 150.5},
            {"distance_km": 0.06},
            {"speed_kmh": 5.4},
            {"timestamp": "Tue Jan 17 14:50:49 UTC 2017"}
        ],
        [
            {"location": [[
                {"latitude": 64.231841},
                {"longitude": 27.730372}
            ]]},
            {"altitude": 152.5},
            {"distance_km": 0.07},
            {"speed_kmh": 5.4},
            {"timestamp": "Tue Jan 17 14:50:57 UTC 2017"}
        ],
        [
            {"location": [[
                {"latitude": 64.231905},
                {"longitude": 27.73052}
            ]]},
            {"altitude": 149.5},
            {"distance_km": 0.08},
            {"speed_kmh": 6.3},
            {"timestamp": "Tue Jan 17 14:51:03 UTC 2017"}
        ],
        [
            {"location": [[
                {"latitude": 64.231983},
                {"longitude": 27.730708}
            ]]},
            {"altitude": 147},
            {"distance_km": 0.09},
            {"speed_kmh": 5.4},
            {"timestamp": "Tue Jan 17 14:51:11 UTC 2017"}
        ],
        [
            {"location": [[
                {"latitude": 64.232056},
                {"longitude": 27.730856}
            ]]},
            {"altitude": 146.5},
            {"distance_km": 0.1},
            {"speed_kmh": 7.2},
            {"timestamp": "Tue Jan 17 14:51:17 UTC 2017"}
        ],
        [
            {"location": [[
                {"latitude": 64.232127},
                {"longitude": 27.731013}
            ]]},
            {"altitude": 147.5},
            {"distance_km": 0.11},
            {"speed_kmh": 6.3},
            {"timestamp": "Tue Jan 17 14:51:23 UTC 2017"}
        ],
        [
            {"location": [[
                {"latitude": 64.232206},
                {"longitude": 27.731154}
            ]]},
            {"altitude": 148},
            {"distance_km": 0.13},
            {"speed_kmh": 6.3},
            {"timestamp": "Tue Jan 17 14:51:29 UTC 2017"}
        ],
        [
            {"location": [[
                {"latitude": 64.232297},
                {"longitude": 27.731265}
            ]]},
            {"altitude": 147},
            {"distance_km": 0.14},
            {"speed_kmh": 7.2},
            {"timestamp": "Tue Jan 17 14:51:35 UTC 2017"}
        ],
        [
            {"location": [[
                {"latitude": 64.232393},
                {"longitude": 27.73139}
            ]]},
            {"altitude": 150.5},
            {"distance_km": 0.15},
            {"speed_kmh": 6.3},
            {"timestamp": "Tue Jan 17 14:51:42 UTC 2017"}
        ],
        [
            {"location": [[
                {"latitude": 64.232486},
                {"longitude": 27.731486}
            ]]},
            {"altitude": 150},
            {"distance_km": 0.16},
            {"speed_kmh": 5.4},
            {"timestamp": "Tue Jan 17 14:51:56 UTC 2017"}
        ],
        [
            {"location": [[
                {"latitude": 64.23258},
                {"longitude": 27.731566}
            ]]},
            {"altitude": 152},
            {"distance_km": 0.17},
            {"speed_kmh": 5.4},
            {"timestamp": "Tue Jan 17 14:52:02 UTC 2017"}
        ],
        [
            {"location": [[
                {"latitude": 64.232689},
                {"longitude": 27.73158}
            ]]},
            {"altitude": 153},
            {"distance_km": 0.18},
            {"speed_kmh": 5.4},
            {"timestamp": "Tue Jan 17 14:52:09 UTC 2017"}
        ],
        [
            {"location": [[
                {"latitude": 64.2328},
                {"longitude": 27.731568}
            ]]},
            {"altitude": 153.5},
            {"distance_km": 0.2},
            {"speed_kmh": 5.4},
            {"timestamp": "Tue Jan 17 14:52:15 UTC 2017"}
        ],
        [
            {"location": [[
                {"latitude": 64.232912},
                {"longitude": 27.731564}
            ]]},
            {"altitude": 155},
            {"distance_km": 0.21},
            {"speed_kmh": 6.3},
            {"timestamp": "Tue Jan 17 14:52:21 UTC 2017"}
        ],
        [
            {"location": [[
                {"latitude": 64.233006},
                {"longitude": 27.731636}
            ]]},
            {"altitude": 156},
            {"distance_km": 0.22},
            {"speed_kmh": 6.3},
            {"timestamp": "Tue Jan 17 14:52:27 UTC 2017"}
        ],
        [
            {"location": [[
                {"latitude": 64.233108},
                {"longitude": 27.731611}
            ]]},
            {"altitude": 154.5},
            {"distance_km": 0.23},
            {"speed_kmh": 4.5},
            {"timestamp": "Tue Jan 17 14:52:35 UTC 2017"}
        ],
        [
            {"location": [[
                {"latitude": 64.233205},
                {"longitude": 27.731581}
            ]]},
            {"altitude": 160},
            {"distance_km": 0.24},
            {"speed_kmh": 4.5},
            {"timestamp": "Tue Jan 17 14:52:43 UTC 2017"}
        ],
        [
            {"location": [[
                {"latitude": 64.233298},
                {"longitude": 27.731547}
            ]]},
            {"altitude": 159},
            {"distance_km": 0.25},
            {"speed_kmh": 3.6},
            {"timestamp": "Tue Jan 17 14:52:51 UTC 2017"}
        ],
        [
            {"location": [[
                {"latitude": 64.233381},
                {"longitude": 27.731659}
            ]]},
            {"altitude": 161},
            {"distance_km": 0.26},
            {"speed_kmh": 3.6},
            {"timestamp": "Tue Jan 17 14:52:59 UTC 2017"}
        ],
        [
            {"location": [[
                {"latitude": 64.233483},
                {"longitude": 27.731605}
            ]]},
            {"altitude": 163.5},
            {"distance_km": 0.28},
            {"speed_kmh": 3.6},
            {"timestamp": "Tue Jan 17 14:53:07 UTC 2017"}
        ],
        [
            {"location": [[
                {"latitude": 64.233577},
                {"longitude": 27.73161}
            ]]},
            {"altitude": 165.5},
            {"distance_km": 0.29},
            {"speed_kmh": 2.7},
            {"timestamp": "Tue Jan 17 14:53:18 UTC 2017"}
        ],
        [
            {"location": [[
                {"latitude": 64.233679},
                {"longitude": 27.731553}
            ]]},
            {"altitude": 164.5},
            {"distance_km": 0.3},
            {"speed_kmh": 2.7},
            {"timestamp": "Tue Jan 17 14:53:26 UTC 2017"}
        ],
        [
            {"location": [[
                {"latitude": 64.233776},
                {"longitude": 27.731396}
            ]]},
            {"altitude": 164},
            {"distance_km": 0.31},
            {"speed_kmh": 3.6},
            {"timestamp": "Tue Jan 17 14:53:34 UTC 2017"}
        ],
        [
            {"location": [[
                {"latitude": 64.233867},
                {"longitude": 27.731271}
            ]]},
            {"altitude": 165},
            {"distance_km": 0.32},
            {"speed_kmh": 3.6},
            {"timestamp": "Tue Jan 17 14:53:42 UTC 2017"}
        ],
        [
            {"location": [[
                {"latitude": 64.233955},
                {"longitude": 27.731205}
            ]]},
            {"altitude": 166.5},
            {"distance_km": 0.33},
            {"speed_kmh": 3.6},
            {"timestamp": "Tue Jan 17 14:53:50 UTC 2017"}
        ],
        [
            {"location": [[
                {"latitude": 64.234042},
                {"longitude": 27.731131}
            ]]},
            {"altitude": 168},
            {"distance_km": 0.34},
            {"speed_kmh": 3.6},
            {"timestamp": "Tue Jan 17 14:53:59 UTC 2017"}
        ],
        [
            {"location": [[
                {"latitude": 64.234127},
                {"longitude": 27.730985}
            ]]},
            {"altitude": 173.5},
            {"distance_km": 0.35},
            {"speed_kmh": 3.6},
            {"timestamp": "Tue Jan 17 14:54:05 UTC 2017"}
        ],
        [
            {"location": [[
                {"latitude": 64.234195},
                {"longitude": 27.730831}
            ]]},
            {"altitude": 176.5},
            {"distance_km": 0.37},
            {"speed_kmh": 3.6},
            {"timestamp": "Tue Jan 17 14:54:13 UTC 2017"}
        ],
        [
            {"location": [[
                {"latitude": 64.234227},
                {"longitude": 27.730615}
            ]]},
            {"altitude": 173.5},
            {"distance_km": 0.38},
            {"speed_kmh": 4.5},
            {"timestamp": "Tue Jan 17 14:54:21 UTC 2017"}
        ],
        [
            {"location": [[
                {"latitude": 64.234285},
                {"longitude": 27.730423}
            ]]},
            {"altitude": 172.5},
            {"distance_km": 0.39},
            {"speed_kmh": 3.6},
            {"timestamp": "Tue Jan 17 14:54:29 UTC 2017"}
        ],
        [
            {"location": [[
                {"latitude": 64.234344},
                {"longitude": 27.730212}
            ]]},
            {"altitude": 174.5},
            {"distance_km": 0.4},
            {"speed_kmh": 2.7},
            {"timestamp": "Tue Jan 17 14:54:57 UTC 2017"}
        ],
        [
            {"location": [[
                {"latitude": 64.234416},
                {"longitude": 27.73007}
            ]]},
            {"altitude": 173.5},
            {"distance_km": 0.41},
            {"speed_kmh": 4.5},
            {"timestamp": "Tue Jan 17 14:55:03 UTC 2017"}
        ],
        [
            {"location": [[
                {"latitude": 64.234483},
                {"longitude": 27.729918}
            ]]},
            {"altitude": 175},
            {"distance_km": 0.42},
            {"speed_kmh": 4.5},
            {"timestamp": "Tue Jan 17 14:55:09 UTC 2017"}
        ],
        [
            {"location": [[
                {"latitude": 64.234574},
                {"longitude": 27.72974}
            ]]},
            {"altitude": 173},
            {"distance_km": 0.43},
            {"speed_kmh": 3.6},
            {"timestamp": "Tue Jan 17 14:55:17 UTC 2017"}
        ],
        [
            {"location": [[
                {"latitude": 64.234663},
                {"longitude": 27.729618}
            ]]},
            {"altitude": 174.5},
            {"distance_km": 0.45},
            {"speed_kmh": 3.6},
            {"timestamp": "Tue Jan 17 14:55:24 UTC 2017"}
        ],
        [
            {"location": [[
                {"latitude": 64.234752},
                {"longitude": 27.729488}
            ]]},
            {"altitude": 180.5},
            {"distance_km": 0.46},
            {"speed_kmh": 3.6},
            {"timestamp": "Tue Jan 17 14:55:34 UTC 2017"}
        ],
        [
            {"location": [[
                {"latitude": 64.234834},
                {"longitude": 27.729362}
            ]]},
            {"altitude": 185},
            {"distance_km": 0.47},
            {"speed_kmh": 2.7},
            {"timestamp": "Tue Jan 17 14:55:44 UTC 2017"}
        ],
        [
            {"location": [[
                {"latitude": 64.234916},
                {"longitude": 27.729262}
            ]]},
            {"altitude": 189},
            {"distance_km": 0.48},
            {"speed_kmh": 2.7},
            {"timestamp": "Tue Jan 17 14:55:57 UTC 2017"}
        ],
        [
            {"location": [[
                {"latitude": 64.234988},
                {"longitude": 27.729077}
            ]]},
            {"altitude": 192.5},
            {"distance_km": 0.49},
            {"speed_kmh": 3.6},
            {"timestamp": "Tue Jan 17 14:56:07 UTC 2017"}
        ],
        [
            {"location": [[
                {"latitude": 64.235065},
                {"longitude": 27.728908}
            ]]},
            {"altitude": 192},
            {"distance_km": 0.5},
            {"speed_kmh": 3.6},
            {"timestamp": "Tue Jan 17 14:56:17 UTC 2017"}
        ],
        [
            {"location": [[
                {"latitude": 64.235161},
                {"longitude": 27.729023}
            ]]},
            {"altitude": 191},
            {"distance_km": 0.51},
            {"speed_kmh": 3.6},
            {"timestamp": "Tue Jan 17 14:56:29 UTC 2017"}
        ],
        [
            {"location": [[
                {"latitude": 64.235276},
                {"longitude": 27.728957}
            ]]},
            {"altitude": 193},
            {"distance_km": 0.53},
            {"speed_kmh": 3.6},
            {"timestamp": "Tue Jan 17 14:56:49 UTC 2017"}
        ],
        [
            {"location": [[
                {"latitude": 64.235308},
                {"longitude": 27.72876}
            ]]},
            {"altitude": 193.5},
            {"distance_km": 0.54},
            {"speed_kmh": 3.6},
            {"timestamp": "Tue Jan 17 14:56:57 UTC 2017"}
        ],
        [
            {"location": [[
                {"latitude": 64.235353},
                {"longitude": 27.728534}
            ]]},
            {"altitude": 188.5},
            {"distance_km": 0.55},
            {"speed_kmh": 3.6},
            {"timestamp": "Tue Jan 17 14:57:07 UTC 2017"}
        ],
        [
            {"location": [[
                {"latitude": 64.235445},
                {"longitude": 27.72849}
            ]]},
            {"altitude": 191},
            {"distance_km": 0.56},
            {"speed_kmh": 3.6},
            {"timestamp": "Tue Jan 17 14:57:19 UTC 2017"}
        ],
        [
            {"location": [[
                {"latitude": 64.235545},
                {"longitude": 27.728448}
            ]]},
            {"altitude": 191.5},
            {"distance_km": 0.57},
            {"speed_kmh": 3.6},
            {"timestamp": "Tue Jan 17 14:57:28 UTC 2017"}
        ],
        [
            {"location": [[
                {"latitude": 64.235629},
                {"longitude": 27.72833}
            ]]},
            {"altitude": 192},
            {"distance_km": 0.58},
            {"speed_kmh": 4.5},
            {"timestamp": "Tue Jan 17 14:57:36 UTC 2017"}
        ],
        [
            {"location": [[
                {"latitude": 64.235717},
                {"longitude": 27.728254}
            ]]},
            {"altitude": 191},
            {"distance_km": 0.59},
            {"speed_kmh": 3.6},
            {"timestamp": "Tue Jan 17 14:57:44 UTC 2017"}
        ],
        [
            {"location": [[
                {"latitude": 64.235807},
                {"longitude": 27.728105}
            ]]},
            {"altitude": 188.5},
            {"distance_km": 0.61},
            {"speed_kmh": 4.5},
            {"timestamp": "Tue Jan 17 14:57:52 UTC 2017"}
        ],
        [
            {"location": [[
                {"latitude": 64.235887},
                {"longitude": 27.727995}
            ]]},
            {"altitude": 189},
            {"distance_km": 0.62},
            {"speed_kmh": 4.5},
            {"timestamp": "Tue Jan 17 14:57:58 UTC 2017"}
        ],
        [
            {"location": [[
                {"latitude": 64.235968},
                {"longitude": 27.727882}
            ]]},
            {"altitude": 189},
            {"distance_km": 0.63},
            {"speed_kmh": 4.5},
            {"timestamp": "Tue Jan 17 14:58:05 UTC 2017"}
        ],
        [
            {"location": [[
                {"latitude": 64.236035},
                {"longitude": 27.727685}
            ]]},
            {"altitude": 189},
            {"distance_km": 0.64},
            {"speed_kmh": 4.5},
            {"timestamp": "Tue Jan 17 14:58:13 UTC 2017"}
        ],
        [
            {"location": [[
                {"latitude": 64.236057},
                {"longitude": 27.727463}
            ]]},
            {"altitude": 186.5},
            {"distance_km": 0.65},
            {"speed_kmh": 4.5},
            {"timestamp": "Tue Jan 17 14:58:21 UTC 2017"}
        ],
        [
            {"location": [[
                {"latitude": 64.236067},
                {"longitude": 27.727216}
            ]]},
            {"altitude": 189},
            {"distance_km": 0.66},
            {"speed_kmh": 4.5},
            {"timestamp": "Tue Jan 17 14:58:29 UTC 2017"}
        ],
        [
            {"location": [[
                {"latitude": 64.236119},
                {"longitude": 27.726979}
            ]]},
            {"altitude": 191.5},
            {"distance_km": 0.67},
            {"speed_kmh": 4.5},
            {"timestamp": "Tue Jan 17 14:58:37 UTC 2017"}
        ],
        [
            {"location": [[
                {"latitude": 64.236164},
                {"longitude": 27.726765}
            ]]},
            {"altitude": 194},
            {"distance_km": 0.69},
            {"speed_kmh": 4.5},
            {"timestamp": "Tue Jan 17 14:58:45 UTC 2017"}
        ],
        [
            {"location": [[
                {"latitude": 64.236226},
                {"longitude": 27.72655}
            ]]},
            {"altitude": 197},
            {"distance_km": 0.7},
            {"speed_kmh": 4.5},
            {"timestamp": "Tue Jan 17 14:58:53 UTC 2017"}
        ],
        [
            {"location": [[
                {"latitude": 64.236283},
                {"longitude": 27.726341}
            ]]},
            {"altitude": 197},
            {"distance_km": 0.71},
            {"speed_kmh": 4.5},
            {"timestamp": "Tue Jan 17 14:59:01 UTC 2017"}
        ],
        [
            {"location": [[
                {"latitude": 64.236309},
                {"longitude": 27.726081}
            ]]},
            {"altitude": 196},
            {"distance_km": 0.72},
            {"speed_kmh": 4.5},
            {"timestamp": "Tue Jan 17 14:59:10 UTC 2017"}
        ],
        [
            {"location": [[
                {"latitude": 64.236314},
                {"longitude": 27.725816}
            ]]},
            {"altitude": 195.5},
            {"distance_km": 0.74},
            {"speed_kmh": 4.5},
            {"timestamp": "Tue Jan 17 14:59:18 UTC 2017"}
        ],
        [
            {"location": [[
                {"latitude": 64.236351},
                {"longitude": 27.725574}
            ]]},
            {"altitude": 198.5},
            {"distance_km": 0.75},
            {"speed_kmh": 4.5},
            {"timestamp": "Tue Jan 17 14:59:26 UTC 2017"}
        ],
        [
            {"location": [[
                {"latitude": 64.23641},
                {"longitude": 27.725396}
            ]]},
            {"altitude": 196.5},
            {"distance_km": 0.76},
            {"speed_kmh": 4.5},
            {"timestamp": "Tue Jan 17 14:59:34 UTC 2017"}
        ],
        [
            {"location": [[
                {"latitude": 64.236476},
                {"longitude": 27.725217}
            ]]},
            {"altitude": 195.5},
            {"distance_km": 0.77},
            {"speed_kmh": 4.5},
            {"timestamp": "Tue Jan 17 14:59:43 UTC 2017"}
        ],
        [
            {"location": [[
                {"latitude": 64.236592},
                {"longitude": 27.725223}
            ]]},
            {"altitude": 198.5},
            {"distance_km": 0.78},
            {"speed_kmh": 5.4},
            {"timestamp": "Tue Jan 17 14:59:53 UTC 2017"}
        ],
        [
            {"location": [[
                {"latitude": 64.236692},
                {"longitude": 27.72522}
            ]]},
            {"altitude": 195},
            {"distance_km": 0.79},
            {"speed_kmh": 3.6},
            {"timestamp": "Tue Jan 17 15:00:03 UTC 2017"}
        ],
        [
            {"location": [[
                {"latitude": 64.236775},
                {"longitude": 27.72535}
            ]]},
            {"altitude": 193},
            {"distance_km": 0.81},
            {"speed_kmh": 3.6},
            {"timestamp": "Tue Jan 17 15:00:13 UTC 2017"}
        ],
        [
            {"location": [[
                {"latitude": 64.236865},
                {"longitude": 27.725414}
            ]]},
            {"altitude": 190},
            {"distance_km": 0.82},
            {"speed_kmh": 4.5},
            {"timestamp": "Tue Jan 17 15:00:21 UTC 2017"}
        ],
        [
            {"location": [[
                {"latitude": 64.236973},
                {"longitude": 27.725423}
            ]]},
            {"altitude": 188},
            {"distance_km": 0.83},
            {"speed_kmh": 4.5},
            {"timestamp": "Tue Jan 17 15:00:29 UTC 2017"}
        ],
        [
            {"location": [[
                {"latitude": 64.237066},
                {"longitude": 27.7255}
            ]]},
            {"altitude": 186.5},
            {"distance_km": 0.84},
            {"speed_kmh": 4.5},
            {"timestamp": "Tue Jan 17 15:00:37 UTC 2017"}
        ],
        [
            {"location": [[
                {"latitude": 64.237145},
                {"longitude": 27.725632}
            ]]},
            {"altitude": 184.5},
            {"distance_km": 0.85},
            {"speed_kmh": 4.5},
            {"timestamp": "Tue Jan 17 15:00:45 UTC 2017"}
        ],
        [
            {"location": [[
                {"latitude": 64.237227},
                {"longitude": 27.725749}
            ]]},
            {"altitude": 183},
            {"distance_km": 0.86},
            {"speed_kmh": 4.5},
            {"timestamp": "Tue Jan 17 15:00:53 UTC 2017"}
        ],
        [
            {"location": [[
                {"latitude": 64.237326},
                {"longitude": 27.725862}
            ]]},
            {"altitude": 183.5},
            {"distance_km": 0.87},
            {"speed_kmh": 4.5},
            {"timestamp": "Tue Jan 17 15:01:02 UTC 2017"}
        ],
        [
            {"location": [[
                {"latitude": 64.237391},
                {"longitude": 27.726019}
            ]]},
            {"altitude": 184},
            {"distance_km": 0.88},
            {"speed_kmh": 4.5},
            {"timestamp": "Tue Jan 17 15:01:10 UTC 2017"}
        ],
        [
            {"location": [[
                {"latitude": 64.237482},
                {"longitude": 27.726187}
            ]]},
            {"altitude": 184.5},
            {"distance_km": 0.9},
            {"speed_kmh": 4.5},
            {"timestamp": "Tue Jan 17 15:01:18 UTC 2017"}
        ],
        [
            {"location": [[
                {"latitude": 64.237565},
                {"longitude": 27.726308}
            ]]},
            {"altitude": 185.5},
            {"distance_km": 0.91},
            {"speed_kmh": 5.4},
            {"timestamp": "Tue Jan 17 15:01:24 UTC 2017"}
        ],
        [
            {"location": [[
                {"latitude": 64.237645},
                {"longitude": 27.726442}
            ]]},
            {"altitude": 182},
            {"distance_km": 0.92},
            {"speed_kmh": 4.5},
            {"timestamp": "Tue Jan 17 15:01:31 UTC 2017"}
        ],
        [
            {"location": [[
                {"latitude": 64.237739},
                {"longitude": 27.726558}
            ]]},
            {"altitude": 184},
            {"distance_km": 0.93},
            {"speed_kmh": 4.5},
            {"timestamp": "Tue Jan 17 15:01:39 UTC 2017"}
        ],
        [
            {"location": [[
                {"latitude": 64.237828},
                {"longitude": 27.726609}
            ]]},
            {"altitude": 183.5},
            {"distance_km": 0.94},
            {"speed_kmh": 4.5},
            {"timestamp": "Tue Jan 17 15:01:45 UTC 2017"}
        ],
        [
            {"location": [[
                {"latitude": 64.237943},
                {"longitude": 27.72664}
            ]]},
            {"altitude": 186},
            {"distance_km": 0.95},
            {"speed_kmh": 5.4},
            {"timestamp": "Tue Jan 17 15:01:53 UTC 2017"}
        ],
        [
            {"location": [[
                {"latitude": 64.238038},
                {"longitude": 27.726751}
            ]]},
            {"altitude": 185.5},
            {"distance_km": 0.97},
            {"speed_kmh": 4.5},
            {"timestamp": "Tue Jan 17 15:02:01 UTC 2017"}
        ],
        [
            {"location": [[
                {"latitude": 64.238122},
                {"longitude": 27.726919}
            ]]},
            {"altitude": 186},
            {"distance_km": 0.98},
            {"speed_kmh": 4.5},
            {"timestamp": "Tue Jan 17 15:02:09 UTC 2017"}
        ],
        [
            {"location": [[
                {"latitude": 64.2382},
                {"longitude": 27.727072}
            ]]},
            {"altitude": 186},
            {"distance_km": 0.99},
            {"speed_kmh": 4.5},
            {"timestamp": "Tue Jan 17 15:02:17 UTC 2017"}
        ],
        [
            {"location": [[
                {"latitude": 64.238291},
                {"longitude": 27.727077}
            ]]},
            {"altitude": 182.5},
            {"distance_km": 1},
            {"speed_kmh": 4.5},
            {"timestamp": "Tue Jan 17 15:02:23 UTC 2017"}
        ],
        [
            {"location": [[
                {"latitude": 64.2384},
                {"longitude": 27.727021}
            ]]},
            {"altitude": 183},
            {"distance_km": 1.01},
            {"speed_kmh": 4.5},
            {"timestamp": "Tue Jan 17 15:02:31 UTC 2017"}
        ],
        [
            {"location": [[
                {"latitude": 64.238494},
                {"longitude": 27.727015}
            ]]},
            {"altitude": 185.5},
            {"distance_km": 1.02},
            {"speed_kmh": 5.4},
            {"timestamp": "Tue Jan 17 15:02:37 UTC 2017"}
        ],
        [
            {"location": [[
                {"latitude": 64.238591},
                {"longitude": 27.727052}
            ]]},
            {"altitude": 186.5},
            {"distance_km": 1.03},
            {"speed_kmh": 4.5},
            {"timestamp": "Tue Jan 17 15:02:43 UTC 2017"}
        ],
        [
            {"location": [[
                {"latitude": 64.238687},
                {"longitude": 27.727146}
            ]]},
            {"altitude": 184.5},
            {"distance_km": 1.05},
            {"speed_kmh": 4.5},
            {"timestamp": "Tue Jan 17 15:02:51 UTC 2017"}
        ],
        [
            {"location": [[
                {"latitude": 64.238755},
                {"longitude": 27.72735}
            ]]},
            {"altitude": 182.5},
            {"distance_km": 1.06},
            {"speed_kmh": 5.4},
            {"timestamp": "Tue Jan 17 15:03:01 UTC 2017"}
        ],
        [
            {"location": [[
                {"latitude": 64.238764},
                {"longitude": 27.727601}
            ]]},
            {"altitude": 182},
            {"distance_km": 1.07},
            {"speed_kmh": 5.4},
            {"timestamp": "Tue Jan 17 15:03:09 UTC 2017"}
        ],
        [
            {"location": [[
                {"latitude": 64.238769},
                {"longitude": 27.727823}
            ]]},
            {"altitude": 182.5},
            {"distance_km": 1.08},
            {"speed_kmh": 5.4},
            {"timestamp": "Tue Jan 17 15:03:16 UTC 2017"}
        ],
        [
            {"location": [[
                {"latitude": 64.238825},
                {"longitude": 27.728004}
            ]]},
            {"altitude": 184.5},
            {"distance_km": 1.09},
            {"speed_kmh": 5.4},
            {"timestamp": "Tue Jan 17 15:03:24 UTC 2017"}
        ],
        [
            {"location": [[
                {"latitude": 64.238865},
                {"longitude": 27.728238}
            ]]},
            {"altitude": 188},
            {"distance_km": 1.1},
            {"speed_kmh": 4.5},
            {"timestamp": "Tue Jan 17 15:03:32 UTC 2017"}
        ],
        [
            {"location": [[
                {"latitude": 64.238846},
                {"longitude": 27.728462}
            ]]},
            {"altitude": 187.5},
            {"distance_km": 1.11},
            {"speed_kmh": 4.5},
            {"timestamp": "Tue Jan 17 15:03:40 UTC 2017"}
        ],
        [
            {"location": [[
                {"latitude": 64.238859},
                {"longitude": 27.728673}
            ]]},
            {"altitude": 187.5},
            {"distance_km": 1.12},
            {"speed_kmh": 4.5},
            {"timestamp": "Tue Jan 17 15:03:49 UTC 2017"}
        ],
        [
            {"location": [[
                {"latitude": 64.23876},
                {"longitude": 27.728633}
            ]]},
            {"altitude": 187.5},
            {"distance_km": 1.14},
            {"speed_kmh": 4.5},
            {"timestamp": "Tue Jan 17 15:03:59 UTC 2017"}
        ],
        [
            {"location": [[
                {"latitude": 64.238661},
                {"longitude": 27.728573}
            ]]},
            {"altitude": 185.5},
            {"distance_km": 1.15},
            {"speed_kmh": 5.4},
            {"timestamp": "Tue Jan 17 15:04:07 UTC 2017"}
        ],
        [
            {"location": [[
                {"latitude": 64.23857},
                {"longitude": 27.728539}
            ]]},
            {"altitude": 186},
            {"distance_km": 1.16},
            {"speed_kmh": 4.5},
            {"timestamp": "Tue Jan 17 15:04:15 UTC 2017"}
        ],
        [
            {"location": [[
                {"latitude": 64.238468},
                {"longitude": 27.728519}
            ]]},
            {"altitude": 190},
            {"distance_km": 1.17},
            {"speed_kmh": 4.5},
            {"timestamp": "Tue Jan 17 15:04:23 UTC 2017"}
        ],
        [
            {"location": [[
                {"latitude": 64.238377},
                {"longitude": 27.728445}
            ]]},
            {"altitude": 190},
            {"distance_km": 1.18},
            {"speed_kmh": 4.5},
            {"timestamp": "Tue Jan 17 15:04:31 UTC 2017"}
        ],
        [
            {"location": [[
                {"latitude": 64.238271},
                {"longitude": 27.728435}
            ]]},
            {"altitude": 192.5},
            {"distance_km": 1.19},
            {"speed_kmh": 4.5},
            {"timestamp": "Tue Jan 17 15:04:41 UTC 2017"}
        ],
        [
            {"location": [[
                {"latitude": 64.238178},
                {"longitude": 27.728374}
            ]]},
            {"altitude": 190},
            {"distance_km": 1.2},
            {"speed_kmh": 4.5},
            {"timestamp": "Tue Jan 17 15:04:49 UTC 2017"}
        ],
        [
            {"location": [[
                {"latitude": 64.238084},
                {"longitude": 27.728444}
            ]]},
            {"altitude": 187.5},
            {"distance_km": 1.21},
            {"speed_kmh": 3.6},
            {"timestamp": "Tue Jan 17 15:05:03 UTC 2017"}
        ],
        [
            {"location": [[
                {"latitude": 64.237985},
                {"longitude": 27.728551}
            ]]},
            {"altitude": 189.5},
            {"distance_km": 1.23},
            {"speed_kmh": 3.6},
            {"timestamp": "Tue Jan 17 15:05:12 UTC 2017"}
        ],
        [
            {"location": [[
                {"latitude": 64.237902},
                {"longitude": 27.728736}
            ]]},
            {"altitude": 191},
            {"distance_km": 1.24},
            {"speed_kmh": 4.5},
            {"timestamp": "Tue Jan 17 15:05:20 UTC 2017"}
        ],
        [
            {"location": [[
                {"latitude": 64.237814},
                {"longitude": 27.728821}
            ]]},
            {"altitude": 188.5},
            {"distance_km": 1.25},
            {"speed_kmh": 4.5},
            {"timestamp": "Tue Jan 17 15:05:26 UTC 2017"}
        ],
        [
            {"location": [[
                {"latitude": 64.237721},
                {"longitude": 27.728786}
            ]]},
            {"altitude": 189.5},
            {"distance_km": 1.26},
            {"speed_kmh": 4.5},
            {"timestamp": "Tue Jan 17 15:05:34 UTC 2017"}
        ],
        [
            {"location": [[
                {"latitude": 64.237621},
                {"longitude": 27.728737}
            ]]},
            {"altitude": 188},
            {"distance_km": 1.27},
            {"speed_kmh": 4.5},
            {"timestamp": "Tue Jan 17 15:05:42 UTC 2017"}
        ],
        [
            {"location": [[
                {"latitude": 64.237525},
                {"longitude": 27.728748}
            ]]},
            {"altitude": 189.5},
            {"distance_km": 1.28},
            {"speed_kmh": 5.4},
            {"timestamp": "Tue Jan 17 15:05:49 UTC 2017"}
        ],
        [
            {"location": [[
                {"latitude": 64.237432},
                {"longitude": 27.728791}
            ]]},
            {"altitude": 193.5},
            {"distance_km": 1.29},
            {"speed_kmh": 5.4},
            {"timestamp": "Tue Jan 17 15:05:55 UTC 2017"}
        ],
        [
            {"location": [[
                {"latitude": 64.237337},
                {"longitude": 27.728831}
            ]]},
            {"altitude": 192},
            {"distance_km": 1.3},
            {"speed_kmh": 5.4},
            {"timestamp": "Tue Jan 17 15:06:01 UTC 2017"}
        ],
        [
            {"location": [[
                {"latitude": 64.237231},
                {"longitude": 27.72883}
            ]]},
            {"altitude": 197.5},
            {"distance_km": 1.31},
            {"speed_kmh": 4.5},
            {"timestamp": "Tue Jan 17 15:06:13 UTC 2017"}
        ],
        [
            {"location": [[
                {"latitude": 64.237127},
                {"longitude": 27.728816}
            ]]},
            {"altitude": 193},
            {"distance_km": 1.33},
            {"speed_kmh": 5.4},
            {"timestamp": "Tue Jan 17 15:06:21 UTC 2017"}
        ],
        [
            {"location": [[
                {"latitude": 64.23704},
                {"longitude": 27.72872}
            ]]},
            {"altitude": 191.5},
            {"distance_km": 1.34},
            {"speed_kmh": 5.4},
            {"timestamp": "Tue Jan 17 15:06:29 UTC 2017"}
        ],
        [
            {"location": [[
                {"latitude": 64.236973},
                {"longitude": 27.728556}
            ]]},
            {"altitude": 193},
            {"distance_km": 1.35},
            {"speed_kmh": 3.6},
            {"timestamp": "Tue Jan 17 15:06:41 UTC 2017"}
        ],
        [
            {"location": [[
                {"latitude": 64.236892},
                {"longitude": 27.728432}
            ]]},
            {"altitude": 195.5},
            {"distance_km": 1.36},
            {"speed_kmh": 4.5},
            {"timestamp": "Tue Jan 17 15:06:51 UTC 2017"}
        ],
        [
            {"location": [[
                {"latitude": 64.23681},
                {"longitude": 27.728333}
            ]]},
            {"altitude": 195},
            {"distance_km": 1.37},
            {"speed_kmh": 4.5},
            {"timestamp": "Tue Jan 17 15:07:00 UTC 2017"}
        ],
        [
            {"location": [[
                {"latitude": 64.236729},
                {"longitude": 27.728245}
            ]]},
            {"altitude": 196},
            {"distance_km": 1.38},
            {"speed_kmh": 5.4},
            {"timestamp": "Tue Jan 17 15:07:06 UTC 2017"}
        ],
        [
            {"location": [[
                {"latitude": 64.236636},
                {"longitude": 27.728241}
            ]]},
            {"altitude": 194},
            {"distance_km": 1.39},
            {"speed_kmh": 3.6},
            {"timestamp": "Tue Jan 17 15:07:14 UTC 2017"}
        ],
        [
            {"location": [[
                {"latitude": 64.236542},
                {"longitude": 27.728269}
            ]]},
            {"altitude": 192},
            {"distance_km": 1.4},
            {"speed_kmh": 4.5},
            {"timestamp": "Tue Jan 17 15:07:20 UTC 2017"}
        ],
        [
            {"location": [[
                {"latitude": 64.236432},
                {"longitude": 27.728345}
            ]]},
            {"altitude": 192.5},
            {"distance_km": 1.41},
            {"speed_kmh": 4.5},
            {"timestamp": "Tue Jan 17 15:07:27 UTC 2017"}
        ],
        [
            {"location": [[
                {"latitude": 64.236331},
                {"longitude": 27.728399}
            ]]},
            {"altitude": 189},
            {"distance_km": 1.42},
            {"speed_kmh": 4.5},
            {"timestamp": "Tue Jan 17 15:07:35 UTC 2017"}
        ],
        [
            {"location": [[
                {"latitude": 64.236241},
                {"longitude": 27.728441}
            ]]},
            {"altitude": 192.5},
            {"distance_km": 1.43},
            {"speed_kmh": 4.5},
            {"timestamp": "Tue Jan 17 15:07:43 UTC 2017"}
        ],
        [
            {"location": [[
                {"latitude": 64.236142},
                {"longitude": 27.728528}
            ]]},
            {"altitude": 192},
            {"distance_km": 1.45},
            {"speed_kmh": 4.5},
            {"timestamp": "Tue Jan 17 15:07:51 UTC 2017"}
        ],
        [
            {"location": [[
                {"latitude": 64.236045},
                {"longitude": 27.728652}
            ]]},
            {"altitude": 193},
            {"distance_km": 1.46},
            {"speed_kmh": 4.5},
            {"timestamp": "Tue Jan 17 15:07:59 UTC 2017"}
        ],
        [
            {"location": [[
                {"latitude": 64.235966},
                {"longitude": 27.728766}
            ]]},
            {"altitude": 193.5},
            {"distance_km": 1.47},
            {"speed_kmh": 4.5},
            {"timestamp": "Tue Jan 17 15:08:05 UTC 2017"}
        ],
        [
            {"location": [[
                {"latitude": 64.235867},
                {"longitude": 27.728789}
            ]]},
            {"altitude": 192},
            {"distance_km": 1.48},
            {"speed_kmh": 4.5},
            {"timestamp": "Tue Jan 17 15:08:13 UTC 2017"}
        ],
        [
            {"location": [[
                {"latitude": 64.235766},
                {"longitude": 27.728924}
            ]]},
            {"altitude": 195},
            {"distance_km": 1.49},
            {"speed_kmh": 5.4},
            {"timestamp": "Tue Jan 17 15:08:21 UTC 2017"}
        ],
        [
            {"location": [[
                {"latitude": 64.235672},
                {"longitude": 27.728876}
            ]]},
            {"altitude": 195.5},
            {"distance_km": 1.5},
            {"speed_kmh": 5.4},
            {"timestamp": "Tue Jan 17 15:08:27 UTC 2017"}
        ],
        [
            {"location": [[
                {"latitude": 64.235564},
                {"longitude": 27.72887}
            ]]},
            {"altitude": 195},
            {"distance_km": 1.52},
            {"speed_kmh": 5.4},
            {"timestamp": "Tue Jan 17 15:08:35 UTC 2017"}
        ],
        [
            {"location": [[
                {"latitude": 64.235472},
                {"longitude": 27.729007}
            ]]},
            {"altitude": 193.5},
            {"distance_km": 1.53},
            {"speed_kmh": 4.5},
            {"timestamp": "Tue Jan 17 15:08:45 UTC 2017"}
        ],
        [
            {"location": [[
                {"latitude": 64.235378},
                {"longitude": 27.728944}
            ]]},
            {"altitude": 191.5},
            {"distance_km": 1.54},
            {"speed_kmh": 4.5},
            {"timestamp": "Tue Jan 17 15:08:53 UTC 2017"}
        ],
        [
            {"location": [[
                {"latitude": 64.235339},
                {"longitude": 27.729144}
            ]]},
            {"altitude": 190},
            {"distance_km": 1.55},
            {"speed_kmh": 4.5},
            {"timestamp": "Tue Jan 17 15:09:00 UTC 2017"}
        ],
        [
            {"location": [[
                {"latitude": 64.235303},
                {"longitude": 27.729346}
            ]]},
            {"altitude": 190.5},
            {"distance_km": 1.56},
            {"speed_kmh": 1.8},
            {"timestamp": "Tue Jan 17 15:09:16 UTC 2017"}
        ],
        [
            {"location": [[
                {"latitude": 64.235254},
                {"longitude": 27.729536}
            ]]},
            {"altitude": 191},
            {"distance_km": 1.57},
            {"speed_kmh": 3.6},
            {"timestamp": "Tue Jan 17 15:09:26 UTC 2017"}
        ],
        [
            {"location": [[
                {"latitude": 64.235155},
                {"longitude": 27.729639}
            ]]},
            {"altitude": 190},
            {"distance_km": 1.58},
            {"speed_kmh": 4.5},
            {"timestamp": "Tue Jan 17 15:09:35 UTC 2017"}
        ],
        [
            {"location": [[
                {"latitude": 64.235112},
                {"longitude": 27.729842}
            ]]},
            {"altitude": 188},
            {"distance_km": 1.59},
            {"speed_kmh": 3.6},
            {"timestamp": "Tue Jan 17 15:09:43 UTC 2017"}
        ],
        [
            {"location": [[
                {"latitude": 64.235048},
                {"longitude": 27.730035}
            ]]},
            {"altitude": 186},
            {"distance_km": 1.61},
            {"speed_kmh": 3.6},
            {"timestamp": "Tue Jan 17 15:09:53 UTC 2017"}
        ],
        [
            {"location": [[
                {"latitude": 64.234948},
                {"longitude": 27.730161}
            ]]},
            {"altitude": 187},
            {"distance_km": 1.62},
            {"speed_kmh": 5.4},
            {"timestamp": "Tue Jan 17 15:10:01 UTC 2017"}
        ],
        [
            {"location": [[
                {"latitude": 64.234919},
                {"longitude": 27.730387}
            ]]},
            {"altitude": 185.5},
            {"distance_km": 1.63},
            {"speed_kmh": 3.6},
            {"timestamp": "Tue Jan 17 15:10:09 UTC 2017"}
        ],
        [
            {"location": [[
                {"latitude": 64.234858},
                {"longitude": 27.730569}
            ]]},
            {"altitude": 185},
            {"distance_km": 1.64},
            {"speed_kmh": 5.4},
            {"timestamp": "Tue Jan 17 15:10:15 UTC 2017"}
        ],
        [
            {"location": [[
                {"latitude": 64.234758},
                {"longitude": 27.730712}
            ]]},
            {"altitude": 185.5},
            {"distance_km": 1.65},
            {"speed_kmh": 5.4},
            {"timestamp": "Tue Jan 17 15:10:23 UTC 2017"}
        ],
        [
            {"location": [[
                {"latitude": 64.234678},
                {"longitude": 27.730876}
            ]]},
            {"altitude": 184.5},
            {"distance_km": 1.67},
            {"speed_kmh": 5.4},
            {"timestamp": "Tue Jan 17 15:10:31 UTC 2017"}
        ],
        [
            {"location": [[
                {"latitude": 64.234592},
                {"longitude": 27.731008}
            ]]},
            {"altitude": 182.5},
            {"distance_km": 1.68},
            {"speed_kmh": 5.4},
            {"timestamp": "Tue Jan 17 15:10:39 UTC 2017"}
        ],
        [
            {"location": [[
                {"latitude": 64.234516},
                {"longitude": 27.731183}
            ]]},
            {"altitude": 179.5},
            {"distance_km": 1.69},
            {"speed_kmh": 4.5},
            {"timestamp": "Tue Jan 17 15:10:49 UTC 2017"}
        ],
        [
            {"location": [[
                {"latitude": 64.234446},
                {"longitude": 27.731346}
            ]]},
            {"altitude": 178},
            {"distance_km": 1.7},
            {"speed_kmh": 4.5},
            {"timestamp": "Tue Jan 17 15:10:57 UTC 2017"}
        ],
        [
            {"location": [[
                {"latitude": 64.234381},
                {"longitude": 27.731558}
            ]]},
            {"altitude": 178.5},
            {"distance_km": 1.71},
            {"speed_kmh": 4.5},
            {"timestamp": "Tue Jan 17 15:11:08 UTC 2017"}
        ],
        [
            {"location": [[
                {"latitude": 64.234305},
                {"longitude": 27.731703}
            ]]},
            {"altitude": 179.5},
            {"distance_km": 1.72},
            {"speed_kmh": 3.6},
            {"timestamp": "Tue Jan 17 15:11:16 UTC 2017"}
        ],
        [
            {"location": [[
                {"latitude": 64.234285},
                {"longitude": 27.731953}
            ]]},
            {"altitude": 180},
            {"distance_km": 1.74},
            {"speed_kmh": 4.5},
            {"timestamp": "Tue Jan 17 15:11:24 UTC 2017"}
        ],
        [
            {"location": [[
                {"latitude": 64.234201},
                {"longitude": 27.732093}
            ]]},
            {"altitude": 178.5},
            {"distance_km": 1.75},
            {"speed_kmh": 4.5},
            {"timestamp": "Tue Jan 17 15:11:32 UTC 2017"}
        ],
        [
            {"location": [[
                {"latitude": 64.234089},
                {"longitude": 27.732139}
            ]]},
            {"altitude": 178},
            {"distance_km": 1.76},
            {"speed_kmh": 4.5},
            {"timestamp": "Tue Jan 17 15:11:41 UTC 2017"}
        ],
        [
            {"location": [[
                {"latitude": 64.233988},
                {"longitude": 27.73219}
            ]]},
            {"altitude": 174.5},
            {"distance_km": 1.77},
            {"speed_kmh": 5.4},
            {"timestamp": "Tue Jan 17 15:11:47 UTC 2017"}
        ],
        [
            {"location": [[
                {"latitude": 64.233889},
                {"longitude": 27.732226}
            ]]},
            {"altitude": 175},
            {"distance_km": 1.78},
            {"speed_kmh": 5.4},
            {"timestamp": "Tue Jan 17 15:11:53 UTC 2017"}
        ],
        [
            {"location": [[
                {"latitude": 64.23379},
                {"longitude": 27.73234}
            ]]},
            {"altitude": 172.5},
            {"distance_km": 1.8},
            {"speed_kmh": 5.4},
            {"timestamp": "Tue Jan 17 15:12:01 UTC 2017"}
        ],
        [
            {"location": [[
                {"latitude": 64.233681},
                {"longitude": 27.732444}
            ]]},
            {"altitude": 172.5},
            {"distance_km": 1.81},
            {"speed_kmh": 5.4},
            {"timestamp": "Tue Jan 17 15:12:09 UTC 2017"}
        ],
        [
            {"location": [[
                {"latitude": 64.233583},
                {"longitude": 27.732485}
            ]]},
            {"altitude": 175},
            {"distance_km": 1.82},
            {"speed_kmh": 5.4},
            {"timestamp": "Tue Jan 17 15:12:15 UTC 2017"}
        ],
        [
            {"location": [[
                {"latitude": 64.233477},
                {"longitude": 27.732578}
            ]]},
            {"altitude": 171},
            {"distance_km": 1.83},
            {"speed_kmh": 4.5},
            {"timestamp": "Tue Jan 17 15:12:23 UTC 2017"}
        ],
        [
            {"location": [[
                {"latitude": 64.233417},
                {"longitude": 27.732787}
            ]]},
            {"altitude": 167},
            {"distance_km": 1.84},
            {"speed_kmh": 7.2},
            {"timestamp": "Tue Jan 17 15:12:43 UTC 2017"}
        ],
        [
            {"location": [[
                {"latitude": 64.233303},
                {"longitude": 27.732889}
            ]]},
            {"altitude": 164.5},
            {"distance_km": 1.86},
            {"speed_kmh": 5.4},
            {"timestamp": "Tue Jan 17 15:12:49 UTC 2017"}
        ],
        [
            {"location": [[
                {"latitude": 64.23321},
                {"longitude": 27.732954}
            ]]},
            {"altitude": 165},
            {"distance_km": 1.87},
            {"speed_kmh": 5.4},
            {"timestamp": "Tue Jan 17 15:12:55 UTC 2017"}
        ],
        [
            {"location": [[
                {"latitude": 64.233116},
                {"longitude": 27.733013}
            ]]},
            {"altitude": 166.5},
            {"distance_km": 1.88},
            {"speed_kmh": 5.4},
            {"timestamp": "Tue Jan 17 15:13:02 UTC 2017"}
        ],
        [
            {"location": [[
                {"latitude": 64.233025},
                {"longitude": 27.733123}
            ]]},
            {"altitude": 165.5},
            {"distance_km": 1.89},
            {"speed_kmh": 5.4},
            {"timestamp": "Tue Jan 17 15:13:10 UTC 2017"}
        ],
        [
            {"location": [[
                {"latitude": 64.232919},
                {"longitude": 27.733107}
            ]]},
            {"altitude": 161.5},
            {"distance_km": 1.9},
            {"speed_kmh": 5.4},
            {"timestamp": "Tue Jan 17 15:13:18 UTC 2017"}
        ],
        [
            {"location": [[
                {"latitude": 64.232831},
                {"longitude": 27.733033}
            ]]},
            {"altitude": 162},
            {"distance_km": 1.91},
            {"speed_kmh": 5.4},
            {"timestamp": "Tue Jan 17 15:13:24 UTC 2017"}
        ],
        [
            {"location": [[
                {"latitude": 64.232724},
                {"longitude": 27.7331}
            ]]},
            {"altitude": 159.5},
            {"distance_km": 1.93},
            {"speed_kmh": 5.4},
            {"timestamp": "Tue Jan 17 15:13:33 UTC 2017"}
        ],
        [
            {"location": [[
                {"latitude": 64.232739},
                {"longitude": 27.732884}
            ]]},
            {"altitude": 157.5},
            {"distance_km": 1.94},
            {"speed_kmh": 5.4},
            {"timestamp": "Tue Jan 17 15:13:45 UTC 2017"}
        ],
        [
            {"location": [[
                {"latitude": 64.232758},
                {"longitude": 27.732655}
            ]]},
            {"altitude": 159},
            {"distance_km": 1.95},
            {"speed_kmh": 5.4},
            {"timestamp": "Tue Jan 17 15:13:53 UTC 2017"}
        ],
        [
            {"location": [[
                {"latitude": 64.232784},
                {"longitude": 27.732418}
            ]]},
            {"altitude": 157},
            {"distance_km": 1.96},
            {"speed_kmh": 5.4},
            {"timestamp": "Tue Jan 17 15:14:01 UTC 2017"}
        ],
        [
            {"location": [[
                {"latitude": 64.232826},
                {"longitude": 27.732197}
            ]]},
            {"altitude": 158},
            {"distance_km": 1.97},
            {"speed_kmh": 5.4},
            {"timestamp": "Tue Jan 17 15:14:09 UTC 2017"}
        ],
        [
            {"location": [[
                {"latitude": 64.232881},
                {"longitude": 27.732017}
            ]]},
            {"altitude": 158.5},
            {"distance_km": 1.98},
            {"speed_kmh": 5.4},
            {"timestamp": "Tue Jan 17 15:14:15 UTC 2017"}
        ],
        [
            {"location": [[
                {"latitude": 64.23288},
                {"longitude": 27.731756}
            ]]},
            {"altitude": 157.5},
            {"distance_km": 1.99},
            {"speed_kmh": 5.4},
            {"timestamp": "Tue Jan 17 15:14:23 UTC 2017"}
        ],
        [
            {"location": [[
                {"latitude": 64.232884},
                {"longitude": 27.731495}
            ]]},
            {"altitude": 159},
            {"distance_km": 2.01},
            {"speed_kmh": 5.4},
            {"timestamp": "Tue Jan 17 15:14:31 UTC 2017"}
        ],
        [
            {"location": [[
                {"latitude": 64.232787},
                {"longitude": 27.731403}
            ]]},
            {"altitude": 158.5},
            {"distance_km": 2.02},
            {"speed_kmh": 5.4},
            {"timestamp": "Tue Jan 17 15:14:37 UTC 2017"}
        ],
        [
            {"location": [[
                {"latitude": 64.232687},
                {"longitude": 27.731393}
            ]]},
            {"altitude": 158.5},
            {"distance_km": 2.03},
            {"speed_kmh": 2.7},
            {"timestamp": "Tue Jan 17 15:14:45 UTC 2017"}
        ],
        [
            {"location": [[
                {"latitude": 64.232589},
                {"longitude": 27.731272}
            ]]},
            {"altitude": 159.5},
            {"distance_km": 2.04},
            {"speed_kmh": 6.3},
            {"timestamp": "Tue Jan 17 15:14:59 UTC 2017"}
        ],
        [
            {"location": [[
                {"latitude": 64.232507},
                {"longitude": 27.731136}
            ]]},
            {"altitude": 159.5},
            {"distance_km": 2.05},
            {"speed_kmh": 6.3},
            {"timestamp": "Tue Jan 17 15:15:05 UTC 2017"}
        ],
        [
            {"location": [[
                {"latitude": 64.232419},
                {"longitude": 27.730986}
            ]]},
            {"altitude": 160.5},
            {"distance_km": 2.07},
            {"speed_kmh": 6.3},
            {"timestamp": "Tue Jan 17 15:15:12 UTC 2017"}
        ],
        [
            {"location": [[
                {"latitude": 64.232343},
                {"longitude": 27.730821}
            ]]},
            {"altitude": 160.5},
            {"distance_km": 2.08},
            {"speed_kmh": 6.3},
            {"timestamp": "Tue Jan 17 15:15:18 UTC 2017"}
        ],
        [
            {"location": [[
                {"latitude": 64.232269},
                {"longitude": 27.730683}
            ]]},
            {"altitude": 160.5},
            {"distance_km": 2.09},
            {"speed_kmh": 6.3},
            {"timestamp": "Tue Jan 17 15:15:24 UTC 2017"}
        ],
        [
            {"location": [[
                {"latitude": 64.232176},
                {"longitude": 27.730544}
            ]]},
            {"altitude": 160.5},
            {"distance_km": 2.1},
            {"speed_kmh": 5.4},
            {"timestamp": "Tue Jan 17 15:15:32 UTC 2017"}
        ],
        [
            {"location": [[
                {"latitude": 64.232095},
                {"longitude": 27.730367}
            ]]},
            {"altitude": 161.5},
            {"distance_km": 2.11},
            {"speed_kmh": 5.4},
            {"timestamp": "Tue Jan 17 15:15:40 UTC 2017"}
        ],
        [
            {"location": [[
                {"latitude": 64.231992},
                {"longitude": 27.730264}
            ]]},
            {"altitude": 159},
            {"distance_km": 2.12},
            {"speed_kmh": 5.4},
            {"timestamp": "Tue Jan 17 15:15:49 UTC 2017"}
        ],
        [
            {"location": [[
                {"latitude": 64.231897},
                {"longitude": 27.7301}
            ]]},
            {"altitude": 156.5},
            {"distance_km": 2.14},
            {"speed_kmh": 5.4},
            {"timestamp": "Tue Jan 17 15:15:57 UTC 2017"}
        ],
        [
            {"location": [[
                {"latitude": 64.231808},
                {"longitude": 27.729945}
            ]]},
            {"altitude": 160.5},
            {"distance_km": 2.15},
            {"speed_kmh": 5.4},
            {"timestamp": "Tue Jan 17 15:16:05 UTC 2017"}
        ],
        [
            {"location": [[
                {"latitude": 64.231747},
                {"longitude": 27.729743}
            ]]},
            {"altitude": 160.5},
            {"distance_km": 2.16},
            {"speed_kmh": 5.4},
            {"timestamp": "Tue Jan 17 15:16:13 UTC 2017"}
        ],
        [
            {"location": [[
                {"latitude": 64.231713},
                {"longitude": 27.729541}
            ]]},
            {"altitude": 158},
            {"distance_km": 2.17},
            {"speed_kmh": 5.4},
            {"timestamp": "Tue Jan 17 15:16:21 UTC 2017"}
        ],
        [
            {"location": [[
                {"latitude": 64.231809},
                {"longitude": 27.729562}
            ]]},
            {"altitude": 156.5},
            {"distance_km": 2.18},
            {"speed_kmh": 4.5},
            {"timestamp": "Tue Jan 17 15:16:29 UTC 2017"}
        ],
        [
            {"location": [[
                {"latitude": 64.231784},
                {"longitude": 27.729602}
            ]]},
            {"altitude": 154},
            {"distance_km": 2.18},
            {"speed_kmh": 0},
            {"timestamp": "Tue Jan 17 15:17:52 UTC 2017"}
        ],
        [
            {"location": [[
                {"latitude": 64.231784},
                {"longitude": 27.729602}
            ]]},
            {"altitude": 154},
            {"distance_km": 2.18},
            {"speed_kmh": 0},
            {"timestamp": "Tue Jan 17 15:17:52 UTC 2017"}
        ]
    ]}
]