[
    {"sport": "WALKING"},
    {"source": "TRACK_MOBILE"},
    {"created_date": "2017-05-30 15:15:52.0"},
    {"start_time": "2017-05-30 15:14:37.0"},
    {"end_time": "2017-05-30 15:56:01.0"},
    {"duration_s": 2483},
    {"distance_km": 2.69},
    {"calories_kcal": 210.723},
    {"altitude_min_m": 117.5},
    {"altitude_max_m": 196.5},
    {"speed_avg_kmh": 3.90012082158679},
    {"speed_max_kmh": 5.4},
    {"ascend_m": 81.5},
    {"descend_m": 145.5},
    {"points": [
        [
            {"location": [[
                {"latitude": 64.223619},
                {"longitude": 27.673926}
            ]]},
            {"distance_km": 0},
            {"timestamp": "Tue May 30 15:14:37 UTC 2017"}
        ],
        [
            {"location": [[
                {"latitude": 64.223619},
                {"longitude": 27.673926}
            ]]},
            {"altitude": 196.5},
            {"distance_km": 0},
            {"speed_kmh": 0.9},
            {"timestamp": "Tue May 30 15:14:43 UTC 2017"}
        ],
        [
            {"location": [[
                {"latitude": 64.223768},
                {"longitude": 27.67368}
            ]]},
            {"altitude": 151.5},
            {"distance_km": 0.02},
            {"speed_kmh": 0},
            {"timestamp": "Tue May 30 15:14:45 UTC 2017"}
        ],
        [
            {"location": [[
                {"latitude": 64.223686},
                {"longitude": 27.6738}
            ]]},
            {"altitude": 131},
            {"distance_km": 0.03},
            {"speed_kmh": 0},
            {"timestamp": "Tue May 30 15:14:51 UTC 2017"}
        ],
        [
            {"location": [[
                {"latitude": 64.223768},
                {"longitude": 27.673614}
            ]]},
            {"altitude": 147},
            {"distance_km": 0.04},
            {"speed_kmh": 3.6},
            {"timestamp": "Tue May 30 15:16:39 UTC 2017"}
        ],
        [
            {"location": [[
                {"latitude": 64.223857},
                {"longitude": 27.673559}
            ]]},
            {"altitude": 152.5},
            {"distance_km": 0.05},
            {"speed_kmh": 3.6},
            {"timestamp": "Tue May 30 15:16:47 UTC 2017"}
        ],
        [
            {"location": [[
                {"latitude": 64.223948},
                {"longitude": 27.673469}
            ]]},
            {"altitude": 151.5},
            {"distance_km": 0.07},
            {"speed_kmh": 3.6},
            {"timestamp": "Tue May 30 15:17:11 UTC 2017"}
        ],
        [
            {"location": [[
                {"latitude": 64.224044},
                {"longitude": 27.673597}
            ]]},
            {"altitude": 140.5},
            {"distance_km": 0.08},
            {"speed_kmh": 2.7},
            {"timestamp": "Tue May 30 15:17:43 UTC 2017"}
        ],
        [
            {"location": [[
                {"latitude": 64.224119},
                {"longitude": 27.673753}
            ]]},
            {"altitude": 140},
            {"distance_km": 0.09},
            {"speed_kmh": 2.7},
            {"timestamp": "Tue May 30 15:17:51 UTC 2017"}
        ],
        [
            {"location": [[
                {"latitude": 64.224188},
                {"longitude": 27.673934}
            ]]},
            {"altitude": 140},
            {"distance_km": 0.1},
            {"speed_kmh": 2.7},
            {"timestamp": "Tue May 30 15:18:01 UTC 2017"}
        ],
        [
            {"location": [[
                {"latitude": 64.224249},
                {"longitude": 27.674116}
            ]]},
            {"altitude": 140},
            {"distance_km": 0.11},
            {"speed_kmh": 1.8},
            {"timestamp": "Tue May 30 15:18:15 UTC 2017"}
        ],
        [
            {"location": [[
                {"latitude": 64.224302},
                {"longitude": 27.674316}
            ]]},
            {"altitude": 134.5},
            {"distance_km": 0.12},
            {"speed_kmh": 2.7},
            {"timestamp": "Tue May 30 15:18:25 UTC 2017"}
        ],
        [
            {"location": [[
                {"latitude": 64.224359},
                {"longitude": 27.674497}
            ]]},
            {"altitude": 128},
            {"distance_km": 0.13},
            {"speed_kmh": 1.8},
            {"timestamp": "Tue May 30 15:18:49 UTC 2017"}
        ],
        [
            {"location": [[
                {"latitude": 64.224424},
                {"longitude": 27.674651}
            ]]},
            {"altitude": 126},
            {"distance_km": 0.14},
            {"speed_kmh": 1.8},
            {"timestamp": "Tue May 30 15:18:59 UTC 2017"}
        ],
        [
            {"location": [[
                {"latitude": 64.22448},
                {"longitude": 27.674841}
            ]]},
            {"altitude": 128.5},
            {"distance_km": 0.16},
            {"speed_kmh": 0},
            {"timestamp": "Tue May 30 15:19:10 UTC 2017"}
        ],
        [
            {"location": [[
                {"latitude": 64.224562},
                {"longitude": 27.674941}
            ]]},
            {"altitude": 131.5},
            {"distance_km": 0.17},
            {"speed_kmh": 3.6},
            {"timestamp": "Tue May 30 15:19:45 UTC 2017"}
        ],
        [
            {"location": [[
                {"latitude": 64.224643},
                {"longitude": 27.674814}
            ]]},
            {"altitude": 125},
            {"distance_km": 0.18},
            {"speed_kmh": 3.6},
            {"timestamp": "Tue May 30 15:19:57 UTC 2017"}
        ],
        [
            {"location": [[
                {"latitude": 64.224725},
                {"longitude": 27.674667}
            ]]},
            {"altitude": 125},
            {"distance_km": 0.19},
            {"speed_kmh": 3.6},
            {"timestamp": "Tue May 30 15:20:07 UTC 2017"}
        ],
        [
            {"location": [[
                {"latitude": 64.224801},
                {"longitude": 27.674539}
            ]]},
            {"altitude": 125.5},
            {"distance_km": 0.2},
            {"speed_kmh": 4.5},
            {"timestamp": "Tue May 30 15:20:15 UTC 2017"}
        ],
        [
            {"location": [[
                {"latitude": 64.224875},
                {"longitude": 27.674404}
            ]]},
            {"altitude": 125.5},
            {"distance_km": 0.21},
            {"speed_kmh": 4.5},
            {"timestamp": "Tue May 30 15:20:23 UTC 2017"}
        ],
        [
            {"location": [[
                {"latitude": 64.224953},
                {"longitude": 27.674234}
            ]]},
            {"altitude": 123.5},
            {"distance_km": 0.22},
            {"speed_kmh": 4.5},
            {"timestamp": "Tue May 30 15:20:39 UTC 2017"}
        ],
        [
            {"location": [[
                {"latitude": 64.225022},
                {"longitude": 27.674053}
            ]]},
            {"altitude": 121.5},
            {"distance_km": 0.23},
            {"speed_kmh": 4.5},
            {"timestamp": "Tue May 30 15:20:47 UTC 2017"}
        ],
        [
            {"location": [[
                {"latitude": 64.225095},
                {"longitude": 27.673873}
            ]]},
            {"altitude": 125.5},
            {"distance_km": 0.24},
            {"speed_kmh": 4.5},
            {"timestamp": "Tue May 30 15:20:57 UTC 2017"}
        ],
        [
            {"location": [[
                {"latitude": 64.225178},
                {"longitude": 27.673706}
            ]]},
            {"altitude": 124},
            {"distance_km": 0.26},
            {"speed_kmh": 4.5},
            {"timestamp": "Tue May 30 15:21:07 UTC 2017"}
        ],
        [
            {"location": [[
                {"latitude": 64.225229},
                {"longitude": 27.673522}
            ]]},
            {"altitude": 119.5},
            {"distance_km": 0.27},
            {"speed_kmh": 2.7},
            {"timestamp": "Tue May 30 15:21:36 UTC 2017"}
        ],
        [
            {"location": [[
                {"latitude": 64.225258},
                {"longitude": 27.673325}
            ]]},
            {"altitude": 117.5},
            {"distance_km": 0.28},
            {"speed_kmh": 0},
            {"timestamp": "Tue May 30 15:21:50 UTC 2017"}
        ],
        [
            {"location": [[
                {"latitude": 64.225339},
                {"longitude": 27.673183}
            ]]},
            {"altitude": 126.5},
            {"distance_km": 0.29},
            {"speed_kmh": 3.6},
            {"timestamp": "Tue May 30 15:22:35 UTC 2017"}
        ],
        [
            {"location": [[
                {"latitude": 64.225405},
                {"longitude": 27.673022}
            ]]},
            {"altitude": 122.5},
            {"distance_km": 0.3},
            {"speed_kmh": 3.6},
            {"timestamp": "Tue May 30 15:22:43 UTC 2017"}
        ],
        [
            {"location": [[
                {"latitude": 64.225487},
                {"longitude": 27.672847}
            ]]},
            {"altitude": 123},
            {"distance_km": 0.31},
            {"speed_kmh": 3.6},
            {"timestamp": "Tue May 30 15:22:53 UTC 2017"}
        ],
        [
            {"location": [[
                {"latitude": 64.225553},
                {"longitude": 27.672662}
            ]]},
            {"altitude": 122},
            {"distance_km": 0.32},
            {"speed_kmh": 3.6},
            {"timestamp": "Tue May 30 15:23:03 UTC 2017"}
        ],
        [
            {"location": [[
                {"latitude": 64.225626},
                {"longitude": 27.672478}
            ]]},
            {"altitude": 120},
            {"distance_km": 0.34},
            {"speed_kmh": 3.6},
            {"timestamp": "Tue May 30 15:23:13 UTC 2017"}
        ],
        [
            {"location": [[
                {"latitude": 64.225702},
                {"longitude": 27.672283}
            ]]},
            {"altitude": 121.5},
            {"distance_km": 0.35},
            {"speed_kmh": 3.6},
            {"timestamp": "Tue May 30 15:23:24 UTC 2017"}
        ],
        [
            {"location": [[
                {"latitude": 64.225766},
                {"longitude": 27.672099}
            ]]},
            {"altitude": 123},
            {"distance_km": 0.36},
            {"speed_kmh": 4.5},
            {"timestamp": "Tue May 30 15:23:32 UTC 2017"}
        ],
        [
            {"location": [[
                {"latitude": 64.225834},
                {"longitude": 27.671888}
            ]]},
            {"altitude": 121.5},
            {"distance_km": 0.37},
            {"speed_kmh": 4.5},
            {"timestamp": "Tue May 30 15:23:41 UTC 2017"}
        ],
        [
            {"location": [[
                {"latitude": 64.225897},
                {"longitude": 27.671671}
            ]]},
            {"altitude": 126.5},
            {"distance_km": 0.39},
            {"speed_kmh": 4.5},
            {"timestamp": "Tue May 30 15:23:55 UTC 2017"}
        ],
        [
            {"location": [[
                {"latitude": 64.225933},
                {"longitude": 27.671463}
            ]]},
            {"altitude": 128},
            {"distance_km": 0.4},
            {"speed_kmh": 4.5},
            {"timestamp": "Tue May 30 15:24:03 UTC 2017"}
        ],
        [
            {"location": [[
                {"latitude": 64.225988},
                {"longitude": 27.671287}
            ]]},
            {"altitude": 132},
            {"distance_km": 0.41},
            {"speed_kmh": 4.5},
            {"timestamp": "Tue May 30 15:24:11 UTC 2017"}
        ],
        [
            {"location": [[
                {"latitude": 64.226059},
                {"longitude": 27.671129}
            ]]},
            {"altitude": 132},
            {"distance_km": 0.42},
            {"speed_kmh": 4.5},
            {"timestamp": "Tue May 30 15:24:19 UTC 2017"}
        ],
        [
            {"location": [[
                {"latitude": 64.226106},
                {"longitude": 27.670898}
            ]]},
            {"altitude": 135},
            {"distance_km": 0.43},
            {"speed_kmh": 4.5},
            {"timestamp": "Tue May 30 15:24:27 UTC 2017"}
        ],
        [
            {"location": [[
                {"latitude": 64.226002},
                {"longitude": 27.670821}
            ]]},
            {"altitude": 135},
            {"distance_km": 0.44},
            {"speed_kmh": 4.5},
            {"timestamp": "Tue May 30 15:24:41 UTC 2017"}
        ],
        [
            {"location": [[
                {"latitude": 64.225904},
                {"longitude": 27.670756}
            ]]},
            {"altitude": 139},
            {"distance_km": 0.45},
            {"speed_kmh": 4.5},
            {"timestamp": "Tue May 30 15:24:49 UTC 2017"}
        ],
        [
            {"location": [[
                {"latitude": 64.225922},
                {"longitude": 27.670525}
            ]]},
            {"altitude": 138},
            {"distance_km": 0.46},
            {"speed_kmh": 3.6},
            {"timestamp": "Tue May 30 15:25:01 UTC 2017"}
        ],
        [
            {"location": [[
                {"latitude": 64.225948},
                {"longitude": 27.670323}
            ]]},
            {"altitude": 139},
            {"distance_km": 0.48},
            {"speed_kmh": 4.5},
            {"timestamp": "Tue May 30 15:25:08 UTC 2017"}
        ],
        [
            {"location": [[
                {"latitude": 64.225985},
                {"longitude": 27.670123}
            ]]},
            {"altitude": 143},
            {"distance_km": 0.49},
            {"speed_kmh": 4.5},
            {"timestamp": "Tue May 30 15:25:16 UTC 2017"}
        ],
        [
            {"location": [[
                {"latitude": 64.226008},
                {"longitude": 27.669911}
            ]]},
            {"altitude": 143.5},
            {"distance_km": 0.5},
            {"speed_kmh": 4.5},
            {"timestamp": "Tue May 30 15:25:24 UTC 2017"}
        ],
        [
            {"location": [[
                {"latitude": 64.226057},
                {"longitude": 27.669718}
            ]]},
            {"altitude": 144},
            {"distance_km": 0.51},
            {"speed_kmh": 4.5},
            {"timestamp": "Tue May 30 15:25:31 UTC 2017"}
        ],
        [
            {"location": [[
                {"latitude": 64.226111},
                {"longitude": 27.669524}
            ]]},
            {"altitude": 141},
            {"distance_km": 0.52},
            {"speed_kmh": 4.5},
            {"timestamp": "Tue May 30 15:25:39 UTC 2017"}
        ],
        [
            {"location": [[
                {"latitude": 64.226166},
                {"longitude": 27.669346}
            ]]},
            {"altitude": 140},
            {"distance_km": 0.53},
            {"speed_kmh": 4.5},
            {"timestamp": "Tue May 30 15:25:47 UTC 2017"}
        ],
        [
            {"location": [[
                {"latitude": 64.226212},
                {"longitude": 27.669127}
            ]]},
            {"altitude": 141.5},
            {"distance_km": 0.54},
            {"speed_kmh": 4.5},
            {"timestamp": "Tue May 30 15:25:55 UTC 2017"}
        ],
        [
            {"location": [[
                {"latitude": 64.226255},
                {"longitude": 27.668898}
            ]]},
            {"altitude": 142},
            {"distance_km": 0.55},
            {"speed_kmh": 4.5},
            {"timestamp": "Tue May 30 15:26:05 UTC 2017"}
        ],
        [
            {"location": [[
                {"latitude": 64.226298},
                {"longitude": 27.668702}
            ]]},
            {"altitude": 140},
            {"distance_km": 0.56},
            {"speed_kmh": 4.5},
            {"timestamp": "Tue May 30 15:26:13 UTC 2017"}
        ],
        [
            {"location": [[
                {"latitude": 64.226333},
                {"longitude": 27.66848}
            ]]},
            {"altitude": 141},
            {"distance_km": 0.57},
            {"speed_kmh": 4.5},
            {"timestamp": "Tue May 30 15:26:21 UTC 2017"}
        ],
        [
            {"location": [[
                {"latitude": 64.226361},
                {"longitude": 27.668261}
            ]]},
            {"altitude": 141.5},
            {"distance_km": 0.59},
            {"speed_kmh": 4.5},
            {"timestamp": "Tue May 30 15:26:29 UTC 2017"}
        ],
        [
            {"location": [[
                {"latitude": 64.226392},
                {"longitude": 27.668055}
            ]]},
            {"altitude": 143.5},
            {"distance_km": 0.6},
            {"speed_kmh": 4.5},
            {"timestamp": "Tue May 30 15:26:37 UTC 2017"}
        ],
        [
            {"location": [[
                {"latitude": 64.226395},
                {"longitude": 27.667808}
            ]]},
            {"altitude": 142},
            {"distance_km": 0.61},
            {"speed_kmh": 4.5},
            {"timestamp": "Tue May 30 15:26:45 UTC 2017"}
        ],
        [
            {"location": [[
                {"latitude": 64.226386},
                {"longitude": 27.667581}
            ]]},
            {"altitude": 144},
            {"distance_km": 0.62},
            {"speed_kmh": 4.5},
            {"timestamp": "Tue May 30 15:26:53 UTC 2017"}
        ],
        [
            {"location": [[
                {"latitude": 64.226392},
                {"longitude": 27.667343}
            ]]},
            {"altitude": 143.5},
            {"distance_km": 0.63},
            {"speed_kmh": 4.5},
            {"timestamp": "Tue May 30 15:27:01 UTC 2017"}
        ],
        [
            {"location": [[
                {"latitude": 64.22636},
                {"longitude": 27.667128}
            ]]},
            {"altitude": 143.5},
            {"distance_km": 0.64},
            {"speed_kmh": 4.5},
            {"timestamp": "Tue May 30 15:27:10 UTC 2017"}
        ],
        [
            {"location": [[
                {"latitude": 64.226341},
                {"longitude": 27.666918}
            ]]},
            {"altitude": 144},
            {"distance_km": 0.65},
            {"speed_kmh": 4.5},
            {"timestamp": "Tue May 30 15:27:18 UTC 2017"}
        ],
        [
            {"location": [[
                {"latitude": 64.226359},
                {"longitude": 27.66665}
            ]]},
            {"altitude": 146.5},
            {"distance_km": 0.67},
            {"speed_kmh": 4.5},
            {"timestamp": "Tue May 30 15:27:26 UTC 2017"}
        ],
        [
            {"location": [[
                {"latitude": 64.226346},
                {"longitude": 27.666435}
            ]]},
            {"altitude": 145},
            {"distance_km": 0.68},
            {"speed_kmh": 4.5},
            {"timestamp": "Tue May 30 15:27:33 UTC 2017"}
        ],
        [
            {"location": [[
                {"latitude": 64.226313},
                {"longitude": 27.666203}
            ]]},
            {"altitude": 147},
            {"distance_km": 0.69},
            {"speed_kmh": 4.5},
            {"timestamp": "Tue May 30 15:27:41 UTC 2017"}
        ],
        [
            {"location": [[
                {"latitude": 64.226257},
                {"longitude": 27.665982}
            ]]},
            {"altitude": 146},
            {"distance_km": 0.7},
            {"speed_kmh": 3.6},
            {"timestamp": "Tue May 30 15:27:51 UTC 2017"}
        ],
        [
            {"location": [[
                {"latitude": 64.226222},
                {"longitude": 27.665742}
            ]]},
            {"altitude": 145.5},
            {"distance_km": 0.71},
            {"speed_kmh": 3.6},
            {"timestamp": "Tue May 30 15:28:01 UTC 2017"}
        ],
        [
            {"location": [[
                {"latitude": 64.22625},
                {"longitude": 27.665524}
            ]]},
            {"altitude": 144.5},
            {"distance_km": 0.72},
            {"speed_kmh": 3.6},
            {"timestamp": "Tue May 30 15:28:09 UTC 2017"}
        ],
        [
            {"location": [[
                {"latitude": 64.226222},
                {"longitude": 27.665295}
            ]]},
            {"altitude": 145},
            {"distance_km": 0.73},
            {"speed_kmh": 3.6},
            {"timestamp": "Tue May 30 15:28:17 UTC 2017"}
        ],
        [
            {"location": [[
                {"latitude": 64.226249},
                {"longitude": 27.66503}
            ]]},
            {"altitude": 144.5},
            {"distance_km": 0.75},
            {"speed_kmh": 3.6},
            {"timestamp": "Tue May 30 15:28:27 UTC 2017"}
        ],
        [
            {"location": [[
                {"latitude": 64.226255},
                {"longitude": 27.664798}
            ]]},
            {"altitude": 144.5},
            {"distance_km": 0.76},
            {"speed_kmh": 4.5},
            {"timestamp": "Tue May 30 15:28:35 UTC 2017"}
        ],
        [
            {"location": [[
                {"latitude": 64.226239},
                {"longitude": 27.664576}
            ]]},
            {"altitude": 147},
            {"distance_km": 0.77},
            {"speed_kmh": 1.8},
            {"timestamp": "Tue May 30 15:28:43 UTC 2017"}
        ],
        [
            {"location": [[
                {"latitude": 64.226253},
                {"longitude": 27.664339}
            ]]},
            {"altitude": 146.5},
            {"distance_km": 0.78},
            {"speed_kmh": 3.6},
            {"timestamp": "Tue May 30 15:28:53 UTC 2017"}
        ],
        [
            {"location": [[
                {"latitude": 64.226274},
                {"longitude": 27.664101}
            ]]},
            {"altitude": 149.5},
            {"distance_km": 0.79},
            {"speed_kmh": 4.5},
            {"timestamp": "Tue May 30 15:29:02 UTC 2017"}
        ],
        [
            {"location": [[
                {"latitude": 64.226303},
                {"longitude": 27.663867}
            ]]},
            {"altitude": 148},
            {"distance_km": 0.81},
            {"speed_kmh": 4.5},
            {"timestamp": "Tue May 30 15:29:10 UTC 2017"}
        ],
        [
            {"location": [[
                {"latitude": 64.226337},
                {"longitude": 27.663621}
            ]]},
            {"altitude": 146.5},
            {"distance_km": 0.82},
            {"speed_kmh": 4.5},
            {"timestamp": "Tue May 30 15:29:18 UTC 2017"}
        ],
        [
            {"location": [[
                {"latitude": 64.226327},
                {"longitude": 27.663405}
            ]]},
            {"altitude": 148.5},
            {"distance_km": 0.83},
            {"speed_kmh": 4.5},
            {"timestamp": "Tue May 30 15:29:25 UTC 2017"}
        ],
        [
            {"location": [[
                {"latitude": 64.226324},
                {"longitude": 27.663165}
            ]]},
            {"altitude": 154},
            {"distance_km": 0.84},
            {"speed_kmh": 3.6},
            {"timestamp": "Tue May 30 15:29:35 UTC 2017"}
        ],
        [
            {"location": [[
                {"latitude": 64.226312},
                {"longitude": 27.662957}
            ]]},
            {"altitude": 154},
            {"distance_km": 0.85},
            {"speed_kmh": 3.6},
            {"timestamp": "Tue May 30 15:29:43 UTC 2017"}
        ],
        [
            {"location": [[
                {"latitude": 64.226291},
                {"longitude": 27.662728}
            ]]},
            {"altitude": 158},
            {"distance_km": 0.86},
            {"speed_kmh": 3.6},
            {"timestamp": "Tue May 30 15:29:51 UTC 2017"}
        ],
        [
            {"location": [[
                {"latitude": 64.226325},
                {"longitude": 27.662499}
            ]]},
            {"altitude": 158},
            {"distance_km": 0.87},
            {"speed_kmh": 5.4},
            {"timestamp": "Tue May 30 15:29:59 UTC 2017"}
        ],
        [
            {"location": [[
                {"latitude": 64.22639},
                {"longitude": 27.662325}
            ]]},
            {"altitude": 161},
            {"distance_km": 0.88},
            {"speed_kmh": 4.5},
            {"timestamp": "Tue May 30 15:30:07 UTC 2017"}
        ],
        [
            {"location": [[
                {"latitude": 64.226484},
                {"longitude": 27.662208}
            ]]},
            {"altitude": 158},
            {"distance_km": 0.9},
            {"speed_kmh": 4.5},
            {"timestamp": "Tue May 30 15:30:17 UTC 2017"}
        ],
        [
            {"location": [[
                {"latitude": 64.226569},
                {"longitude": 27.66207}
            ]]},
            {"altitude": 156},
            {"distance_km": 0.91},
            {"speed_kmh": 4.5},
            {"timestamp": "Tue May 30 15:30:27 UTC 2017"}
        ],
        [
            {"location": [[
                {"latitude": 64.226647},
                {"longitude": 27.66193}
            ]]},
            {"altitude": 157},
            {"distance_km": 0.92},
            {"speed_kmh": 4.5},
            {"timestamp": "Tue May 30 15:30:35 UTC 2017"}
        ],
        [
            {"location": [[
                {"latitude": 64.226734},
                {"longitude": 27.66185}
            ]]},
            {"altitude": 153.5},
            {"distance_km": 0.93},
            {"speed_kmh": 4.5},
            {"timestamp": "Tue May 30 15:30:43 UTC 2017"}
        ],
        [
            {"location": [[
                {"latitude": 64.22681},
                {"longitude": 27.661736}
            ]]},
            {"altitude": 153.5},
            {"distance_km": 0.94},
            {"speed_kmh": 3.6},
            {"timestamp": "Tue May 30 15:30:54 UTC 2017"}
        ],
        [
            {"location": [[
                {"latitude": 64.22691},
                {"longitude": 27.661633}
            ]]},
            {"altitude": 148.5},
            {"distance_km": 0.95},
            {"speed_kmh": 3.6},
            {"timestamp": "Tue May 30 15:31:04 UTC 2017"}
        ],
        [
            {"location": [[
                {"latitude": 64.226996},
                {"longitude": 27.661523}
            ]]},
            {"altitude": 151.5},
            {"distance_km": 0.96},
            {"speed_kmh": 3.6},
            {"timestamp": "Tue May 30 15:31:11 UTC 2017"}
        ],
        [
            {"location": [[
                {"latitude": 64.227088},
                {"longitude": 27.661457}
            ]]},
            {"altitude": 152},
            {"distance_km": 0.97},
            {"speed_kmh": 0},
            {"timestamp": "Tue May 30 15:31:19 UTC 2017"}
        ],
        [
            {"location": [[
                {"latitude": 64.227167},
                {"longitude": 27.661352}
            ]]},
            {"altitude": 153.5},
            {"distance_km": 0.98},
            {"speed_kmh": 3.6},
            {"timestamp": "Tue May 30 15:31:27 UTC 2017"}
        ],
        [
            {"location": [[
                {"latitude": 64.227257},
                {"longitude": 27.66127}
            ]]},
            {"altitude": 156},
            {"distance_km": 0.99},
            {"speed_kmh": 3.6},
            {"timestamp": "Tue May 30 15:31:35 UTC 2017"}
        ],
        [
            {"location": [[
                {"latitude": 64.227342},
                {"longitude": 27.661182}
            ]]},
            {"altitude": 154.5},
            {"distance_km": 1},
            {"speed_kmh": 3.6},
            {"timestamp": "Tue May 30 15:31:43 UTC 2017"}
        ],
        [
            {"location": [[
                {"latitude": 64.227446},
                {"longitude": 27.661051}
            ]]},
            {"altitude": 153},
            {"distance_km": 1.02},
            {"speed_kmh": 3.6},
            {"timestamp": "Tue May 30 15:31:51 UTC 2017"}
        ],
        [
            {"location": [[
                {"latitude": 64.227527},
                {"longitude": 27.660877}
            ]]},
            {"altitude": 152},
            {"distance_km": 1.03},
            {"speed_kmh": 3.6},
            {"timestamp": "Tue May 30 15:31:59 UTC 2017"}
        ],
        [
            {"location": [[
                {"latitude": 64.227578},
                {"longitude": 27.660676}
            ]]},
            {"altitude": 151},
            {"distance_km": 1.04},
            {"speed_kmh": 3.6},
            {"timestamp": "Tue May 30 15:32:07 UTC 2017"}
        ],
        [
            {"location": [[
                {"latitude": 64.227597},
                {"longitude": 27.660464}
            ]]},
            {"altitude": 149.5},
            {"distance_km": 1.05},
            {"speed_kmh": 4.5},
            {"timestamp": "Tue May 30 15:32:15 UTC 2017"}
        ],
        [
            {"location": [[
                {"latitude": 64.227531},
                {"longitude": 27.66028}
            ]]},
            {"altitude": 150},
            {"distance_km": 1.06},
            {"speed_kmh": 4.5},
            {"timestamp": "Tue May 30 15:32:23 UTC 2017"}
        ],
        [
            {"location": [[
                {"latitude": 64.227491},
                {"longitude": 27.660086}
            ]]},
            {"altitude": 151.5},
            {"distance_km": 1.07},
            {"speed_kmh": 3.6},
            {"timestamp": "Tue May 30 15:32:33 UTC 2017"}
        ],
        [
            {"location": [[
                {"latitude": 64.227419},
                {"longitude": 27.65996}
            ]]},
            {"altitude": 152.5},
            {"distance_km": 1.08},
            {"speed_kmh": 3.6},
            {"timestamp": "Tue May 30 15:32:41 UTC 2017"}
        ],
        [
            {"location": [[
                {"latitude": 64.227334},
                {"longitude": 27.659822}
            ]]},
            {"altitude": 156},
            {"distance_km": 1.1},
            {"speed_kmh": 4.5},
            {"timestamp": "Tue May 30 15:32:51 UTC 2017"}
        ],
        [
            {"location": [[
                {"latitude": 64.227296},
                {"longitude": 27.659606}
            ]]},
            {"altitude": 160.5},
            {"distance_km": 1.11},
            {"speed_kmh": 3.6},
            {"timestamp": "Tue May 30 15:33:02 UTC 2017"}
        ],
        [
            {"location": [[
                {"latitude": 64.227267},
                {"longitude": 27.659369}
            ]]},
            {"altitude": 161},
            {"distance_km": 1.12},
            {"speed_kmh": 3.6},
            {"timestamp": "Tue May 30 15:33:12 UTC 2017"}
        ],
        [
            {"location": [[
                {"latitude": 64.22719},
                {"longitude": 27.659162}
            ]]},
            {"altitude": 164.5},
            {"distance_km": 1.13},
            {"speed_kmh": 3.6},
            {"timestamp": "Tue May 30 15:33:20 UTC 2017"}
        ],
        [
            {"location": [[
                {"latitude": 64.227122},
                {"longitude": 27.659017}
            ]]},
            {"altitude": 168.5},
            {"distance_km": 1.14},
            {"speed_kmh": 3.6},
            {"timestamp": "Tue May 30 15:33:29 UTC 2017"}
        ],
        [
            {"location": [[
                {"latitude": 64.227051},
                {"longitude": 27.65887}
            ]]},
            {"altitude": 169.5},
            {"distance_km": 1.15},
            {"speed_kmh": 3.6},
            {"timestamp": "Tue May 30 15:33:37 UTC 2017"}
        ],
        [
            {"location": [[
                {"latitude": 64.226972},
                {"longitude": 27.658739}
            ]]},
            {"altitude": 168.5},
            {"distance_km": 1.16},
            {"speed_kmh": 3.6},
            {"timestamp": "Tue May 30 15:33:45 UTC 2017"}
        ],
        [
            {"location": [[
                {"latitude": 64.226884},
                {"longitude": 27.65862}
            ]]},
            {"altitude": 171},
            {"distance_km": 1.17},
            {"speed_kmh": 4.5},
            {"timestamp": "Tue May 30 15:33:53 UTC 2017"}
        ],
        [
            {"location": [[
                {"latitude": 64.226823},
                {"longitude": 27.658459}
            ]]},
            {"altitude": 166},
            {"distance_km": 1.18},
            {"speed_kmh": 3.6},
            {"timestamp": "Tue May 30 15:34:01 UTC 2017"}
        ],
        [
            {"location": [[
                {"latitude": 64.226761},
                {"longitude": 27.658296}
            ]]},
            {"altitude": 166.5},
            {"distance_km": 1.2},
            {"speed_kmh": 3.6},
            {"timestamp": "Tue May 30 15:34:09 UTC 2017"}
        ],
        [
            {"location": [[
                {"latitude": 64.226687},
                {"longitude": 27.658067}
            ]]},
            {"altitude": 168},
            {"distance_km": 1.21},
            {"speed_kmh": 4.5},
            {"timestamp": "Tue May 30 15:34:21 UTC 2017"}
        ],
        [
            {"location": [[
                {"latitude": 64.226618},
                {"longitude": 27.657857}
            ]]},
            {"altitude": 166.5},
            {"distance_km": 1.22},
            {"speed_kmh": 3.6},
            {"timestamp": "Tue May 30 15:34:29 UTC 2017"}
        ],
        [
            {"location": [[
                {"latitude": 64.226533},
                {"longitude": 27.657752}
            ]]},
            {"altitude": 166},
            {"distance_km": 1.23},
            {"speed_kmh": 3.6},
            {"timestamp": "Tue May 30 15:34:37 UTC 2017"}
        ],
        [
            {"location": [[
                {"latitude": 64.226442},
                {"longitude": 27.657846}
            ]]},
            {"altitude": 175},
            {"distance_km": 1.24},
            {"speed_kmh": 1.8},
            {"timestamp": "Tue May 30 15:35:06 UTC 2017"}
        ],
        [
            {"location": [[
                {"latitude": 64.226352},
                {"longitude": 27.657914}
            ]]},
            {"altitude": 171},
            {"distance_km": 1.25},
            {"speed_kmh": 2.7},
            {"timestamp": "Tue May 30 15:35:15 UTC 2017"}
        ],
        [
            {"location": [[
                {"latitude": 64.226254},
                {"longitude": 27.658042}
            ]]},
            {"altitude": 166.5},
            {"distance_km": 1.27},
            {"speed_kmh": 3.6},
            {"timestamp": "Tue May 30 15:35:25 UTC 2017"}
        ],
        [
            {"location": [[
                {"latitude": 64.226167},
                {"longitude": 27.658129}
            ]]},
            {"altitude": 164},
            {"distance_km": 1.28},
            {"speed_kmh": 3.6},
            {"timestamp": "Tue May 30 15:35:33 UTC 2017"}
        ],
        [
            {"location": [[
                {"latitude": 64.226087},
                {"longitude": 27.658245}
            ]]},
            {"altitude": 162.5},
            {"distance_km": 1.29},
            {"speed_kmh": 3.6},
            {"timestamp": "Tue May 30 15:35:41 UTC 2017"}
        ],
        [
            {"location": [[
                {"latitude": 64.225999},
                {"longitude": 27.658376}
            ]]},
            {"altitude": 163.5},
            {"distance_km": 1.3},
            {"speed_kmh": 3.6},
            {"timestamp": "Tue May 30 15:35:49 UTC 2017"}
        ],
        [
            {"location": [[
                {"latitude": 64.225906},
                {"longitude": 27.658416}
            ]]},
            {"altitude": 163},
            {"distance_km": 1.31},
            {"speed_kmh": 3.6},
            {"timestamp": "Tue May 30 15:35:57 UTC 2017"}
        ],
        [
            {"location": [[
                {"latitude": 64.225806},
                {"longitude": 27.6585}
            ]]},
            {"altitude": 161},
            {"distance_km": 1.32},
            {"speed_kmh": 2.7},
            {"timestamp": "Tue May 30 15:36:07 UTC 2017"}
        ],
        [
            {"location": [[
                {"latitude": 64.225702},
                {"longitude": 27.65858}
            ]]},
            {"altitude": 159},
            {"distance_km": 1.33},
            {"speed_kmh": 3.6},
            {"timestamp": "Tue May 30 15:36:15 UTC 2017"}
        ],
        [
            {"location": [[
                {"latitude": 64.225603},
                {"longitude": 27.658652}
            ]]},
            {"altitude": 159.5},
            {"distance_km": 1.35},
            {"speed_kmh": 3.6},
            {"timestamp": "Tue May 30 15:36:23 UTC 2017"}
        ],
        [
            {"location": [[
                {"latitude": 64.225511},
                {"longitude": 27.658735}
            ]]},
            {"altitude": 156},
            {"distance_km": 1.36},
            {"speed_kmh": 3.6},
            {"timestamp": "Tue May 30 15:36:31 UTC 2017"}
        ],
        [
            {"location": [[
                {"latitude": 64.225408},
                {"longitude": 27.658849}
            ]]},
            {"altitude": 154.5},
            {"distance_km": 1.37},
            {"speed_kmh": 3.6},
            {"timestamp": "Tue May 30 15:36:39 UTC 2017"}
        ],
        [
            {"location": [[
                {"latitude": 64.225311},
                {"longitude": 27.658969}
            ]]},
            {"altitude": 150},
            {"distance_km": 1.38},
            {"speed_kmh": 3.6},
            {"timestamp": "Tue May 30 15:36:48 UTC 2017"}
        ],
        [
            {"location": [[
                {"latitude": 64.225237},
                {"longitude": 27.659118}
            ]]},
            {"altitude": 149.5},
            {"distance_km": 1.39},
            {"speed_kmh": 3.6},
            {"timestamp": "Tue May 30 15:36:56 UTC 2017"}
        ],
        [
            {"location": [[
                {"latitude": 64.225196},
                {"longitude": 27.65933}
            ]]},
            {"altitude": 146},
            {"distance_km": 1.4},
            {"speed_kmh": 3.6},
            {"timestamp": "Tue May 30 15:37:06 UTC 2017"}
        ],
        [
            {"location": [[
                {"latitude": 64.225151},
                {"longitude": 27.65953}
            ]]},
            {"altitude": 146.5},
            {"distance_km": 1.41},
            {"speed_kmh": 3.6},
            {"timestamp": "Tue May 30 15:37:14 UTC 2017"}
        ],
        [
            {"location": [[
                {"latitude": 64.225114},
                {"longitude": 27.659731}
            ]]},
            {"altitude": 148},
            {"distance_km": 1.43},
            {"speed_kmh": 1.8},
            {"timestamp": "Tue May 30 15:37:23 UTC 2017"}
        ],
        [
            {"location": [[
                {"latitude": 64.225043},
                {"longitude": 27.65992}
            ]]},
            {"altitude": 143},
            {"distance_km": 1.44},
            {"speed_kmh": 2.7},
            {"timestamp": "Tue May 30 15:37:35 UTC 2017"}
        ],
        [
            {"location": [[
                {"latitude": 64.224995},
                {"longitude": 27.660129}
            ]]},
            {"altitude": 150.5},
            {"distance_km": 1.45},
            {"speed_kmh": 2.7},
            {"timestamp": "Tue May 30 15:37:45 UTC 2017"}
        ],
        [
            {"location": [[
                {"latitude": 64.22499},
                {"longitude": 27.660348}
            ]]},
            {"altitude": 156.5},
            {"distance_km": 1.46},
            {"speed_kmh": 1.8},
            {"timestamp": "Tue May 30 15:37:57 UTC 2017"}
        ],
        [
            {"location": [[
                {"latitude": 64.224913},
                {"longitude": 27.660534}
            ]]},
            {"altitude": 157},
            {"distance_km": 1.47},
            {"speed_kmh": 2.7},
            {"timestamp": "Tue May 30 15:38:09 UTC 2017"}
        ],
        [
            {"location": [[
                {"latitude": 64.224838},
                {"longitude": 27.660721}
            ]]},
            {"altitude": 158},
            {"distance_km": 1.48},
            {"speed_kmh": 3.6},
            {"timestamp": "Tue May 30 15:38:15 UTC 2017"}
        ],
        [
            {"location": [[
                {"latitude": 64.224774},
                {"longitude": 27.660878}
            ]]},
            {"altitude": 155.5},
            {"distance_km": 1.49},
            {"speed_kmh": 3.6},
            {"timestamp": "Tue May 30 15:38:21 UTC 2017"}
        ],
        [
            {"location": [[
                {"latitude": 64.224683},
                {"longitude": 27.661031}
            ]]},
            {"altitude": 152.5},
            {"distance_km": 1.51},
            {"speed_kmh": 3.6},
            {"timestamp": "Tue May 30 15:38:29 UTC 2017"}
        ],
        [
            {"location": [[
                {"latitude": 64.22461},
                {"longitude": 27.661225}
            ]]},
            {"altitude": 157.5},
            {"distance_km": 1.52},
            {"speed_kmh": 1.8},
            {"timestamp": "Tue May 30 15:38:37 UTC 2017"}
        ],
        [
            {"location": [[
                {"latitude": 64.22455},
                {"longitude": 27.661416}
            ]]},
            {"altitude": 157},
            {"distance_km": 1.53},
            {"speed_kmh": 2.7},
            {"timestamp": "Tue May 30 15:38:46 UTC 2017"}
        ],
        [
            {"location": [[
                {"latitude": 64.224464},
                {"longitude": 27.661524}
            ]]},
            {"altitude": 154.5},
            {"distance_km": 1.54},
            {"speed_kmh": 2.7},
            {"timestamp": "Tue May 30 15:38:54 UTC 2017"}
        ],
        [
            {"location": [[
                {"latitude": 64.224385},
                {"longitude": 27.661693}
            ]]},
            {"altitude": 150},
            {"distance_km": 1.55},
            {"speed_kmh": 2.7},
            {"timestamp": "Tue May 30 15:39:04 UTC 2017"}
        ],
        [
            {"location": [[
                {"latitude": 64.224307},
                {"longitude": 27.66183}
            ]]},
            {"altitude": 149.5},
            {"distance_km": 1.56},
            {"speed_kmh": 3.6},
            {"timestamp": "Tue May 30 15:39:11 UTC 2017"}
        ],
        [
            {"location": [[
                {"latitude": 64.224262},
                {"longitude": 27.662043}
            ]]},
            {"altitude": 151.5},
            {"distance_km": 1.58},
            {"speed_kmh": 3.6},
            {"timestamp": "Tue May 30 15:39:19 UTC 2017"}
        ],
        [
            {"location": [[
                {"latitude": 64.22425},
                {"longitude": 27.662284}
            ]]},
            {"altitude": 158.5},
            {"distance_km": 1.59},
            {"speed_kmh": 3.6},
            {"timestamp": "Tue May 30 15:39:29 UTC 2017"}
        ],
        [
            {"location": [[
                {"latitude": 64.224262},
                {"longitude": 27.662535}
            ]]},
            {"altitude": 162},
            {"distance_km": 1.6},
            {"speed_kmh": 3.6},
            {"timestamp": "Tue May 30 15:39:39 UTC 2017"}
        ],
        [
            {"location": [[
                {"latitude": 64.224247},
                {"longitude": 27.662754}
            ]]},
            {"altitude": 161.5},
            {"distance_km": 1.61},
            {"speed_kmh": 3.6},
            {"timestamp": "Tue May 30 15:39:49 UTC 2017"}
        ],
        [
            {"location": [[
                {"latitude": 64.224264},
                {"longitude": 27.662974}
            ]]},
            {"altitude": 160},
            {"distance_km": 1.62},
            {"speed_kmh": 3.6},
            {"timestamp": "Tue May 30 15:39:57 UTC 2017"}
        ],
        [
            {"location": [[
                {"latitude": 64.224315},
                {"longitude": 27.663178}
            ]]},
            {"altitude": 157},
            {"distance_km": 1.63},
            {"speed_kmh": 3.6},
            {"timestamp": "Tue May 30 15:40:05 UTC 2017"}
        ],
        [
            {"location": [[
                {"latitude": 64.224386},
                {"longitude": 27.663344}
            ]]},
            {"altitude": 154.5},
            {"distance_km": 1.64},
            {"speed_kmh": 3.6},
            {"timestamp": "Tue May 30 15:40:13 UTC 2017"}
        ],
        [
            {"location": [[
                {"latitude": 64.224442},
                {"longitude": 27.663548}
            ]]},
            {"altitude": 151.5},
            {"distance_km": 1.66},
            {"speed_kmh": 4.5},
            {"timestamp": "Tue May 30 15:40:21 UTC 2017"}
        ],
        [
            {"location": [[
                {"latitude": 64.224515},
                {"longitude": 27.663701}
            ]]},
            {"altitude": 150.5},
            {"distance_km": 1.67},
            {"speed_kmh": 3.6},
            {"timestamp": "Tue May 30 15:40:29 UTC 2017"}
        ],
        [
            {"location": [[
                {"latitude": 64.224593},
                {"longitude": 27.66381}
            ]]},
            {"altitude": 154},
            {"distance_km": 1.68},
            {"speed_kmh": 3.6},
            {"timestamp": "Tue May 30 15:40:41 UTC 2017"}
        ],
        [
            {"location": [[
                {"latitude": 64.224677},
                {"longitude": 27.663906}
            ]]},
            {"altitude": 155},
            {"distance_km": 1.69},
            {"speed_kmh": 3.6},
            {"timestamp": "Tue May 30 15:40:54 UTC 2017"}
        ],
        [
            {"location": [[
                {"latitude": 64.224778},
                {"longitude": 27.664015}
            ]]},
            {"altitude": 151},
            {"distance_km": 1.7},
            {"speed_kmh": 3.6},
            {"timestamp": "Tue May 30 15:41:04 UTC 2017"}
        ],
        [
            {"location": [[
                {"latitude": 64.224868},
                {"longitude": 27.664131}
            ]]},
            {"altitude": 150.5},
            {"distance_km": 1.71},
            {"speed_kmh": 4.5},
            {"timestamp": "Tue May 30 15:41:12 UTC 2017"}
        ],
        [
            {"location": [[
                {"latitude": 64.224954},
                {"longitude": 27.664217}
            ]]},
            {"altitude": 152},
            {"distance_km": 1.72},
            {"speed_kmh": 3.6},
            {"timestamp": "Tue May 30 15:41:21 UTC 2017"}
        ],
        [
            {"location": [[
                {"latitude": 64.225045},
                {"longitude": 27.664263}
            ]]},
            {"altitude": 153.5},
            {"distance_km": 1.73},
            {"speed_kmh": 3.6},
            {"timestamp": "Tue May 30 15:41:29 UTC 2017"}
        ],
        [
            {"location": [[
                {"latitude": 64.225144},
                {"longitude": 27.664353}
            ]]},
            {"altitude": 155.5},
            {"distance_km": 1.74},
            {"speed_kmh": 4.5},
            {"timestamp": "Tue May 30 15:41:37 UTC 2017"}
        ],
        [
            {"location": [[
                {"latitude": 64.225232},
                {"longitude": 27.66448}
            ]]},
            {"altitude": 158},
            {"distance_km": 1.76},
            {"speed_kmh": 3.6},
            {"timestamp": "Tue May 30 15:41:45 UTC 2017"}
        ],
        [
            {"location": [[
                {"latitude": 64.225329},
                {"longitude": 27.664542}
            ]]},
            {"altitude": 154},
            {"distance_km": 1.77},
            {"speed_kmh": 3.6},
            {"timestamp": "Tue May 30 15:41:55 UTC 2017"}
        ],
        [
            {"location": [[
                {"latitude": 64.225434},
                {"longitude": 27.664627}
            ]]},
            {"altitude": 159.5},
            {"distance_km": 1.78},
            {"speed_kmh": 3.6},
            {"timestamp": "Tue May 30 15:42:05 UTC 2017"}
        ],
        [
            {"location": [[
                {"latitude": 64.225538},
                {"longitude": 27.664756}
            ]]},
            {"altitude": 160.5},
            {"distance_km": 1.79},
            {"speed_kmh": 5.4},
            {"timestamp": "Tue May 30 15:42:13 UTC 2017"}
        ],
        [
            {"location": [[
                {"latitude": 64.225646},
                {"longitude": 27.664847}
            ]]},
            {"altitude": 158},
            {"distance_km": 1.81},
            {"speed_kmh": 5.4},
            {"timestamp": "Tue May 30 15:42:19 UTC 2017"}
        ],
        [
            {"location": [[
                {"latitude": 64.225711},
                {"longitude": 27.665029}
            ]]},
            {"altitude": 153.5},
            {"distance_km": 1.82},
            {"speed_kmh": 1.8},
            {"timestamp": "Tue May 30 15:42:33 UTC 2017"}
        ],
        [
            {"location": [[
                {"latitude": 64.225793},
                {"longitude": 27.665165}
            ]]},
            {"altitude": 153.5},
            {"distance_km": 1.83},
            {"speed_kmh": 4.5},
            {"timestamp": "Tue May 30 15:42:41 UTC 2017"}
        ],
        [
            {"location": [[
                {"latitude": 64.225866},
                {"longitude": 27.665367}
            ]]},
            {"altitude": 156},
            {"distance_km": 1.84},
            {"speed_kmh": 4.5},
            {"timestamp": "Tue May 30 15:42:49 UTC 2017"}
        ],
        [
            {"location": [[
                {"latitude": 64.225943},
                {"longitude": 27.665545}
            ]]},
            {"altitude": 157},
            {"distance_km": 1.85},
            {"speed_kmh": 4.5},
            {"timestamp": "Tue May 30 15:42:57 UTC 2017"}
        ],
        [
            {"location": [[
                {"latitude": 64.225966},
                {"longitude": 27.665776}
            ]]},
            {"altitude": 155},
            {"distance_km": 1.86},
            {"speed_kmh": 4.5},
            {"timestamp": "Tue May 30 15:43:06 UTC 2017"}
        ],
        [
            {"location": [[
                {"latitude": 64.226015},
                {"longitude": 27.666001}
            ]]},
            {"altitude": 153},
            {"distance_km": 1.88},
            {"speed_kmh": 4.5},
            {"timestamp": "Tue May 30 15:43:14 UTC 2017"}
        ],
        [
            {"location": [[
                {"latitude": 64.226058},
                {"longitude": 27.666208}
            ]]},
            {"altitude": 152.5},
            {"distance_km": 1.89},
            {"speed_kmh": 4.5},
            {"timestamp": "Tue May 30 15:43:22 UTC 2017"}
        ],
        [
            {"location": [[
                {"latitude": 64.22612},
                {"longitude": 27.666371}
            ]]},
            {"altitude": 150.5},
            {"distance_km": 1.9},
            {"speed_kmh": 4.5},
            {"timestamp": "Tue May 30 15:43:30 UTC 2017"}
        ],
        [
            {"location": [[
                {"latitude": 64.226209},
                {"longitude": 27.666514}
            ]]},
            {"altitude": 148.5},
            {"distance_km": 1.91},
            {"speed_kmh": 4.5},
            {"timestamp": "Tue May 30 15:43:39 UTC 2017"}
        ],
        [
            {"location": [[
                {"latitude": 64.226287},
                {"longitude": 27.666677}
            ]]},
            {"altitude": 150},
            {"distance_km": 1.92},
            {"speed_kmh": 4.5},
            {"timestamp": "Tue May 30 15:43:49 UTC 2017"}
        ],
        [
            {"location": [[
                {"latitude": 64.226349},
                {"longitude": 27.666836}
            ]]},
            {"altitude": 151},
            {"distance_km": 1.93},
            {"speed_kmh": 4.5},
            {"timestamp": "Tue May 30 15:43:57 UTC 2017"}
        ],
        [
            {"location": [[
                {"latitude": 64.226398},
                {"longitude": 27.667029}
            ]]},
            {"altitude": 150.5},
            {"distance_km": 1.94},
            {"speed_kmh": 3.6},
            {"timestamp": "Tue May 30 15:44:11 UTC 2017"}
        ],
        [
            {"location": [[
                {"latitude": 64.22639},
                {"longitude": 27.667238}
            ]]},
            {"altitude": 147.5},
            {"distance_km": 1.95},
            {"speed_kmh": 1.8},
            {"timestamp": "Tue May 30 15:44:19 UTC 2017"}
        ],
        [
            {"location": [[
                {"latitude": 64.226428},
                {"longitude": 27.667494}
            ]]},
            {"altitude": 151},
            {"distance_km": 1.97},
            {"speed_kmh": 4.5},
            {"timestamp": "Tue May 30 15:44:35 UTC 2017"}
        ],
        [
            {"location": [[
                {"latitude": 64.226415},
                {"longitude": 27.667721}
            ]]},
            {"altitude": 151},
            {"distance_km": 1.98},
            {"speed_kmh": 2.7},
            {"timestamp": "Tue May 30 15:44:45 UTC 2017"}
        ],
        [
            {"location": [[
                {"latitude": 64.226433},
                {"longitude": 27.667927}
            ]]},
            {"altitude": 155},
            {"distance_km": 1.99},
            {"speed_kmh": 3.6},
            {"timestamp": "Tue May 30 15:44:55 UTC 2017"}
        ],
        [
            {"location": [[
                {"latitude": 64.226403},
                {"longitude": 27.668142}
            ]]},
            {"altitude": 152},
            {"distance_km": 2},
            {"speed_kmh": 3.6},
            {"timestamp": "Tue May 30 15:45:03 UTC 2017"}
        ],
        [
            {"location": [[
                {"latitude": 64.226365},
                {"longitude": 27.668343}
            ]]},
            {"altitude": 149},
            {"distance_km": 2.01},
            {"speed_kmh": 0},
            {"timestamp": "Tue May 30 15:45:18 UTC 2017"}
        ],
        [
            {"location": [[
                {"latitude": 64.226307},
                {"longitude": 27.668536}
            ]]},
            {"altitude": 144},
            {"distance_km": 2.02},
            {"speed_kmh": 2.7},
            {"timestamp": "Tue May 30 15:45:31 UTC 2017"}
        ],
        [
            {"location": [[
                {"latitude": 64.226234},
                {"longitude": 27.668733}
            ]]},
            {"altitude": 141.5},
            {"distance_km": 2.03},
            {"speed_kmh": 2.7},
            {"timestamp": "Tue May 30 15:45:41 UTC 2017"}
        ],
        [
            {"location": [[
                {"latitude": 64.226189},
                {"longitude": 27.66893}
            ]]},
            {"altitude": 139.5},
            {"distance_km": 2.04},
            {"speed_kmh": 3.6},
            {"timestamp": "Tue May 30 15:46:03 UTC 2017"}
        ],
        [
            {"location": [[
                {"latitude": 64.226128},
                {"longitude": 27.669097}
            ]]},
            {"altitude": 138},
            {"distance_km": 2.05},
            {"speed_kmh": 4.5},
            {"timestamp": "Tue May 30 15:46:11 UTC 2017"}
        ],
        [
            {"location": [[
                {"latitude": 64.22607},
                {"longitude": 27.669268}
            ]]},
            {"altitude": 134.5},
            {"distance_km": 2.06},
            {"speed_kmh": 4.5},
            {"timestamp": "Tue May 30 15:46:19 UTC 2017"}
        ],
        [
            {"location": [[
                {"latitude": 64.226032},
                {"longitude": 27.669465}
            ]]},
            {"altitude": 135},
            {"distance_km": 2.08},
            {"speed_kmh": 3.6},
            {"timestamp": "Tue May 30 15:46:27 UTC 2017"}
        ],
        [
            {"location": [[
                {"latitude": 64.225979},
                {"longitude": 27.669672}
            ]]},
            {"altitude": 133},
            {"distance_km": 2.09},
            {"speed_kmh": 3.6},
            {"timestamp": "Tue May 30 15:46:37 UTC 2017"}
        ],
        [
            {"location": [[
                {"latitude": 64.225937},
                {"longitude": 27.669859}
            ]]},
            {"altitude": 133},
            {"distance_km": 2.1},
            {"speed_kmh": 3.6},
            {"timestamp": "Tue May 30 15:46:45 UTC 2017"}
        ],
        [
            {"location": [[
                {"latitude": 64.225886},
                {"longitude": 27.670053}
            ]]},
            {"altitude": 130},
            {"distance_km": 2.11},
            {"speed_kmh": 3.6},
            {"timestamp": "Tue May 30 15:46:53 UTC 2017"}
        ],
        [
            {"location": [[
                {"latitude": 64.225857},
                {"longitude": 27.670257}
            ]]},
            {"altitude": 126},
            {"distance_km": 2.12},
            {"speed_kmh": 3.6},
            {"timestamp": "Tue May 30 15:47:02 UTC 2017"}
        ],
        [
            {"location": [[
                {"latitude": 64.225805},
                {"longitude": 27.670497}
            ]]},
            {"altitude": 127.5},
            {"distance_km": 2.13},
            {"speed_kmh": 3.6},
            {"timestamp": "Tue May 30 15:47:12 UTC 2017"}
        ],
        [
            {"location": [[
                {"latitude": 64.22577},
                {"longitude": 27.670695}
            ]]},
            {"altitude": 129},
            {"distance_km": 2.14},
            {"speed_kmh": 3.6},
            {"timestamp": "Tue May 30 15:47:20 UTC 2017"}
        ],
        [
            {"location": [[
                {"latitude": 64.225709},
                {"longitude": 27.670901}
            ]]},
            {"altitude": 130},
            {"distance_km": 2.15},
            {"speed_kmh": 3.6},
            {"timestamp": "Tue May 30 15:47:28 UTC 2017"}
        ],
        [
            {"location": [[
                {"latitude": 64.22564},
                {"longitude": 27.671071}
            ]]},
            {"altitude": 129.5},
            {"distance_km": 2.17},
            {"speed_kmh": 3.6},
            {"timestamp": "Tue May 30 15:47:37 UTC 2017"}
        ],
        [
            {"location": [[
                {"latitude": 64.225588},
                {"longitude": 27.671297}
            ]]},
            {"altitude": 129},
            {"distance_km": 2.18},
            {"speed_kmh": 4.5},
            {"timestamp": "Tue May 30 15:47:45 UTC 2017"}
        ],
        [
            {"location": [[
                {"latitude": 64.225534},
                {"longitude": 27.671479}
            ]]},
            {"altitude": 125},
            {"distance_km": 2.19},
            {"speed_kmh": 3.6},
            {"timestamp": "Tue May 30 15:47:53 UTC 2017"}
        ],
        [
            {"location": [[
                {"latitude": 64.225479},
                {"longitude": 27.671648}
            ]]},
            {"altitude": 126.5},
            {"distance_km": 2.2},
            {"speed_kmh": 3.6},
            {"timestamp": "Tue May 30 15:48:01 UTC 2017"}
        ],
        [
            {"location": [[
                {"latitude": 64.225426},
                {"longitude": 27.671855}
            ]]},
            {"altitude": 122.5},
            {"distance_km": 2.21},
            {"speed_kmh": 3.6},
            {"timestamp": "Tue May 30 15:48:11 UTC 2017"}
        ],
        [
            {"location": [[
                {"latitude": 64.225395},
                {"longitude": 27.672052}
            ]]},
            {"altitude": 125},
            {"distance_km": 2.22},
            {"speed_kmh": 3.6},
            {"timestamp": "Tue May 30 15:48:19 UTC 2017"}
        ],
        [
            {"location": [[
                {"latitude": 64.225336},
                {"longitude": 27.672251}
            ]]},
            {"altitude": 128.5},
            {"distance_km": 2.23},
            {"speed_kmh": 3.6},
            {"timestamp": "Tue May 30 15:48:27 UTC 2017"}
        ],
        [
            {"location": [[
                {"latitude": 64.225306},
                {"longitude": 27.672457}
            ]]},
            {"altitude": 132.5},
            {"distance_km": 2.24},
            {"speed_kmh": 3.6},
            {"timestamp": "Tue May 30 15:48:38 UTC 2017"}
        ],
        [
            {"location": [[
                {"latitude": 64.225295},
                {"longitude": 27.672672}
            ]]},
            {"altitude": 133},
            {"distance_km": 2.25},
            {"speed_kmh": 3.6},
            {"timestamp": "Tue May 30 15:48:46 UTC 2017"}
        ],
        [
            {"location": [[
                {"latitude": 64.22525},
                {"longitude": 27.672904}
            ]]},
            {"altitude": 133.5},
            {"distance_km": 2.27},
            {"speed_kmh": 3.6},
            {"timestamp": "Tue May 30 15:48:56 UTC 2017"}
        ],
        [
            {"location": [[
                {"latitude": 64.225194},
                {"longitude": 27.673099}
            ]]},
            {"altitude": 137},
            {"distance_km": 2.28},
            {"speed_kmh": 3.6},
            {"timestamp": "Tue May 30 15:49:06 UTC 2017"}
        ],
        [
            {"location": [[
                {"latitude": 64.225124},
                {"longitude": 27.673312}
            ]]},
            {"altitude": 137.5},
            {"distance_km": 2.29},
            {"speed_kmh": 3.6},
            {"timestamp": "Tue May 30 15:49:16 UTC 2017"}
        ],
        [
            {"location": [[
                {"latitude": 64.225065},
                {"longitude": 27.673511}
            ]]},
            {"altitude": 135},
            {"distance_km": 2.3},
            {"speed_kmh": 2.7},
            {"timestamp": "Tue May 30 15:49:27 UTC 2017"}
        ],
        [
            {"location": [[
                {"latitude": 64.225021},
                {"longitude": 27.673741}
            ]]},
            {"altitude": 134.5},
            {"distance_km": 2.31},
            {"speed_kmh": 5.4},
            {"timestamp": "Tue May 30 15:49:35 UTC 2017"}
        ],
        [
            {"location": [[
                {"latitude": 64.224984},
                {"longitude": 27.673935}
            ]]},
            {"altitude": 133},
            {"distance_km": 2.32},
            {"speed_kmh": 4.5},
            {"timestamp": "Tue May 30 15:49:41 UTC 2017"}
        ],
        [
            {"location": [[
                {"latitude": 64.224941},
                {"longitude": 27.674188}
            ]]},
            {"altitude": 132},
            {"distance_km": 2.34},
            {"speed_kmh": 4.5},
            {"timestamp": "Tue May 30 15:49:49 UTC 2017"}
        ],
        [
            {"location": [[
                {"latitude": 64.22487},
                {"longitude": 27.674363}
            ]]},
            {"altitude": 131},
            {"distance_km": 2.35},
            {"speed_kmh": 4.5},
            {"timestamp": "Tue May 30 15:49:57 UTC 2017"}
        ],
        [
            {"location": [[
                {"latitude": 64.224793},
                {"longitude": 27.674476}
            ]]},
            {"altitude": 130.5},
            {"distance_km": 2.36},
            {"speed_kmh": 1.8},
            {"timestamp": "Tue May 30 15:50:05 UTC 2017"}
        ],
        [
            {"location": [[
                {"latitude": 64.224731},
                {"longitude": 27.674629}
            ]]},
            {"altitude": 131.5},
            {"distance_km": 2.37},
            {"speed_kmh": 3.6},
            {"timestamp": "Tue May 30 15:50:13 UTC 2017"}
        ],
        [
            {"location": [[
                {"latitude": 64.224657},
                {"longitude": 27.674797}
            ]]},
            {"altitude": 130.5},
            {"distance_km": 2.38},
            {"speed_kmh": 3.6},
            {"timestamp": "Tue May 30 15:50:21 UTC 2017"}
        ],
        [
            {"location": [[
                {"latitude": 64.22458},
                {"longitude": 27.674965}
            ]]},
            {"altitude": 129},
            {"distance_km": 2.39},
            {"speed_kmh": 3.6},
            {"timestamp": "Tue May 30 15:50:29 UTC 2017"}
        ],
        [
            {"location": [[
                {"latitude": 64.224501},
                {"longitude": 27.675124}
            ]]},
            {"altitude": 128.5},
            {"distance_km": 2.4},
            {"speed_kmh": 4.5},
            {"timestamp": "Tue May 30 15:50:37 UTC 2017"}
        ],
        [
            {"location": [[
                {"latitude": 64.224424},
                {"longitude": 27.675306}
            ]]},
            {"altitude": 128.5},
            {"distance_km": 2.42},
            {"speed_kmh": 4.5},
            {"timestamp": "Tue May 30 15:50:46 UTC 2017"}
        ],
        [
            {"location": [[
                {"latitude": 64.224372},
                {"longitude": 27.675532}
            ]]},
            {"altitude": 130},
            {"distance_km": 2.43},
            {"speed_kmh": 3.6},
            {"timestamp": "Tue May 30 15:50:54 UTC 2017"}
        ],
        [
            {"location": [[
                {"latitude": 64.224296},
                {"longitude": 27.675653}
            ]]},
            {"altitude": 128.5},
            {"distance_km": 2.44},
            {"speed_kmh": 3.6},
            {"timestamp": "Tue May 30 15:51:02 UTC 2017"}
        ],
        [
            {"location": [[
                {"latitude": 64.224245},
                {"longitude": 27.675827}
            ]]},
            {"altitude": 129.5},
            {"distance_km": 2.45},
            {"speed_kmh": 4.5},
            {"timestamp": "Tue May 30 15:51:09 UTC 2017"}
        ],
        [
            {"location": [[
                {"latitude": 64.22418},
                {"longitude": 27.675976}
            ]]},
            {"altitude": 130.5},
            {"distance_km": 2.46},
            {"speed_kmh": 3.6},
            {"timestamp": "Tue May 30 15:51:17 UTC 2017"}
        ],
        [
            {"location": [[
                {"latitude": 64.224099},
                {"longitude": 27.676116}
            ]]},
            {"altitude": 134},
            {"distance_km": 2.47},
            {"speed_kmh": 4.5},
            {"timestamp": "Tue May 30 15:51:27 UTC 2017"}
        ],
        [
            {"location": [[
                {"latitude": 64.224023},
                {"longitude": 27.676299}
            ]]},
            {"altitude": 137.5},
            {"distance_km": 2.48},
            {"speed_kmh": 4.5},
            {"timestamp": "Tue May 30 15:51:37 UTC 2017"}
        ],
        [
            {"location": [[
                {"latitude": 64.223961},
                {"longitude": 27.676492}
            ]]},
            {"altitude": 139},
            {"distance_km": 2.49},
            {"speed_kmh": 4.5},
            {"timestamp": "Tue May 30 15:51:45 UTC 2017"}
        ],
        [
            {"location": [[
                {"latitude": 64.223873},
                {"longitude": 27.67639}
            ]]},
            {"altitude": 138.5},
            {"distance_km": 2.5},
            {"speed_kmh": 3.6},
            {"timestamp": "Tue May 30 15:51:59 UTC 2017"}
        ],
        [
            {"location": [[
                {"latitude": 64.223778},
                {"longitude": 27.676297}
            ]]},
            {"altitude": 139},
            {"distance_km": 2.52},
            {"speed_kmh": 3.6},
            {"timestamp": "Tue May 30 15:52:09 UTC 2017"}
        ],
        [
            {"location": [[
                {"latitude": 64.223681},
                {"longitude": 27.67627}
            ]]},
            {"altitude": 139.5},
            {"distance_km": 2.53},
            {"speed_kmh": 3.6},
            {"timestamp": "Tue May 30 15:52:22 UTC 2017"}
        ],
        [
            {"location": [[
                {"latitude": 64.223595},
                {"longitude": 27.676135}
            ]]},
            {"altitude": 138.5},
            {"distance_km": 2.54},
            {"speed_kmh": 3.6},
            {"timestamp": "Tue May 30 15:52:34 UTC 2017"}
        ],
        [
            {"location": [[
                {"latitude": 64.223501},
                {"longitude": 27.676009}
            ]]},
            {"altitude": 139.5},
            {"distance_km": 2.55},
            {"speed_kmh": 3.6},
            {"timestamp": "Tue May 30 15:52:46 UTC 2017"}
        ],
        [
            {"location": [[
                {"latitude": 64.223437},
                {"longitude": 27.675835}
            ]]},
            {"altitude": 139},
            {"distance_km": 2.56},
            {"speed_kmh": 3.6},
            {"timestamp": "Tue May 30 15:52:55 UTC 2017"}
        ],
        [
            {"location": [[
                {"latitude": 64.223346},
                {"longitude": 27.675785}
            ]]},
            {"altitude": 140.5},
            {"distance_km": 2.57},
            {"speed_kmh": 3.6},
            {"timestamp": "Tue May 30 15:53:03 UTC 2017"}
        ],
        [
            {"location": [[
                {"latitude": 64.223284},
                {"longitude": 27.675963}
            ]]},
            {"altitude": 140},
            {"distance_km": 2.58},
            {"speed_kmh": 3.6},
            {"timestamp": "Tue May 30 15:53:13 UTC 2017"}
        ],
        [
            {"location": [[
                {"latitude": 64.223271},
                {"longitude": 27.675726}
            ]]},
            {"altitude": 136.5},
            {"distance_km": 2.59},
            {"speed_kmh": 4.5},
            {"timestamp": "Tue May 30 15:53:25 UTC 2017"}
        ],
        [
            {"location": [[
                {"latitude": 64.22331},
                {"longitude": 27.675526}
            ]]},
            {"altitude": 140},
            {"distance_km": 2.61},
            {"speed_kmh": 4.5},
            {"timestamp": "Tue May 30 15:53:33 UTC 2017"}
        ],
        [
            {"location": [[
                {"latitude": 64.223364},
                {"longitude": 27.675345}
            ]]},
            {"altitude": 137},
            {"distance_km": 2.62},
            {"speed_kmh": 4.5},
            {"timestamp": "Tue May 30 15:53:43 UTC 2017"}
        ],
        [
            {"location": [[
                {"latitude": 64.223409},
                {"longitude": 27.675155}
            ]]},
            {"altitude": 137},
            {"distance_km": 2.63},
            {"speed_kmh": 4.5},
            {"timestamp": "Tue May 30 15:53:53 UTC 2017"}
        ],
        [
            {"location": [[
                {"latitude": 64.223437},
                {"longitude": 27.674957}
            ]]},
            {"altitude": 136.5},
            {"distance_km": 2.64},
            {"speed_kmh": 4.5},
            {"timestamp": "Tue May 30 15:54:01 UTC 2017"}
        ],
        [
            {"location": [[
                {"latitude": 64.223477},
                {"longitude": 27.674758}
            ]]},
            {"altitude": 138},
            {"distance_km": 2.65},
            {"speed_kmh": 4.5},
            {"timestamp": "Tue May 30 15:54:12 UTC 2017"}
        ],
        [
            {"location": [[
                {"latitude": 64.223523},
                {"longitude": 27.674547}
            ]]},
            {"altitude": 138.5},
            {"distance_km": 2.66},
            {"speed_kmh": 4.5},
            {"timestamp": "Tue May 30 15:54:18 UTC 2017"}
        ],
        [
            {"location": [[
                {"latitude": 64.223556},
                {"longitude": 27.674328}
            ]]},
            {"altitude": 138.5},
            {"distance_km": 2.67},
            {"speed_kmh": 4.5},
            {"timestamp": "Tue May 30 15:54:26 UTC 2017"}
        ],
        [
            {"location": [[
                {"latitude": 64.223615},
                {"longitude": 27.674139}
            ]]},
            {"altitude": 139},
            {"distance_km": 2.68},
            {"speed_kmh": 4.5},
            {"timestamp": "Tue May 30 15:54:34 UTC 2017"}
        ],
        [
            {"location": [[
                {"latitude": 64.223627},
                {"longitude": 27.673935}
            ]]},
            {"altitude": 142},
            {"distance_km": 2.69},
            {"speed_kmh": 0},
            {"timestamp": "Tue May 30 15:54:55 UTC 2017"}
        ],
        [
            {"location": [[
                {"latitude": 64.223689},
                {"longitude": 27.673822}
            ]]},
            {"altitude": 141.5},
            {"distance_km": 2.69},
            {"speed_kmh": 0},
            {"timestamp": "Tue May 30 15:56:01 UTC 2017"}
        ],
        [
            {"location": [[
                {"latitude": 64.223691},
                {"longitude": 27.673822}
            ]]},
            {"altitude": 141.5},
            {"distance_km": 2.69},
            {"speed_kmh": 0},
            {"timestamp": "Tue May 30 15:56:02 UTC 2017"}
        ]
    ]}
]