[
    {"sport": "WALKING"},
    {"source": "TRACK_MOBILE"},
    {"created_date": "2017-04-09 08:15:31.0"},
    {"start_time": "2017-04-09 08:14:20.0"},
    {"end_time": "2017-04-09 09:01:50.0"},
    {"duration_s": 2849},
    {"distance_km": 2.46},
    {"calories_kcal": 213.632},
    {"altitude_min_m": 121},
    {"altitude_max_m": 151},
    {"speed_avg_kmh": 3.1084591084591087},
    {"speed_max_kmh": 6.3},
    {"ascend_m": 55},
    {"descend_m": 30.5},
    {"points": [
        [
            {"location": [[
                {"latitude": 64.232227},
                {"longitude": 27.733303}
            ]]},
            {"altitude": 123.5},
            {"distance_km": 0},
            {"speed_kmh": 4.5},
            {"timestamp": "Sun Apr 09 08:14:20 UTC 2017"}
        ],
        [
            {"location": [[
                {"latitude": 64.232175},
                {"longitude": 27.733551}
            ]]},
            {"altitude": 131},
            {"distance_km": 0.01},
            {"speed_kmh": 5.4},
            {"timestamp": "Sun Apr 09 08:15:11 UTC 2017"}
        ],
        [
            {"location": [[
                {"latitude": 64.232169},
                {"longitude": 27.733791}
            ]]},
            {"altitude": 131.5},
            {"distance_km": 0.02},
            {"speed_kmh": 5.4},
            {"timestamp": "Sun Apr 09 08:15:19 UTC 2017"}
        ],
        [
            {"location": [[
                {"latitude": 64.23219},
                {"longitude": 27.734021}
            ]]},
            {"altitude": 132},
            {"distance_km": 0.04},
            {"speed_kmh": 5.4},
            {"timestamp": "Sun Apr 09 08:15:27 UTC 2017"}
        ],
        [
            {"location": [[
                {"latitude": 64.232227},
                {"longitude": 27.73423}
            ]]},
            {"altitude": 133.5},
            {"distance_km": 0.05},
            {"speed_kmh": 5.4},
            {"timestamp": "Sun Apr 09 08:15:35 UTC 2017"}
        ],
        [
            {"location": [[
                {"latitude": 64.232237},
                {"longitude": 27.734449}
            ]]},
            {"altitude": 130},
            {"distance_km": 0.06},
            {"speed_kmh": 5.4},
            {"timestamp": "Sun Apr 09 08:15:43 UTC 2017"}
        ],
        [
            {"location": [[
                {"latitude": 64.23223},
                {"longitude": 27.734671}
            ]]},
            {"altitude": 129.5},
            {"distance_km": 0.07},
            {"speed_kmh": 5.4},
            {"timestamp": "Sun Apr 09 08:15:51 UTC 2017"}
        ],
        [
            {"location": [[
                {"latitude": 64.232208},
                {"longitude": 27.734874}
            ]]},
            {"altitude": 129},
            {"distance_km": 0.08},
            {"speed_kmh": 3.6},
            {"timestamp": "Sun Apr 09 08:16:01 UTC 2017"}
        ],
        [
            {"location": [[
                {"latitude": 64.2321},
                {"longitude": 27.734823}
            ]]},
            {"altitude": 130},
            {"distance_km": 0.09},
            {"speed_kmh": 4.5},
            {"timestamp": "Sun Apr 09 08:16:11 UTC 2017"}
        ],
        [
            {"location": [[
                {"latitude": 64.232012},
                {"longitude": 27.734781}
            ]]},
            {"altitude": 130.5},
            {"distance_km": 0.1},
            {"speed_kmh": 4.5},
            {"timestamp": "Sun Apr 09 08:16:18 UTC 2017"}
        ],
        [
            {"location": [[
                {"latitude": 64.231921},
                {"longitude": 27.734719}
            ]]},
            {"altitude": 129.5},
            {"distance_km": 0.11},
            {"speed_kmh": 4.5},
            {"timestamp": "Sun Apr 09 08:16:27 UTC 2017"}
        ],
        [
            {"location": [[
                {"latitude": 64.231828},
                {"longitude": 27.734676}
            ]]},
            {"altitude": 126.5},
            {"distance_km": 0.12},
            {"speed_kmh": 4.5},
            {"timestamp": "Sun Apr 09 08:16:39 UTC 2017"}
        ],
        [
            {"location": [[
                {"latitude": 64.231719},
                {"longitude": 27.734652}
            ]]},
            {"altitude": 124.5},
            {"distance_km": 0.13},
            {"speed_kmh": 3.6},
            {"timestamp": "Sun Apr 09 08:16:51 UTC 2017"}
        ],
        [
            {"location": [[
                {"latitude": 64.23163},
                {"longitude": 27.734569}
            ]]},
            {"altitude": 125.5},
            {"distance_km": 0.15},
            {"speed_kmh": 4.5},
            {"timestamp": "Sun Apr 09 08:16:59 UTC 2017"}
        ],
        [
            {"location": [[
                {"latitude": 64.231545},
                {"longitude": 27.734658}
            ]]},
            {"altitude": 127},
            {"distance_km": 0.16},
            {"speed_kmh": 5.4},
            {"timestamp": "Sun Apr 09 08:17:09 UTC 2017"}
        ],
        [
            {"location": [[
                {"latitude": 64.231482},
                {"longitude": 27.734872}
            ]]},
            {"altitude": 130},
            {"distance_km": 0.17},
            {"speed_kmh": 5.4},
            {"timestamp": "Sun Apr 09 08:17:17 UTC 2017"}
        ],
        [
            {"location": [[
                {"latitude": 64.231442},
                {"longitude": 27.735114}
            ]]},
            {"altitude": 132},
            {"distance_km": 0.18},
            {"speed_kmh": 5.4},
            {"timestamp": "Sun Apr 09 08:17:25 UTC 2017"}
        ],
        [
            {"location": [[
                {"latitude": 64.231406},
                {"longitude": 27.735353}
            ]]},
            {"altitude": 133.5},
            {"distance_km": 0.19},
            {"speed_kmh": 4.5},
            {"timestamp": "Sun Apr 09 08:17:33 UTC 2017"}
        ],
        [
            {"location": [[
                {"latitude": 64.231356},
                {"longitude": 27.735567}
            ]]},
            {"altitude": 133},
            {"distance_km": 0.2},
            {"speed_kmh": 5.4},
            {"timestamp": "Sun Apr 09 08:17:41 UTC 2017"}
        ],
        [
            {"location": [[
                {"latitude": 64.231297},
                {"longitude": 27.735774}
            ]]},
            {"altitude": 134},
            {"distance_km": 0.22},
            {"speed_kmh": 5.4},
            {"timestamp": "Sun Apr 09 08:17:49 UTC 2017"}
        ],
        [
            {"location": [[
                {"latitude": 64.231225},
                {"longitude": 27.735917}
            ]]},
            {"altitude": 134},
            {"distance_km": 0.23},
            {"speed_kmh": 4.5},
            {"timestamp": "Sun Apr 09 08:17:57 UTC 2017"}
        ],
        [
            {"location": [[
                {"latitude": 64.231154},
                {"longitude": 27.736055}
            ]]},
            {"altitude": 134.5},
            {"distance_km": 0.24},
            {"speed_kmh": 4.5},
            {"timestamp": "Sun Apr 09 08:18:05 UTC 2017"}
        ],
        [
            {"location": [[
                {"latitude": 64.231064},
                {"longitude": 27.736194}
            ]]},
            {"altitude": 134.5},
            {"distance_km": 0.25},
            {"speed_kmh": 4.5},
            {"timestamp": "Sun Apr 09 08:18:14 UTC 2017"}
        ],
        [
            {"location": [[
                {"latitude": 64.230971},
                {"longitude": 27.736336}
            ]]},
            {"altitude": 133.5},
            {"distance_km": 0.26},
            {"speed_kmh": 4.5},
            {"timestamp": "Sun Apr 09 08:18:37 UTC 2017"}
        ],
        [
            {"location": [[
                {"latitude": 64.23091},
                {"longitude": 27.736494}
            ]]},
            {"altitude": 132.5},
            {"distance_km": 0.27},
            {"speed_kmh": 4.5},
            {"timestamp": "Sun Apr 09 08:18:45 UTC 2017"}
        ],
        [
            {"location": [[
                {"latitude": 64.230811},
                {"longitude": 27.736415}
            ]]},
            {"altitude": 131.5},
            {"distance_km": 0.28},
            {"speed_kmh": 4.5},
            {"timestamp": "Sun Apr 09 08:18:53 UTC 2017"}
        ],
        [
            {"location": [[
                {"latitude": 64.230718},
                {"longitude": 27.736392}
            ]]},
            {"altitude": 133.5},
            {"distance_km": 0.29},
            {"speed_kmh": 3.6},
            {"timestamp": "Sun Apr 09 08:19:01 UTC 2017"}
        ],
        [
            {"location": [[
                {"latitude": 64.230614},
                {"longitude": 27.736274}
            ]]},
            {"altitude": 132.5},
            {"distance_km": 0.31},
            {"speed_kmh": 4.5},
            {"timestamp": "Sun Apr 09 08:19:51 UTC 2017"}
        ],
        [
            {"location": [[
                {"latitude": 64.230513},
                {"longitude": 27.736303}
            ]]},
            {"altitude": 132.5},
            {"distance_km": 0.32},
            {"speed_kmh": 4.5},
            {"timestamp": "Sun Apr 09 08:20:03 UTC 2017"}
        ],
        [
            {"location": [[
                {"latitude": 64.230439},
                {"longitude": 27.736475}
            ]]},
            {"altitude": 132.5},
            {"distance_km": 0.33},
            {"speed_kmh": 3.6},
            {"timestamp": "Sun Apr 09 08:20:11 UTC 2017"}
        ],
        [
            {"location": [[
                {"latitude": 64.23036},
                {"longitude": 27.736617}
            ]]},
            {"altitude": 133.5},
            {"distance_km": 0.34},
            {"speed_kmh": 3.6},
            {"timestamp": "Sun Apr 09 08:20:20 UTC 2017"}
        ],
        [
            {"location": [[
                {"latitude": 64.230348},
                {"longitude": 27.736856}
            ]]},
            {"altitude": 133},
            {"distance_km": 0.35},
            {"speed_kmh": 3.6},
            {"timestamp": "Sun Apr 09 08:20:30 UTC 2017"}
        ],
        [
            {"location": [[
                {"latitude": 64.230327},
                {"longitude": 27.737137}
            ]]},
            {"altitude": 134},
            {"distance_km": 0.37},
            {"speed_kmh": 4.5},
            {"timestamp": "Sun Apr 09 08:20:41 UTC 2017"}
        ],
        [
            {"location": [[
                {"latitude": 64.230284},
                {"longitude": 27.737329}
            ]]},
            {"altitude": 130.5},
            {"distance_km": 0.38},
            {"speed_kmh": 4.5},
            {"timestamp": "Sun Apr 09 08:20:49 UTC 2017"}
        ],
        [
            {"location": [[
                {"latitude": 64.230246},
                {"longitude": 27.737535}
            ]]},
            {"altitude": 131},
            {"distance_km": 0.39},
            {"speed_kmh": 3.6},
            {"timestamp": "Sun Apr 09 08:20:59 UTC 2017"}
        ],
        [
            {"location": [[
                {"latitude": 64.230238},
                {"longitude": 27.737789}
            ]]},
            {"altitude": 131},
            {"distance_km": 0.4},
            {"speed_kmh": 4.5},
            {"timestamp": "Sun Apr 09 08:21:09 UTC 2017"}
        ],
        [
            {"location": [[
                {"latitude": 64.230212},
                {"longitude": 27.738015}
            ]]},
            {"altitude": 130.5},
            {"distance_km": 0.41},
            {"speed_kmh": 4.5},
            {"timestamp": "Sun Apr 09 08:21:17 UTC 2017"}
        ],
        [
            {"location": [[
                {"latitude": 64.230192},
                {"longitude": 27.738247}
            ]]},
            {"altitude": 131},
            {"distance_km": 0.42},
            {"speed_kmh": 4.5},
            {"timestamp": "Sun Apr 09 08:21:25 UTC 2017"}
        ],
        [
            {"location": [[
                {"latitude": 64.230158},
                {"longitude": 27.738467}
            ]]},
            {"altitude": 133.5},
            {"distance_km": 0.43},
            {"speed_kmh": 4.5},
            {"timestamp": "Sun Apr 09 08:21:33 UTC 2017"}
        ],
        [
            {"location": [[
                {"latitude": 64.230069},
                {"longitude": 27.738529}
            ]]},
            {"altitude": 132.5},
            {"distance_km": 0.44},
            {"speed_kmh": 4.5},
            {"timestamp": "Sun Apr 09 08:21:41 UTC 2017"}
        ],
        [
            {"location": [[
                {"latitude": 64.229959},
                {"longitude": 27.738491}
            ]]},
            {"altitude": 130.5},
            {"distance_km": 0.46},
            {"speed_kmh": 4.5},
            {"timestamp": "Sun Apr 09 08:21:49 UTC 2017"}
        ],
        [
            {"location": [[
                {"latitude": 64.229852},
                {"longitude": 27.7385}
            ]]},
            {"altitude": 130.5},
            {"distance_km": 0.47},
            {"speed_kmh": 5.4},
            {"timestamp": "Sun Apr 09 08:21:57 UTC 2017"}
        ],
        [
            {"location": [[
                {"latitude": 64.22974},
                {"longitude": 27.738542}
            ]]},
            {"altitude": 132},
            {"distance_km": 0.48},
            {"speed_kmh": 5.4},
            {"timestamp": "Sun Apr 09 08:22:05 UTC 2017"}
        ],
        [
            {"location": [[
                {"latitude": 64.229651},
                {"longitude": 27.738611}
            ]]},
            {"altitude": 133},
            {"distance_km": 0.49},
            {"speed_kmh": 5.4},
            {"timestamp": "Sun Apr 09 08:22:13 UTC 2017"}
        ],
        [
            {"location": [[
                {"latitude": 64.229566},
                {"longitude": 27.738744}
            ]]},
            {"altitude": 135},
            {"distance_km": 0.5},
            {"speed_kmh": 4.5},
            {"timestamp": "Sun Apr 09 08:22:22 UTC 2017"}
        ],
        [
            {"location": [[
                {"latitude": 64.229503},
                {"longitude": 27.738901}
            ]]},
            {"altitude": 134},
            {"distance_km": 0.51},
            {"speed_kmh": 4.5},
            {"timestamp": "Sun Apr 09 08:22:30 UTC 2017"}
        ],
        [
            {"location": [[
                {"latitude": 64.229407},
                {"longitude": 27.739011}
            ]]},
            {"altitude": 133.5},
            {"distance_km": 0.53},
            {"speed_kmh": 5.4},
            {"timestamp": "Sun Apr 09 08:22:39 UTC 2017"}
        ],
        [
            {"location": [[
                {"latitude": 64.229294},
                {"longitude": 27.739119}
            ]]},
            {"altitude": 134},
            {"distance_km": 0.54},
            {"speed_kmh": 5.4},
            {"timestamp": "Sun Apr 09 08:22:47 UTC 2017"}
        ],
        [
            {"location": [[
                {"latitude": 64.229201},
                {"longitude": 27.739201}
            ]]},
            {"altitude": 135},
            {"distance_km": 0.55},
            {"speed_kmh": 5.4},
            {"timestamp": "Sun Apr 09 08:22:55 UTC 2017"}
        ],
        [
            {"location": [[
                {"latitude": 64.229108},
                {"longitude": 27.7393}
            ]]},
            {"altitude": 134},
            {"distance_km": 0.56},
            {"speed_kmh": 5.4},
            {"timestamp": "Sun Apr 09 08:23:03 UTC 2017"}
        ],
        [
            {"location": [[
                {"latitude": 64.229017},
                {"longitude": 27.739352}
            ]]},
            {"altitude": 133.5},
            {"distance_km": 0.57},
            {"speed_kmh": 4.5},
            {"timestamp": "Sun Apr 09 08:23:11 UTC 2017"}
        ],
        [
            {"location": [[
                {"latitude": 64.228908},
                {"longitude": 27.739358}
            ]]},
            {"altitude": 135},
            {"distance_km": 0.58},
            {"speed_kmh": 4.5},
            {"timestamp": "Sun Apr 09 08:23:21 UTC 2017"}
        ],
        [
            {"location": [[
                {"latitude": 64.228802},
                {"longitude": 27.739372}
            ]]},
            {"altitude": 135.5},
            {"distance_km": 0.6},
            {"speed_kmh": 4.5},
            {"timestamp": "Sun Apr 09 08:23:31 UTC 2017"}
        ],
        [
            {"location": [[
                {"latitude": 64.228711},
                {"longitude": 27.739419}
            ]]},
            {"altitude": 136},
            {"distance_km": 0.61},
            {"speed_kmh": 4.5},
            {"timestamp": "Sun Apr 09 08:23:39 UTC 2017"}
        ],
        [
            {"location": [[
                {"latitude": 64.22861},
                {"longitude": 27.739329}
            ]]},
            {"altitude": 134},
            {"distance_km": 0.62},
            {"speed_kmh": 3.6},
            {"timestamp": "Sun Apr 09 08:23:51 UTC 2017"}
        ],
        [
            {"location": [[
                {"latitude": 64.228523},
                {"longitude": 27.73926}
            ]]},
            {"altitude": 130.5},
            {"distance_km": 0.63},
            {"speed_kmh": 3.6},
            {"timestamp": "Sun Apr 09 08:24:02 UTC 2017"}
        ],
        [
            {"location": [[
                {"latitude": 64.228434},
                {"longitude": 27.739394}
            ]]},
            {"altitude": 132.5},
            {"distance_km": 0.64},
            {"speed_kmh": 3.6},
            {"timestamp": "Sun Apr 09 08:24:11 UTC 2017"}
        ],
        [
            {"location": [[
                {"latitude": 64.228325},
                {"longitude": 27.739535}
            ]]},
            {"altitude": 137.5},
            {"distance_km": 0.65},
            {"speed_kmh": 3.6},
            {"timestamp": "Sun Apr 09 08:24:19 UTC 2017"}
        ],
        [
            {"location": [[
                {"latitude": 64.228256},
                {"longitude": 27.739698}
            ]]},
            {"altitude": 139.5},
            {"distance_km": 0.67},
            {"speed_kmh": 3.6},
            {"timestamp": "Sun Apr 09 08:24:27 UTC 2017"}
        ],
        [
            {"location": [[
                {"latitude": 64.228229},
                {"longitude": 27.739932}
            ]]},
            {"altitude": 140.5},
            {"distance_km": 0.68},
            {"speed_kmh": 4.5},
            {"timestamp": "Sun Apr 09 08:24:35 UTC 2017"}
        ],
        [
            {"location": [[
                {"latitude": 64.228182},
                {"longitude": 27.740116}
            ]]},
            {"altitude": 135.5},
            {"distance_km": 0.69},
            {"speed_kmh": 6.3},
            {"timestamp": "Sun Apr 09 08:25:13 UTC 2017"}
        ],
        [
            {"location": [[
                {"latitude": 64.228146},
                {"longitude": 27.740334}
            ]]},
            {"altitude": 136.5},
            {"distance_km": 0.7},
            {"speed_kmh": 4.5},
            {"timestamp": "Sun Apr 09 08:25:21 UTC 2017"}
        ],
        [
            {"location": [[
                {"latitude": 64.228184},
                {"longitude": 27.740529}
            ]]},
            {"altitude": 134.5},
            {"distance_km": 0.71},
            {"speed_kmh": 3.6},
            {"timestamp": "Sun Apr 09 08:25:41 UTC 2017"}
        ],
        [
            {"location": [[
                {"latitude": 64.228278},
                {"longitude": 27.7406}
            ]]},
            {"altitude": 135.5},
            {"distance_km": 0.72},
            {"speed_kmh": 6.3},
            {"timestamp": "Sun Apr 09 08:25:47 UTC 2017"}
        ],
        [
            {"location": [[
                {"latitude": 64.228382},
                {"longitude": 27.740681}
            ]]},
            {"altitude": 138.5},
            {"distance_km": 0.73},
            {"speed_kmh": 5.4},
            {"timestamp": "Sun Apr 09 08:25:55 UTC 2017"}
        ],
        [
            {"location": [[
                {"latitude": 64.228477},
                {"longitude": 27.740691}
            ]]},
            {"altitude": 140},
            {"distance_km": 0.74},
            {"speed_kmh": 4.5},
            {"timestamp": "Sun Apr 09 08:26:02 UTC 2017"}
        ],
        [
            {"location": [[
                {"latitude": 64.22857},
                {"longitude": 27.740696}
            ]]},
            {"altitude": 142.5},
            {"distance_km": 0.75},
            {"speed_kmh": 0},
            {"timestamp": "Sun Apr 09 08:26:23 UTC 2017"}
        ],
        [
            {"location": [[
                {"latitude": 64.228556},
                {"longitude": 27.740918}
            ]]},
            {"altitude": 140.5},
            {"distance_km": 0.76},
            {"speed_kmh": 1.8},
            {"timestamp": "Sun Apr 09 08:27:43 UTC 2017"}
        ],
        [
            {"location": [[
                {"latitude": 64.228477},
                {"longitude": 27.740766}
            ]]},
            {"altitude": 142},
            {"distance_km": 0.78},
            {"speed_kmh": 4.5},
            {"timestamp": "Sun Apr 09 08:28:31 UTC 2017"}
        ],
        [
            {"location": [[
                {"latitude": 64.228385},
                {"longitude": 27.740656}
            ]]},
            {"altitude": 140.5},
            {"distance_km": 0.79},
            {"speed_kmh": 4.5},
            {"timestamp": "Sun Apr 09 08:28:39 UTC 2017"}
        ],
        [
            {"location": [[
                {"latitude": 64.228289},
                {"longitude": 27.740561}
            ]]},
            {"altitude": 139},
            {"distance_km": 0.8},
            {"speed_kmh": 5.4},
            {"timestamp": "Sun Apr 09 08:28:49 UTC 2017"}
        ],
        [
            {"location": [[
                {"latitude": 64.228209},
                {"longitude": 27.740446}
            ]]},
            {"altitude": 137},
            {"distance_km": 0.81},
            {"speed_kmh": 1.8},
            {"timestamp": "Sun Apr 09 08:29:27 UTC 2017"}
        ],
        [
            {"location": [[
                {"latitude": 64.228178},
                {"longitude": 27.740644}
            ]]},
            {"altitude": 140.5},
            {"distance_km": 0.82},
            {"speed_kmh": 0},
            {"timestamp": "Sun Apr 09 08:33:11 UTC 2017"}
        ],
        [
            {"location": [[
                {"latitude": 64.228148},
                {"longitude": 27.740866}
            ]]},
            {"altitude": 141},
            {"distance_km": 0.83},
            {"speed_kmh": 3.6},
            {"timestamp": "Sun Apr 09 08:33:25 UTC 2017"}
        ],
        [
            {"location": [[
                {"latitude": 64.228081},
                {"longitude": 27.741055}
            ]]},
            {"altitude": 142},
            {"distance_km": 0.84},
            {"speed_kmh": 3.6},
            {"timestamp": "Sun Apr 09 08:33:36 UTC 2017"}
        ],
        [
            {"location": [[
                {"latitude": 64.228068},
                {"longitude": 27.741274}
            ]]},
            {"altitude": 144.5},
            {"distance_km": 0.85},
            {"speed_kmh": 3.6},
            {"timestamp": "Sun Apr 09 08:33:45 UTC 2017"}
        ],
        [
            {"location": [[
                {"latitude": 64.228011},
                {"longitude": 27.741101}
            ]]},
            {"altitude": 141.5},
            {"distance_km": 0.86},
            {"speed_kmh": 6.3},
            {"timestamp": "Sun Apr 09 08:34:05 UTC 2017"}
        ],
        [
            {"location": [[
                {"latitude": 64.228105},
                {"longitude": 27.741266}
            ]]},
            {"altitude": 144},
            {"distance_km": 0.88},
            {"speed_kmh": 5.4},
            {"timestamp": "Sun Apr 09 08:34:21 UTC 2017"}
        ],
        [
            {"location": [[
                {"latitude": 64.22806},
                {"longitude": 27.741493}
            ]]},
            {"altitude": 145},
            {"distance_km": 0.89},
            {"speed_kmh": 5.4},
            {"timestamp": "Sun Apr 09 08:34:37 UTC 2017"}
        ],
        [
            {"location": [[
                {"latitude": 64.22801},
                {"longitude": 27.741737}
            ]]},
            {"altitude": 146},
            {"distance_km": 0.9},
            {"speed_kmh": 5.4},
            {"timestamp": "Sun Apr 09 08:34:45 UTC 2017"}
        ],
        [
            {"location": [[
                {"latitude": 64.227963},
                {"longitude": 27.741967}
            ]]},
            {"altitude": 146},
            {"distance_km": 0.91},
            {"speed_kmh": 5.4},
            {"timestamp": "Sun Apr 09 08:34:53 UTC 2017"}
        ],
        [
            {"location": [[
                {"latitude": 64.227913},
                {"longitude": 27.742186}
            ]]},
            {"altitude": 145.5},
            {"distance_km": 0.93},
            {"speed_kmh": 5.4},
            {"timestamp": "Sun Apr 09 08:35:01 UTC 2017"}
        ],
        [
            {"location": [[
                {"latitude": 64.227866},
                {"longitude": 27.742386}
            ]]},
            {"altitude": 145},
            {"distance_km": 0.94},
            {"speed_kmh": 4.5},
            {"timestamp": "Sun Apr 09 08:35:09 UTC 2017"}
        ],
        [
            {"location": [[
                {"latitude": 64.227784},
                {"longitude": 27.742516}
            ]]},
            {"altitude": 144},
            {"distance_km": 0.95},
            {"speed_kmh": 4.5},
            {"timestamp": "Sun Apr 09 08:35:17 UTC 2017"}
        ],
        [
            {"location": [[
                {"latitude": 64.227697},
                {"longitude": 27.742398}
            ]]},
            {"altitude": 141},
            {"distance_km": 0.96},
            {"speed_kmh": 4.5},
            {"timestamp": "Sun Apr 09 08:35:26 UTC 2017"}
        ],
        [
            {"location": [[
                {"latitude": 64.227624},
                {"longitude": 27.742274}
            ]]},
            {"altitude": 141.5},
            {"distance_km": 0.97},
            {"speed_kmh": 4.5},
            {"timestamp": "Sun Apr 09 08:35:35 UTC 2017"}
        ],
        [
            {"location": [[
                {"latitude": 64.227544},
                {"longitude": 27.742149}
            ]]},
            {"altitude": 140.5},
            {"distance_km": 0.98},
            {"speed_kmh": 4.5},
            {"timestamp": "Sun Apr 09 08:35:41 UTC 2017"}
        ],
        [
            {"location": [[
                {"latitude": 64.227447},
                {"longitude": 27.74204}
            ]]},
            {"altitude": 144},
            {"distance_km": 0.99},
            {"speed_kmh": 5.4},
            {"timestamp": "Sun Apr 09 08:35:49 UTC 2017"}
        ],
        [
            {"location": [[
                {"latitude": 64.22736},
                {"longitude": 27.741894}
            ]]},
            {"altitude": 144},
            {"distance_km": 1},
            {"speed_kmh": 5.4},
            {"timestamp": "Sun Apr 09 08:35:57 UTC 2017"}
        ],
        [
            {"location": [[
                {"latitude": 64.227271},
                {"longitude": 27.741769}
            ]]},
            {"altitude": 143.5},
            {"distance_km": 1.02},
            {"speed_kmh": 5.4},
            {"timestamp": "Sun Apr 09 08:36:05 UTC 2017"}
        ],
        [
            {"location": [[
                {"latitude": 64.227183},
                {"longitude": 27.741597}
            ]]},
            {"altitude": 143.5},
            {"distance_km": 1.03},
            {"speed_kmh": 5.4},
            {"timestamp": "Sun Apr 09 08:36:13 UTC 2017"}
        ],
        [
            {"location": [[
                {"latitude": 64.227097},
                {"longitude": 27.741435}
            ]]},
            {"altitude": 144},
            {"distance_km": 1.04},
            {"speed_kmh": 5.4},
            {"timestamp": "Sun Apr 09 08:36:21 UTC 2017"}
        ],
        [
            {"location": [[
                {"latitude": 64.227021},
                {"longitude": 27.741251}
            ]]},
            {"altitude": 142.5},
            {"distance_km": 1.05},
            {"speed_kmh": 5.4},
            {"timestamp": "Sun Apr 09 08:36:29 UTC 2017"}
        ],
        [
            {"location": [[
                {"latitude": 64.226933},
                {"longitude": 27.74107}
            ]]},
            {"altitude": 143},
            {"distance_km": 1.07},
            {"speed_kmh": 5.4},
            {"timestamp": "Sun Apr 09 08:36:37 UTC 2017"}
        ],
        [
            {"location": [[
                {"latitude": 64.226848},
                {"longitude": 27.740886}
            ]]},
            {"altitude": 142},
            {"distance_km": 1.08},
            {"speed_kmh": 5.4},
            {"timestamp": "Sun Apr 09 08:36:45 UTC 2017"}
        ],
        [
            {"location": [[
                {"latitude": 64.226771},
                {"longitude": 27.740641}
            ]]},
            {"altitude": 140},
            {"distance_km": 1.09},
            {"speed_kmh": 5.4},
            {"timestamp": "Sun Apr 09 08:36:54 UTC 2017"}
        ],
        [
            {"location": [[
                {"latitude": 64.226703},
                {"longitude": 27.740423}
            ]]},
            {"altitude": 140},
            {"distance_km": 1.11},
            {"speed_kmh": 6.3},
            {"timestamp": "Sun Apr 09 08:37:02 UTC 2017"}
        ],
        [
            {"location": [[
                {"latitude": 64.226614},
                {"longitude": 27.740213}
            ]]},
            {"altitude": 142.5},
            {"distance_km": 1.12},
            {"speed_kmh": 5.4},
            {"timestamp": "Sun Apr 09 08:37:11 UTC 2017"}
        ],
        [
            {"location": [[
                {"latitude": 64.226536},
                {"longitude": 27.740023}
            ]]},
            {"altitude": 141},
            {"distance_km": 1.13},
            {"speed_kmh": 5.4},
            {"timestamp": "Sun Apr 09 08:37:19 UTC 2017"}
        ],
        [
            {"location": [[
                {"latitude": 64.226458},
                {"longitude": 27.739832}
            ]]},
            {"altitude": 139},
            {"distance_km": 1.15},
            {"speed_kmh": 5.4},
            {"timestamp": "Sun Apr 09 08:37:27 UTC 2017"}
        ],
        [
            {"location": [[
                {"latitude": 64.226369},
                {"longitude": 27.739674}
            ]]},
            {"altitude": 138.5},
            {"distance_km": 1.16},
            {"speed_kmh": 5.4},
            {"timestamp": "Sun Apr 09 08:37:35 UTC 2017"}
        ],
        [
            {"location": [[
                {"latitude": 64.226302},
                {"longitude": 27.739472}
            ]]},
            {"altitude": 140.5},
            {"distance_km": 1.17},
            {"speed_kmh": 5.4},
            {"timestamp": "Sun Apr 09 08:37:43 UTC 2017"}
        ],
        [
            {"location": [[
                {"latitude": 64.226249},
                {"longitude": 27.739241}
            ]]},
            {"altitude": 140},
            {"distance_km": 1.18},
            {"speed_kmh": 5.4},
            {"timestamp": "Sun Apr 09 08:37:51 UTC 2017"}
        ],
        [
            {"location": [[
                {"latitude": 64.226193},
                {"longitude": 27.739008}
            ]]},
            {"altitude": 141.5},
            {"distance_km": 1.2},
            {"speed_kmh": 5.4},
            {"timestamp": "Sun Apr 09 08:37:59 UTC 2017"}
        ],
        [
            {"location": [[
                {"latitude": 64.226166},
                {"longitude": 27.738747}
            ]]},
            {"altitude": 140},
            {"distance_km": 1.21},
            {"speed_kmh": 5.4},
            {"timestamp": "Sun Apr 09 08:38:07 UTC 2017"}
        ],
        [
            {"location": [[
                {"latitude": 64.22611},
                {"longitude": 27.738541}
            ]]},
            {"altitude": 141.5},
            {"distance_km": 1.22},
            {"speed_kmh": 5.4},
            {"timestamp": "Sun Apr 09 08:38:15 UTC 2017"}
        ],
        [
            {"location": [[
                {"latitude": 64.22603},
                {"longitude": 27.738387}
            ]]},
            {"altitude": 139.5},
            {"distance_km": 1.23},
            {"speed_kmh": 5.4},
            {"timestamp": "Sun Apr 09 08:38:23 UTC 2017"}
        ],
        [
            {"location": [[
                {"latitude": 64.225965},
                {"longitude": 27.738197}
            ]]},
            {"altitude": 140},
            {"distance_km": 1.25},
            {"speed_kmh": 5.4},
            {"timestamp": "Sun Apr 09 08:38:31 UTC 2017"}
        ],
        [
            {"location": [[
                {"latitude": 64.225896},
                {"longitude": 27.738015}
            ]]},
            {"altitude": 141},
            {"distance_km": 1.26},
            {"speed_kmh": 5.4},
            {"timestamp": "Sun Apr 09 08:38:39 UTC 2017"}
        ],
        [
            {"location": [[
                {"latitude": 64.225833},
                {"longitude": 27.737853}
            ]]},
            {"altitude": 142},
            {"distance_km": 1.27},
            {"speed_kmh": 5.4},
            {"timestamp": "Sun Apr 09 08:38:47 UTC 2017"}
        ],
        [
            {"location": [[
                {"latitude": 64.225772},
                {"longitude": 27.737667}
            ]]},
            {"altitude": 141.5},
            {"distance_km": 1.28},
            {"speed_kmh": 5.4},
            {"timestamp": "Sun Apr 09 08:38:55 UTC 2017"}
        ],
        [
            {"location": [[
                {"latitude": 64.225712},
                {"longitude": 27.73747}
            ]]},
            {"altitude": 141},
            {"distance_km": 1.29},
            {"speed_kmh": 5.4},
            {"timestamp": "Sun Apr 09 08:39:03 UTC 2017"}
        ],
        [
            {"location": [[
                {"latitude": 64.22565},
                {"longitude": 27.737312}
            ]]},
            {"altitude": 143.5},
            {"distance_km": 1.3},
            {"speed_kmh": 5.4},
            {"timestamp": "Sun Apr 09 08:39:10 UTC 2017"}
        ],
        [
            {"location": [[
                {"latitude": 64.225589},
                {"longitude": 27.737124}
            ]]},
            {"altitude": 143.5},
            {"distance_km": 1.31},
            {"speed_kmh": 5.4},
            {"timestamp": "Sun Apr 09 08:39:18 UTC 2017"}
        ],
        [
            {"location": [[
                {"latitude": 64.225533},
                {"longitude": 27.736904}
            ]]},
            {"altitude": 142.5},
            {"distance_km": 1.32},
            {"speed_kmh": 5.4},
            {"timestamp": "Sun Apr 09 08:39:27 UTC 2017"}
        ],
        [
            {"location": [[
                {"latitude": 64.225483},
                {"longitude": 27.736676}
            ]]},
            {"altitude": 141},
            {"distance_km": 1.34},
            {"speed_kmh": 5.4},
            {"timestamp": "Sun Apr 09 08:39:35 UTC 2017"}
        ],
        [
            {"location": [[
                {"latitude": 64.225434},
                {"longitude": 27.736432}
            ]]},
            {"altitude": 139.5},
            {"distance_km": 1.35},
            {"speed_kmh": 5.4},
            {"timestamp": "Sun Apr 09 08:39:43 UTC 2017"}
        ],
        [
            {"location": [[
                {"latitude": 64.225392},
                {"longitude": 27.736208}
            ]]},
            {"altitude": 138.5},
            {"distance_km": 1.36},
            {"speed_kmh": 5.4},
            {"timestamp": "Sun Apr 09 08:39:51 UTC 2017"}
        ],
        [
            {"location": [[
                {"latitude": 64.225427},
                {"longitude": 27.735974}
            ]]},
            {"altitude": 136},
            {"distance_km": 1.37},
            {"speed_kmh": 5.4},
            {"timestamp": "Sun Apr 09 08:39:59 UTC 2017"}
        ],
        [
            {"location": [[
                {"latitude": 64.225485},
                {"longitude": 27.735784}
            ]]},
            {"altitude": 128.5},
            {"distance_km": 1.38},
            {"speed_kmh": 4.5},
            {"timestamp": "Sun Apr 09 08:40:07 UTC 2017"}
        ],
        [
            {"location": [[
                {"latitude": 64.225475},
                {"longitude": 27.735537}
            ]]},
            {"altitude": 128},
            {"distance_km": 1.4},
            {"speed_kmh": 3.6},
            {"timestamp": "Sun Apr 09 08:40:17 UTC 2017"}
        ],
        [
            {"location": [[
                {"latitude": 64.225393},
                {"longitude": 27.735335}
            ]]},
            {"altitude": 130},
            {"distance_km": 1.41},
            {"speed_kmh": 4.5},
            {"timestamp": "Sun Apr 09 08:40:25 UTC 2017"}
        ],
        [
            {"location": [[
                {"latitude": 64.225319},
                {"longitude": 27.735142}
            ]]},
            {"altitude": 132},
            {"distance_km": 1.42},
            {"speed_kmh": 4.5},
            {"timestamp": "Sun Apr 09 08:40:33 UTC 2017"}
        ],
        [
            {"location": [[
                {"latitude": 64.22526},
                {"longitude": 27.734924}
            ]]},
            {"altitude": 132.5},
            {"distance_km": 1.44},
            {"speed_kmh": 4.5},
            {"timestamp": "Sun Apr 09 08:40:41 UTC 2017"}
        ],
        [
            {"location": [[
                {"latitude": 64.225307},
                {"longitude": 27.734728}
            ]]},
            {"altitude": 133.5},
            {"distance_km": 1.45},
            {"speed_kmh": 4.5},
            {"timestamp": "Sun Apr 09 08:40:50 UTC 2017"}
        ],
        [
            {"location": [[
                {"latitude": 64.225382},
                {"longitude": 27.734565}
            ]]},
            {"altitude": 134},
            {"distance_km": 1.46},
            {"speed_kmh": 5.4},
            {"timestamp": "Sun Apr 09 08:40:58 UTC 2017"}
        ],
        [
            {"location": [[
                {"latitude": 64.225464},
                {"longitude": 27.734379}
            ]]},
            {"altitude": 136.5},
            {"distance_km": 1.47},
            {"speed_kmh": 5.4},
            {"timestamp": "Sun Apr 09 08:41:07 UTC 2017"}
        ],
        [
            {"location": [[
                {"latitude": 64.225542},
                {"longitude": 27.734222}
            ]]},
            {"altitude": 136.5},
            {"distance_km": 1.48},
            {"speed_kmh": 4.5},
            {"timestamp": "Sun Apr 09 08:41:15 UTC 2017"}
        ],
        [
            {"location": [[
                {"latitude": 64.225634},
                {"longitude": 27.734073}
            ]]},
            {"altitude": 140},
            {"distance_km": 1.49},
            {"speed_kmh": 4.5},
            {"timestamp": "Sun Apr 09 08:41:25 UTC 2017"}
        ],
        [
            {"location": [[
                {"latitude": 64.22571},
                {"longitude": 27.733894}
            ]]},
            {"altitude": 142},
            {"distance_km": 1.51},
            {"speed_kmh": 4.5},
            {"timestamp": "Sun Apr 09 08:41:33 UTC 2017"}
        ],
        [
            {"location": [[
                {"latitude": 64.225772},
                {"longitude": 27.733676}
            ]]},
            {"altitude": 141},
            {"distance_km": 1.52},
            {"speed_kmh": 4.5},
            {"timestamp": "Sun Apr 09 08:41:41 UTC 2017"}
        ],
        [
            {"location": [[
                {"latitude": 64.225845},
                {"longitude": 27.733506}
            ]]},
            {"altitude": 139.5},
            {"distance_km": 1.53},
            {"speed_kmh": 4.5},
            {"timestamp": "Sun Apr 09 08:41:49 UTC 2017"}
        ],
        [
            {"location": [[
                {"latitude": 64.225925},
                {"longitude": 27.733363}
            ]]},
            {"altitude": 135.5},
            {"distance_km": 1.54},
            {"speed_kmh": 4.5},
            {"timestamp": "Sun Apr 09 08:41:57 UTC 2017"}
        ],
        [
            {"location": [[
                {"latitude": 64.225985},
                {"longitude": 27.733193}
            ]]},
            {"altitude": 136},
            {"distance_km": 1.55},
            {"speed_kmh": 4.5},
            {"timestamp": "Sun Apr 09 08:42:05 UTC 2017"}
        ],
        [
            {"location": [[
                {"latitude": 64.226027},
                {"longitude": 27.733395}
            ]]},
            {"altitude": 134.5},
            {"distance_km": 1.56},
            {"speed_kmh": 3.6},
            {"timestamp": "Sun Apr 09 08:44:51 UTC 2017"}
        ],
        [
            {"location": [[
                {"latitude": 64.226097},
                {"longitude": 27.733599}
            ]]},
            {"altitude": 131},
            {"distance_km": 1.58},
            {"speed_kmh": 2.7},
            {"timestamp": "Sun Apr 09 08:45:04 UTC 2017"}
        ],
        [
            {"location": [[
                {"latitude": 64.226194},
                {"longitude": 27.733741}
            ]]},
            {"altitude": 131},
            {"distance_km": 1.59},
            {"speed_kmh": 4.5},
            {"timestamp": "Sun Apr 09 08:45:13 UTC 2017"}
        ],
        [
            {"location": [[
                {"latitude": 64.22627},
                {"longitude": 27.733896}
            ]]},
            {"altitude": 130.5},
            {"distance_km": 1.6},
            {"speed_kmh": 4.5},
            {"timestamp": "Sun Apr 09 08:45:21 UTC 2017"}
        ],
        [
            {"location": [[
                {"latitude": 64.226323},
                {"longitude": 27.734063}
            ]]},
            {"altitude": 125.5},
            {"distance_km": 1.61},
            {"speed_kmh": 4.5},
            {"timestamp": "Sun Apr 09 08:45:29 UTC 2017"}
        ],
        [
            {"location": [[
                {"latitude": 64.226409},
                {"longitude": 27.734169}
            ]]},
            {"altitude": 125.5},
            {"distance_km": 1.62},
            {"speed_kmh": 4.5},
            {"timestamp": "Sun Apr 09 08:45:37 UTC 2017"}
        ],
        [
            {"location": [[
                {"latitude": 64.226478},
                {"longitude": 27.734365}
            ]]},
            {"altitude": 123},
            {"distance_km": 1.63},
            {"speed_kmh": 3.6},
            {"timestamp": "Sun Apr 09 08:45:49 UTC 2017"}
        ],
        [
            {"location": [[
                {"latitude": 64.226571},
                {"longitude": 27.734509}
            ]]},
            {"altitude": 128.5},
            {"distance_km": 1.65},
            {"speed_kmh": 3.6},
            {"timestamp": "Sun Apr 09 08:45:59 UTC 2017"}
        ],
        [
            {"location": [[
                {"latitude": 64.226621},
                {"longitude": 27.734747}
            ]]},
            {"altitude": 129},
            {"distance_km": 1.66},
            {"speed_kmh": 4.5},
            {"timestamp": "Sun Apr 09 08:46:07 UTC 2017"}
        ],
        [
            {"location": [[
                {"latitude": 64.226712},
                {"longitude": 27.734808}
            ]]},
            {"altitude": 123.5},
            {"distance_km": 1.67},
            {"speed_kmh": 4.5},
            {"timestamp": "Sun Apr 09 08:46:23 UTC 2017"}
        ],
        [
            {"location": [[
                {"latitude": 64.226815},
                {"longitude": 27.734819}
            ]]},
            {"altitude": 122.5},
            {"distance_km": 1.68},
            {"speed_kmh": 4.5},
            {"timestamp": "Sun Apr 09 08:46:33 UTC 2017"}
        ],
        [
            {"location": [[
                {"latitude": 64.226905},
                {"longitude": 27.73484}
            ]]},
            {"altitude": 126},
            {"distance_km": 1.69},
            {"speed_kmh": 4.5},
            {"timestamp": "Sun Apr 09 08:46:41 UTC 2017"}
        ],
        [
            {"location": [[
                {"latitude": 64.227002},
                {"longitude": 27.73478}
            ]]},
            {"altitude": 127},
            {"distance_km": 1.7},
            {"speed_kmh": 4.5},
            {"timestamp": "Sun Apr 09 08:46:49 UTC 2017"}
        ],
        [
            {"location": [[
                {"latitude": 64.227077},
                {"longitude": 27.734658}
            ]]},
            {"altitude": 129},
            {"distance_km": 1.71},
            {"speed_kmh": 4.5},
            {"timestamp": "Sun Apr 09 08:46:56 UTC 2017"}
        ],
        [
            {"location": [[
                {"latitude": 64.227155},
                {"longitude": 27.734523}
            ]]},
            {"altitude": 130},
            {"distance_km": 1.72},
            {"speed_kmh": 4.5},
            {"timestamp": "Sun Apr 09 08:47:04 UTC 2017"}
        ],
        [
            {"location": [[
                {"latitude": 64.227238},
                {"longitude": 27.73464}
            ]]},
            {"altitude": 128.5},
            {"distance_km": 1.73},
            {"speed_kmh": 3.6},
            {"timestamp": "Sun Apr 09 08:47:15 UTC 2017"}
        ],
        [
            {"location": [[
                {"latitude": 64.2273},
                {"longitude": 27.73485}
            ]]},
            {"altitude": 127},
            {"distance_km": 1.75},
            {"speed_kmh": 3.6},
            {"timestamp": "Sun Apr 09 08:47:25 UTC 2017"}
        ],
        [
            {"location": [[
                {"latitude": 64.22736},
                {"longitude": 27.735038}
            ]]},
            {"altitude": 127.5},
            {"distance_km": 1.76},
            {"speed_kmh": 4.5},
            {"timestamp": "Sun Apr 09 08:47:33 UTC 2017"}
        ],
        [
            {"location": [[
                {"latitude": 64.22742},
                {"longitude": 27.735228}
            ]]},
            {"altitude": 126},
            {"distance_km": 1.77},
            {"speed_kmh": 4.5},
            {"timestamp": "Sun Apr 09 08:47:41 UTC 2017"}
        ],
        [
            {"location": [[
                {"latitude": 64.227474},
                {"longitude": 27.735412}
            ]]},
            {"altitude": 122},
            {"distance_km": 1.78},
            {"speed_kmh": 4.5},
            {"timestamp": "Sun Apr 09 08:47:49 UTC 2017"}
        ],
        [
            {"location": [[
                {"latitude": 64.227537},
                {"longitude": 27.735606}
            ]]},
            {"altitude": 121},
            {"distance_km": 1.79},
            {"speed_kmh": 4.5},
            {"timestamp": "Sun Apr 09 08:47:57 UTC 2017"}
        ],
        [
            {"location": [[
                {"latitude": 64.227597},
                {"longitude": 27.735759}
            ]]},
            {"altitude": 122},
            {"distance_km": 1.8},
            {"speed_kmh": 4.5},
            {"timestamp": "Sun Apr 09 08:48:05 UTC 2017"}
        ],
        [
            {"location": [[
                {"latitude": 64.227688},
                {"longitude": 27.735891}
            ]]},
            {"altitude": 123.5},
            {"distance_km": 1.81},
            {"speed_kmh": 4.5},
            {"timestamp": "Sun Apr 09 08:48:15 UTC 2017"}
        ],
        [
            {"location": [[
                {"latitude": 64.227774},
                {"longitude": 27.735958}
            ]]},
            {"altitude": 128.5},
            {"distance_km": 1.82},
            {"speed_kmh": 4.5},
            {"timestamp": "Sun Apr 09 08:48:23 UTC 2017"}
        ],
        [
            {"location": [[
                {"latitude": 64.227869},
                {"longitude": 27.736054}
            ]]},
            {"altitude": 129},
            {"distance_km": 1.83},
            {"speed_kmh": 3.6},
            {"timestamp": "Sun Apr 09 08:48:35 UTC 2017"}
        ],
        [
            {"location": [[
                {"latitude": 64.227958},
                {"longitude": 27.73603}
            ]]},
            {"altitude": 130.5},
            {"distance_km": 1.84},
            {"speed_kmh": 0},
            {"timestamp": "Sun Apr 09 08:48:47 UTC 2017"}
        ],
        [
            {"location": [[
                {"latitude": 64.228053},
                {"longitude": 27.736042}
            ]]},
            {"altitude": 129},
            {"distance_km": 1.85},
            {"speed_kmh": 3.6},
            {"timestamp": "Sun Apr 09 08:49:13 UTC 2017"}
        ],
        [
            {"location": [[
                {"latitude": 64.22816},
                {"longitude": 27.736092}
            ]]},
            {"altitude": 128},
            {"distance_km": 1.87},
            {"speed_kmh": 4.5},
            {"timestamp": "Sun Apr 09 08:49:22 UTC 2017"}
        ],
        [
            {"location": [[
                {"latitude": 64.228252},
                {"longitude": 27.736111}
            ]]},
            {"altitude": 126.5},
            {"distance_km": 1.88},
            {"speed_kmh": 3.6},
            {"timestamp": "Sun Apr 09 08:49:31 UTC 2017"}
        ],
        [
            {"location": [[
                {"latitude": 64.228352},
                {"longitude": 27.736079}
            ]]},
            {"altitude": 126.5},
            {"distance_km": 1.89},
            {"speed_kmh": 4.5},
            {"timestamp": "Sun Apr 09 08:49:39 UTC 2017"}
        ],
        [
            {"location": [[
                {"latitude": 64.228456},
                {"longitude": 27.736085}
            ]]},
            {"altitude": 128},
            {"distance_km": 1.9},
            {"speed_kmh": 4.5},
            {"timestamp": "Sun Apr 09 08:49:47 UTC 2017"}
        ],
        [
            {"location": [[
                {"latitude": 64.228547},
                {"longitude": 27.73603}
            ]]},
            {"altitude": 127},
            {"distance_km": 1.91},
            {"speed_kmh": 4.5},
            {"timestamp": "Sun Apr 09 08:49:55 UTC 2017"}
        ],
        [
            {"location": [[
                {"latitude": 64.228644},
                {"longitude": 27.735915}
            ]]},
            {"altitude": 128},
            {"distance_km": 1.92},
            {"speed_kmh": 4.5},
            {"timestamp": "Sun Apr 09 08:50:05 UTC 2017"}
        ],
        [
            {"location": [[
                {"latitude": 64.22874},
                {"longitude": 27.735797}
            ]]},
            {"altitude": 128},
            {"distance_km": 1.93},
            {"speed_kmh": 4.5},
            {"timestamp": "Sun Apr 09 08:50:13 UTC 2017"}
        ],
        [
            {"location": [[
                {"latitude": 64.22882},
                {"longitude": 27.735658}
            ]]},
            {"altitude": 125},
            {"distance_km": 1.95},
            {"speed_kmh": 4.5},
            {"timestamp": "Sun Apr 09 08:50:21 UTC 2017"}
        ],
        [
            {"location": [[
                {"latitude": 64.228902},
                {"longitude": 27.735542}
            ]]},
            {"altitude": 124},
            {"distance_km": 1.96},
            {"speed_kmh": 4.5},
            {"timestamp": "Sun Apr 09 08:50:29 UTC 2017"}
        ],
        [
            {"location": [[
                {"latitude": 64.228985},
                {"longitude": 27.735385}
            ]]},
            {"altitude": 125.5},
            {"distance_km": 1.97},
            {"speed_kmh": 4.5},
            {"timestamp": "Sun Apr 09 08:50:37 UTC 2017"}
        ],
        [
            {"location": [[
                {"latitude": 64.229065},
                {"longitude": 27.735238}
            ]]},
            {"altitude": 125.5},
            {"distance_km": 1.98},
            {"speed_kmh": 4.5},
            {"timestamp": "Sun Apr 09 08:50:45 UTC 2017"}
        ],
        [
            {"location": [[
                {"latitude": 64.229138},
                {"longitude": 27.735064}
            ]]},
            {"altitude": 126},
            {"distance_km": 1.99},
            {"speed_kmh": 4.5},
            {"timestamp": "Sun Apr 09 08:50:53 UTC 2017"}
        ],
        [
            {"location": [[
                {"latitude": 64.229209},
                {"longitude": 27.734901}
            ]]},
            {"altitude": 126},
            {"distance_km": 2},
            {"speed_kmh": 4.5},
            {"timestamp": "Sun Apr 09 08:51:01 UTC 2017"}
        ],
        [
            {"location": [[
                {"latitude": 64.229281},
                {"longitude": 27.734755}
            ]]},
            {"altitude": 125.5},
            {"distance_km": 2.01},
            {"speed_kmh": 4.5},
            {"timestamp": "Sun Apr 09 08:51:09 UTC 2017"}
        ],
        [
            {"location": [[
                {"latitude": 64.229349},
                {"longitude": 27.734567}
            ]]},
            {"altitude": 126},
            {"distance_km": 2.03},
            {"speed_kmh": 4.5},
            {"timestamp": "Sun Apr 09 08:51:18 UTC 2017"}
        ],
        [
            {"location": [[
                {"latitude": 64.229413},
                {"longitude": 27.734421}
            ]]},
            {"altitude": 129},
            {"distance_km": 2.04},
            {"speed_kmh": 5.4},
            {"timestamp": "Sun Apr 09 08:51:24 UTC 2017"}
        ],
        [
            {"location": [[
                {"latitude": 64.229479},
                {"longitude": 27.73423}
            ]]},
            {"altitude": 128},
            {"distance_km": 2.05},
            {"speed_kmh": 5.4},
            {"timestamp": "Sun Apr 09 08:51:33 UTC 2017"}
        ],
        [
            {"location": [[
                {"latitude": 64.229543},
                {"longitude": 27.734042}
            ]]},
            {"altitude": 129.5},
            {"distance_km": 2.06},
            {"speed_kmh": 5.4},
            {"timestamp": "Sun Apr 09 08:51:41 UTC 2017"}
        ],
        [
            {"location": [[
                {"latitude": 64.229606},
                {"longitude": 27.73387}
            ]]},
            {"altitude": 128.5},
            {"distance_km": 2.07},
            {"speed_kmh": 4.5},
            {"timestamp": "Sun Apr 09 08:51:51 UTC 2017"}
        ],
        [
            {"location": [[
                {"latitude": 64.229674},
                {"longitude": 27.733716}
            ]]},
            {"altitude": 129},
            {"distance_km": 2.08},
            {"speed_kmh": 4.5},
            {"timestamp": "Sun Apr 09 08:51:59 UTC 2017"}
        ],
        [
            {"location": [[
                {"latitude": 64.229754},
                {"longitude": 27.733592}
            ]]},
            {"altitude": 130.5},
            {"distance_km": 2.09},
            {"speed_kmh": 4.5},
            {"timestamp": "Sun Apr 09 08:52:07 UTC 2017"}
        ],
        [
            {"location": [[
                {"latitude": 64.229845},
                {"longitude": 27.73351}
            ]]},
            {"altitude": 132},
            {"distance_km": 2.1},
            {"speed_kmh": 2.7},
            {"timestamp": "Sun Apr 09 08:52:19 UTC 2017"}
        ],
        [
            {"location": [[
                {"latitude": 64.229923},
                {"longitude": 27.733364}
            ]]},
            {"altitude": 129},
            {"distance_km": 2.11},
            {"speed_kmh": 4.5},
            {"timestamp": "Sun Apr 09 08:52:37 UTC 2017"}
        ],
        [
            {"location": [[
                {"latitude": 64.230018},
                {"longitude": 27.733316}
            ]]},
            {"altitude": 133},
            {"distance_km": 2.12},
            {"speed_kmh": 4.5},
            {"timestamp": "Sun Apr 09 08:52:46 UTC 2017"}
        ],
        [
            {"location": [[
                {"latitude": 64.230097},
                {"longitude": 27.733466}
            ]]},
            {"altitude": 136.5},
            {"distance_km": 2.14},
            {"speed_kmh": 4.5},
            {"timestamp": "Sun Apr 09 08:52:54 UTC 2017"}
        ],
        [
            {"location": [[
                {"latitude": 64.230194},
                {"longitude": 27.733571}
            ]]},
            {"altitude": 135.5},
            {"distance_km": 2.15},
            {"speed_kmh": 4.5},
            {"timestamp": "Sun Apr 09 08:53:03 UTC 2017"}
        ],
        [
            {"location": [[
                {"latitude": 64.230277},
                {"longitude": 27.733659}
            ]]},
            {"altitude": 134},
            {"distance_km": 2.16},
            {"speed_kmh": 2.7},
            {"timestamp": "Sun Apr 09 08:53:13 UTC 2017"}
        ],
        [
            {"location": [[
                {"latitude": 64.230378},
                {"longitude": 27.733723}
            ]]},
            {"altitude": 138},
            {"distance_km": 2.17},
            {"speed_kmh": 3.6},
            {"timestamp": "Sun Apr 09 08:53:25 UTC 2017"}
        ],
        [
            {"location": [[
                {"latitude": 64.230478},
                {"longitude": 27.733791}
            ]]},
            {"altitude": 138},
            {"distance_km": 2.18},
            {"speed_kmh": 3.6},
            {"timestamp": "Sun Apr 09 08:53:35 UTC 2017"}
        ],
        [
            {"location": [[
                {"latitude": 64.230569},
                {"longitude": 27.733837}
            ]]},
            {"altitude": 139.5},
            {"distance_km": 2.19},
            {"speed_kmh": 3.6},
            {"timestamp": "Sun Apr 09 08:53:43 UTC 2017"}
        ],
        [
            {"location": [[
                {"latitude": 64.230676},
                {"longitude": 27.733845}
            ]]},
            {"altitude": 139.5},
            {"distance_km": 2.2},
            {"speed_kmh": 4.5},
            {"timestamp": "Sun Apr 09 08:53:51 UTC 2017"}
        ],
        [
            {"location": [[
                {"latitude": 64.230781},
                {"longitude": 27.733822}
            ]]},
            {"altitude": 139.5},
            {"distance_km": 2.21},
            {"speed_kmh": 4.5},
            {"timestamp": "Sun Apr 09 08:53:59 UTC 2017"}
        ],
        [
            {"location": [[
                {"latitude": 64.230854},
                {"longitude": 27.733642}
            ]]},
            {"altitude": 137.5},
            {"distance_km": 2.23},
            {"speed_kmh": 4.5},
            {"timestamp": "Sun Apr 09 08:54:09 UTC 2017"}
        ],
        [
            {"location": [[
                {"latitude": 64.230893},
                {"longitude": 27.733432}
            ]]},
            {"altitude": 140},
            {"distance_km": 2.24},
            {"speed_kmh": 2.7},
            {"timestamp": "Sun Apr 09 08:54:23 UTC 2017"}
        ],
        [
            {"location": [[
                {"latitude": 64.23095},
                {"longitude": 27.733219}
            ]]},
            {"altitude": 142.5},
            {"distance_km": 2.25},
            {"speed_kmh": 3.6},
            {"timestamp": "Sun Apr 09 08:54:35 UTC 2017"}
        ],
        [
            {"location": [[
                {"latitude": 64.23101},
                {"longitude": 27.733052}
            ]]},
            {"altitude": 141},
            {"distance_km": 2.26},
            {"speed_kmh": 3.6},
            {"timestamp": "Sun Apr 09 08:54:44 UTC 2017"}
        ],
        [
            {"location": [[
                {"latitude": 64.231076},
                {"longitude": 27.732865}
            ]]},
            {"altitude": 138.5},
            {"distance_km": 2.27},
            {"speed_kmh": 3.6},
            {"timestamp": "Sun Apr 09 08:54:55 UTC 2017"}
        ],
        [
            {"location": [[
                {"latitude": 64.231134},
                {"longitude": 27.73266}
            ]]},
            {"altitude": 139.5},
            {"distance_km": 2.28},
            {"speed_kmh": 3.6},
            {"timestamp": "Sun Apr 09 08:55:05 UTC 2017"}
        ],
        [
            {"location": [[
                {"latitude": 64.23118},
                {"longitude": 27.732462}
            ]]},
            {"altitude": 140},
            {"distance_km": 2.29},
            {"speed_kmh": 3.6},
            {"timestamp": "Sun Apr 09 08:55:13 UTC 2017"}
        ],
        [
            {"location": [[
                {"latitude": 64.231233},
                {"longitude": 27.732279}
            ]]},
            {"altitude": 140.5},
            {"distance_km": 2.31},
            {"speed_kmh": 4.5},
            {"timestamp": "Sun Apr 09 08:55:21 UTC 2017"}
        ],
        [
            {"location": [[
                {"latitude": 64.231312},
                {"longitude": 27.732093}
            ]]},
            {"altitude": 139.5},
            {"distance_km": 2.32},
            {"speed_kmh": 4.5},
            {"timestamp": "Sun Apr 09 08:55:31 UTC 2017"}
        ],
        [
            {"location": [[
                {"latitude": 64.231364},
                {"longitude": 27.731898}
            ]]},
            {"altitude": 140},
            {"distance_km": 2.33},
            {"speed_kmh": 4.5},
            {"timestamp": "Sun Apr 09 08:55:39 UTC 2017"}
        ],
        [
            {"location": [[
                {"latitude": 64.231402},
                {"longitude": 27.731709}
            ]]},
            {"altitude": 140},
            {"distance_km": 2.34},
            {"speed_kmh": 4.5},
            {"timestamp": "Sun Apr 09 08:55:47 UTC 2017"}
        ],
        [
            {"location": [[
                {"latitude": 64.231431},
                {"longitude": 27.731504}
            ]]},
            {"altitude": 142.5},
            {"distance_km": 2.35},
            {"speed_kmh": 4.5},
            {"timestamp": "Sun Apr 09 08:55:55 UTC 2017"}
        ],
        [
            {"location": [[
                {"latitude": 64.231473},
                {"longitude": 27.731285}
            ]]},
            {"altitude": 145},
            {"distance_km": 2.36},
            {"speed_kmh": 4.5},
            {"timestamp": "Sun Apr 09 08:56:03 UTC 2017"}
        ],
        [
            {"location": [[
                {"latitude": 64.231522},
                {"longitude": 27.731088}
            ]]},
            {"altitude": 148},
            {"distance_km": 2.37},
            {"speed_kmh": 4.5},
            {"timestamp": "Sun Apr 09 08:56:11 UTC 2017"}
        ],
        [
            {"location": [[
                {"latitude": 64.231567},
                {"longitude": 27.730877}
            ]]},
            {"altitude": 148},
            {"distance_km": 2.38},
            {"speed_kmh": 4.5},
            {"timestamp": "Sun Apr 09 08:56:19 UTC 2017"}
        ],
        [
            {"location": [[
                {"latitude": 64.231627},
                {"longitude": 27.730693}
            ]]},
            {"altitude": 151},
            {"distance_km": 2.39},
            {"speed_kmh": 4.5},
            {"timestamp": "Sun Apr 09 08:56:27 UTC 2017"}
        ],
        [
            {"location": [[
                {"latitude": 64.231665},
                {"longitude": 27.730487}
            ]]},
            {"altitude": 148.5},
            {"distance_km": 2.41},
            {"speed_kmh": 4.5},
            {"timestamp": "Sun Apr 09 08:56:35 UTC 2017"}
        ],
        [
            {"location": [[
                {"latitude": 64.231721},
                {"longitude": 27.730313}
            ]]},
            {"altitude": 147.5},
            {"distance_km": 2.42},
            {"speed_kmh": 4.5},
            {"timestamp": "Sun Apr 09 08:56:44 UTC 2017"}
        ],
        [
            {"location": [[
                {"latitude": 64.231739},
                {"longitude": 27.730103}
            ]]},
            {"altitude": 146.5},
            {"distance_km": 2.43},
            {"speed_kmh": 4.5},
            {"timestamp": "Sun Apr 09 08:56:52 UTC 2017"}
        ],
        [
            {"location": [[
                {"latitude": 64.231689},
                {"longitude": 27.729874}
            ]]},
            {"altitude": 145.5},
            {"distance_km": 2.44},
            {"speed_kmh": 4.5},
            {"timestamp": "Sun Apr 09 08:57:03 UTC 2017"}
        ],
        [
            {"location": [[
                {"latitude": 64.231669},
                {"longitude": 27.729653}
            ]]},
            {"altitude": 145.5},
            {"distance_km": 2.45},
            {"speed_kmh": 4.5},
            {"timestamp": "Sun Apr 09 08:57:11 UTC 2017"}
        ],
        [
            {"location": [[
                {"latitude": 64.231758},
                {"longitude": 27.729555}
            ]]},
            {"altitude": 147.5},
            {"distance_km": 2.46},
            {"speed_kmh": 3.6},
            {"timestamp": "Sun Apr 09 08:57:25 UTC 2017"}
        ],
        [
            {"location": [[
                {"latitude": 64.231789},
                {"longitude": 27.729523}
            ]]},
            {"altitude": 150},
            {"distance_km": 2.46},
            {"speed_kmh": 0},
            {"timestamp": "Sun Apr 09 09:01:50 UTC 2017"}
        ],
        [
            {"location": [[
                {"latitude": 64.231789},
                {"longitude": 27.729523}
            ]]},
            {"altitude": 150},
            {"distance_km": 2.46},
            {"speed_kmh": 0},
            {"timestamp": "Sun Apr 09 09:01:51 UTC 2017"}
        ]
    ]}
]