[
    {"sport": "WALKING"},
    {"source": "TRACK_MOBILE"},
    {"created_date": "2017-05-04 13:57:24.0"},
    {"start_time": "2017-05-04 13:56:05.0"},
    {"end_time": "2017-05-04 14:31:39.0"},
    {"duration_s": 2134},
    {"distance_km": 2.35},
    {"calories_kcal": 182.74},
    {"altitude_min_m": 0},
    {"altitude_max_m": 191},
    {"speed_avg_kmh": 3.964386129334583},
    {"speed_max_kmh": 9},
    {"ascend_m": 321},
    {"descend_m": 188},
    {"points": [
        [
            {"location": [[
                {"latitude": 64.231838},
                {"longitude": 27.729585}
            ]]},
            {"distance_km": 0},
            {"timestamp": "Thu May 04 13:56:05 UTC 2017"}
        ],
        [
            {"location": [[
                {"latitude": 64.231838},
                {"longitude": 27.729585}
            ]]},
            {"altitude": 0},
            {"distance_km": 0},
            {"timestamp": "Thu May 04 13:56:35 UTC 2017"}
        ],
        [
            {"location": [[
                {"latitude": 64.231735},
                {"longitude": 27.729229}
            ]]},
            {"altitude": 171.5},
            {"distance_km": 0.02},
            {"speed_kmh": 0},
            {"timestamp": "Thu May 04 13:56:37 UTC 2017"}
        ],
        [
            {"location": [[
                {"latitude": 64.231829},
                {"longitude": 27.729347}
            ]]},
            {"altitude": 158.5},
            {"distance_km": 0.03},
            {"speed_kmh": 4.5},
            {"timestamp": "Thu May 04 13:56:39 UTC 2017"}
        ],
        [
            {"location": [[
                {"latitude": 64.231702},
                {"longitude": 27.729181}
            ]]},
            {"altitude": 169.5},
            {"distance_km": 0.05},
            {"speed_kmh": 0.9},
            {"timestamp": "Thu May 04 13:56:41 UTC 2017"}
        ],
        [
            {"location": [[
                {"latitude": 64.231703},
                {"longitude": 27.729422}
            ]]},
            {"altitude": 157.5},
            {"distance_km": 0.06},
            {"speed_kmh": 1.8},
            {"timestamp": "Thu May 04 13:56:49 UTC 2017"}
        ],
        [
            {"location": [[
                {"latitude": 64.231646},
                {"longitude": 27.729628}
            ]]},
            {"altitude": 152},
            {"distance_km": 0.07},
            {"speed_kmh": 9},
            {"timestamp": "Thu May 04 13:56:53 UTC 2017"}
        ],
        [
            {"location": [[
                {"latitude": 64.231683},
                {"longitude": 27.729829}
            ]]},
            {"altitude": 145.5},
            {"distance_km": 0.08},
            {"speed_kmh": 5.4},
            {"timestamp": "Thu May 04 13:56:59 UTC 2017"}
        ],
        [
            {"location": [[
                {"latitude": 64.231763},
                {"longitude": 27.730013}
            ]]},
            {"altitude": 147},
            {"distance_km": 0.1},
            {"speed_kmh": 5.4},
            {"timestamp": "Thu May 04 13:57:07 UTC 2017"}
        ],
        [
            {"location": [[
                {"latitude": 64.231831},
                {"longitude": 27.730173}
            ]]},
            {"altitude": 140.5},
            {"distance_km": 0.11},
            {"speed_kmh": 3.6},
            {"timestamp": "Thu May 04 13:57:18 UTC 2017"}
        ],
        [
            {"location": [[
                {"latitude": 64.231915},
                {"longitude": 27.730348}
            ]]},
            {"altitude": 142},
            {"distance_km": 0.12},
            {"speed_kmh": 4.5},
            {"timestamp": "Thu May 04 13:57:28 UTC 2017"}
        ],
        [
            {"location": [[
                {"latitude": 64.232025},
                {"longitude": 27.730513}
            ]]},
            {"altitude": 146.5},
            {"distance_km": 0.13},
            {"speed_kmh": 6.3},
            {"timestamp": "Thu May 04 13:57:34 UTC 2017"}
        ],
        [
            {"location": [[
                {"latitude": 64.23211},
                {"longitude": 27.730433}
            ]]},
            {"altitude": 145},
            {"distance_km": 0.14},
            {"speed_kmh": 1.8},
            {"timestamp": "Thu May 04 13:57:59 UTC 2017"}
        ],
        [
            {"location": [[
                {"latitude": 64.232236},
                {"longitude": 27.730923}
            ]]},
            {"altitude": 183.5},
            {"distance_km": 0.17},
            {"speed_kmh": 1.8},
            {"timestamp": "Thu May 04 13:58:07 UTC 2017"}
        ],
        [
            {"location": [[
                {"latitude": 64.232084},
                {"longitude": 27.730446}
            ]]},
            {"altitude": 144.5},
            {"distance_km": 0.2},
            {"speed_kmh": 0},
            {"timestamp": "Thu May 04 13:58:09 UTC 2017"}
        ],
        [
            {"location": [[
                {"latitude": 64.232127},
                {"longitude": 27.73068}
            ]]},
            {"altitude": 145},
            {"distance_km": 0.21},
            {"speed_kmh": 5.4},
            {"timestamp": "Thu May 04 13:59:41 UTC 2017"}
        ],
        [
            {"location": [[
                {"latitude": 64.232226},
                {"longitude": 27.730775}
            ]]},
            {"altitude": 148.5},
            {"distance_km": 0.22},
            {"speed_kmh": 5.4},
            {"timestamp": "Thu May 04 13:59:49 UTC 2017"}
        ],
        [
            {"location": [[
                {"latitude": 64.232311},
                {"longitude": 27.73086}
            ]]},
            {"altitude": 146},
            {"distance_km": 0.23},
            {"speed_kmh": 4.5},
            {"timestamp": "Thu May 04 13:59:57 UTC 2017"}
        ],
        [
            {"location": [[
                {"latitude": 64.23242},
                {"longitude": 27.730907}
            ]]},
            {"altitude": 151},
            {"distance_km": 0.25},
            {"speed_kmh": 4.5},
            {"timestamp": "Thu May 04 14:00:05 UTC 2017"}
        ],
        [
            {"location": [[
                {"latitude": 64.23252},
                {"longitude": 27.731015}
            ]]},
            {"altitude": 151},
            {"distance_km": 0.26},
            {"speed_kmh": 5.4},
            {"timestamp": "Thu May 04 14:00:11 UTC 2017"}
        ],
        [
            {"location": [[
                {"latitude": 64.232621},
                {"longitude": 27.73111}
            ]]},
            {"altitude": 150.5},
            {"distance_km": 0.27},
            {"speed_kmh": 5.4},
            {"timestamp": "Thu May 04 14:00:17 UTC 2017"}
        ],
        [
            {"location": [[
                {"latitude": 64.232721},
                {"longitude": 27.731199}
            ]]},
            {"altitude": 151.5},
            {"distance_km": 0.28},
            {"speed_kmh": 5.4},
            {"timestamp": "Thu May 04 14:00:23 UTC 2017"}
        ],
        [
            {"location": [[
                {"latitude": 64.232812},
                {"longitude": 27.731299}
            ]]},
            {"altitude": 150},
            {"distance_km": 0.29},
            {"speed_kmh": 5.4},
            {"timestamp": "Thu May 04 14:00:30 UTC 2017"}
        ],
        [
            {"location": [[
                {"latitude": 64.232904},
                {"longitude": 27.731393}
            ]]},
            {"altitude": 148},
            {"distance_km": 0.31},
            {"speed_kmh": 5.4},
            {"timestamp": "Thu May 04 14:00:36 UTC 2017"}
        ],
        [
            {"location": [[
                {"latitude": 64.232994},
                {"longitude": 27.731474}
            ]]},
            {"altitude": 147},
            {"distance_km": 0.32},
            {"speed_kmh": 5.4},
            {"timestamp": "Thu May 04 14:00:42 UTC 2017"}
        ],
        [
            {"location": [[
                {"latitude": 64.233071},
                {"longitude": 27.731587}
            ]]},
            {"altitude": 145},
            {"distance_km": 0.33},
            {"speed_kmh": 5.4},
            {"timestamp": "Thu May 04 14:00:48 UTC 2017"}
        ],
        [
            {"location": [[
                {"latitude": 64.233109},
                {"longitude": 27.731385}
            ]]},
            {"altitude": 152.5},
            {"distance_km": 0.34},
            {"speed_kmh": 1.8},
            {"timestamp": "Thu May 04 14:01:19 UTC 2017"}
        ],
        [
            {"location": [[
                {"latitude": 64.233167},
                {"longitude": 27.731206}
            ]]},
            {"altitude": 153.5},
            {"distance_km": 0.35},
            {"speed_kmh": 1.8},
            {"timestamp": "Thu May 04 14:01:33 UTC 2017"}
        ],
        [
            {"location": [[
                {"latitude": 64.233265},
                {"longitude": 27.731292}
            ]]},
            {"altitude": 154.5},
            {"distance_km": 0.36},
            {"speed_kmh": 2.7},
            {"timestamp": "Thu May 04 14:01:41 UTC 2017"}
        ],
        [
            {"location": [[
                {"latitude": 64.233352},
                {"longitude": 27.731224}
            ]]},
            {"altitude": 155},
            {"distance_km": 0.37},
            {"speed_kmh": 2.7},
            {"timestamp": "Thu May 04 14:01:49 UTC 2017"}
        ],
        [
            {"location": [[
                {"latitude": 64.23341},
                {"longitude": 27.73105}
            ]]},
            {"altitude": 154.5},
            {"distance_km": 0.38},
            {"speed_kmh": 2.7},
            {"timestamp": "Thu May 04 14:01:57 UTC 2017"}
        ],
        [
            {"location": [[
                {"latitude": 64.233507},
                {"longitude": 27.730952}
            ]]},
            {"altitude": 156},
            {"distance_km": 0.39},
            {"speed_kmh": 2.7},
            {"timestamp": "Thu May 04 14:02:07 UTC 2017"}
        ],
        [
            {"location": [[
                {"latitude": 64.233604},
                {"longitude": 27.730841}
            ]]},
            {"altitude": 158},
            {"distance_km": 0.4},
            {"speed_kmh": 3.6},
            {"timestamp": "Thu May 04 14:02:15 UTC 2017"}
        ],
        [
            {"location": [[
                {"latitude": 64.233629},
                {"longitude": 27.730587}
            ]]},
            {"altitude": 158.5},
            {"distance_km": 0.42},
            {"speed_kmh": 4.5},
            {"timestamp": "Thu May 04 14:02:23 UTC 2017"}
        ],
        [
            {"location": [[
                {"latitude": 64.233716},
                {"longitude": 27.730428}
            ]]},
            {"altitude": 159.5},
            {"distance_km": 0.43},
            {"speed_kmh": 2.7},
            {"timestamp": "Thu May 04 14:02:31 UTC 2017"}
        ],
        [
            {"location": [[
                {"latitude": 64.233782},
                {"longitude": 27.730268}
            ]]},
            {"altitude": 160},
            {"distance_km": 0.44},
            {"speed_kmh": 2.7},
            {"timestamp": "Thu May 04 14:02:42 UTC 2017"}
        ],
        [
            {"location": [[
                {"latitude": 64.233891},
                {"longitude": 27.730371}
            ]]},
            {"altitude": 159},
            {"distance_km": 0.45},
            {"speed_kmh": 2.7},
            {"timestamp": "Thu May 04 14:02:48 UTC 2017"}
        ],
        [
            {"location": [[
                {"latitude": 64.234003},
                {"longitude": 27.730444}
            ]]},
            {"altitude": 158.5},
            {"distance_km": 0.47},
            {"speed_kmh": 3.6},
            {"timestamp": "Thu May 04 14:02:54 UTC 2017"}
        ],
        [
            {"location": [[
                {"latitude": 64.234129},
                {"longitude": 27.730314}
            ]]},
            {"altitude": 158},
            {"distance_km": 0.48},
            {"speed_kmh": 7.2},
            {"timestamp": "Thu May 04 14:02:59 UTC 2017"}
        ],
        [
            {"location": [[
                {"latitude": 64.23423},
                {"longitude": 27.730168}
            ]]},
            {"altitude": 158.5},
            {"distance_km": 0.49},
            {"speed_kmh": 6.3},
            {"timestamp": "Thu May 04 14:03:03 UTC 2017"}
        ],
        [
            {"location": [[
                {"latitude": 64.23432},
                {"longitude": 27.730055}
            ]]},
            {"altitude": 159.5},
            {"distance_km": 0.51},
            {"speed_kmh": 3.6},
            {"timestamp": "Thu May 04 14:03:11 UTC 2017"}
        ],
        [
            {"location": [[
                {"latitude": 64.234387},
                {"longitude": 27.729903}
            ]]},
            {"altitude": 159},
            {"distance_km": 0.52},
            {"speed_kmh": 2.7},
            {"timestamp": "Thu May 04 14:03:51 UTC 2017"}
        ],
        [
            {"location": [[
                {"latitude": 64.234481},
                {"longitude": 27.729758}
            ]]},
            {"altitude": 159.5},
            {"distance_km": 0.53},
            {"speed_kmh": 4.5},
            {"timestamp": "Thu May 04 14:03:57 UTC 2017"}
        ],
        [
            {"location": [[
                {"latitude": 64.234536},
                {"longitude": 27.72958}
            ]]},
            {"altitude": 161},
            {"distance_km": 0.54},
            {"speed_kmh": 5.4},
            {"timestamp": "Thu May 04 14:04:01 UTC 2017"}
        ],
        [
            {"location": [[
                {"latitude": 64.234589},
                {"longitude": 27.729386}
            ]]},
            {"altitude": 161},
            {"distance_km": 0.55},
            {"speed_kmh": 5.4},
            {"timestamp": "Thu May 04 14:04:05 UTC 2017"}
        ],
        [
            {"location": [[
                {"latitude": 64.234665},
                {"longitude": 27.729177}
            ]]},
            {"altitude": 166},
            {"distance_km": 0.56},
            {"speed_kmh": 4.5},
            {"timestamp": "Thu May 04 14:04:11 UTC 2017"}
        ],
        [
            {"location": [[
                {"latitude": 64.234743},
                {"longitude": 27.729037}
            ]]},
            {"altitude": 169.5},
            {"distance_km": 0.57},
            {"speed_kmh": 1.8},
            {"timestamp": "Thu May 04 14:04:21 UTC 2017"}
        ],
        [
            {"location": [[
                {"latitude": 64.234839},
                {"longitude": 27.728929}
            ]]},
            {"altitude": 168.5},
            {"distance_km": 0.59},
            {"speed_kmh": 4.5},
            {"timestamp": "Thu May 04 14:04:29 UTC 2017"}
        ],
        [
            {"location": [[
                {"latitude": 64.234921},
                {"longitude": 27.728792}
            ]]},
            {"altitude": 169.5},
            {"distance_km": 0.6},
            {"speed_kmh": 4.5},
            {"timestamp": "Thu May 04 14:04:35 UTC 2017"}
        ],
        [
            {"location": [[
                {"latitude": 64.23499},
                {"longitude": 27.728649}
            ]]},
            {"altitude": 170},
            {"distance_km": 0.61},
            {"speed_kmh": 4.5},
            {"timestamp": "Thu May 04 14:04:41 UTC 2017"}
        ],
        [
            {"location": [[
                {"latitude": 64.235097},
                {"longitude": 27.728689}
            ]]},
            {"altitude": 171.5},
            {"distance_km": 0.62},
            {"speed_kmh": 3.6},
            {"timestamp": "Thu May 04 14:04:50 UTC 2017"}
        ],
        [
            {"location": [[
                {"latitude": 64.235177},
                {"longitude": 27.728788}
            ]]},
            {"altitude": 175},
            {"distance_km": 0.63},
            {"speed_kmh": 4.5},
            {"timestamp": "Thu May 04 14:04:56 UTC 2017"}
        ],
        [
            {"location": [[
                {"latitude": 64.235249},
                {"longitude": 27.728634}
            ]]},
            {"altitude": 178.5},
            {"distance_km": 0.64},
            {"speed_kmh": 2.7},
            {"timestamp": "Thu May 04 14:05:25 UTC 2017"}
        ],
        [
            {"location": [[
                {"latitude": 64.235351},
                {"longitude": 27.728505}
            ]]},
            {"altitude": 177.5},
            {"distance_km": 0.65},
            {"speed_kmh": 4.5},
            {"timestamp": "Thu May 04 14:05:35 UTC 2017"}
        ],
        [
            {"location": [[
                {"latitude": 64.235468},
                {"longitude": 27.728481}
            ]]},
            {"altitude": 177},
            {"distance_km": 0.67},
            {"speed_kmh": 4.5},
            {"timestamp": "Thu May 04 14:05:43 UTC 2017"}
        ],
        [
            {"location": [[
                {"latitude": 64.23552},
                {"longitude": 27.728269}
            ]]},
            {"altitude": 177},
            {"distance_km": 0.68},
            {"speed_kmh": 0},
            {"timestamp": "Thu May 04 14:05:49 UTC 2017"}
        ],
        [
            {"location": [[
                {"latitude": 64.235596},
                {"longitude": 27.728091}
            ]]},
            {"altitude": 178.5},
            {"distance_km": 0.69},
            {"speed_kmh": 6.3},
            {"timestamp": "Thu May 04 14:05:55 UTC 2017"}
        ],
        [
            {"location": [[
                {"latitude": 64.235658},
                {"longitude": 27.727896}
            ]]},
            {"altitude": 178},
            {"distance_km": 0.7},
            {"speed_kmh": 7.2},
            {"timestamp": "Thu May 04 14:05:59 UTC 2017"}
        ],
        [
            {"location": [[
                {"latitude": 64.235762},
                {"longitude": 27.727864}
            ]]},
            {"altitude": 176.5},
            {"distance_km": 0.71},
            {"speed_kmh": 4.5},
            {"timestamp": "Thu May 04 14:06:05 UTC 2017"}
        ],
        [
            {"location": [[
                {"latitude": 64.235851},
                {"longitude": 27.727789}
            ]]},
            {"altitude": 179},
            {"distance_km": 0.73},
            {"speed_kmh": 3.6},
            {"timestamp": "Thu May 04 14:06:15 UTC 2017"}
        ],
        [
            {"location": [[
                {"latitude": 64.235937},
                {"longitude": 27.727636}
            ]]},
            {"altitude": 179},
            {"distance_km": 0.74},
            {"speed_kmh": 3.6},
            {"timestamp": "Thu May 04 14:06:25 UTC 2017"}
        ],
        [
            {"location": [[
                {"latitude": 64.23597},
                {"longitude": 27.727419}
            ]]},
            {"altitude": 185.5},
            {"distance_km": 0.75},
            {"speed_kmh": 2.7},
            {"timestamp": "Thu May 04 14:06:36 UTC 2017"}
        ],
        [
            {"location": [[
                {"latitude": 64.23603},
                {"longitude": 27.727201}
            ]]},
            {"altitude": 188.5},
            {"distance_km": 0.76},
            {"speed_kmh": 3.6},
            {"timestamp": "Thu May 04 14:06:44 UTC 2017"}
        ],
        [
            {"location": [[
                {"latitude": 64.236091},
                {"longitude": 27.726975}
            ]]},
            {"altitude": 189.5},
            {"distance_km": 0.77},
            {"speed_kmh": 3.6},
            {"timestamp": "Thu May 04 14:06:50 UTC 2017"}
        ],
        [
            {"location": [[
                {"latitude": 64.236137},
                {"longitude": 27.726795}
            ]]},
            {"altitude": 189.5},
            {"distance_km": 0.78},
            {"speed_kmh": 3.6},
            {"timestamp": "Thu May 04 14:06:57 UTC 2017"}
        ],
        [
            {"location": [[
                {"latitude": 64.236176},
                {"longitude": 27.726577}
            ]]},
            {"altitude": 191},
            {"distance_km": 0.8},
            {"speed_kmh": 3.6},
            {"timestamp": "Thu May 04 14:07:05 UTC 2017"}
        ],
        [
            {"location": [[
                {"latitude": 64.236199},
                {"longitude": 27.726355}
            ]]},
            {"altitude": 187.5},
            {"distance_km": 0.81},
            {"speed_kmh": 3.6},
            {"timestamp": "Thu May 04 14:07:13 UTC 2017"}
        ],
        [
            {"location": [[
                {"latitude": 64.236243},
                {"longitude": 27.72612}
            ]]},
            {"altitude": 187.5},
            {"distance_km": 0.82},
            {"speed_kmh": 4.5},
            {"timestamp": "Thu May 04 14:07:21 UTC 2017"}
        ],
        [
            {"location": [[
                {"latitude": 64.236232},
                {"longitude": 27.725906}
            ]]},
            {"altitude": 187},
            {"distance_km": 0.83},
            {"speed_kmh": 3.6},
            {"timestamp": "Thu May 04 14:07:27 UTC 2017"}
        ],
        [
            {"location": [[
                {"latitude": 64.236186},
                {"longitude": 27.725687}
            ]]},
            {"altitude": 188.5},
            {"distance_km": 0.84},
            {"speed_kmh": 4.5},
            {"timestamp": "Thu May 04 14:07:33 UTC 2017"}
        ],
        [
            {"location": [[
                {"latitude": 64.236236},
                {"longitude": 27.725501}
            ]]},
            {"altitude": 184.5},
            {"distance_km": 0.85},
            {"speed_kmh": 3.6},
            {"timestamp": "Thu May 04 14:07:39 UTC 2017"}
        ],
        [
            {"location": [[
                {"latitude": 64.236316},
                {"longitude": 27.725404}
            ]]},
            {"altitude": 176},
            {"distance_km": 0.86},
            {"speed_kmh": 0.9},
            {"timestamp": "Thu May 04 14:08:19 UTC 2017"}
        ],
        [
            {"location": [[
                {"latitude": 64.236406},
                {"longitude": 27.725266}
            ]]},
            {"altitude": 174},
            {"distance_km": 0.87},
            {"speed_kmh": 4.5},
            {"timestamp": "Thu May 04 14:08:31 UTC 2017"}
        ],
        [
            {"location": [[
                {"latitude": 64.236515},
                {"longitude": 27.725219}
            ]]},
            {"altitude": 167.5},
            {"distance_km": 0.89},
            {"speed_kmh": 4.5},
            {"timestamp": "Thu May 04 14:08:39 UTC 2017"}
        ],
        [
            {"location": [[
                {"latitude": 64.236633},
                {"longitude": 27.725247}
            ]]},
            {"altitude": 168.5},
            {"distance_km": 0.9},
            {"speed_kmh": 4.5},
            {"timestamp": "Thu May 04 14:08:48 UTC 2017"}
        ],
        [
            {"location": [[
                {"latitude": 64.236734},
                {"longitude": 27.725266}
            ]]},
            {"altitude": 173.5},
            {"distance_km": 0.91},
            {"speed_kmh": 4.5},
            {"timestamp": "Thu May 04 14:08:56 UTC 2017"}
        ],
        [
            {"location": [[
                {"latitude": 64.236844},
                {"longitude": 27.725282}
            ]]},
            {"altitude": 178.5},
            {"distance_km": 0.92},
            {"speed_kmh": 4.5},
            {"timestamp": "Thu May 04 14:09:04 UTC 2017"}
        ],
        [
            {"location": [[
                {"latitude": 64.23695},
                {"longitude": 27.725303}
            ]]},
            {"altitude": 175},
            {"distance_km": 0.93},
            {"speed_kmh": 4.5},
            {"timestamp": "Thu May 04 14:09:11 UTC 2017"}
        ],
        [
            {"location": [[
                {"latitude": 64.237059},
                {"longitude": 27.72531}
            ]]},
            {"altitude": 174.5},
            {"distance_km": 0.95},
            {"speed_kmh": 5.4},
            {"timestamp": "Thu May 04 14:09:19 UTC 2017"}
        ],
        [
            {"location": [[
                {"latitude": 64.237164},
                {"longitude": 27.725362}
            ]]},
            {"altitude": 174.5},
            {"distance_km": 0.96},
            {"speed_kmh": 4.5},
            {"timestamp": "Thu May 04 14:09:29 UTC 2017"}
        ],
        [
            {"location": [[
                {"latitude": 64.23727},
                {"longitude": 27.72544}
            ]]},
            {"altitude": 176.5},
            {"distance_km": 0.97},
            {"speed_kmh": 4.5},
            {"timestamp": "Thu May 04 14:09:39 UTC 2017"}
        ],
        [
            {"location": [[
                {"latitude": 64.237365},
                {"longitude": 27.725567}
            ]]},
            {"altitude": 173},
            {"distance_km": 0.98},
            {"speed_kmh": 4.5},
            {"timestamp": "Thu May 04 14:09:51 UTC 2017"}
        ],
        [
            {"location": [[
                {"latitude": 64.237438},
                {"longitude": 27.725711}
            ]]},
            {"altitude": 174.5},
            {"distance_km": 0.99},
            {"speed_kmh": 0},
            {"timestamp": "Thu May 04 14:10:01 UTC 2017"}
        ],
        [
            {"location": [[
                {"latitude": 64.237536},
                {"longitude": 27.725875}
            ]]},
            {"altitude": 173},
            {"distance_km": 1.01},
            {"speed_kmh": 4.5},
            {"timestamp": "Thu May 04 14:10:11 UTC 2017"}
        ],
        [
            {"location": [[
                {"latitude": 64.237622},
                {"longitude": 27.725984}
            ]]},
            {"altitude": 173.5},
            {"distance_km": 1.02},
            {"speed_kmh": 2.7},
            {"timestamp": "Thu May 04 14:10:19 UTC 2017"}
        ],
        [
            {"location": [[
                {"latitude": 64.237718},
                {"longitude": 27.726034}
            ]]},
            {"altitude": 175.5},
            {"distance_km": 1.03},
            {"speed_kmh": 4.5},
            {"timestamp": "Thu May 04 14:10:33 UTC 2017"}
        ],
        [
            {"location": [[
                {"latitude": 64.237797},
                {"longitude": 27.726141}
            ]]},
            {"altitude": 175},
            {"distance_km": 1.04},
            {"speed_kmh": 4.5},
            {"timestamp": "Thu May 04 14:10:40 UTC 2017"}
        ],
        [
            {"location": [[
                {"latitude": 64.237888},
                {"longitude": 27.726247}
            ]]},
            {"altitude": 177},
            {"distance_km": 1.05},
            {"speed_kmh": 4.5},
            {"timestamp": "Thu May 04 14:10:46 UTC 2017"}
        ],
        [
            {"location": [[
                {"latitude": 64.237986},
                {"longitude": 27.726335}
            ]]},
            {"altitude": 179},
            {"distance_km": 1.06},
            {"speed_kmh": 4.5},
            {"timestamp": "Thu May 04 14:10:52 UTC 2017"}
        ],
        [
            {"location": [[
                {"latitude": 64.238108},
                {"longitude": 27.726454}
            ]]},
            {"altitude": 183},
            {"distance_km": 1.08},
            {"speed_kmh": 5.4},
            {"timestamp": "Thu May 04 14:10:58 UTC 2017"}
        ],
        [
            {"location": [[
                {"latitude": 64.238195},
                {"longitude": 27.726599}
            ]]},
            {"altitude": 183},
            {"distance_km": 1.09},
            {"speed_kmh": 4.5},
            {"timestamp": "Thu May 04 14:11:05 UTC 2017"}
        ],
        [
            {"location": [[
                {"latitude": 64.238296},
                {"longitude": 27.726638}
            ]]},
            {"altitude": 182.5},
            {"distance_km": 1.1},
            {"speed_kmh": 4.5},
            {"timestamp": "Thu May 04 14:11:11 UTC 2017"}
        ],
        [
            {"location": [[
                {"latitude": 64.238386},
                {"longitude": 27.726673}
            ]]},
            {"altitude": 179.5},
            {"distance_km": 1.11},
            {"speed_kmh": 4.5},
            {"timestamp": "Thu May 04 14:11:17 UTC 2017"}
        ],
        [
            {"location": [[
                {"latitude": 64.238486},
                {"longitude": 27.726676}
            ]]},
            {"altitude": 179.5},
            {"distance_km": 1.12},
            {"speed_kmh": 4.5},
            {"timestamp": "Thu May 04 14:11:23 UTC 2017"}
        ],
        [
            {"location": [[
                {"latitude": 64.238577},
                {"longitude": 27.72671}
            ]]},
            {"altitude": 181},
            {"distance_km": 1.13},
            {"speed_kmh": 4.5},
            {"timestamp": "Thu May 04 14:11:29 UTC 2017"}
        ],
        [
            {"location": [[
                {"latitude": 64.238666},
                {"longitude": 27.726773}
            ]]},
            {"altitude": 186.5},
            {"distance_km": 1.14},
            {"speed_kmh": 4.5},
            {"timestamp": "Thu May 04 14:11:37 UTC 2017"}
        ],
        [
            {"location": [[
                {"latitude": 64.238664},
                {"longitude": 27.726985}
            ]]},
            {"altitude": 181.5},
            {"distance_km": 1.15},
            {"speed_kmh": 3.6},
            {"timestamp": "Thu May 04 14:11:47 UTC 2017"}
        ],
        [
            {"location": [[
                {"latitude": 64.238659},
                {"longitude": 27.727197}
            ]]},
            {"altitude": 178},
            {"distance_km": 1.16},
            {"speed_kmh": 2.7},
            {"timestamp": "Thu May 04 14:11:55 UTC 2017"}
        ],
        [
            {"location": [[
                {"latitude": 64.238676},
                {"longitude": 27.727424}
            ]]},
            {"altitude": 176},
            {"distance_km": 1.17},
            {"speed_kmh": 2.7},
            {"timestamp": "Thu May 04 14:12:03 UTC 2017"}
        ],
        [
            {"location": [[
                {"latitude": 64.238728},
                {"longitude": 27.727634}
            ]]},
            {"altitude": 176.5},
            {"distance_km": 1.19},
            {"speed_kmh": 2.7},
            {"timestamp": "Thu May 04 14:12:11 UTC 2017"}
        ],
        [
            {"location": [[
                {"latitude": 64.238793},
                {"longitude": 27.727849}
            ]]},
            {"altitude": 177.5},
            {"distance_km": 1.2},
            {"speed_kmh": 2.7},
            {"timestamp": "Thu May 04 14:12:19 UTC 2017"}
        ],
        [
            {"location": [[
                {"latitude": 64.238843},
                {"longitude": 27.728084}
            ]]},
            {"altitude": 185},
            {"distance_km": 1.21},
            {"speed_kmh": 2.7},
            {"timestamp": "Thu May 04 14:12:27 UTC 2017"}
        ],
        [
            {"location": [[
                {"latitude": 64.238876},
                {"longitude": 27.728309}
            ]]},
            {"altitude": 180.5},
            {"distance_km": 1.22},
            {"speed_kmh": 2.7},
            {"timestamp": "Thu May 04 14:12:37 UTC 2017"}
        ],
        [
            {"location": [[
                {"latitude": 64.238848},
                {"longitude": 27.728515}
            ]]},
            {"altitude": 177},
            {"distance_km": 1.23},
            {"speed_kmh": 1.8},
            {"timestamp": "Thu May 04 14:12:49 UTC 2017"}
        ],
        [
            {"location": [[
                {"latitude": 64.23875},
                {"longitude": 27.72858}
            ]]},
            {"altitude": 177},
            {"distance_km": 1.24},
            {"speed_kmh": 3.6},
            {"timestamp": "Thu May 04 14:13:00 UTC 2017"}
        ],
        [
            {"location": [[
                {"latitude": 64.238655},
                {"longitude": 27.728681}
            ]]},
            {"altitude": 177},
            {"distance_km": 1.26},
            {"speed_kmh": 2.7},
            {"timestamp": "Thu May 04 14:13:12 UTC 2017"}
        ],
        [
            {"location": [[
                {"latitude": 64.238557},
                {"longitude": 27.7287}
            ]]},
            {"altitude": 169.5},
            {"distance_km": 1.27},
            {"speed_kmh": 2.7},
            {"timestamp": "Thu May 04 14:13:21 UTC 2017"}
        ],
        [
            {"location": [[
                {"latitude": 64.238453},
                {"longitude": 27.728677}
            ]]},
            {"altitude": 167.5},
            {"distance_km": 1.28},
            {"speed_kmh": 2.7},
            {"timestamp": "Thu May 04 14:13:31 UTC 2017"}
        ],
        [
            {"location": [[
                {"latitude": 64.238347},
                {"longitude": 27.728694}
            ]]},
            {"altitude": 175},
            {"distance_km": 1.29},
            {"speed_kmh": 2.7},
            {"timestamp": "Thu May 04 14:13:41 UTC 2017"}
        ],
        [
            {"location": [[
                {"latitude": 64.238251},
                {"longitude": 27.72862}
            ]]},
            {"altitude": 175.5},
            {"distance_km": 1.3},
            {"speed_kmh": 2.7},
            {"timestamp": "Thu May 04 14:13:49 UTC 2017"}
        ],
        [
            {"location": [[
                {"latitude": 64.238154},
                {"longitude": 27.72858}
            ]]},
            {"altitude": 170},
            {"distance_km": 1.31},
            {"speed_kmh": 2.7},
            {"timestamp": "Thu May 04 14:13:57 UTC 2017"}
        ],
        [
            {"location": [[
                {"latitude": 64.238077},
                {"longitude": 27.728702}
            ]]},
            {"altitude": 171.5},
            {"distance_km": 1.32},
            {"speed_kmh": 2.7},
            {"timestamp": "Thu May 04 14:14:05 UTC 2017"}
        ],
        [
            {"location": [[
                {"latitude": 64.237996},
                {"longitude": 27.728798}
            ]]},
            {"altitude": 170.5},
            {"distance_km": 1.33},
            {"speed_kmh": 3.6},
            {"timestamp": "Thu May 04 14:14:13 UTC 2017"}
        ],
        [
            {"location": [[
                {"latitude": 64.237916},
                {"longitude": 27.728939}
            ]]},
            {"altitude": 169},
            {"distance_km": 1.34},
            {"speed_kmh": 3.6},
            {"timestamp": "Thu May 04 14:14:23 UTC 2017"}
        ],
        [
            {"location": [[
                {"latitude": 64.23781},
                {"longitude": 27.728974}
            ]]},
            {"altitude": 164},
            {"distance_km": 1.36},
            {"speed_kmh": 3.6},
            {"timestamp": "Thu May 04 14:14:33 UTC 2017"}
        ],
        [
            {"location": [[
                {"latitude": 64.237716},
                {"longitude": 27.72894}
            ]]},
            {"altitude": 164},
            {"distance_km": 1.37},
            {"speed_kmh": 3.6},
            {"timestamp": "Thu May 04 14:14:42 UTC 2017"}
        ],
        [
            {"location": [[
                {"latitude": 64.237612},
                {"longitude": 27.728935}
            ]]},
            {"altitude": 167},
            {"distance_km": 1.38},
            {"speed_kmh": 3.6},
            {"timestamp": "Thu May 04 14:14:50 UTC 2017"}
        ],
        [
            {"location": [[
                {"latitude": 64.237504},
                {"longitude": 27.728987}
            ]]},
            {"altitude": 170},
            {"distance_km": 1.39},
            {"speed_kmh": 3.6},
            {"timestamp": "Thu May 04 14:14:58 UTC 2017"}
        ],
        [
            {"location": [[
                {"latitude": 64.237415},
                {"longitude": 27.72909}
            ]]},
            {"altitude": 169.5},
            {"distance_km": 1.4},
            {"speed_kmh": 2.7},
            {"timestamp": "Thu May 04 14:15:07 UTC 2017"}
        ],
        [
            {"location": [[
                {"latitude": 64.237325},
                {"longitude": 27.729072}
            ]]},
            {"altitude": 172},
            {"distance_km": 1.41},
            {"speed_kmh": 2.7},
            {"timestamp": "Thu May 04 14:15:15 UTC 2017"}
        ],
        [
            {"location": [[
                {"latitude": 64.237223},
                {"longitude": 27.729024}
            ]]},
            {"altitude": 170.5},
            {"distance_km": 1.42},
            {"speed_kmh": 3.6},
            {"timestamp": "Thu May 04 14:15:23 UTC 2017"}
        ],
        [
            {"location": [[
                {"latitude": 64.237131},
                {"longitude": 27.7289}
            ]]},
            {"altitude": 171},
            {"distance_km": 1.44},
            {"speed_kmh": 3.6},
            {"timestamp": "Thu May 04 14:15:31 UTC 2017"}
        ],
        [
            {"location": [[
                {"latitude": 64.237034},
                {"longitude": 27.728789}
            ]]},
            {"altitude": 175},
            {"distance_km": 1.45},
            {"speed_kmh": 3.6},
            {"timestamp": "Thu May 04 14:15:39 UTC 2017"}
        ],
        [
            {"location": [[
                {"latitude": 64.236949},
                {"longitude": 27.728697}
            ]]},
            {"altitude": 179},
            {"distance_km": 1.46},
            {"speed_kmh": 3.6},
            {"timestamp": "Thu May 04 14:15:47 UTC 2017"}
        ],
        [
            {"location": [[
                {"latitude": 64.236877},
                {"longitude": 27.728572}
            ]]},
            {"altitude": 182.5},
            {"distance_km": 1.47},
            {"speed_kmh": 3.6},
            {"timestamp": "Thu May 04 14:15:53 UTC 2017"}
        ],
        [
            {"location": [[
                {"latitude": 64.236769},
                {"longitude": 27.728519}
            ]]},
            {"altitude": 183},
            {"distance_km": 1.48},
            {"speed_kmh": 3.6},
            {"timestamp": "Thu May 04 14:16:01 UTC 2017"}
        ],
        [
            {"location": [[
                {"latitude": 64.236673},
                {"longitude": 27.728497}
            ]]},
            {"altitude": 186.5},
            {"distance_km": 1.49},
            {"speed_kmh": 1.8},
            {"timestamp": "Thu May 04 14:16:09 UTC 2017"}
        ],
        [
            {"location": [[
                {"latitude": 64.236572},
                {"longitude": 27.72852}
            ]]},
            {"altitude": 190.5},
            {"distance_km": 1.5},
            {"speed_kmh": 2.7},
            {"timestamp": "Thu May 04 14:16:17 UTC 2017"}
        ],
        [
            {"location": [[
                {"latitude": 64.236472},
                {"longitude": 27.728586}
            ]]},
            {"altitude": 188},
            {"distance_km": 1.51},
            {"speed_kmh": 3.6},
            {"timestamp": "Thu May 04 14:16:25 UTC 2017"}
        ],
        [
            {"location": [[
                {"latitude": 64.236381},
                {"longitude": 27.728596}
            ]]},
            {"altitude": 185.5},
            {"distance_km": 1.52},
            {"speed_kmh": 5.4},
            {"timestamp": "Thu May 04 14:16:31 UTC 2017"}
        ],
        [
            {"location": [[
                {"latitude": 64.236278},
                {"longitude": 27.728645}
            ]]},
            {"altitude": 184.5},
            {"distance_km": 1.54},
            {"speed_kmh": 2.7},
            {"timestamp": "Thu May 04 14:16:42 UTC 2017"}
        ],
        [
            {"location": [[
                {"latitude": 64.236195},
                {"longitude": 27.728735}
            ]]},
            {"altitude": 184.5},
            {"distance_km": 1.55},
            {"speed_kmh": 2.7},
            {"timestamp": "Thu May 04 14:16:50 UTC 2017"}
        ],
        [
            {"location": [[
                {"latitude": 64.236093},
                {"longitude": 27.728852}
            ]]},
            {"altitude": 183},
            {"distance_km": 1.56},
            {"speed_kmh": 3.6},
            {"timestamp": "Thu May 04 14:16:58 UTC 2017"}
        ],
        [
            {"location": [[
                {"latitude": 64.23601},
                {"longitude": 27.728934}
            ]]},
            {"altitude": 179},
            {"distance_km": 1.57},
            {"speed_kmh": 3.6},
            {"timestamp": "Thu May 04 14:17:05 UTC 2017"}
        ],
        [
            {"location": [[
                {"latitude": 64.235926},
                {"longitude": 27.729028}
            ]]},
            {"altitude": 178},
            {"distance_km": 1.58},
            {"speed_kmh": 3.6},
            {"timestamp": "Thu May 04 14:17:13 UTC 2017"}
        ],
        [
            {"location": [[
                {"latitude": 64.235833},
                {"longitude": 27.729095}
            ]]},
            {"altitude": 178},
            {"distance_km": 1.59},
            {"speed_kmh": 0},
            {"timestamp": "Thu May 04 14:17:21 UTC 2017"}
        ],
        [
            {"location": [[
                {"latitude": 64.23574},
                {"longitude": 27.729093}
            ]]},
            {"altitude": 176},
            {"distance_km": 1.6},
            {"speed_kmh": 3.6},
            {"timestamp": "Thu May 04 14:17:31 UTC 2017"}
        ],
        [
            {"location": [[
                {"latitude": 64.235651},
                {"longitude": 27.729166}
            ]]},
            {"altitude": 171.5},
            {"distance_km": 1.61},
            {"speed_kmh": 3.6},
            {"timestamp": "Thu May 04 14:17:37 UTC 2017"}
        ],
        [
            {"location": [[
                {"latitude": 64.235537},
                {"longitude": 27.729164}
            ]]},
            {"altitude": 167},
            {"distance_km": 1.62},
            {"speed_kmh": 5.4},
            {"timestamp": "Thu May 04 14:17:47 UTC 2017"}
        ],
        [
            {"location": [[
                {"latitude": 64.235452},
                {"longitude": 27.729245}
            ]]},
            {"altitude": 163.5},
            {"distance_km": 1.63},
            {"speed_kmh": 2.7},
            {"timestamp": "Thu May 04 14:17:57 UTC 2017"}
        ],
        [
            {"location": [[
                {"latitude": 64.235395},
                {"longitude": 27.729406}
            ]]},
            {"altitude": 172.5},
            {"distance_km": 1.64},
            {"speed_kmh": 2.7},
            {"timestamp": "Thu May 04 14:18:07 UTC 2017"}
        ],
        [
            {"location": [[
                {"latitude": 64.235354},
                {"longitude": 27.729621}
            ]]},
            {"altitude": 177},
            {"distance_km": 1.66},
            {"speed_kmh": 2.7},
            {"timestamp": "Thu May 04 14:18:17 UTC 2017"}
        ],
        [
            {"location": [[
                {"latitude": 64.235325},
                {"longitude": 27.729819}
            ]]},
            {"altitude": 175.5},
            {"distance_km": 1.67},
            {"speed_kmh": 3.6},
            {"timestamp": "Thu May 04 14:18:25 UTC 2017"}
        ],
        [
            {"location": [[
                {"latitude": 64.235361},
                {"longitude": 27.730065}
            ]]},
            {"altitude": 175},
            {"distance_km": 1.68},
            {"speed_kmh": 5.4},
            {"timestamp": "Thu May 04 14:18:33 UTC 2017"}
        ],
        [
            {"location": [[
                {"latitude": 64.235383},
                {"longitude": 27.730268}
            ]]},
            {"altitude": 180.5},
            {"distance_km": 1.69},
            {"speed_kmh": 2.7},
            {"timestamp": "Thu May 04 14:18:42 UTC 2017"}
        ],
        [
            {"location": [[
                {"latitude": 64.235405},
                {"longitude": 27.730499}
            ]]},
            {"altitude": 185},
            {"distance_km": 1.7},
            {"speed_kmh": 2.7},
            {"timestamp": "Thu May 04 14:18:50 UTC 2017"}
        ],
        [
            {"location": [[
                {"latitude": 64.235457},
                {"longitude": 27.730693}
            ]]},
            {"altitude": 184},
            {"distance_km": 1.71},
            {"speed_kmh": 4.5},
            {"timestamp": "Thu May 04 14:18:56 UTC 2017"}
        ],
        [
            {"location": [[
                {"latitude": 64.235475},
                {"longitude": 27.730928}
            ]]},
            {"altitude": 183.5},
            {"distance_km": 1.72},
            {"speed_kmh": 3.6},
            {"timestamp": "Thu May 04 14:19:04 UTC 2017"}
        ],
        [
            {"location": [[
                {"latitude": 64.235513},
                {"longitude": 27.731155}
            ]]},
            {"altitude": 184.5},
            {"distance_km": 1.73},
            {"speed_kmh": 3.6},
            {"timestamp": "Thu May 04 14:19:11 UTC 2017"}
        ],
        [
            {"location": [[
                {"latitude": 64.235506},
                {"longitude": 27.731383}
            ]]},
            {"altitude": 184},
            {"distance_km": 1.74},
            {"speed_kmh": 3.6},
            {"timestamp": "Thu May 04 14:19:19 UTC 2017"}
        ],
        [
            {"location": [[
                {"latitude": 64.235489},
                {"longitude": 27.731604}
            ]]},
            {"altitude": 178.5},
            {"distance_km": 1.76},
            {"speed_kmh": 2.7},
            {"timestamp": "Thu May 04 14:19:29 UTC 2017"}
        ],
        [
            {"location": [[
                {"latitude": 64.235426},
                {"longitude": 27.731802}
            ]]},
            {"altitude": 170},
            {"distance_km": 1.77},
            {"speed_kmh": 1.8},
            {"timestamp": "Thu May 04 14:19:39 UTC 2017"}
        ],
        [
            {"location": [[
                {"latitude": 64.235337},
                {"longitude": 27.731928}
            ]]},
            {"altitude": 171.5},
            {"distance_km": 1.78},
            {"speed_kmh": 1.8},
            {"timestamp": "Thu May 04 14:19:55 UTC 2017"}
        ],
        [
            {"location": [[
                {"latitude": 64.235242},
                {"longitude": 27.732023}
            ]]},
            {"altitude": 163.5},
            {"distance_km": 1.79},
            {"speed_kmh": 1.8},
            {"timestamp": "Thu May 04 14:20:03 UTC 2017"}
        ],
        [
            {"location": [[
                {"latitude": 64.235132},
                {"longitude": 27.732043}
            ]]},
            {"altitude": 166.5},
            {"distance_km": 1.8},
            {"speed_kmh": 2.7},
            {"timestamp": "Thu May 04 14:20:11 UTC 2017"}
        ],
        [
            {"location": [[
                {"latitude": 64.235023},
                {"longitude": 27.732082}
            ]]},
            {"altitude": 170},
            {"distance_km": 1.82},
            {"speed_kmh": 0},
            {"timestamp": "Thu May 04 14:20:19 UTC 2017"}
        ],
        [
            {"location": [[
                {"latitude": 64.234933},
                {"longitude": 27.732105}
            ]]},
            {"altitude": 172},
            {"distance_km": 1.83},
            {"speed_kmh": 2.7},
            {"timestamp": "Thu May 04 14:20:27 UTC 2017"}
        ],
        [
            {"location": [[
                {"latitude": 64.234834},
                {"longitude": 27.732141}
            ]]},
            {"altitude": 172.5},
            {"distance_km": 1.84},
            {"speed_kmh": 2.7},
            {"timestamp": "Thu May 04 14:20:33 UTC 2017"}
        ],
        [
            {"location": [[
                {"latitude": 64.234722},
                {"longitude": 27.732225}
            ]]},
            {"altitude": 171},
            {"distance_km": 1.85},
            {"speed_kmh": 1.8},
            {"timestamp": "Thu May 04 14:20:45 UTC 2017"}
        ],
        [
            {"location": [[
                {"latitude": 64.234604},
                {"longitude": 27.732224}
            ]]},
            {"altitude": 173.5},
            {"distance_km": 1.86},
            {"speed_kmh": 2.7},
            {"timestamp": "Thu May 04 14:20:52 UTC 2017"}
        ],
        [
            {"location": [[
                {"latitude": 64.234491},
                {"longitude": 27.732241}
            ]]},
            {"altitude": 175.5},
            {"distance_km": 1.88},
            {"speed_kmh": 4.5},
            {"timestamp": "Thu May 04 14:21:00 UTC 2017"}
        ],
        [
            {"location": [[
                {"latitude": 64.234382},
                {"longitude": 27.732263}
            ]]},
            {"altitude": 172.5},
            {"distance_km": 1.89},
            {"speed_kmh": 3.6},
            {"timestamp": "Thu May 04 14:21:06 UTC 2017"}
        ],
        [
            {"location": [[
                {"latitude": 64.234274},
                {"longitude": 27.732374}
            ]]},
            {"altitude": 172},
            {"distance_km": 1.9},
            {"speed_kmh": 3.6},
            {"timestamp": "Thu May 04 14:21:16 UTC 2017"}
        ],
        [
            {"location": [[
                {"latitude": 64.234179},
                {"longitude": 27.732397}
            ]]},
            {"altitude": 174},
            {"distance_km": 1.91},
            {"speed_kmh": 3.6},
            {"timestamp": "Thu May 04 14:21:22 UTC 2017"}
        ],
        [
            {"location": [[
                {"latitude": 64.234085},
                {"longitude": 27.732443}
            ]]},
            {"altitude": 173.5},
            {"distance_km": 1.92},
            {"speed_kmh": 0},
            {"timestamp": "Thu May 04 14:21:29 UTC 2017"}
        ],
        [
            {"location": [[
                {"latitude": 64.23399},
                {"longitude": 27.732518}
            ]]},
            {"altitude": 171},
            {"distance_km": 1.93},
            {"speed_kmh": 2.7},
            {"timestamp": "Thu May 04 14:21:41 UTC 2017"}
        ],
        [
            {"location": [[
                {"latitude": 64.23391},
                {"longitude": 27.732623}
            ]]},
            {"altitude": 167},
            {"distance_km": 1.94},
            {"speed_kmh": 2.7},
            {"timestamp": "Thu May 04 14:21:51 UTC 2017"}
        ],
        [
            {"location": [[
                {"latitude": 64.233789},
                {"longitude": 27.732711}
            ]]},
            {"altitude": 163},
            {"distance_km": 1.96},
            {"speed_kmh": 4.5},
            {"timestamp": "Thu May 04 14:21:57 UTC 2017"}
        ],
        [
            {"location": [[
                {"latitude": 64.233699},
                {"longitude": 27.732773}
            ]]},
            {"altitude": 159},
            {"distance_km": 1.97},
            {"speed_kmh": 3.6},
            {"timestamp": "Thu May 04 14:22:03 UTC 2017"}
        ],
        [
            {"location": [[
                {"latitude": 64.233616},
                {"longitude": 27.732879}
            ]]},
            {"altitude": 153},
            {"distance_km": 1.98},
            {"speed_kmh": 2.7},
            {"timestamp": "Thu May 04 14:22:13 UTC 2017"}
        ],
        [
            {"location": [[
                {"latitude": 64.233528},
                {"longitude": 27.732933}
            ]]},
            {"altitude": 152},
            {"distance_km": 1.99},
            {"speed_kmh": 2.7},
            {"timestamp": "Thu May 04 14:22:19 UTC 2017"}
        ],
        [
            {"location": [[
                {"latitude": 64.233429},
                {"longitude": 27.733072}
            ]]},
            {"altitude": 156},
            {"distance_km": 2},
            {"speed_kmh": 2.7},
            {"timestamp": "Thu May 04 14:22:27 UTC 2017"}
        ],
        [
            {"location": [[
                {"latitude": 64.233328},
                {"longitude": 27.733172}
            ]]},
            {"altitude": 148.5},
            {"distance_km": 2.01},
            {"speed_kmh": 2.7},
            {"timestamp": "Thu May 04 14:22:35 UTC 2017"}
        ],
        [
            {"location": [[
                {"latitude": 64.233252},
                {"longitude": 27.733296}
            ]]},
            {"altitude": 147},
            {"distance_km": 2.02},
            {"speed_kmh": 5.4},
            {"timestamp": "Thu May 04 14:22:41 UTC 2017"}
        ],
        [
            {"location": [[
                {"latitude": 64.233162},
                {"longitude": 27.733339}
            ]]},
            {"altitude": 147},
            {"distance_km": 2.03},
            {"speed_kmh": 5.4},
            {"timestamp": "Thu May 04 14:22:45 UTC 2017"}
        ],
        [
            {"location": [[
                {"latitude": 64.233065},
                {"longitude": 27.733369}
            ]]},
            {"altitude": 144.5},
            {"distance_km": 2.05},
            {"speed_kmh": 4.5},
            {"timestamp": "Thu May 04 14:22:51 UTC 2017"}
        ],
        [
            {"location": [[
                {"latitude": 64.232934},
                {"longitude": 27.733314}
            ]]},
            {"altitude": 145.5},
            {"distance_km": 2.06},
            {"speed_kmh": 7.2},
            {"timestamp": "Thu May 04 14:22:58 UTC 2017"}
        ],
        [
            {"location": [[
                {"latitude": 64.23282},
                {"longitude": 27.733235}
            ]]},
            {"altitude": 143.5},
            {"distance_km": 2.07},
            {"speed_kmh": 6.3},
            {"timestamp": "Thu May 04 14:23:04 UTC 2017"}
        ],
        [
            {"location": [[
                {"latitude": 64.232755},
                {"longitude": 27.733082}
            ]]},
            {"altitude": 146.5},
            {"distance_km": 2.08},
            {"speed_kmh": 4.5},
            {"timestamp": "Thu May 04 14:23:10 UTC 2017"}
        ],
        [
            {"location": [[
                {"latitude": 64.232747},
                {"longitude": 27.732824}
            ]]},
            {"altitude": 153.5},
            {"distance_km": 2.1},
            {"speed_kmh": 3.6},
            {"timestamp": "Thu May 04 14:23:22 UTC 2017"}
        ],
        [
            {"location": [[
                {"latitude": 64.232788},
                {"longitude": 27.732604}
            ]]},
            {"altitude": 150.5},
            {"distance_km": 2.11},
            {"speed_kmh": 4.5},
            {"timestamp": "Thu May 04 14:24:13 UTC 2017"}
        ],
        [
            {"location": [[
                {"latitude": 64.2328},
                {"longitude": 27.732355}
            ]]},
            {"altitude": 154},
            {"distance_km": 2.12},
            {"speed_kmh": 4.5},
            {"timestamp": "Thu May 04 14:24:21 UTC 2017"}
        ],
        [
            {"location": [[
                {"latitude": 64.232808},
                {"longitude": 27.732124}
            ]]},
            {"altitude": 157},
            {"distance_km": 2.13},
            {"speed_kmh": 4.5},
            {"timestamp": "Thu May 04 14:24:29 UTC 2017"}
        ],
        [
            {"location": [[
                {"latitude": 64.232824},
                {"longitude": 27.731891}
            ]]},
            {"altitude": 155.5},
            {"distance_km": 2.14},
            {"speed_kmh": 4.5},
            {"timestamp": "Thu May 04 14:24:37 UTC 2017"}
        ],
        [
            {"location": [[
                {"latitude": 64.232824},
                {"longitude": 27.731671}
            ]]},
            {"altitude": 157},
            {"distance_km": 2.15},
            {"speed_kmh": 1.8},
            {"timestamp": "Thu May 04 14:24:45 UTC 2017"}
        ],
        [
            {"location": [[
                {"latitude": 64.232833},
                {"longitude": 27.731456}
            ]]},
            {"altitude": 155},
            {"distance_km": 2.16},
            {"speed_kmh": 3.6},
            {"timestamp": "Thu May 04 14:25:02 UTC 2017"}
        ],
        [
            {"location": [[
                {"latitude": 64.232739},
                {"longitude": 27.731404}
            ]]},
            {"altitude": 152.5},
            {"distance_km": 2.17},
            {"speed_kmh": 2.7},
            {"timestamp": "Thu May 04 14:25:18 UTC 2017"}
        ],
        [
            {"location": [[
                {"latitude": 64.232636},
                {"longitude": 27.731364}
            ]]},
            {"altitude": 155},
            {"distance_km": 2.19},
            {"speed_kmh": 6.3},
            {"timestamp": "Thu May 04 14:25:37 UTC 2017"}
        ],
        [
            {"location": [[
                {"latitude": 64.232546},
                {"longitude": 27.731283}
            ]]},
            {"altitude": 154},
            {"distance_km": 2.2},
            {"speed_kmh": 5.4},
            {"timestamp": "Thu May 04 14:25:43 UTC 2017"}
        ],
        [
            {"location": [[
                {"latitude": 64.232453},
                {"longitude": 27.731189}
            ]]},
            {"altitude": 153},
            {"distance_km": 2.21},
            {"speed_kmh": 5.4},
            {"timestamp": "Thu May 04 14:25:51 UTC 2017"}
        ],
        [
            {"location": [[
                {"latitude": 64.232382},
                {"longitude": 27.731062}
            ]]},
            {"altitude": 152.5},
            {"distance_km": 2.22},
            {"speed_kmh": 5.4},
            {"timestamp": "Thu May 04 14:25:57 UTC 2017"}
        ],
        [
            {"location": [[
                {"latitude": 64.232292},
                {"longitude": 27.730942}
            ]]},
            {"altitude": 151},
            {"distance_km": 2.23},
            {"speed_kmh": 3.6},
            {"timestamp": "Thu May 04 14:26:05 UTC 2017"}
        ],
        [
            {"location": [[
                {"latitude": 64.232201},
                {"longitude": 27.730874}
            ]]},
            {"altitude": 153.5},
            {"distance_km": 2.24},
            {"speed_kmh": 5.4},
            {"timestamp": "Thu May 04 14:26:11 UTC 2017"}
        ],
        [
            {"location": [[
                {"latitude": 64.232108},
                {"longitude": 27.730763}
            ]]},
            {"altitude": 151},
            {"distance_km": 2.25},
            {"speed_kmh": 4.5},
            {"timestamp": "Thu May 04 14:26:19 UTC 2017"}
        ],
        [
            {"location": [[
                {"latitude": 64.232011},
                {"longitude": 27.730662}
            ]]},
            {"altitude": 149},
            {"distance_km": 2.26},
            {"speed_kmh": 4.5},
            {"timestamp": "Thu May 04 14:26:29 UTC 2017"}
        ],
        [
            {"location": [[
                {"latitude": 64.231951},
                {"longitude": 27.7305}
            ]]},
            {"altitude": 144},
            {"distance_km": 2.27},
            {"speed_kmh": 4.5},
            {"timestamp": "Thu May 04 14:26:37 UTC 2017"}
        ],
        [
            {"location": [[
                {"latitude": 64.231865},
                {"longitude": 27.730325}
            ]]},
            {"altitude": 147.5},
            {"distance_km": 2.29},
            {"speed_kmh": 4.5},
            {"timestamp": "Thu May 04 14:26:46 UTC 2017"}
        ],
        [
            {"location": [[
                {"latitude": 64.231789},
                {"longitude": 27.73021}
            ]]},
            {"altitude": 147},
            {"distance_km": 2.3},
            {"speed_kmh": 2.7},
            {"timestamp": "Thu May 04 14:26:54 UTC 2017"}
        ],
        [
            {"location": [[
                {"latitude": 64.23172},
                {"longitude": 27.730032}
            ]]},
            {"altitude": 143},
            {"distance_km": 2.31},
            {"speed_kmh": 5.4},
            {"timestamp": "Thu May 04 14:27:02 UTC 2017"}
        ],
        [
            {"location": [[
                {"latitude": 64.231675},
                {"longitude": 27.72982}
            ]]},
            {"altitude": 143},
            {"distance_km": 2.32},
            {"speed_kmh": 0},
            {"timestamp": "Thu May 04 14:27:20 UTC 2017"}
        ],
        [
            {"location": [[
                {"latitude": 64.23168},
                {"longitude": 27.729603}
            ]]},
            {"altitude": 141.5},
            {"distance_km": 2.33},
            {"speed_kmh": 3.6},
            {"timestamp": "Thu May 04 14:27:33 UTC 2017"}
        ],
        [
            {"location": [[
                {"latitude": 64.231748},
                {"longitude": 27.729459}
            ]]},
            {"altitude": 140},
            {"distance_km": 2.34},
            {"speed_kmh": 0},
            {"timestamp": "Thu May 04 14:28:07 UTC 2017"}
        ],
        [
            {"location": [[
                {"latitude": 64.23184},
                {"longitude": 27.729497}
            ]]},
            {"altitude": 133},
            {"distance_km": 2.35},
            {"speed_kmh": 0.9},
            {"timestamp": "Thu May 04 14:31:27 UTC 2017"}
        ],
        [
            {"location": [[
                {"latitude": 64.231821},
                {"longitude": 27.729411}
            ]]},
            {"altitude": 140.5},
            {"distance_km": 2.35},
            {"speed_kmh": 0},
            {"timestamp": "Thu May 04 14:31:39 UTC 2017"}
        ],
        [
            {"location": [[
                {"latitude": 64.231821},
                {"longitude": 27.729419}
            ]]},
            {"altitude": 139.5},
            {"distance_km": 2.35},
            {"speed_kmh": 0},
            {"timestamp": "Thu May 04 14:31:40 UTC 2017"}
        ]
    ]}
]