[
    {"sport": "WALKING"},
    {"source": "TRACK_MOBILE"},
    {"created_date": "2017-04-05 16:22:27.0"},
    {"start_time": "2017-04-05 16:20:06.0"},
    {"end_time": "2017-04-05 16:43:50.0"},
    {"duration_s": 1423},
    {"distance_km": 1.77},
    {"calories_kcal": 130.121},
    {"altitude_min_m": 91.5},
    {"altitude_max_m": 173},
    {"speed_avg_kmh": 4.477863668306395},
    {"speed_max_kmh": 9},
    {"ascend_m": 132.5},
    {"descend_m": 130.5},
    {"points": [
        [
            {"location": [[
                {"latitude": 64.231769},
                {"longitude": 27.729692}
            ]]},
            {"altitude": 147.5},
            {"distance_km": 0},
            {"speed_kmh": 0},
            {"timestamp": "Wed Apr 05 16:20:06 UTC 2017"}
        ],
        [
            {"location": [[
                {"latitude": 64.231697},
                {"longitude": 27.729417}
            ]]},
            {"altitude": 116.5},
            {"distance_km": 0.02},
            {"speed_kmh": 5.4},
            {"timestamp": "Wed Apr 05 16:21:05 UTC 2017"}
        ],
        [
            {"location": [[
                {"latitude": 64.231632},
                {"longitude": 27.729571}
            ]]},
            {"altitude": 113},
            {"distance_km": 0.03},
            {"speed_kmh": 4.5},
            {"timestamp": "Wed Apr 05 16:21:11 UTC 2017"}
        ],
        [
            {"location": [[
                {"latitude": 64.231626},
                {"longitude": 27.729789}
            ]]},
            {"altitude": 105.5},
            {"distance_km": 0.04},
            {"speed_kmh": 4.5},
            {"timestamp": "Wed Apr 05 16:21:19 UTC 2017"}
        ],
        [
            {"location": [[
                {"latitude": 64.231689},
                {"longitude": 27.729986}
            ]]},
            {"altitude": 100.5},
            {"distance_km": 0.05},
            {"speed_kmh": 4.5},
            {"timestamp": "Wed Apr 05 16:21:27 UTC 2017"}
        ],
        [
            {"location": [[
                {"latitude": 64.23178},
                {"longitude": 27.73016}
            ]]},
            {"altitude": 96.5},
            {"distance_km": 0.06},
            {"speed_kmh": 0},
            {"timestamp": "Wed Apr 05 16:21:35 UTC 2017"}
        ],
        [
            {"location": [[
                {"latitude": 64.231864},
                {"longitude": 27.730319}
            ]]},
            {"altitude": 97.5},
            {"distance_km": 0.07},
            {"speed_kmh": 4.5},
            {"timestamp": "Wed Apr 05 16:21:45 UTC 2017"}
        ],
        [
            {"location": [[
                {"latitude": 64.231959},
                {"longitude": 27.730427}
            ]]},
            {"altitude": 93},
            {"distance_km": 0.09},
            {"speed_kmh": 4.5},
            {"timestamp": "Wed Apr 05 16:21:52 UTC 2017"}
        ],
        [
            {"location": [[
                {"latitude": 64.232045},
                {"longitude": 27.730545}
            ]]},
            {"altitude": 93},
            {"distance_km": 0.1},
            {"speed_kmh": 6.3},
            {"timestamp": "Wed Apr 05 16:21:58 UTC 2017"}
        ],
        [
            {"location": [[
                {"latitude": 64.232127},
                {"longitude": 27.73064}
            ]]},
            {"altitude": 92.5},
            {"distance_km": 0.11},
            {"speed_kmh": 5.4},
            {"timestamp": "Wed Apr 05 16:22:04 UTC 2017"}
        ],
        [
            {"location": [[
                {"latitude": 64.232224},
                {"longitude": 27.730757}
            ]]},
            {"altitude": 93.5},
            {"distance_km": 0.12},
            {"speed_kmh": 5.4},
            {"timestamp": "Wed Apr 05 16:22:12 UTC 2017"}
        ],
        [
            {"location": [[
                {"latitude": 64.232314},
                {"longitude": 27.730897}
            ]]},
            {"altitude": 91.5},
            {"distance_km": 0.13},
            {"speed_kmh": 5.4},
            {"timestamp": "Wed Apr 05 16:22:21 UTC 2017"}
        ],
        [
            {"location": [[
                {"latitude": 64.232419},
                {"longitude": 27.73103}
            ]]},
            {"altitude": 92},
            {"distance_km": 0.14},
            {"speed_kmh": 5.4},
            {"timestamp": "Wed Apr 05 16:22:29 UTC 2017"}
        ],
        [
            {"location": [[
                {"latitude": 64.232517},
                {"longitude": 27.73116}
            ]]},
            {"altitude": 95.5},
            {"distance_km": 0.16},
            {"speed_kmh": 4.5},
            {"timestamp": "Wed Apr 05 16:22:37 UTC 2017"}
        ],
        [
            {"location": [[
                {"latitude": 64.232621},
                {"longitude": 27.731282}
            ]]},
            {"altitude": 94},
            {"distance_km": 0.17},
            {"speed_kmh": 4.5},
            {"timestamp": "Wed Apr 05 16:22:49 UTC 2017"}
        ],
        [
            {"location": [[
                {"latitude": 64.232745},
                {"longitude": 27.731352}
            ]]},
            {"altitude": 97.5},
            {"distance_km": 0.18},
            {"speed_kmh": 4.5},
            {"timestamp": "Wed Apr 05 16:22:57 UTC 2017"}
        ],
        [
            {"location": [[
                {"latitude": 64.232848},
                {"longitude": 27.731383}
            ]]},
            {"altitude": 99.5},
            {"distance_km": 0.2},
            {"speed_kmh": 4.5},
            {"timestamp": "Wed Apr 05 16:23:05 UTC 2017"}
        ],
        [
            {"location": [[
                {"latitude": 64.232932},
                {"longitude": 27.731462}
            ]]},
            {"altitude": 101.5},
            {"distance_km": 0.21},
            {"speed_kmh": 0},
            {"timestamp": "Wed Apr 05 16:23:16 UTC 2017"}
        ],
        [
            {"location": [[
                {"latitude": 64.233036},
                {"longitude": 27.731464}
            ]]},
            {"altitude": 113},
            {"distance_km": 0.22},
            {"speed_kmh": 2.7},
            {"timestamp": "Wed Apr 05 16:23:32 UTC 2017"}
        ],
        [
            {"location": [[
                {"latitude": 64.233134},
                {"longitude": 27.731478}
            ]]},
            {"altitude": 115.5},
            {"distance_km": 0.23},
            {"speed_kmh": 0},
            {"timestamp": "Wed Apr 05 16:23:40 UTC 2017"}
        ],
        [
            {"location": [[
                {"latitude": 64.233239},
                {"longitude": 27.73155}
            ]]},
            {"altitude": 119},
            {"distance_km": 0.24},
            {"speed_kmh": 2.7},
            {"timestamp": "Wed Apr 05 16:23:56 UTC 2017"}
        ],
        [
            {"location": [[
                {"latitude": 64.233365},
                {"longitude": 27.73157}
            ]]},
            {"altitude": 107},
            {"distance_km": 0.25},
            {"speed_kmh": 2.7},
            {"timestamp": "Wed Apr 05 16:24:02 UTC 2017"}
        ],
        [
            {"location": [[
                {"latitude": 64.233487},
                {"longitude": 27.731537}
            ]]},
            {"altitude": 107},
            {"distance_km": 0.27},
            {"speed_kmh": 3.6},
            {"timestamp": "Wed Apr 05 16:24:08 UTC 2017"}
        ],
        [
            {"location": [[
                {"latitude": 64.233584},
                {"longitude": 27.731461}
            ]]},
            {"altitude": 108},
            {"distance_km": 0.28},
            {"speed_kmh": 3.6},
            {"timestamp": "Wed Apr 05 16:24:17 UTC 2017"}
        ],
        [
            {"location": [[
                {"latitude": 64.233688},
                {"longitude": 27.731387}
            ]]},
            {"altitude": 109},
            {"distance_km": 0.29},
            {"speed_kmh": 2.7},
            {"timestamp": "Wed Apr 05 16:24:27 UTC 2017"}
        ],
        [
            {"location": [[
                {"latitude": 64.233758},
                {"longitude": 27.731251}
            ]]},
            {"altitude": 110},
            {"distance_km": 0.3},
            {"speed_kmh": 2.7},
            {"timestamp": "Wed Apr 05 16:24:35 UTC 2017"}
        ],
        [
            {"location": [[
                {"latitude": 64.233848},
                {"longitude": 27.731152}
            ]]},
            {"altitude": 110.5},
            {"distance_km": 0.31},
            {"speed_kmh": 2.7},
            {"timestamp": "Wed Apr 05 16:24:43 UTC 2017"}
        ],
        [
            {"location": [[
                {"latitude": 64.233935},
                {"longitude": 27.731104}
            ]]},
            {"altitude": 108.5},
            {"distance_km": 0.32},
            {"speed_kmh": 2.7},
            {"timestamp": "Wed Apr 05 16:24:53 UTC 2017"}
        ],
        [
            {"location": [[
                {"latitude": 64.233986},
                {"longitude": 27.730931}
            ]]},
            {"altitude": 107.5},
            {"distance_km": 0.33},
            {"speed_kmh": 2.7},
            {"timestamp": "Wed Apr 05 16:25:03 UTC 2017"}
        ],
        [
            {"location": [[
                {"latitude": 64.234059},
                {"longitude": 27.730748}
            ]]},
            {"altitude": 108},
            {"distance_km": 0.35},
            {"speed_kmh": 3.6},
            {"timestamp": "Wed Apr 05 16:25:09 UTC 2017"}
        ],
        [
            {"location": [[
                {"latitude": 64.234101},
                {"longitude": 27.730541}
            ]]},
            {"altitude": 111.5},
            {"distance_km": 0.36},
            {"speed_kmh": 2.7},
            {"timestamp": "Wed Apr 05 16:25:17 UTC 2017"}
        ],
        [
            {"location": [[
                {"latitude": 64.234159},
                {"longitude": 27.730353}
            ]]},
            {"altitude": 112},
            {"distance_km": 0.37},
            {"speed_kmh": 2.7},
            {"timestamp": "Wed Apr 05 16:25:25 UTC 2017"}
        ],
        [
            {"location": [[
                {"latitude": 64.234249},
                {"longitude": 27.730246}
            ]]},
            {"altitude": 115.5},
            {"distance_km": 0.38},
            {"speed_kmh": 2.7},
            {"timestamp": "Wed Apr 05 16:25:32 UTC 2017"}
        ],
        [
            {"location": [[
                {"latitude": 64.234324},
                {"longitude": 27.730082}
            ]]},
            {"altitude": 117},
            {"distance_km": 0.39},
            {"speed_kmh": 2.7},
            {"timestamp": "Wed Apr 05 16:25:42 UTC 2017"}
        ],
        [
            {"location": [[
                {"latitude": 64.2344},
                {"longitude": 27.729968}
            ]]},
            {"altitude": 124},
            {"distance_km": 0.4},
            {"speed_kmh": 2.7},
            {"timestamp": "Wed Apr 05 16:25:52 UTC 2017"}
        ],
        [
            {"location": [[
                {"latitude": 64.234479},
                {"longitude": 27.729823}
            ]]},
            {"altitude": 123},
            {"distance_km": 0.41},
            {"speed_kmh": 2.7},
            {"timestamp": "Wed Apr 05 16:26:02 UTC 2017"}
        ],
        [
            {"location": [[
                {"latitude": 64.234554},
                {"longitude": 27.729698}
            ]]},
            {"altitude": 121},
            {"distance_km": 0.42},
            {"speed_kmh": 2.7},
            {"timestamp": "Wed Apr 05 16:26:10 UTC 2017"}
        ],
        [
            {"location": [[
                {"latitude": 64.23464},
                {"longitude": 27.729543}
            ]]},
            {"altitude": 122.5},
            {"distance_km": 0.43},
            {"speed_kmh": 2.7},
            {"timestamp": "Wed Apr 05 16:26:19 UTC 2017"}
        ],
        [
            {"location": [[
                {"latitude": 64.234711},
                {"longitude": 27.729363}
            ]]},
            {"altitude": 124},
            {"distance_km": 0.45},
            {"speed_kmh": 0},
            {"timestamp": "Wed Apr 05 16:26:27 UTC 2017"}
        ],
        [
            {"location": [[
                {"latitude": 64.234796},
                {"longitude": 27.729253}
            ]]},
            {"altitude": 128},
            {"distance_km": 0.46},
            {"speed_kmh": 2.7},
            {"timestamp": "Wed Apr 05 16:26:45 UTC 2017"}
        ],
        [
            {"location": [[
                {"latitude": 64.234882},
                {"longitude": 27.729126}
            ]]},
            {"altitude": 139.5},
            {"distance_km": 0.47},
            {"speed_kmh": 2.7},
            {"timestamp": "Wed Apr 05 16:26:57 UTC 2017"}
        ],
        [
            {"location": [[
                {"latitude": 64.234965},
                {"longitude": 27.729041}
            ]]},
            {"altitude": 144},
            {"distance_km": 0.48},
            {"speed_kmh": 0},
            {"timestamp": "Wed Apr 05 16:27:07 UTC 2017"}
        ],
        [
            {"location": [[
                {"latitude": 64.235052},
                {"longitude": 27.729101}
            ]]},
            {"altitude": 148},
            {"distance_km": 0.49},
            {"speed_kmh": 2.7},
            {"timestamp": "Wed Apr 05 16:27:17 UTC 2017"}
        ],
        [
            {"location": [[
                {"latitude": 64.235148},
                {"longitude": 27.729123}
            ]]},
            {"altitude": 150.5},
            {"distance_km": 0.5},
            {"speed_kmh": 3.6},
            {"timestamp": "Wed Apr 05 16:27:22 UTC 2017"}
        ],
        [
            {"location": [[
                {"latitude": 64.235239},
                {"longitude": 27.729165}
            ]]},
            {"altitude": 152.5},
            {"distance_km": 0.51},
            {"speed_kmh": 1.8},
            {"timestamp": "Wed Apr 05 16:27:28 UTC 2017"}
        ],
        [
            {"location": [[
                {"latitude": 64.235312},
                {"longitude": 27.728992}
            ]]},
            {"altitude": 155.5},
            {"distance_km": 0.52},
            {"speed_kmh": 2.7},
            {"timestamp": "Wed Apr 05 16:27:40 UTC 2017"}
        ],
        [
            {"location": [[
                {"latitude": 64.235288},
                {"longitude": 27.728765}
            ]]},
            {"altitude": 158.5},
            {"distance_km": 0.53},
            {"speed_kmh": 2.7},
            {"timestamp": "Wed Apr 05 16:27:48 UTC 2017"}
        ],
        [
            {"location": [[
                {"latitude": 64.235352},
                {"longitude": 27.728586}
            ]]},
            {"altitude": 163},
            {"distance_km": 0.54},
            {"speed_kmh": 2.7},
            {"timestamp": "Wed Apr 05 16:28:00 UTC 2017"}
        ],
        [
            {"location": [[
                {"latitude": 64.23547},
                {"longitude": 27.72855}
            ]]},
            {"altitude": 167.5},
            {"distance_km": 0.56},
            {"speed_kmh": 3.6},
            {"timestamp": "Wed Apr 05 16:28:08 UTC 2017"}
        ],
        [
            {"location": [[
                {"latitude": 64.23558},
                {"longitude": 27.728483}
            ]]},
            {"altitude": 168},
            {"distance_km": 0.57},
            {"speed_kmh": 3.6},
            {"timestamp": "Wed Apr 05 16:28:17 UTC 2017"}
        ],
        [
            {"location": [[
                {"latitude": 64.235662},
                {"longitude": 27.728352}
            ]]},
            {"altitude": 165.5},
            {"distance_km": 0.58},
            {"speed_kmh": 3.6},
            {"timestamp": "Wed Apr 05 16:28:25 UTC 2017"}
        ],
        [
            {"location": [[
                {"latitude": 64.23574},
                {"longitude": 27.728247}
            ]]},
            {"altitude": 167},
            {"distance_km": 0.59},
            {"speed_kmh": 0.9},
            {"timestamp": "Wed Apr 05 16:28:33 UTC 2017"}
        ],
        [
            {"location": [[
                {"latitude": 64.235826},
                {"longitude": 27.728141}
            ]]},
            {"altitude": 167},
            {"distance_km": 0.6},
            {"speed_kmh": 4.5},
            {"timestamp": "Wed Apr 05 16:28:41 UTC 2017"}
        ],
        [
            {"location": [[
                {"latitude": 64.235915},
                {"longitude": 27.728067}
            ]]},
            {"altitude": 165},
            {"distance_km": 0.61},
            {"speed_kmh": 4.5},
            {"timestamp": "Wed Apr 05 16:28:47 UTC 2017"}
        ],
        [
            {"location": [[
                {"latitude": 64.235985},
                {"longitude": 27.727911}
            ]]},
            {"altitude": 163.5},
            {"distance_km": 0.62},
            {"speed_kmh": 4.5},
            {"timestamp": "Wed Apr 05 16:28:55 UTC 2017"}
        ],
        [
            {"location": [[
                {"latitude": 64.23608},
                {"longitude": 27.727885}
            ]]},
            {"altitude": 163},
            {"distance_km": 0.63},
            {"speed_kmh": 2.7},
            {"timestamp": "Wed Apr 05 16:29:03 UTC 2017"}
        ],
        [
            {"location": [[
                {"latitude": 64.236154},
                {"longitude": 27.727759}
            ]]},
            {"altitude": 165},
            {"distance_km": 0.64},
            {"speed_kmh": 2.7},
            {"timestamp": "Wed Apr 05 16:29:11 UTC 2017"}
        ],
        [
            {"location": [[
                {"latitude": 64.236239},
                {"longitude": 27.727587}
            ]]},
            {"altitude": 163},
            {"distance_km": 0.66},
            {"speed_kmh": 2.7},
            {"timestamp": "Wed Apr 05 16:29:19 UTC 2017"}
        ],
        [
            {"location": [[
                {"latitude": 64.236344},
                {"longitude": 27.727473}
            ]]},
            {"altitude": 167},
            {"distance_km": 0.67},
            {"speed_kmh": 4.5},
            {"timestamp": "Wed Apr 05 16:29:30 UTC 2017"}
        ],
        [
            {"location": [[
                {"latitude": 64.236449},
                {"longitude": 27.727499}
            ]]},
            {"altitude": 171.5},
            {"distance_km": 0.68},
            {"speed_kmh": 4.5},
            {"timestamp": "Wed Apr 05 16:29:36 UTC 2017"}
        ],
        [
            {"location": [[
                {"latitude": 64.236545},
                {"longitude": 27.727534}
            ]]},
            {"altitude": 170},
            {"distance_km": 0.69},
            {"speed_kmh": 4.5},
            {"timestamp": "Wed Apr 05 16:29:42 UTC 2017"}
        ],
        [
            {"location": [[
                {"latitude": 64.23665},
                {"longitude": 27.727598}
            ]]},
            {"altitude": 171},
            {"distance_km": 0.7},
            {"speed_kmh": 3.6},
            {"timestamp": "Wed Apr 05 16:29:50 UTC 2017"}
        ],
        [
            {"location": [[
                {"latitude": 64.236756},
                {"longitude": 27.727635}
            ]]},
            {"altitude": 172.5},
            {"distance_km": 0.72},
            {"speed_kmh": 3.6},
            {"timestamp": "Wed Apr 05 16:30:00 UTC 2017"}
        ],
        [
            {"location": [[
                {"latitude": 64.23686},
                {"longitude": 27.727691}
            ]]},
            {"altitude": 170},
            {"distance_km": 0.73},
            {"speed_kmh": 3.6},
            {"timestamp": "Wed Apr 05 16:30:08 UTC 2017"}
        ],
        [
            {"location": [[
                {"latitude": 64.236946},
                {"longitude": 27.727771}
            ]]},
            {"altitude": 166},
            {"distance_km": 0.74},
            {"speed_kmh": 3.6},
            {"timestamp": "Wed Apr 05 16:30:15 UTC 2017"}
        ],
        [
            {"location": [[
                {"latitude": 64.237037},
                {"longitude": 27.72781}
            ]]},
            {"altitude": 168},
            {"distance_km": 0.75},
            {"speed_kmh": 3.6},
            {"timestamp": "Wed Apr 05 16:30:21 UTC 2017"}
        ],
        [
            {"location": [[
                {"latitude": 64.237143},
                {"longitude": 27.727867}
            ]]},
            {"altitude": 168},
            {"distance_km": 0.76},
            {"speed_kmh": 3.6},
            {"timestamp": "Wed Apr 05 16:30:29 UTC 2017"}
        ],
        [
            {"location": [[
                {"latitude": 64.237239},
                {"longitude": 27.727918}
            ]]},
            {"altitude": 168.5},
            {"distance_km": 0.77},
            {"speed_kmh": 3.6},
            {"timestamp": "Wed Apr 05 16:30:39 UTC 2017"}
        ],
        [
            {"location": [[
                {"latitude": 64.237335},
                {"longitude": 27.728003}
            ]]},
            {"altitude": 168},
            {"distance_km": 0.78},
            {"speed_kmh": 3.6},
            {"timestamp": "Wed Apr 05 16:30:45 UTC 2017"}
        ],
        [
            {"location": [[
                {"latitude": 64.237456},
                {"longitude": 27.728113}
            ]]},
            {"altitude": 170},
            {"distance_km": 0.8},
            {"speed_kmh": 3.6},
            {"timestamp": "Wed Apr 05 16:30:53 UTC 2017"}
        ],
        [
            {"location": [[
                {"latitude": 64.237541},
                {"longitude": 27.728201}
            ]]},
            {"altitude": 165.5},
            {"distance_km": 0.81},
            {"speed_kmh": 3.6},
            {"timestamp": "Wed Apr 05 16:31:01 UTC 2017"}
        ],
        [
            {"location": [[
                {"latitude": 64.237632},
                {"longitude": 27.728292}
            ]]},
            {"altitude": 164},
            {"distance_km": 0.82},
            {"speed_kmh": 3.6},
            {"timestamp": "Wed Apr 05 16:31:09 UTC 2017"}
        ],
        [
            {"location": [[
                {"latitude": 64.237728},
                {"longitude": 27.728319}
            ]]},
            {"altitude": 165},
            {"distance_km": 0.83},
            {"speed_kmh": 3.6},
            {"timestamp": "Wed Apr 05 16:31:16 UTC 2017"}
        ],
        [
            {"location": [[
                {"latitude": 64.237812},
                {"longitude": 27.728402}
            ]]},
            {"altitude": 160.5},
            {"distance_km": 0.84},
            {"speed_kmh": 3.6},
            {"timestamp": "Wed Apr 05 16:31:24 UTC 2017"}
        ],
        [
            {"location": [[
                {"latitude": 64.237901},
                {"longitude": 27.728506}
            ]]},
            {"altitude": 156},
            {"distance_km": 0.85},
            {"speed_kmh": 3.6},
            {"timestamp": "Wed Apr 05 16:31:32 UTC 2017"}
        ],
        [
            {"location": [[
                {"latitude": 64.237828},
                {"longitude": 27.728675}
            ]]},
            {"altitude": 158},
            {"distance_km": 0.86},
            {"speed_kmh": 3.6},
            {"timestamp": "Wed Apr 05 16:32:03 UTC 2017"}
        ],
        [
            {"location": [[
                {"latitude": 64.23772},
                {"longitude": 27.728671}
            ]]},
            {"altitude": 159.5},
            {"distance_km": 0.87},
            {"speed_kmh": 3.6},
            {"timestamp": "Wed Apr 05 16:32:13 UTC 2017"}
        ],
        [
            {"location": [[
                {"latitude": 64.237621},
                {"longitude": 27.728609}
            ]]},
            {"altitude": 158},
            {"distance_km": 0.89},
            {"speed_kmh": 3.6},
            {"timestamp": "Wed Apr 05 16:32:23 UTC 2017"}
        ],
        [
            {"location": [[
                {"latitude": 64.237531},
                {"longitude": 27.728551}
            ]]},
            {"altitude": 161},
            {"distance_km": 0.9},
            {"speed_kmh": 3.6},
            {"timestamp": "Wed Apr 05 16:32:31 UTC 2017"}
        ],
        [
            {"location": [[
                {"latitude": 64.237414},
                {"longitude": 27.728594}
            ]]},
            {"altitude": 163},
            {"distance_km": 0.91},
            {"speed_kmh": 3.6},
            {"timestamp": "Wed Apr 05 16:32:39 UTC 2017"}
        ],
        [
            {"location": [[
                {"latitude": 64.237321},
                {"longitude": 27.728652}
            ]]},
            {"altitude": 156},
            {"distance_km": 0.92},
            {"speed_kmh": 4.5},
            {"timestamp": "Wed Apr 05 16:32:45 UTC 2017"}
        ],
        [
            {"location": [[
                {"latitude": 64.237232},
                {"longitude": 27.72871}
            ]]},
            {"altitude": 157.5},
            {"distance_km": 0.93},
            {"speed_kmh": 1.8},
            {"timestamp": "Wed Apr 05 16:32:55 UTC 2017"}
        ],
        [
            {"location": [[
                {"latitude": 64.237136},
                {"longitude": 27.728641}
            ]]},
            {"altitude": 163},
            {"distance_km": 0.94},
            {"speed_kmh": 2.7},
            {"timestamp": "Wed Apr 05 16:33:05 UTC 2017"}
        ],
        [
            {"location": [[
                {"latitude": 64.237056},
                {"longitude": 27.728542}
            ]]},
            {"altitude": 166.5},
            {"distance_km": 0.95},
            {"speed_kmh": 2.7},
            {"timestamp": "Wed Apr 05 16:33:11 UTC 2017"}
        ],
        [
            {"location": [[
                {"latitude": 64.236962},
                {"longitude": 27.728437}
            ]]},
            {"altitude": 166.5},
            {"distance_km": 0.96},
            {"speed_kmh": 2.7},
            {"timestamp": "Wed Apr 05 16:33:20 UTC 2017"}
        ],
        [
            {"location": [[
                {"latitude": 64.236868},
                {"longitude": 27.728308}
            ]]},
            {"altitude": 171.5},
            {"distance_km": 0.98},
            {"speed_kmh": 3.6},
            {"timestamp": "Wed Apr 05 16:33:32 UTC 2017"}
        ],
        [
            {"location": [[
                {"latitude": 64.236772},
                {"longitude": 27.728209}
            ]]},
            {"altitude": 170.5},
            {"distance_km": 0.99},
            {"speed_kmh": 3.6},
            {"timestamp": "Wed Apr 05 16:33:40 UTC 2017"}
        ],
        [
            {"location": [[
                {"latitude": 64.236662},
                {"longitude": 27.728161}
            ]]},
            {"altitude": 170},
            {"distance_km": 1},
            {"speed_kmh": 4.5},
            {"timestamp": "Wed Apr 05 16:33:46 UTC 2017"}
        ],
        [
            {"location": [[
                {"latitude": 64.236565},
                {"longitude": 27.728105}
            ]]},
            {"altitude": 172},
            {"distance_km": 1.01},
            {"speed_kmh": 3.6},
            {"timestamp": "Wed Apr 05 16:33:54 UTC 2017"}
        ],
        [
            {"location": [[
                {"latitude": 64.236462},
                {"longitude": 27.728111}
            ]]},
            {"altitude": 169.5},
            {"distance_km": 1.02},
            {"speed_kmh": 9},
            {"timestamp": "Wed Apr 05 16:33:59 UTC 2017"}
        ],
        [
            {"location": [[
                {"latitude": 64.236357},
                {"longitude": 27.7282}
            ]]},
            {"altitude": 170.5},
            {"distance_km": 1.03},
            {"speed_kmh": 5.4},
            {"timestamp": "Wed Apr 05 16:34:07 UTC 2017"}
        ],
        [
            {"location": [[
                {"latitude": 64.23626},
                {"longitude": 27.728229}
            ]]},
            {"altitude": 168},
            {"distance_km": 1.05},
            {"speed_kmh": 5.4},
            {"timestamp": "Wed Apr 05 16:34:13 UTC 2017"}
        ],
        [
            {"location": [[
                {"latitude": 64.236161},
                {"longitude": 27.728241}
            ]]},
            {"altitude": 169.5},
            {"distance_km": 1.06},
            {"speed_kmh": 3.6},
            {"timestamp": "Wed Apr 05 16:34:21 UTC 2017"}
        ],
        [
            {"location": [[
                {"latitude": 64.236064},
                {"longitude": 27.728373}
            ]]},
            {"altitude": 173},
            {"distance_km": 1.07},
            {"speed_kmh": 4.5},
            {"timestamp": "Wed Apr 05 16:34:29 UTC 2017"}
        ],
        [
            {"location": [[
                {"latitude": 64.235958},
                {"longitude": 27.728436}
            ]]},
            {"altitude": 167.5},
            {"distance_km": 1.08},
            {"speed_kmh": 3.6},
            {"timestamp": "Wed Apr 05 16:34:37 UTC 2017"}
        ],
        [
            {"location": [[
                {"latitude": 64.235854},
                {"longitude": 27.72851}
            ]]},
            {"altitude": 166},
            {"distance_km": 1.09},
            {"speed_kmh": 3.6},
            {"timestamp": "Wed Apr 05 16:34:47 UTC 2017"}
        ],
        [
            {"location": [[
                {"latitude": 64.235757},
                {"longitude": 27.728666}
            ]]},
            {"altitude": 165},
            {"distance_km": 1.11},
            {"speed_kmh": 3.6},
            {"timestamp": "Wed Apr 05 16:34:55 UTC 2017"}
        ],
        [
            {"location": [[
                {"latitude": 64.235653},
                {"longitude": 27.728684}
            ]]},
            {"altitude": 166},
            {"distance_km": 1.12},
            {"speed_kmh": 3.6},
            {"timestamp": "Wed Apr 05 16:35:03 UTC 2017"}
        ],
        [
            {"location": [[
                {"latitude": 64.235551},
                {"longitude": 27.728716}
            ]]},
            {"altitude": 166.5},
            {"distance_km": 1.13},
            {"speed_kmh": 3.6},
            {"timestamp": "Wed Apr 05 16:35:10 UTC 2017"}
        ],
        [
            {"location": [[
                {"latitude": 64.235442},
                {"longitude": 27.728771}
            ]]},
            {"altitude": 163},
            {"distance_km": 1.14},
            {"speed_kmh": 4.5},
            {"timestamp": "Wed Apr 05 16:35:18 UTC 2017"}
        ],
        [
            {"location": [[
                {"latitude": 64.235339},
                {"longitude": 27.728738}
            ]]},
            {"altitude": 157},
            {"distance_km": 1.15},
            {"speed_kmh": 4.5},
            {"timestamp": "Wed Apr 05 16:35:24 UTC 2017"}
        ],
        [
            {"location": [[
                {"latitude": 64.235287},
                {"longitude": 27.728936}
            ]]},
            {"altitude": 155},
            {"distance_km": 1.16},
            {"speed_kmh": 4.5},
            {"timestamp": "Wed Apr 05 16:35:32 UTC 2017"}
        ],
        [
            {"location": [[
                {"latitude": 64.235266},
                {"longitude": 27.729139}
            ]]},
            {"altitude": 153.5},
            {"distance_km": 1.17},
            {"speed_kmh": 3.6},
            {"timestamp": "Wed Apr 05 16:35:38 UTC 2017"}
        ],
        [
            {"location": [[
                {"latitude": 64.235207},
                {"longitude": 27.729299}
            ]]},
            {"altitude": 155.5},
            {"distance_km": 1.19},
            {"speed_kmh": 3.6},
            {"timestamp": "Wed Apr 05 16:35:49 UTC 2017"}
        ],
        [
            {"location": [[
                {"latitude": 64.235156},
                {"longitude": 27.729488}
            ]]},
            {"altitude": 156},
            {"distance_km": 1.2},
            {"speed_kmh": 2.7},
            {"timestamp": "Wed Apr 05 16:35:59 UTC 2017"}
        ],
        [
            {"location": [[
                {"latitude": 64.235097},
                {"longitude": 27.729714}
            ]]},
            {"altitude": 148.5},
            {"distance_km": 1.21},
            {"speed_kmh": 2.7},
            {"timestamp": "Wed Apr 05 16:36:11 UTC 2017"}
        ],
        [
            {"location": [[
                {"latitude": 64.235025},
                {"longitude": 27.729887}
            ]]},
            {"altitude": 153},
            {"distance_km": 1.22},
            {"speed_kmh": 3.6},
            {"timestamp": "Wed Apr 05 16:36:19 UTC 2017"}
        ],
        [
            {"location": [[
                {"latitude": 64.234947},
                {"longitude": 27.730053}
            ]]},
            {"altitude": 153.5},
            {"distance_km": 1.23},
            {"speed_kmh": 3.6},
            {"timestamp": "Wed Apr 05 16:36:27 UTC 2017"}
        ],
        [
            {"location": [[
                {"latitude": 64.234891},
                {"longitude": 27.73022}
            ]]},
            {"altitude": 147},
            {"distance_km": 1.24},
            {"speed_kmh": 3.6},
            {"timestamp": "Wed Apr 05 16:36:33 UTC 2017"}
        ],
        [
            {"location": [[
                {"latitude": 64.234843},
                {"longitude": 27.730439}
            ]]},
            {"altitude": 140.5},
            {"distance_km": 1.25},
            {"speed_kmh": 3.6},
            {"timestamp": "Wed Apr 05 16:36:41 UTC 2017"}
        ],
        [
            {"location": [[
                {"latitude": 64.234797},
                {"longitude": 27.730633}
            ]]},
            {"altitude": 139},
            {"distance_km": 1.26},
            {"speed_kmh": 3.6},
            {"timestamp": "Wed Apr 05 16:36:49 UTC 2017"}
        ],
        [
            {"location": [[
                {"latitude": 64.234718},
                {"longitude": 27.730795}
            ]]},
            {"altitude": 143},
            {"distance_km": 1.28},
            {"speed_kmh": 3.6},
            {"timestamp": "Wed Apr 05 16:36:57 UTC 2017"}
        ],
        [
            {"location": [[
                {"latitude": 64.234625},
                {"longitude": 27.730837}
            ]]},
            {"altitude": 145},
            {"distance_km": 1.29},
            {"speed_kmh": 0},
            {"timestamp": "Wed Apr 05 16:37:14 UTC 2017"}
        ],
        [
            {"location": [[
                {"latitude": 64.23452},
                {"longitude": 27.731016}
            ]]},
            {"altitude": 137},
            {"distance_km": 1.3},
            {"speed_kmh": 7.2},
            {"timestamp": "Wed Apr 05 16:37:32 UTC 2017"}
        ],
        [
            {"location": [[
                {"latitude": 64.234475},
                {"longitude": 27.73122}
            ]]},
            {"altitude": 137},
            {"distance_km": 1.31},
            {"speed_kmh": 1.8},
            {"timestamp": "Wed Apr 05 16:37:43 UTC 2017"}
        ],
        [
            {"location": [[
                {"latitude": 64.23441},
                {"longitude": 27.731427}
            ]]},
            {"altitude": 133},
            {"distance_km": 1.33},
            {"speed_kmh": 3.6},
            {"timestamp": "Wed Apr 05 16:37:55 UTC 2017"}
        ],
        [
            {"location": [[
                {"latitude": 64.234368},
                {"longitude": 27.731646}
            ]]},
            {"altitude": 123},
            {"distance_km": 1.34},
            {"speed_kmh": 3.6},
            {"timestamp": "Wed Apr 05 16:38:05 UTC 2017"}
        ],
        [
            {"location": [[
                {"latitude": 64.234275},
                {"longitude": 27.731695}
            ]]},
            {"altitude": 126},
            {"distance_km": 1.35},
            {"speed_kmh": 0},
            {"timestamp": "Wed Apr 05 16:38:15 UTC 2017"}
        ],
        [
            {"location": [[
                {"latitude": 64.234178},
                {"longitude": 27.731761}
            ]]},
            {"altitude": 132},
            {"distance_km": 1.36},
            {"speed_kmh": 3.6},
            {"timestamp": "Wed Apr 05 16:38:25 UTC 2017"}
        ],
        [
            {"location": [[
                {"latitude": 64.234067},
                {"longitude": 27.731821}
            ]]},
            {"altitude": 138},
            {"distance_km": 1.37},
            {"speed_kmh": 2.7},
            {"timestamp": "Wed Apr 05 16:38:33 UTC 2017"}
        ],
        [
            {"location": [[
                {"latitude": 64.233966},
                {"longitude": 27.73193}
            ]]},
            {"altitude": 142},
            {"distance_km": 1.38},
            {"speed_kmh": 3.6},
            {"timestamp": "Wed Apr 05 16:38:43 UTC 2017"}
        ],
        [
            {"location": [[
                {"latitude": 64.23386},
                {"longitude": 27.731959}
            ]]},
            {"altitude": 144},
            {"distance_km": 1.4},
            {"speed_kmh": 3.6},
            {"timestamp": "Wed Apr 05 16:38:50 UTC 2017"}
        ],
        [
            {"location": [[
                {"latitude": 64.233787},
                {"longitude": 27.732115}
            ]]},
            {"altitude": 153.5},
            {"distance_km": 1.41},
            {"speed_kmh": 2.7},
            {"timestamp": "Wed Apr 05 16:38:58 UTC 2017"}
        ],
        [
            {"location": [[
                {"latitude": 64.233706},
                {"longitude": 27.732281}
            ]]},
            {"altitude": 161.5},
            {"distance_km": 1.42},
            {"speed_kmh": 2.7},
            {"timestamp": "Wed Apr 05 16:39:08 UTC 2017"}
        ],
        [
            {"location": [[
                {"latitude": 64.233607},
                {"longitude": 27.732407}
            ]]},
            {"altitude": 165.5},
            {"distance_km": 1.43},
            {"speed_kmh": 3.6},
            {"timestamp": "Wed Apr 05 16:39:16 UTC 2017"}
        ],
        [
            {"location": [[
                {"latitude": 64.233513},
                {"longitude": 27.732517}
            ]]},
            {"altitude": 166},
            {"distance_km": 1.44},
            {"speed_kmh": 3.6},
            {"timestamp": "Wed Apr 05 16:39:22 UTC 2017"}
        ],
        [
            {"location": [[
                {"latitude": 64.233416},
                {"longitude": 27.732618}
            ]]},
            {"altitude": 165.5},
            {"distance_km": 1.45},
            {"speed_kmh": 4.5},
            {"timestamp": "Wed Apr 05 16:39:28 UTC 2017"}
        ],
        [
            {"location": [[
                {"latitude": 64.233338},
                {"longitude": 27.732722}
            ]]},
            {"altitude": 169.5},
            {"distance_km": 1.46},
            {"speed_kmh": 2.7},
            {"timestamp": "Wed Apr 05 16:39:34 UTC 2017"}
        ],
        [
            {"location": [[
                {"latitude": 64.233234},
                {"longitude": 27.732774}
            ]]},
            {"altitude": 165},
            {"distance_km": 1.48},
            {"speed_kmh": 0},
            {"timestamp": "Wed Apr 05 16:39:41 UTC 2017"}
        ],
        [
            {"location": [[
                {"latitude": 64.233149},
                {"longitude": 27.732916}
            ]]},
            {"altitude": 173},
            {"distance_km": 1.49},
            {"speed_kmh": 3.6},
            {"timestamp": "Wed Apr 05 16:39:59 UTC 2017"}
        ],
        [
            {"location": [[
                {"latitude": 64.233035},
                {"longitude": 27.733014}
            ]]},
            {"altitude": 164},
            {"distance_km": 1.5},
            {"speed_kmh": 4.5},
            {"timestamp": "Wed Apr 05 16:40:05 UTC 2017"}
        ],
        [
            {"location": [[
                {"latitude": 64.232921},
                {"longitude": 27.733083}
            ]]},
            {"altitude": 164},
            {"distance_km": 1.52},
            {"speed_kmh": 2.7},
            {"timestamp": "Wed Apr 05 16:40:11 UTC 2017"}
        ],
        [
            {"location": [[
                {"latitude": 64.232826},
                {"longitude": 27.733109}
            ]]},
            {"altitude": 171.5},
            {"distance_km": 1.53},
            {"speed_kmh": 2.7},
            {"timestamp": "Wed Apr 05 16:40:23 UTC 2017"}
        ],
        [
            {"location": [[
                {"latitude": 64.232779},
                {"longitude": 27.732931}
            ]]},
            {"altitude": 166},
            {"distance_km": 1.54},
            {"speed_kmh": 4.5},
            {"timestamp": "Wed Apr 05 16:40:41 UTC 2017"}
        ],
        [
            {"location": [[
                {"latitude": 64.232776},
                {"longitude": 27.732687}
            ]]},
            {"altitude": 160},
            {"distance_km": 1.55},
            {"speed_kmh": 4.5},
            {"timestamp": "Wed Apr 05 16:40:50 UTC 2017"}
        ],
        [
            {"location": [[
                {"latitude": 64.232801},
                {"longitude": 27.732466}
            ]]},
            {"altitude": 161.5},
            {"distance_km": 1.56},
            {"speed_kmh": 4.5},
            {"timestamp": "Wed Apr 05 16:40:58 UTC 2017"}
        ],
        [
            {"location": [[
                {"latitude": 64.232827},
                {"longitude": 27.732222}
            ]]},
            {"altitude": 158.5},
            {"distance_km": 1.57},
            {"speed_kmh": 4.5},
            {"timestamp": "Wed Apr 05 16:41:06 UTC 2017"}
        ],
        [
            {"location": [[
                {"latitude": 64.232837},
                {"longitude": 27.731986}
            ]]},
            {"altitude": 159},
            {"distance_km": 1.58},
            {"speed_kmh": 4.5},
            {"timestamp": "Wed Apr 05 16:41:14 UTC 2017"}
        ],
        [
            {"location": [[
                {"latitude": 64.232871},
                {"longitude": 27.731754}
            ]]},
            {"altitude": 151.5},
            {"distance_km": 1.59},
            {"speed_kmh": 4.5},
            {"timestamp": "Wed Apr 05 16:41:22 UTC 2017"}
        ],
        [
            {"location": [[
                {"latitude": 64.23286},
                {"longitude": 27.731491}
            ]]},
            {"altitude": 151},
            {"distance_km": 1.61},
            {"speed_kmh": 4.5},
            {"timestamp": "Wed Apr 05 16:41:31 UTC 2017"}
        ],
        [
            {"location": [[
                {"latitude": 64.232765},
                {"longitude": 27.731438}
            ]]},
            {"altitude": 154.5},
            {"distance_km": 1.62},
            {"speed_kmh": 4.5},
            {"timestamp": "Wed Apr 05 16:41:39 UTC 2017"}
        ],
        [
            {"location": [[
                {"latitude": 64.232658},
                {"longitude": 27.731362}
            ]]},
            {"altitude": 155},
            {"distance_km": 1.63},
            {"speed_kmh": 4.5},
            {"timestamp": "Wed Apr 05 16:41:49 UTC 2017"}
        ],
        [
            {"location": [[
                {"latitude": 64.232582},
                {"longitude": 27.73125}
            ]]},
            {"altitude": 154.5},
            {"distance_km": 1.64},
            {"speed_kmh": 4.5},
            {"timestamp": "Wed Apr 05 16:41:55 UTC 2017"}
        ],
        [
            {"location": [[
                {"latitude": 64.232491},
                {"longitude": 27.731056}
            ]]},
            {"altitude": 156.5},
            {"distance_km": 1.65},
            {"speed_kmh": 6.3},
            {"timestamp": "Wed Apr 05 16:42:01 UTC 2017"}
        ],
        [
            {"location": [[
                {"latitude": 64.232412},
                {"longitude": 27.730932}
            ]]},
            {"altitude": 159},
            {"distance_km": 1.66},
            {"speed_kmh": 6.3},
            {"timestamp": "Wed Apr 05 16:42:07 UTC 2017"}
        ],
        [
            {"location": [[
                {"latitude": 64.232347},
                {"longitude": 27.730778}
            ]]},
            {"altitude": 161.5},
            {"distance_km": 1.68},
            {"speed_kmh": 2.7},
            {"timestamp": "Wed Apr 05 16:42:17 UTC 2017"}
        ],
        [
            {"location": [[
                {"latitude": 64.232273},
                {"longitude": 27.730636}
            ]]},
            {"altitude": 160.5},
            {"distance_km": 1.69},
            {"speed_kmh": 3.6},
            {"timestamp": "Wed Apr 05 16:42:25 UTC 2017"}
        ],
        [
            {"location": [[
                {"latitude": 64.232168},
                {"longitude": 27.730517}
            ]]},
            {"altitude": 161.5},
            {"distance_km": 1.7},
            {"speed_kmh": 0},
            {"timestamp": "Wed Apr 05 16:42:33 UTC 2017"}
        ],
        [
            {"location": [[
                {"latitude": 64.232081},
                {"longitude": 27.730405}
            ]]},
            {"altitude": 162},
            {"distance_km": 1.71},
            {"speed_kmh": 4.5},
            {"timestamp": "Wed Apr 05 16:42:40 UTC 2017"}
        ],
        [
            {"location": [[
                {"latitude": 64.232004},
                {"longitude": 27.73029}
            ]]},
            {"altitude": 161},
            {"distance_km": 1.72},
            {"speed_kmh": 3.6},
            {"timestamp": "Wed Apr 05 16:42:48 UTC 2017"}
        ],
        [
            {"location": [[
                {"latitude": 64.231912},
                {"longitude": 27.730185}
            ]]},
            {"altitude": 159},
            {"distance_km": 1.73},
            {"speed_kmh": 4.5},
            {"timestamp": "Wed Apr 05 16:42:54 UTC 2017"}
        ],
        [
            {"location": [[
                {"latitude": 64.231833},
                {"longitude": 27.730074}
            ]]},
            {"altitude": 160},
            {"distance_km": 1.74},
            {"speed_kmh": 4.5},
            {"timestamp": "Wed Apr 05 16:43:02 UTC 2017"}
        ],
        [
            {"location": [[
                {"latitude": 64.23175},
                {"longitude": 27.729881}
            ]]},
            {"altitude": 157},
            {"distance_km": 1.76},
            {"speed_kmh": 5.4},
            {"timestamp": "Wed Apr 05 16:43:10 UTC 2017"}
        ],
        [
            {"location": [[
                {"latitude": 64.231713},
                {"longitude": 27.729638}
            ]]},
            {"altitude": 153.5},
            {"distance_km": 1.77},
            {"speed_kmh": 5.4},
            {"timestamp": "Wed Apr 05 16:43:19 UTC 2017"}
        ],
        [
            {"location": [[
                {"latitude": 64.231765},
                {"longitude": 27.729531}
            ]]},
            {"altitude": 149.5},
            {"distance_km": 1.77},
            {"speed_kmh": 0},
            {"timestamp": "Wed Apr 05 16:43:50 UTC 2017"}
        ],
        [
            {"location": [[
                {"latitude": 64.231774},
                {"longitude": 27.729532}
            ]]},
            {"altitude": 149.5},
            {"distance_km": 1.77},
            {"speed_kmh": 0},
            {"timestamp": "Wed Apr 05 16:43:51 UTC 2017"}
        ]
    ]}
]