[
    {"sport": "WALKING"},
    {"source": "TRACK_MOBILE"},
    {"created_date": "2017-06-28 15:36:47.0"},
    {"start_time": "2017-06-28 15:35:22.0"},
    {"end_time": "2017-06-28 16:10:07.0"},
    {"duration_s": 2085},
    {"distance_km": 2.23},
    {"calories_kcal": 175.709},
    {"altitude_min_m": 106.5},
    {"altitude_max_m": 191},
    {"speed_avg_kmh": 3.850359712230216},
    {"speed_max_kmh": 5.4},
    {"ascend_m": 103},
    {"descend_m": 144},
    {"points": [
        [
            {"location": [[
                {"latitude": 64.231555},
                {"longitude": 27.72959}
            ]]},
            {"distance_km": 0},
            {"timestamp": "Wed Jun 28 15:35:22 UTC 2017"}
        ],
        [
            {"location": [[
                {"latitude": 64.231555},
                {"longitude": 27.72959}
            ]]},
            {"altitude": 184.5},
            {"distance_km": 0},
            {"speed_kmh": 0},
            {"timestamp": "Wed Jun 28 15:35:47 UTC 2017"}
        ],
        [
            {"location": [[
                {"latitude": 64.231601},
                {"longitude": 27.729774}
            ]]},
            {"altitude": 172.5},
            {"distance_km": 0.01},
            {"speed_kmh": 3.6},
            {"timestamp": "Wed Jun 28 15:36:18 UTC 2017"}
        ],
        [
            {"location": [[
                {"latitude": 64.231649},
                {"longitude": 27.729956}
            ]]},
            {"altitude": 170},
            {"distance_km": 0.02},
            {"speed_kmh": 3.6},
            {"timestamp": "Wed Jun 28 15:36:24 UTC 2017"}
        ],
        [
            {"location": [[
                {"latitude": 64.231697},
                {"longitude": 27.730192}
            ]]},
            {"altitude": 172},
            {"distance_km": 0.03},
            {"speed_kmh": 4.5},
            {"timestamp": "Wed Jun 28 15:36:32 UTC 2017"}
        ],
        [
            {"location": [[
                {"latitude": 64.231781},
                {"longitude": 27.730347}
            ]]},
            {"altitude": 174},
            {"distance_km": 0.05},
            {"speed_kmh": 4.5},
            {"timestamp": "Wed Jun 28 15:36:40 UTC 2017"}
        ],
        [
            {"location": [[
                {"latitude": 64.231862},
                {"longitude": 27.730477}
            ]]},
            {"altitude": 173.5},
            {"distance_km": 0.06},
            {"speed_kmh": 4.5},
            {"timestamp": "Wed Jun 28 15:36:48 UTC 2017"}
        ],
        [
            {"location": [[
                {"latitude": 64.231968},
                {"longitude": 27.730586}
            ]]},
            {"altitude": 172},
            {"distance_km": 0.07},
            {"speed_kmh": 4.5},
            {"timestamp": "Wed Jun 28 15:36:58 UTC 2017"}
        ],
        [
            {"location": [[
                {"latitude": 64.232048},
                {"longitude": 27.730707}
            ]]},
            {"altitude": 168.5},
            {"distance_km": 0.08},
            {"speed_kmh": 4.5},
            {"timestamp": "Wed Jun 28 15:37:06 UTC 2017"}
        ],
        [
            {"location": [[
                {"latitude": 64.232119},
                {"longitude": 27.73084}
            ]]},
            {"altitude": 164},
            {"distance_km": 0.09},
            {"speed_kmh": 2.7},
            {"timestamp": "Wed Jun 28 15:37:18 UTC 2017"}
        ],
        [
            {"location": [[
                {"latitude": 64.232201},
                {"longitude": 27.730969}
            ]]},
            {"altitude": 166.5},
            {"distance_km": 0.1},
            {"speed_kmh": 4.5},
            {"timestamp": "Wed Jun 28 15:37:26 UTC 2017"}
        ],
        [
            {"location": [[
                {"latitude": 64.232287},
                {"longitude": 27.731063}
            ]]},
            {"altitude": 165.5},
            {"distance_km": 0.11},
            {"speed_kmh": 3.6},
            {"timestamp": "Wed Jun 28 15:37:34 UTC 2017"}
        ],
        [
            {"location": [[
                {"latitude": 64.232372},
                {"longitude": 27.73114}
            ]]},
            {"altitude": 165.5},
            {"distance_km": 0.12},
            {"speed_kmh": 4.5},
            {"timestamp": "Wed Jun 28 15:37:42 UTC 2017"}
        ],
        [
            {"location": [[
                {"latitude": 64.232457},
                {"longitude": 27.731228}
            ]]},
            {"altitude": 165.5},
            {"distance_km": 0.13},
            {"speed_kmh": 4.5},
            {"timestamp": "Wed Jun 28 15:37:50 UTC 2017"}
        ],
        [
            {"location": [[
                {"latitude": 64.232563},
                {"longitude": 27.731336}
            ]]},
            {"altitude": 167},
            {"distance_km": 0.15},
            {"speed_kmh": 4.5},
            {"timestamp": "Wed Jun 28 15:37:59 UTC 2017"}
        ],
        [
            {"location": [[
                {"latitude": 64.232653},
                {"longitude": 27.731457}
            ]]},
            {"altitude": 165.5},
            {"distance_km": 0.16},
            {"speed_kmh": 4.5},
            {"timestamp": "Wed Jun 28 15:38:07 UTC 2017"}
        ],
        [
            {"location": [[
                {"latitude": 64.232741},
                {"longitude": 27.731507}
            ]]},
            {"altitude": 166.5},
            {"distance_km": 0.17},
            {"speed_kmh": 4.5},
            {"timestamp": "Wed Jun 28 15:38:13 UTC 2017"}
        ],
        [
            {"location": [[
                {"latitude": 64.232835},
                {"longitude": 27.731553}
            ]]},
            {"altitude": 166},
            {"distance_km": 0.18},
            {"speed_kmh": 4.5},
            {"timestamp": "Wed Jun 28 15:38:22 UTC 2017"}
        ],
        [
            {"location": [[
                {"latitude": 64.232918},
                {"longitude": 27.731634}
            ]]},
            {"altitude": 173.5},
            {"distance_km": 0.19},
            {"speed_kmh": 3.6},
            {"timestamp": "Wed Jun 28 15:38:34 UTC 2017"}
        ],
        [
            {"location": [[
                {"latitude": 64.233013},
                {"longitude": 27.731591}
            ]]},
            {"altitude": 178.5},
            {"distance_km": 0.2},
            {"speed_kmh": 3.6},
            {"timestamp": "Wed Jun 28 15:38:48 UTC 2017"}
        ],
        [
            {"location": [[
                {"latitude": 64.233101},
                {"longitude": 27.731464}
            ]]},
            {"altitude": 183},
            {"distance_km": 0.21},
            {"speed_kmh": 1.8},
            {"timestamp": "Wed Jun 28 15:39:06 UTC 2017"}
        ],
        [
            {"location": [[
                {"latitude": 64.233211},
                {"longitude": 27.731551}
            ]]},
            {"altitude": 185},
            {"distance_km": 0.22},
            {"speed_kmh": 3.6},
            {"timestamp": "Wed Jun 28 15:39:16 UTC 2017"}
        ],
        [
            {"location": [[
                {"latitude": 64.233307},
                {"longitude": 27.731524}
            ]]},
            {"altitude": 187.5},
            {"distance_km": 0.23},
            {"speed_kmh": 2.7},
            {"timestamp": "Wed Jun 28 15:39:26 UTC 2017"}
        ],
        [
            {"location": [[
                {"latitude": 64.233388},
                {"longitude": 27.731418}
            ]]},
            {"altitude": 190},
            {"distance_km": 0.24},
            {"speed_kmh": 2.7},
            {"timestamp": "Wed Jun 28 15:39:34 UTC 2017"}
        ],
        [
            {"location": [[
                {"latitude": 64.233476},
                {"longitude": 27.731332}
            ]]},
            {"altitude": 188},
            {"distance_km": 0.25},
            {"speed_kmh": 2.7},
            {"timestamp": "Wed Jun 28 15:39:43 UTC 2017"}
        ],
        [
            {"location": [[
                {"latitude": 64.233551},
                {"longitude": 27.731216}
            ]]},
            {"altitude": 187.5},
            {"distance_km": 0.26},
            {"speed_kmh": 2.7},
            {"timestamp": "Wed Jun 28 15:39:53 UTC 2017"}
        ],
        [
            {"location": [[
                {"latitude": 64.23363},
                {"longitude": 27.731118}
            ]]},
            {"altitude": 188},
            {"distance_km": 0.27},
            {"speed_kmh": 3.6},
            {"timestamp": "Wed Jun 28 15:40:01 UTC 2017"}
        ],
        [
            {"location": [[
                {"latitude": 64.233728},
                {"longitude": 27.731001}
            ]]},
            {"altitude": 190.5},
            {"distance_km": 0.29},
            {"speed_kmh": 2.7},
            {"timestamp": "Wed Jun 28 15:40:12 UTC 2017"}
        ],
        [
            {"location": [[
                {"latitude": 64.23372},
                {"longitude": 27.730779}
            ]]},
            {"altitude": 191},
            {"distance_km": 0.3},
            {"speed_kmh": 2.7},
            {"timestamp": "Wed Jun 28 15:40:34 UTC 2017"}
        ],
        [
            {"location": [[
                {"latitude": 64.233651},
                {"longitude": 27.730598}
            ]]},
            {"altitude": 185.5},
            {"distance_km": 0.31},
            {"speed_kmh": 2.7},
            {"timestamp": "Wed Jun 28 15:40:48 UTC 2017"}
        ],
        [
            {"location": [[
                {"latitude": 64.233594},
                {"longitude": 27.730435}
            ]]},
            {"altitude": 181},
            {"distance_km": 0.32},
            {"speed_kmh": 3.6},
            {"timestamp": "Wed Jun 28 15:40:58 UTC 2017"}
        ],
        [
            {"location": [[
                {"latitude": 64.233555},
                {"longitude": 27.730247}
            ]]},
            {"altitude": 180.5},
            {"distance_km": 0.33},
            {"speed_kmh": 3.6},
            {"timestamp": "Wed Jun 28 15:41:06 UTC 2017"}
        ],
        [
            {"location": [[
                {"latitude": 64.233537},
                {"longitude": 27.730022}
            ]]},
            {"altitude": 177.5},
            {"distance_km": 0.34},
            {"speed_kmh": 3.6},
            {"timestamp": "Wed Jun 28 15:41:16 UTC 2017"}
        ],
        [
            {"location": [[
                {"latitude": 64.233597},
                {"longitude": 27.729847}
            ]]},
            {"altitude": 177.5},
            {"distance_km": 0.35},
            {"speed_kmh": 2.7},
            {"timestamp": "Wed Jun 28 15:41:24 UTC 2017"}
        ],
        [
            {"location": [[
                {"latitude": 64.233625},
                {"longitude": 27.729637}
            ]]},
            {"altitude": 176},
            {"distance_km": 0.36},
            {"speed_kmh": 2.7},
            {"timestamp": "Wed Jun 28 15:41:32 UTC 2017"}
        ],
        [
            {"location": [[
                {"latitude": 64.233668},
                {"longitude": 27.729452}
            ]]},
            {"altitude": 172.5},
            {"distance_km": 0.37},
            {"speed_kmh": 2.7},
            {"timestamp": "Wed Jun 28 15:41:40 UTC 2017"}
        ],
        [
            {"location": [[
                {"latitude": 64.233737},
                {"longitude": 27.729282}
            ]]},
            {"altitude": 170},
            {"distance_km": 0.38},
            {"speed_kmh": 2.7},
            {"timestamp": "Wed Jun 28 15:41:49 UTC 2017"}
        ],
        [
            {"location": [[
                {"latitude": 64.233804},
                {"longitude": 27.729143}
            ]]},
            {"altitude": 168},
            {"distance_km": 0.39},
            {"speed_kmh": 2.7},
            {"timestamp": "Wed Jun 28 15:41:57 UTC 2017"}
        ],
        [
            {"location": [[
                {"latitude": 64.233873},
                {"longitude": 27.728947}
            ]]},
            {"altitude": 167},
            {"distance_km": 0.41},
            {"speed_kmh": 2.7},
            {"timestamp": "Wed Jun 28 15:42:05 UTC 2017"}
        ],
        [
            {"location": [[
                {"latitude": 64.233889},
                {"longitude": 27.728718}
            ]]},
            {"altitude": 169.5},
            {"distance_km": 0.42},
            {"speed_kmh": 2.7},
            {"timestamp": "Wed Jun 28 15:42:16 UTC 2017"}
        ],
        [
            {"location": [[
                {"latitude": 64.233851},
                {"longitude": 27.728498}
            ]]},
            {"altitude": 170},
            {"distance_km": 0.43},
            {"speed_kmh": 2.7},
            {"timestamp": "Wed Jun 28 15:42:26 UTC 2017"}
        ],
        [
            {"location": [[
                {"latitude": 64.233809},
                {"longitude": 27.728308}
            ]]},
            {"altitude": 170.5},
            {"distance_km": 0.44},
            {"speed_kmh": 2.7},
            {"timestamp": "Wed Jun 28 15:42:34 UTC 2017"}
        ],
        [
            {"location": [[
                {"latitude": 64.233753},
                {"longitude": 27.728141}
            ]]},
            {"altitude": 173},
            {"distance_km": 0.45},
            {"speed_kmh": 2.7},
            {"timestamp": "Wed Jun 28 15:42:42 UTC 2017"}
        ],
        [
            {"location": [[
                {"latitude": 64.233684},
                {"longitude": 27.728003}
            ]]},
            {"altitude": 178},
            {"distance_km": 0.46},
            {"speed_kmh": 2.7},
            {"timestamp": "Wed Jun 28 15:42:50 UTC 2017"}
        ],
        [
            {"location": [[
                {"latitude": 64.233645},
                {"longitude": 27.727799}
            ]]},
            {"altitude": 178.5},
            {"distance_km": 0.47},
            {"speed_kmh": 3.6},
            {"timestamp": "Wed Jun 28 15:43:00 UTC 2017"}
        ],
        [
            {"location": [[
                {"latitude": 64.233695},
                {"longitude": 27.727559}
            ]]},
            {"altitude": 179},
            {"distance_km": 0.48},
            {"speed_kmh": 2.7},
            {"timestamp": "Wed Jun 28 15:43:10 UTC 2017"}
        ],
        [
            {"location": [[
                {"latitude": 64.233781},
                {"longitude": 27.72738}
            ]]},
            {"altitude": 178.5},
            {"distance_km": 0.5},
            {"speed_kmh": 2.7},
            {"timestamp": "Wed Jun 28 15:43:18 UTC 2017"}
        ],
        [
            {"location": [[
                {"latitude": 64.233843},
                {"longitude": 27.727191}
            ]]},
            {"altitude": 176},
            {"distance_km": 0.51},
            {"speed_kmh": 3.6},
            {"timestamp": "Wed Jun 28 15:43:26 UTC 2017"}
        ],
        [
            {"location": [[
                {"latitude": 64.233914},
                {"longitude": 27.72701}
            ]]},
            {"altitude": 174},
            {"distance_km": 0.52},
            {"speed_kmh": 3.6},
            {"timestamp": "Wed Jun 28 15:43:36 UTC 2017"}
        ],
        [
            {"location": [[
                {"latitude": 64.233971},
                {"longitude": 27.72685}
            ]]},
            {"altitude": 174.5},
            {"distance_km": 0.53},
            {"speed_kmh": 0.9},
            {"timestamp": "Wed Jun 28 15:43:45 UTC 2017"}
        ],
        [
            {"location": [[
                {"latitude": 64.234015},
                {"longitude": 27.726632}
            ]]},
            {"altitude": 177},
            {"distance_km": 0.54},
            {"speed_kmh": 2.7},
            {"timestamp": "Wed Jun 28 15:43:55 UTC 2017"}
        ],
        [
            {"location": [[
                {"latitude": 64.234093},
                {"longitude": 27.726502}
            ]]},
            {"altitude": 179},
            {"distance_km": 0.55},
            {"speed_kmh": 2.7},
            {"timestamp": "Wed Jun 28 15:44:03 UTC 2017"}
        ],
        [
            {"location": [[
                {"latitude": 64.234173},
                {"longitude": 27.726371}
            ]]},
            {"altitude": 175},
            {"distance_km": 0.56},
            {"speed_kmh": 2.7},
            {"timestamp": "Wed Jun 28 15:44:12 UTC 2017"}
        ],
        [
            {"location": [[
                {"latitude": 64.234253},
                {"longitude": 27.726275}
            ]]},
            {"altitude": 173},
            {"distance_km": 0.57},
            {"speed_kmh": 3.6},
            {"timestamp": "Wed Jun 28 15:44:20 UTC 2017"}
        ],
        [
            {"location": [[
                {"latitude": 64.234335},
                {"longitude": 27.726177}
            ]]},
            {"altitude": 163},
            {"distance_km": 0.58},
            {"speed_kmh": 2.7},
            {"timestamp": "Wed Jun 28 15:44:30 UTC 2017"}
        ],
        [
            {"location": [[
                {"latitude": 64.234392},
                {"longitude": 27.725977}
            ]]},
            {"altitude": 165},
            {"distance_km": 0.59},
            {"speed_kmh": 3.6},
            {"timestamp": "Wed Jun 28 15:44:40 UTC 2017"}
        ],
        [
            {"location": [[
                {"latitude": 64.234448},
                {"longitude": 27.725811}
            ]]},
            {"altitude": 161},
            {"distance_km": 0.6},
            {"speed_kmh": 2.7},
            {"timestamp": "Wed Jun 28 15:44:48 UTC 2017"}
        ],
        [
            {"location": [[
                {"latitude": 64.234519},
                {"longitude": 27.72565}
            ]]},
            {"altitude": 161.5},
            {"distance_km": 0.62},
            {"speed_kmh": 2.7},
            {"timestamp": "Wed Jun 28 15:44:58 UTC 2017"}
        ],
        [
            {"location": [[
                {"latitude": 64.234619},
                {"longitude": 27.725595}
            ]]},
            {"altitude": 157.5},
            {"distance_km": 0.63},
            {"speed_kmh": 2.7},
            {"timestamp": "Wed Jun 28 15:45:10 UTC 2017"}
        ],
        [
            {"location": [[
                {"latitude": 64.234704},
                {"longitude": 27.725509}
            ]]},
            {"altitude": 155},
            {"distance_km": 0.64},
            {"speed_kmh": 2.7},
            {"timestamp": "Wed Jun 28 15:45:20 UTC 2017"}
        ],
        [
            {"location": [[
                {"latitude": 64.234813},
                {"longitude": 27.725467}
            ]]},
            {"altitude": 154},
            {"distance_km": 0.65},
            {"speed_kmh": 3.6},
            {"timestamp": "Wed Jun 28 15:45:30 UTC 2017"}
        ],
        [
            {"location": [[
                {"latitude": 64.23492},
                {"longitude": 27.725474}
            ]]},
            {"altitude": 152.5},
            {"distance_km": 0.66},
            {"speed_kmh": 3.6},
            {"timestamp": "Wed Jun 28 15:45:41 UTC 2017"}
        ],
        [
            {"location": [[
                {"latitude": 64.235016},
                {"longitude": 27.725455}
            ]]},
            {"altitude": 150.5},
            {"distance_km": 0.67},
            {"speed_kmh": 1.8},
            {"timestamp": "Wed Jun 28 15:45:49 UTC 2017"}
        ],
        [
            {"location": [[
                {"latitude": 64.235087},
                {"longitude": 27.72528}
            ]]},
            {"altitude": 152},
            {"distance_km": 0.68},
            {"speed_kmh": 3.6},
            {"timestamp": "Wed Jun 28 15:45:57 UTC 2017"}
        ],
        [
            {"location": [[
                {"latitude": 64.2352},
                {"longitude": 27.725338}
            ]]},
            {"altitude": 156},
            {"distance_km": 0.7},
            {"speed_kmh": 4.5},
            {"timestamp": "Wed Jun 28 15:46:03 UTC 2017"}
        ],
        [
            {"location": [[
                {"latitude": 64.235301},
                {"longitude": 27.72545}
            ]]},
            {"altitude": 155.5},
            {"distance_km": 0.71},
            {"speed_kmh": 3.6},
            {"timestamp": "Wed Jun 28 15:46:12 UTC 2017"}
        ],
        [
            {"location": [[
                {"latitude": 64.235394},
                {"longitude": 27.725439}
            ]]},
            {"altitude": 157.5},
            {"distance_km": 0.72},
            {"speed_kmh": 3.6},
            {"timestamp": "Wed Jun 28 15:46:20 UTC 2017"}
        ],
        [
            {"location": [[
                {"latitude": 64.235486},
                {"longitude": 27.725512}
            ]]},
            {"altitude": 158},
            {"distance_km": 0.73},
            {"speed_kmh": 3.6},
            {"timestamp": "Wed Jun 28 15:46:28 UTC 2017"}
        ],
        [
            {"location": [[
                {"latitude": 64.235582},
                {"longitude": 27.725534}
            ]]},
            {"altitude": 160.5},
            {"distance_km": 0.74},
            {"speed_kmh": 2.7},
            {"timestamp": "Wed Jun 28 15:46:42 UTC 2017"}
        ],
        [
            {"location": [[
                {"latitude": 64.235676},
                {"longitude": 27.725606}
            ]]},
            {"altitude": 165},
            {"distance_km": 0.75},
            {"speed_kmh": 1.8},
            {"timestamp": "Wed Jun 28 15:46:56 UTC 2017"}
        ],
        [
            {"location": [[
                {"latitude": 64.235758},
                {"longitude": 27.725737}
            ]]},
            {"altitude": 167},
            {"distance_km": 0.76},
            {"speed_kmh": 1.8},
            {"timestamp": "Wed Jun 28 15:47:08 UTC 2017"}
        ],
        [
            {"location": [[
                {"latitude": 64.235844},
                {"longitude": 27.725665}
            ]]},
            {"altitude": 169.5},
            {"distance_km": 0.77},
            {"speed_kmh": 2.7},
            {"timestamp": "Wed Jun 28 15:47:20 UTC 2017"}
        ],
        [
            {"location": [[
                {"latitude": 64.235935},
                {"longitude": 27.725582}
            ]]},
            {"altitude": 166.5},
            {"distance_km": 0.78},
            {"speed_kmh": 1.8},
            {"timestamp": "Wed Jun 28 15:47:34 UTC 2017"}
        ],
        [
            {"location": [[
                {"latitude": 64.23603},
                {"longitude": 27.725429}
            ]]},
            {"altitude": 168.5},
            {"distance_km": 0.8},
            {"speed_kmh": 3.6},
            {"timestamp": "Wed Jun 28 15:47:43 UTC 2017"}
        ],
        [
            {"location": [[
                {"latitude": 64.236082},
                {"longitude": 27.725238}
            ]]},
            {"altitude": 168.5},
            {"distance_km": 0.81},
            {"speed_kmh": 3.6},
            {"timestamp": "Wed Jun 28 15:47:51 UTC 2017"}
        ],
        [
            {"location": [[
                {"latitude": 64.236176},
                {"longitude": 27.725116}
            ]]},
            {"altitude": 164.5},
            {"distance_km": 0.82},
            {"speed_kmh": 3.6},
            {"timestamp": "Wed Jun 28 15:48:01 UTC 2017"}
        ],
        [
            {"location": [[
                {"latitude": 64.236284},
                {"longitude": 27.725121}
            ]]},
            {"altitude": 163.5},
            {"distance_km": 0.83},
            {"speed_kmh": 3.6},
            {"timestamp": "Wed Jun 28 15:48:12 UTC 2017"}
        ],
        [
            {"location": [[
                {"latitude": 64.236385},
                {"longitude": 27.725147}
            ]]},
            {"altitude": 158.5},
            {"distance_km": 0.84},
            {"speed_kmh": 3.6},
            {"timestamp": "Wed Jun 28 15:48:20 UTC 2017"}
        ],
        [
            {"location": [[
                {"latitude": 64.236478},
                {"longitude": 27.725187}
            ]]},
            {"altitude": 155.5},
            {"distance_km": 0.85},
            {"speed_kmh": 3.6},
            {"timestamp": "Wed Jun 28 15:48:28 UTC 2017"}
        ],
        [
            {"location": [[
                {"latitude": 64.236571},
                {"longitude": 27.725191}
            ]]},
            {"altitude": 153.5},
            {"distance_km": 0.86},
            {"speed_kmh": 2.7},
            {"timestamp": "Wed Jun 28 15:48:38 UTC 2017"}
        ],
        [
            {"location": [[
                {"latitude": 64.236674},
                {"longitude": 27.725182}
            ]]},
            {"altitude": 151.5},
            {"distance_km": 0.88},
            {"speed_kmh": 2.7},
            {"timestamp": "Wed Jun 28 15:48:50 UTC 2017"}
        ],
        [
            {"location": [[
                {"latitude": 64.236773},
                {"longitude": 27.725228}
            ]]},
            {"altitude": 148.5},
            {"distance_km": 0.89},
            {"speed_kmh": 2.7},
            {"timestamp": "Wed Jun 28 15:48:58 UTC 2017"}
        ],
        [
            {"location": [[
                {"latitude": 64.236868},
                {"longitude": 27.725298}
            ]]},
            {"altitude": 146.5},
            {"distance_km": 0.9},
            {"speed_kmh": 2.7},
            {"timestamp": "Wed Jun 28 15:49:08 UTC 2017"}
        ],
        [
            {"location": [[
                {"latitude": 64.236952},
                {"longitude": 27.725423}
            ]]},
            {"altitude": 142},
            {"distance_km": 0.91},
            {"speed_kmh": 0},
            {"timestamp": "Wed Jun 28 15:49:16 UTC 2017"}
        ],
        [
            {"location": [[
                {"latitude": 64.237056},
                {"longitude": 27.725522}
            ]]},
            {"altitude": 143.5},
            {"distance_km": 0.92},
            {"speed_kmh": 2.7},
            {"timestamp": "Wed Jun 28 15:49:28 UTC 2017"}
        ],
        [
            {"location": [[
                {"latitude": 64.237138},
                {"longitude": 27.725636}
            ]]},
            {"altitude": 145},
            {"distance_km": 0.93},
            {"speed_kmh": 2.7},
            {"timestamp": "Wed Jun 28 15:49:37 UTC 2017"}
        ],
        [
            {"location": [[
                {"latitude": 64.237216},
                {"longitude": 27.725819}
            ]]},
            {"altitude": 146},
            {"distance_km": 0.94},
            {"speed_kmh": 2.7},
            {"timestamp": "Wed Jun 28 15:49:47 UTC 2017"}
        ],
        [
            {"location": [[
                {"latitude": 64.237296},
                {"longitude": 27.725943}
            ]]},
            {"altitude": 143.5},
            {"distance_km": 0.96},
            {"speed_kmh": 2.7},
            {"timestamp": "Wed Jun 28 15:49:55 UTC 2017"}
        ],
        [
            {"location": [[
                {"latitude": 64.237391},
                {"longitude": 27.726038}
            ]]},
            {"altitude": 144.5},
            {"distance_km": 0.97},
            {"speed_kmh": 2.7},
            {"timestamp": "Wed Jun 28 15:50:04 UTC 2017"}
        ],
        [
            {"location": [[
                {"latitude": 64.237478},
                {"longitude": 27.726107}
            ]]},
            {"altitude": 150.5},
            {"distance_km": 0.98},
            {"speed_kmh": 3.6},
            {"timestamp": "Wed Jun 28 15:50:12 UTC 2017"}
        ],
        [
            {"location": [[
                {"latitude": 64.237552},
                {"longitude": 27.726241}
            ]]},
            {"altitude": 151},
            {"distance_km": 0.99},
            {"speed_kmh": 3.6},
            {"timestamp": "Wed Jun 28 15:50:20 UTC 2017"}
        ],
        [
            {"location": [[
                {"latitude": 64.237636},
                {"longitude": 27.726322}
            ]]},
            {"altitude": 147.5},
            {"distance_km": 1},
            {"speed_kmh": 3.6},
            {"timestamp": "Wed Jun 28 15:50:30 UTC 2017"}
        ],
        [
            {"location": [[
                {"latitude": 64.237738},
                {"longitude": 27.726441}
            ]]},
            {"altitude": 146.5},
            {"distance_km": 1.01},
            {"speed_kmh": 2.7},
            {"timestamp": "Wed Jun 28 15:50:40 UTC 2017"}
        ],
        [
            {"location": [[
                {"latitude": 64.237829},
                {"longitude": 27.726505}
            ]]},
            {"altitude": 144.5},
            {"distance_km": 1.02},
            {"speed_kmh": 0},
            {"timestamp": "Wed Jun 28 15:50:52 UTC 2017"}
        ],
        [
            {"location": [[
                {"latitude": 64.237914},
                {"longitude": 27.726624}
            ]]},
            {"altitude": 142.5},
            {"distance_km": 1.03},
            {"speed_kmh": 2.7},
            {"timestamp": "Wed Jun 28 15:51:02 UTC 2017"}
        ],
        [
            {"location": [[
                {"latitude": 64.238007},
                {"longitude": 27.726755}
            ]]},
            {"altitude": 142},
            {"distance_km": 1.04},
            {"speed_kmh": 3.6},
            {"timestamp": "Wed Jun 28 15:51:10 UTC 2017"}
        ],
        [
            {"location": [[
                {"latitude": 64.238104},
                {"longitude": 27.726758}
            ]]},
            {"altitude": 143},
            {"distance_km": 1.06},
            {"speed_kmh": 3.6},
            {"timestamp": "Wed Jun 28 15:51:20 UTC 2017"}
        ],
        [
            {"location": [[
                {"latitude": 64.238206},
                {"longitude": 27.726707}
            ]]},
            {"altitude": 145},
            {"distance_km": 1.07},
            {"speed_kmh": 3.6},
            {"timestamp": "Wed Jun 28 15:51:30 UTC 2017"}
        ],
        [
            {"location": [[
                {"latitude": 64.238318},
                {"longitude": 27.726723}
            ]]},
            {"altitude": 142},
            {"distance_km": 1.08},
            {"speed_kmh": 3.6},
            {"timestamp": "Wed Jun 28 15:51:40 UTC 2017"}
        ],
        [
            {"location": [[
                {"latitude": 64.238412},
                {"longitude": 27.726841}
            ]]},
            {"altitude": 143.5},
            {"distance_km": 1.09},
            {"speed_kmh": 3.6},
            {"timestamp": "Wed Jun 28 15:51:47 UTC 2017"}
        ],
        [
            {"location": [[
                {"latitude": 64.238478},
                {"longitude": 27.727008}
            ]]},
            {"altitude": 142.5},
            {"distance_km": 1.1},
            {"speed_kmh": 3.6},
            {"timestamp": "Wed Jun 28 15:51:53 UTC 2017"}
        ],
        [
            {"location": [[
                {"latitude": 64.238517},
                {"longitude": 27.727204}
            ]]},
            {"altitude": 140.5},
            {"distance_km": 1.11},
            {"speed_kmh": 3.6},
            {"timestamp": "Wed Jun 28 15:51:59 UTC 2017"}
        ],
        [
            {"location": [[
                {"latitude": 64.238543},
                {"longitude": 27.727407}
            ]]},
            {"altitude": 141.5},
            {"distance_km": 1.12},
            {"speed_kmh": 3.6},
            {"timestamp": "Wed Jun 28 15:52:07 UTC 2017"}
        ],
        [
            {"location": [[
                {"latitude": 64.238572},
                {"longitude": 27.727658}
            ]]},
            {"altitude": 147},
            {"distance_km": 1.14},
            {"speed_kmh": 3.6},
            {"timestamp": "Wed Jun 28 15:52:18 UTC 2017"}
        ],
        [
            {"location": [[
                {"latitude": 64.238627},
                {"longitude": 27.727857}
            ]]},
            {"altitude": 148.5},
            {"distance_km": 1.15},
            {"speed_kmh": 2.7},
            {"timestamp": "Wed Jun 28 15:52:26 UTC 2017"}
        ],
        [
            {"location": [[
                {"latitude": 64.238686},
                {"longitude": 27.728023}
            ]]},
            {"altitude": 146.5},
            {"distance_km": 1.16},
            {"speed_kmh": 2.7},
            {"timestamp": "Wed Jun 28 15:52:36 UTC 2017"}
        ],
        [
            {"location": [[
                {"latitude": 64.238715},
                {"longitude": 27.72825}
            ]]},
            {"altitude": 151.5},
            {"distance_km": 1.17},
            {"speed_kmh": 2.7},
            {"timestamp": "Wed Jun 28 15:52:48 UTC 2017"}
        ],
        [
            {"location": [[
                {"latitude": 64.238736},
                {"longitude": 27.728489}
            ]]},
            {"altitude": 150.5},
            {"distance_km": 1.18},
            {"speed_kmh": 1.8},
            {"timestamp": "Wed Jun 28 15:53:00 UTC 2017"}
        ],
        [
            {"location": [[
                {"latitude": 64.238654},
                {"longitude": 27.72862}
            ]]},
            {"altitude": 150},
            {"distance_km": 1.19},
            {"speed_kmh": 1.8},
            {"timestamp": "Wed Jun 28 15:53:14 UTC 2017"}
        ],
        [
            {"location": [[
                {"latitude": 64.238556},
                {"longitude": 27.728669}
            ]]},
            {"altitude": 147.5},
            {"distance_km": 1.2},
            {"speed_kmh": 2.7},
            {"timestamp": "Wed Jun 28 15:53:24 UTC 2017"}
        ],
        [
            {"location": [[
                {"latitude": 64.238463},
                {"longitude": 27.728572}
            ]]},
            {"altitude": 141.5},
            {"distance_km": 1.21},
            {"speed_kmh": 2.7},
            {"timestamp": "Wed Jun 28 15:53:35 UTC 2017"}
        ],
        [
            {"location": [[
                {"latitude": 64.238382},
                {"longitude": 27.728671}
            ]]},
            {"altitude": 138},
            {"distance_km": 1.22},
            {"speed_kmh": 2.7},
            {"timestamp": "Wed Jun 28 15:53:49 UTC 2017"}
        ],
        [
            {"location": [[
                {"latitude": 64.238285},
                {"longitude": 27.7287}
            ]]},
            {"altitude": 134.5},
            {"distance_km": 1.23},
            {"speed_kmh": 2.7},
            {"timestamp": "Wed Jun 28 15:53:57 UTC 2017"}
        ],
        [
            {"location": [[
                {"latitude": 64.23819},
                {"longitude": 27.728696}
            ]]},
            {"altitude": 130.5},
            {"distance_km": 1.25},
            {"speed_kmh": 3.6},
            {"timestamp": "Wed Jun 28 15:54:04 UTC 2017"}
        ],
        [
            {"location": [[
                {"latitude": 64.238096},
                {"longitude": 27.728633}
            ]]},
            {"altitude": 128},
            {"distance_km": 1.26},
            {"speed_kmh": 2.7},
            {"timestamp": "Wed Jun 28 15:54:14 UTC 2017"}
        ],
        [
            {"location": [[
                {"latitude": 64.238012},
                {"longitude": 27.728539}
            ]]},
            {"altitude": 124.5},
            {"distance_km": 1.27},
            {"speed_kmh": 3.6},
            {"timestamp": "Wed Jun 28 15:54:28 UTC 2017"}
        ],
        [
            {"location": [[
                {"latitude": 64.237913},
                {"longitude": 27.728466}
            ]]},
            {"altitude": 125},
            {"distance_km": 1.28},
            {"speed_kmh": 3.6},
            {"timestamp": "Wed Jun 28 15:54:38 UTC 2017"}
        ],
        [
            {"location": [[
                {"latitude": 64.237822},
                {"longitude": 27.728501}
            ]]},
            {"altitude": 134.5},
            {"distance_km": 1.29},
            {"speed_kmh": 2.7},
            {"timestamp": "Wed Jun 28 15:54:50 UTC 2017"}
        ],
        [
            {"location": [[
                {"latitude": 64.237758},
                {"longitude": 27.728653}
            ]]},
            {"altitude": 138.5},
            {"distance_km": 1.3},
            {"speed_kmh": 2.7},
            {"timestamp": "Wed Jun 28 15:55:02 UTC 2017"}
        ],
        [
            {"location": [[
                {"latitude": 64.23771},
                {"longitude": 27.728868}
            ]]},
            {"altitude": 145},
            {"distance_km": 1.31},
            {"speed_kmh": 2.7},
            {"timestamp": "Wed Jun 28 15:55:16 UTC 2017"}
        ],
        [
            {"location": [[
                {"latitude": 64.237613},
                {"longitude": 27.728943}
            ]]},
            {"altitude": 152.5},
            {"distance_km": 1.32},
            {"speed_kmh": 2.7},
            {"timestamp": "Wed Jun 28 15:55:29 UTC 2017"}
        ],
        [
            {"location": [[
                {"latitude": 64.237522},
                {"longitude": 27.72891}
            ]]},
            {"altitude": 146},
            {"distance_km": 1.33},
            {"speed_kmh": 1.8},
            {"timestamp": "Wed Jun 28 15:55:43 UTC 2017"}
        ],
        [
            {"location": [[
                {"latitude": 64.237424},
                {"longitude": 27.728833}
            ]]},
            {"altitude": 144},
            {"distance_km": 1.34},
            {"speed_kmh": 2.7},
            {"timestamp": "Wed Jun 28 15:55:51 UTC 2017"}
        ],
        [
            {"location": [[
                {"latitude": 64.23731},
                {"longitude": 27.72882}
            ]]},
            {"altitude": 140.5},
            {"distance_km": 1.36},
            {"speed_kmh": 2.7},
            {"timestamp": "Wed Jun 28 15:56:00 UTC 2017"}
        ],
        [
            {"location": [[
                {"latitude": 64.237208},
                {"longitude": 27.728891}
            ]]},
            {"altitude": 142.5},
            {"distance_km": 1.37},
            {"speed_kmh": 2.7},
            {"timestamp": "Wed Jun 28 15:56:08 UTC 2017"}
        ],
        [
            {"location": [[
                {"latitude": 64.237115},
                {"longitude": 27.728967}
            ]]},
            {"altitude": 142},
            {"distance_km": 1.38},
            {"speed_kmh": 2.7},
            {"timestamp": "Wed Jun 28 15:56:22 UTC 2017"}
        ],
        [
            {"location": [[
                {"latitude": 64.237025},
                {"longitude": 27.728955}
            ]]},
            {"altitude": 144},
            {"distance_km": 1.39},
            {"speed_kmh": 2.7},
            {"timestamp": "Wed Jun 28 15:56:36 UTC 2017"}
        ],
        [
            {"location": [[
                {"latitude": 64.236917},
                {"longitude": 27.728953}
            ]]},
            {"altitude": 145},
            {"distance_km": 1.4},
            {"speed_kmh": 2.7},
            {"timestamp": "Wed Jun 28 15:56:46 UTC 2017"}
        ],
        [
            {"location": [[
                {"latitude": 64.236809},
                {"longitude": 27.728882}
            ]]},
            {"altitude": 152},
            {"distance_km": 1.41},
            {"speed_kmh": 3.6},
            {"timestamp": "Wed Jun 28 15:56:56 UTC 2017"}
        ],
        [
            {"location": [[
                {"latitude": 64.236705},
                {"longitude": 27.728834}
            ]]},
            {"altitude": 155},
            {"distance_km": 1.43},
            {"speed_kmh": 3.6},
            {"timestamp": "Wed Jun 28 15:57:06 UTC 2017"}
        ],
        [
            {"location": [[
                {"latitude": 64.236612},
                {"longitude": 27.728753}
            ]]},
            {"altitude": 156.5},
            {"distance_km": 1.44},
            {"speed_kmh": 3.6},
            {"timestamp": "Wed Jun 28 15:57:17 UTC 2017"}
        ],
        [
            {"location": [[
                {"latitude": 64.236523},
                {"longitude": 27.728622}
            ]]},
            {"altitude": 154.5},
            {"distance_km": 1.45},
            {"speed_kmh": 3.6},
            {"timestamp": "Wed Jun 28 15:57:27 UTC 2017"}
        ],
        [
            {"location": [[
                {"latitude": 64.236432},
                {"longitude": 27.728566}
            ]]},
            {"altitude": 154},
            {"distance_km": 1.46},
            {"speed_kmh": 3.6},
            {"timestamp": "Wed Jun 28 15:57:35 UTC 2017"}
        ],
        [
            {"location": [[
                {"latitude": 64.23633},
                {"longitude": 27.728496}
            ]]},
            {"altitude": 150.5},
            {"distance_km": 1.47},
            {"speed_kmh": 3.6},
            {"timestamp": "Wed Jun 28 15:57:46 UTC 2017"}
        ],
        [
            {"location": [[
                {"latitude": 64.236235},
                {"longitude": 27.728442}
            ]]},
            {"altitude": 150},
            {"distance_km": 1.48},
            {"speed_kmh": 3.6},
            {"timestamp": "Wed Jun 28 15:57:54 UTC 2017"}
        ],
        [
            {"location": [[
                {"latitude": 64.236139},
                {"longitude": 27.72851}
            ]]},
            {"altitude": 151},
            {"distance_km": 1.49},
            {"speed_kmh": 2.7},
            {"timestamp": "Wed Jun 28 15:58:06 UTC 2017"}
        ],
        [
            {"location": [[
                {"latitude": 64.236042},
                {"longitude": 27.728527}
            ]]},
            {"altitude": 149},
            {"distance_km": 1.5},
            {"speed_kmh": 2.7},
            {"timestamp": "Wed Jun 28 15:58:18 UTC 2017"}
        ],
        [
            {"location": [[
                {"latitude": 64.235935},
                {"longitude": 27.728567}
            ]]},
            {"altitude": 148.5},
            {"distance_km": 1.52},
            {"speed_kmh": 2.7},
            {"timestamp": "Wed Jun 28 15:58:32 UTC 2017"}
        ],
        [
            {"location": [[
                {"latitude": 64.235858},
                {"longitude": 27.728705}
            ]]},
            {"altitude": 155.5},
            {"distance_km": 1.53},
            {"speed_kmh": 2.7},
            {"timestamp": "Wed Jun 28 15:58:46 UTC 2017"}
        ],
        [
            {"location": [[
                {"latitude": 64.235761},
                {"longitude": 27.728717}
            ]]},
            {"altitude": 156},
            {"distance_km": 1.54},
            {"speed_kmh": 2.7},
            {"timestamp": "Wed Jun 28 15:58:54 UTC 2017"}
        ],
        [
            {"location": [[
                {"latitude": 64.235684},
                {"longitude": 27.72883}
            ]]},
            {"altitude": 155},
            {"distance_km": 1.55},
            {"speed_kmh": 0},
            {"timestamp": "Wed Jun 28 15:59:03 UTC 2017"}
        ],
        [
            {"location": [[
                {"latitude": 64.235591},
                {"longitude": 27.728845}
            ]]},
            {"altitude": 147.5},
            {"distance_km": 1.56},
            {"speed_kmh": 2.7},
            {"timestamp": "Wed Jun 28 15:59:13 UTC 2017"}
        ],
        [
            {"location": [[
                {"latitude": 64.235496},
                {"longitude": 27.728834}
            ]]},
            {"altitude": 148},
            {"distance_km": 1.57},
            {"speed_kmh": 0},
            {"timestamp": "Wed Jun 28 15:59:19 UTC 2017"}
        ],
        [
            {"location": [[
                {"latitude": 64.235403},
                {"longitude": 27.728943}
            ]]},
            {"altitude": 154},
            {"distance_km": 1.58},
            {"speed_kmh": 2.7},
            {"timestamp": "Wed Jun 28 15:59:31 UTC 2017"}
        ],
        [
            {"location": [[
                {"latitude": 64.235301},
                {"longitude": 27.728981}
            ]]},
            {"altitude": 149},
            {"distance_km": 1.59},
            {"speed_kmh": 2.7},
            {"timestamp": "Wed Jun 28 15:59:39 UTC 2017"}
        ],
        [
            {"location": [[
                {"latitude": 64.235189},
                {"longitude": 27.729005}
            ]]},
            {"altitude": 144.5},
            {"distance_km": 1.6},
            {"speed_kmh": 0},
            {"timestamp": "Wed Jun 28 15:59:48 UTC 2017"}
        ],
        [
            {"location": [[
                {"latitude": 64.235151},
                {"longitude": 27.729206}
            ]]},
            {"altitude": 140.5},
            {"distance_km": 1.61},
            {"speed_kmh": 2.7},
            {"timestamp": "Wed Jun 28 15:59:58 UTC 2017"}
        ],
        [
            {"location": [[
                {"latitude": 64.23511},
                {"longitude": 27.72939}
            ]]},
            {"altitude": 149},
            {"distance_km": 1.62},
            {"speed_kmh": 3.6},
            {"timestamp": "Wed Jun 28 16:00:18 UTC 2017"}
        ],
        [
            {"location": [[
                {"latitude": 64.235053},
                {"longitude": 27.729578}
            ]]},
            {"altitude": 146.5},
            {"distance_km": 1.64},
            {"speed_kmh": 3.6},
            {"timestamp": "Wed Jun 28 16:00:26 UTC 2017"}
        ],
        [
            {"location": [[
                {"latitude": 64.234962},
                {"longitude": 27.729714}
            ]]},
            {"altitude": 139},
            {"distance_km": 1.65},
            {"speed_kmh": 3.6},
            {"timestamp": "Wed Jun 28 16:00:36 UTC 2017"}
        ],
        [
            {"location": [[
                {"latitude": 64.234927},
                {"longitude": 27.729939}
            ]]},
            {"altitude": 136},
            {"distance_km": 1.66},
            {"speed_kmh": 3.6},
            {"timestamp": "Wed Jun 28 16:00:46 UTC 2017"}
        ],
        [
            {"location": [[
                {"latitude": 64.234853},
                {"longitude": 27.730074}
            ]]},
            {"altitude": 134},
            {"distance_km": 1.67},
            {"speed_kmh": 3.6},
            {"timestamp": "Wed Jun 28 16:00:54 UTC 2017"}
        ],
        [
            {"location": [[
                {"latitude": 64.234799},
                {"longitude": 27.730285}
            ]]},
            {"altitude": 139.5},
            {"distance_km": 1.68},
            {"speed_kmh": 3.6},
            {"timestamp": "Wed Jun 28 16:01:04 UTC 2017"}
        ],
        [
            {"location": [[
                {"latitude": 64.234742},
                {"longitude": 27.730464}
            ]]},
            {"altitude": 139.5},
            {"distance_km": 1.69},
            {"speed_kmh": 2.7},
            {"timestamp": "Wed Jun 28 16:01:13 UTC 2017"}
        ],
        [
            {"location": [[
                {"latitude": 64.234674},
                {"longitude": 27.730652}
            ]]},
            {"altitude": 146},
            {"distance_km": 1.7},
            {"speed_kmh": 3.6},
            {"timestamp": "Wed Jun 28 16:01:23 UTC 2017"}
        ],
        [
            {"location": [[
                {"latitude": 64.234606},
                {"longitude": 27.730821}
            ]]},
            {"altitude": 148.5},
            {"distance_km": 1.72},
            {"speed_kmh": 0},
            {"timestamp": "Wed Jun 28 16:01:37 UTC 2017"}
        ],
        [
            {"location": [[
                {"latitude": 64.234532},
                {"longitude": 27.73099}
            ]]},
            {"altitude": 153},
            {"distance_km": 1.73},
            {"speed_kmh": 1.8},
            {"timestamp": "Wed Jun 28 16:01:54 UTC 2017"}
        ],
        [
            {"location": [[
                {"latitude": 64.234459},
                {"longitude": 27.731184}
            ]]},
            {"altitude": 153},
            {"distance_km": 1.74},
            {"speed_kmh": 2.7},
            {"timestamp": "Wed Jun 28 16:02:04 UTC 2017"}
        ],
        [
            {"location": [[
                {"latitude": 64.234379},
                {"longitude": 27.731349}
            ]]},
            {"altitude": 150},
            {"distance_km": 1.75},
            {"speed_kmh": 1.8},
            {"timestamp": "Wed Jun 28 16:02:16 UTC 2017"}
        ],
        [
            {"location": [[
                {"latitude": 64.234309},
                {"longitude": 27.731556}
            ]]},
            {"altitude": 148},
            {"distance_km": 1.76},
            {"speed_kmh": 2.7},
            {"timestamp": "Wed Jun 28 16:02:26 UTC 2017"}
        ],
        [
            {"location": [[
                {"latitude": 64.234231},
                {"longitude": 27.731689}
            ]]},
            {"altitude": 149},
            {"distance_km": 1.78},
            {"speed_kmh": 2.7},
            {"timestamp": "Wed Jun 28 16:02:34 UTC 2017"}
        ],
        [
            {"location": [[
                {"latitude": 64.234179},
                {"longitude": 27.731898}
            ]]},
            {"altitude": 152.5},
            {"distance_km": 1.79},
            {"speed_kmh": 2.7},
            {"timestamp": "Wed Jun 28 16:02:44 UTC 2017"}
        ],
        [
            {"location": [[
                {"latitude": 64.234086},
                {"longitude": 27.731885}
            ]]},
            {"altitude": 144.5},
            {"distance_km": 1.8},
            {"speed_kmh": 2.7},
            {"timestamp": "Wed Jun 28 16:02:50 UTC 2017"}
        ],
        [
            {"location": [[
                {"latitude": 64.23399},
                {"longitude": 27.731889}
            ]]},
            {"altitude": 143},
            {"distance_km": 1.81},
            {"speed_kmh": 0.9},
            {"timestamp": "Wed Jun 28 16:03:00 UTC 2017"}
        ],
        [
            {"location": [[
                {"latitude": 64.233868},
                {"longitude": 27.731958}
            ]]},
            {"altitude": 143},
            {"distance_km": 1.82},
            {"speed_kmh": 4.5},
            {"timestamp": "Wed Jun 28 16:03:10 UTC 2017"}
        ],
        [
            {"location": [[
                {"latitude": 64.233764},
                {"longitude": 27.732046}
            ]]},
            {"altitude": 141.5},
            {"distance_km": 1.83},
            {"speed_kmh": 2.7},
            {"timestamp": "Wed Jun 28 16:03:19 UTC 2017"}
        ],
        [
            {"location": [[
                {"latitude": 64.233682},
                {"longitude": 27.732155}
            ]]},
            {"altitude": 139},
            {"distance_km": 1.84},
            {"speed_kmh": 2.7},
            {"timestamp": "Wed Jun 28 16:03:27 UTC 2017"}
        ],
        [
            {"location": [[
                {"latitude": 64.233576},
                {"longitude": 27.732305}
            ]]},
            {"altitude": 135},
            {"distance_km": 1.86},
            {"speed_kmh": 4.5},
            {"timestamp": "Wed Jun 28 16:03:35 UTC 2017"}
        ],
        [
            {"location": [[
                {"latitude": 64.233489},
                {"longitude": 27.732391}
            ]]},
            {"altitude": 132.5},
            {"distance_km": 1.87},
            {"speed_kmh": 3.6},
            {"timestamp": "Wed Jun 28 16:03:41 UTC 2017"}
        ],
        [
            {"location": [[
                {"latitude": 64.233398},
                {"longitude": 27.732466}
            ]]},
            {"altitude": 133},
            {"distance_km": 1.88},
            {"speed_kmh": 4.5},
            {"timestamp": "Wed Jun 28 16:03:47 UTC 2017"}
        ],
        [
            {"location": [[
                {"latitude": 64.233295},
                {"longitude": 27.732564}
            ]]},
            {"altitude": 131},
            {"distance_km": 1.89},
            {"speed_kmh": 3.6},
            {"timestamp": "Wed Jun 28 16:03:56 UTC 2017"}
        ],
        [
            {"location": [[
                {"latitude": 64.233206},
                {"longitude": 27.732665}
            ]]},
            {"altitude": 131},
            {"distance_km": 1.9},
            {"speed_kmh": 3.6},
            {"timestamp": "Wed Jun 28 16:04:04 UTC 2017"}
        ],
        [
            {"location": [[
                {"latitude": 64.233115},
                {"longitude": 27.732717}
            ]]},
            {"altitude": 127},
            {"distance_km": 1.91},
            {"speed_kmh": 0},
            {"timestamp": "Wed Jun 28 16:04:20 UTC 2017"}
        ],
        [
            {"location": [[
                {"latitude": 64.233022},
                {"longitude": 27.732821}
            ]]},
            {"altitude": 123.5},
            {"distance_km": 1.93},
            {"speed_kmh": 2.7},
            {"timestamp": "Wed Jun 28 16:04:40 UTC 2017"}
        ],
        [
            {"location": [[
                {"latitude": 64.232958},
                {"longitude": 27.732986}
            ]]},
            {"altitude": 127},
            {"distance_km": 1.94},
            {"speed_kmh": 2.7},
            {"timestamp": "Wed Jun 28 16:04:50 UTC 2017"}
        ],
        [
            {"location": [[
                {"latitude": 64.232858},
                {"longitude": 27.733138}
            ]]},
            {"altitude": 124},
            {"distance_km": 1.95},
            {"speed_kmh": 4.5},
            {"timestamp": "Wed Jun 28 16:04:58 UTC 2017"}
        ],
        [
            {"location": [[
                {"latitude": 64.232765},
                {"longitude": 27.733153}
            ]]},
            {"altitude": 120.5},
            {"distance_km": 1.96},
            {"speed_kmh": 4.5},
            {"timestamp": "Wed Jun 28 16:05:04 UTC 2017"}
        ],
        [
            {"location": [[
                {"latitude": 64.232662},
                {"longitude": 27.73308}
            ]]},
            {"altitude": 113},
            {"distance_km": 1.97},
            {"speed_kmh": 4.5},
            {"timestamp": "Wed Jun 28 16:05:12 UTC 2017"}
        ],
        [
            {"location": [[
                {"latitude": 64.232639},
                {"longitude": 27.732837}
            ]]},
            {"altitude": 109.5},
            {"distance_km": 1.98},
            {"speed_kmh": 4.5},
            {"timestamp": "Wed Jun 28 16:05:21 UTC 2017"}
        ],
        [
            {"location": [[
                {"latitude": 64.23265},
                {"longitude": 27.732614}
            ]]},
            {"altitude": 109},
            {"distance_km": 1.99},
            {"speed_kmh": 4.5},
            {"timestamp": "Wed Jun 28 16:05:29 UTC 2017"}
        ],
        [
            {"location": [[
                {"latitude": 64.232651},
                {"longitude": 27.732396}
            ]]},
            {"altitude": 108.5},
            {"distance_km": 2.01},
            {"speed_kmh": 4.5},
            {"timestamp": "Wed Jun 28 16:05:37 UTC 2017"}
        ],
        [
            {"location": [[
                {"latitude": 64.232666},
                {"longitude": 27.732177}
            ]]},
            {"altitude": 106.5},
            {"distance_km": 2.02},
            {"speed_kmh": 1.8},
            {"timestamp": "Wed Jun 28 16:05:54 UTC 2017"}
        ],
        [
            {"location": [[
                {"latitude": 64.232661},
                {"longitude": 27.731956}
            ]]},
            {"altitude": 116},
            {"distance_km": 2.03},
            {"speed_kmh": 0},
            {"timestamp": "Wed Jun 28 16:06:10 UTC 2017"}
        ],
        [
            {"location": [[
                {"latitude": 64.232756},
                {"longitude": 27.731845}
            ]]},
            {"altitude": 127.5},
            {"distance_km": 2.04},
            {"speed_kmh": 2.7},
            {"timestamp": "Wed Jun 28 16:06:28 UTC 2017"}
        ],
        [
            {"location": [[
                {"latitude": 64.232816},
                {"longitude": 27.731659}
            ]]},
            {"altitude": 143.5},
            {"distance_km": 2.05},
            {"speed_kmh": 3.6},
            {"timestamp": "Wed Jun 28 16:06:40 UTC 2017"}
        ],
        [
            {"location": [[
                {"latitude": 64.232756},
                {"longitude": 27.731472}
            ]]},
            {"altitude": 148.5},
            {"distance_km": 2.06},
            {"speed_kmh": 4.5},
            {"timestamp": "Wed Jun 28 16:06:52 UTC 2017"}
        ],
        [
            {"location": [[
                {"latitude": 64.232659},
                {"longitude": 27.731459}
            ]]},
            {"altitude": 148},
            {"distance_km": 2.07},
            {"speed_kmh": 3.6},
            {"timestamp": "Wed Jun 28 16:07:06 UTC 2017"}
        ],
        [
            {"location": [[
                {"latitude": 64.232547},
                {"longitude": 27.731389}
            ]]},
            {"altitude": 147.5},
            {"distance_km": 2.08},
            {"speed_kmh": 4.5},
            {"timestamp": "Wed Jun 28 16:07:31 UTC 2017"}
        ],
        [
            {"location": [[
                {"latitude": 64.232457},
                {"longitude": 27.731334}
            ]]},
            {"altitude": 147},
            {"distance_km": 2.09},
            {"speed_kmh": 5.4},
            {"timestamp": "Wed Jun 28 16:07:37 UTC 2017"}
        ],
        [
            {"location": [[
                {"latitude": 64.232391},
                {"longitude": 27.731143}
            ]]},
            {"altitude": 149},
            {"distance_km": 2.11},
            {"speed_kmh": 5.4},
            {"timestamp": "Wed Jun 28 16:07:45 UTC 2017"}
        ],
        [
            {"location": [[
                {"latitude": 64.232312},
                {"longitude": 27.731006}
            ]]},
            {"altitude": 147.5},
            {"distance_km": 2.12},
            {"speed_kmh": 5.4},
            {"timestamp": "Wed Jun 28 16:07:53 UTC 2017"}
        ],
        [
            {"location": [[
                {"latitude": 64.232231},
                {"longitude": 27.730846}
            ]]},
            {"altitude": 149},
            {"distance_km": 2.13},
            {"speed_kmh": 5.4},
            {"timestamp": "Wed Jun 28 16:08:02 UTC 2017"}
        ],
        [
            {"location": [[
                {"latitude": 64.232137},
                {"longitude": 27.730717}
            ]]},
            {"altitude": 149},
            {"distance_km": 2.14},
            {"speed_kmh": 4.5},
            {"timestamp": "Wed Jun 28 16:08:12 UTC 2017"}
        ],
        [
            {"location": [[
                {"latitude": 64.23205},
                {"longitude": 27.730579}
            ]]},
            {"altitude": 151},
            {"distance_km": 2.15},
            {"speed_kmh": 5.4},
            {"timestamp": "Wed Jun 28 16:08:20 UTC 2017"}
        ],
        [
            {"location": [[
                {"latitude": 64.231964},
                {"longitude": 27.730455}
            ]]},
            {"altitude": 150},
            {"distance_km": 2.16},
            {"speed_kmh": 5.4},
            {"timestamp": "Wed Jun 28 16:08:28 UTC 2017"}
        ],
        [
            {"location": [[
                {"latitude": 64.231894},
                {"longitude": 27.730299}
            ]]},
            {"altitude": 149},
            {"distance_km": 2.18},
            {"speed_kmh": 5.4},
            {"timestamp": "Wed Jun 28 16:08:36 UTC 2017"}
        ],
        [
            {"location": [[
                {"latitude": 64.231802},
                {"longitude": 27.730191}
            ]]},
            {"altitude": 150},
            {"distance_km": 2.19},
            {"speed_kmh": 5.4},
            {"timestamp": "Wed Jun 28 16:08:44 UTC 2017"}
        ],
        [
            {"location": [[
                {"latitude": 64.231734},
                {"longitude": 27.730013}
            ]]},
            {"altitude": 150.5},
            {"distance_km": 2.2},
            {"speed_kmh": 4.5},
            {"timestamp": "Wed Jun 28 16:08:52 UTC 2017"}
        ],
        [
            {"location": [[
                {"latitude": 64.231688},
                {"longitude": 27.72979}
            ]]},
            {"altitude": 152},
            {"distance_km": 2.21},
            {"speed_kmh": 5.4},
            {"timestamp": "Wed Jun 28 16:09:00 UTC 2017"}
        ],
        [
            {"location": [[
                {"latitude": 64.231713},
                {"longitude": 27.729564}
            ]]},
            {"altitude": 150.5},
            {"distance_km": 2.22},
            {"speed_kmh": 2.7},
            {"timestamp": "Wed Jun 28 16:09:14 UTC 2017"}
        ],
        [
            {"location": [[
                {"latitude": 64.231806},
                {"longitude": 27.729564}
            ]]},
            {"altitude": 152.5},
            {"distance_km": 2.23},
            {"speed_kmh": 0},
            {"timestamp": "Wed Jun 28 16:09:37 UTC 2017"}
        ],
        [
            {"location": [[
                {"latitude": 64.231799},
                {"longitude": 27.729559}
            ]]},
            {"altitude": 153},
            {"distance_km": 2.23},
            {"speed_kmh": 0},
            {"timestamp": "Wed Jun 28 16:10:07 UTC 2017"}
        ],
        [
            {"location": [[
                {"latitude": 64.231799},
                {"longitude": 27.729559}
            ]]},
            {"altitude": 153},
            {"distance_km": 2.23},
            {"speed_kmh": 0},
            {"timestamp": "Wed Jun 28 16:10:07 UTC 2017"}
        ]
    ]}
]