[
    {"sport": "ROLLER_SKATING"},
    {"source": "TRACK_MOBILE"},
    {"created_date": "2017-02-11 08:23:23.0"},
    {"start_time": "2017-02-11 08:22:13.0"},
    {"end_time": "2017-02-11 08:58:50.0"},
    {"duration_s": 2196},
    {"distance_km": 4.13},
    {"calories_kcal": 251.819},
    {"altitude_min_m": 127.5},
    {"altitude_max_m": 159.5},
    {"speed_avg_kmh": 6.770491803278689},
    {"speed_max_kmh": 23.4},
    {"ascend_m": 22},
    {"descend_m": 47.5},
    {"points": [
        [
            {"location": [[
                {"latitude": 64.214929},
                {"longitude": 27.690171}
            ]]},
            {"altitude": 159.5},
            {"distance_km": 0},
            {"speed_kmh": 0},
            {"timestamp": "Sat Feb 11 08:22:13 UTC 2017"}
        ],
        [
            {"location": [[
                {"latitude": 64.214856},
                {"longitude": 27.690047}
            ]]},
            {"altitude": 146},
            {"distance_km": 0.01},
            {"speed_kmh": 0},
            {"timestamp": "Sat Feb 11 08:23:21 UTC 2017"}
        ],
        [
            {"location": [[
                {"latitude": 64.214765},
                {"longitude": 27.689947}
            ]]},
            {"altitude": 144.5},
            {"distance_km": 0.02},
            {"speed_kmh": 5.4},
            {"timestamp": "Sat Feb 11 08:24:14 UTC 2017"}
        ],
        [
            {"location": [[
                {"latitude": 64.214642},
                {"longitude": 27.689883}
            ]]},
            {"altitude": 133.5},
            {"distance_km": 0.04},
            {"speed_kmh": 7.2},
            {"timestamp": "Sat Feb 11 08:24:47 UTC 2017"}
        ],
        [
            {"location": [[
                {"latitude": 64.214517},
                {"longitude": 27.689864}
            ]]},
            {"altitude": 131.5},
            {"distance_km": 0.05},
            {"speed_kmh": 8.1},
            {"timestamp": "Sat Feb 11 08:24:53 UTC 2017"}
        ],
        [
            {"location": [[
                {"latitude": 64.214388},
                {"longitude": 27.689845}
            ]]},
            {"altitude": 131.5},
            {"distance_km": 0.06},
            {"speed_kmh": 8.1},
            {"timestamp": "Sat Feb 11 08:24:59 UTC 2017"}
        ],
        [
            {"location": [[
                {"latitude": 64.214266},
                {"longitude": 27.689777}
            ]]},
            {"altitude": 130},
            {"distance_km": 0.08},
            {"speed_kmh": 8.1},
            {"timestamp": "Sat Feb 11 08:25:05 UTC 2017"}
        ],
        [
            {"location": [[
                {"latitude": 64.214177},
                {"longitude": 27.689602}
            ]]},
            {"altitude": 130.5},
            {"distance_km": 0.09},
            {"speed_kmh": 8.1},
            {"timestamp": "Sat Feb 11 08:25:11 UTC 2017"}
        ],
        [
            {"location": [[
                {"latitude": 64.214087},
                {"longitude": 27.689446}
            ]]},
            {"altitude": 129.5},
            {"distance_km": 0.1},
            {"speed_kmh": 8.1},
            {"timestamp": "Sat Feb 11 08:25:17 UTC 2017"}
        ],
        [
            {"location": [[
                {"latitude": 64.213979},
                {"longitude": 27.689357}
            ]]},
            {"altitude": 129.5},
            {"distance_km": 0.12},
            {"speed_kmh": 8.1},
            {"timestamp": "Sat Feb 11 08:25:23 UTC 2017"}
        ],
        [
            {"location": [[
                {"latitude": 64.213872},
                {"longitude": 27.689304}
            ]]},
            {"altitude": 129},
            {"distance_km": 0.13},
            {"speed_kmh": 8.1},
            {"timestamp": "Sat Feb 11 08:25:29 UTC 2017"}
        ],
        [
            {"location": [[
                {"latitude": 64.213777},
                {"longitude": 27.689266}
            ]]},
            {"altitude": 129},
            {"distance_km": 0.14},
            {"speed_kmh": 7.2},
            {"timestamp": "Sat Feb 11 08:25:35 UTC 2017"}
        ],
        [
            {"location": [[
                {"latitude": 64.213663},
                {"longitude": 27.689172}
            ]]},
            {"altitude": 129},
            {"distance_km": 0.15},
            {"speed_kmh": 7.2},
            {"timestamp": "Sat Feb 11 08:25:44 UTC 2017"}
        ],
        [
            {"location": [[
                {"latitude": 64.213552},
                {"longitude": 27.689114}
            ]]},
            {"altitude": 128.5},
            {"distance_km": 0.16},
            {"speed_kmh": 7.2},
            {"timestamp": "Sat Feb 11 08:25:50 UTC 2017"}
        ],
        [
            {"location": [[
                {"latitude": 64.213443},
                {"longitude": 27.689085}
            ]]},
            {"altitude": 127.5},
            {"distance_km": 0.18},
            {"speed_kmh": 7.2},
            {"timestamp": "Sat Feb 11 08:25:56 UTC 2017"}
        ],
        [
            {"location": [[
                {"latitude": 64.213352},
                {"longitude": 27.689018}
            ]]},
            {"altitude": 128.5},
            {"distance_km": 0.19},
            {"speed_kmh": 6.3},
            {"timestamp": "Sat Feb 11 08:26:10 UTC 2017"}
        ],
        [
            {"location": [[
                {"latitude": 64.213264},
                {"longitude": 27.688863}
            ]]},
            {"altitude": 129},
            {"distance_km": 0.2},
            {"speed_kmh": 6.3},
            {"timestamp": "Sat Feb 11 08:26:16 UTC 2017"}
        ],
        [
            {"location": [[
                {"latitude": 64.213172},
                {"longitude": 27.688705}
            ]]},
            {"altitude": 129.5},
            {"distance_km": 0.21},
            {"speed_kmh": 7.2},
            {"timestamp": "Sat Feb 11 08:26:22 UTC 2017"}
        ],
        [
            {"location": [[
                {"latitude": 64.213097},
                {"longitude": 27.688546}
            ]]},
            {"altitude": 131},
            {"distance_km": 0.22},
            {"speed_kmh": 5.4},
            {"timestamp": "Sat Feb 11 08:26:30 UTC 2017"}
        ],
        [
            {"location": [[
                {"latitude": 64.213024},
                {"longitude": 27.688411}
            ]]},
            {"altitude": 132},
            {"distance_km": 0.23},
            {"speed_kmh": 4.5},
            {"timestamp": "Sat Feb 11 08:26:38 UTC 2017"}
        ],
        [
            {"location": [[
                {"latitude": 64.212943},
                {"longitude": 27.6883}
            ]]},
            {"altitude": 134},
            {"distance_km": 0.25},
            {"speed_kmh": 4.5},
            {"timestamp": "Sat Feb 11 08:26:45 UTC 2017"}
        ],
        [
            {"location": [[
                {"latitude": 64.212957},
                {"longitude": 27.688059}
            ]]},
            {"altitude": 137.5},
            {"distance_km": 0.26},
            {"speed_kmh": 3.6},
            {"timestamp": "Sat Feb 11 08:27:05 UTC 2017"}
        ],
        [
            {"location": [[
                {"latitude": 64.212969},
                {"longitude": 27.687827}
            ]]},
            {"altitude": 145.5},
            {"distance_km": 0.27},
            {"speed_kmh": 3.6},
            {"timestamp": "Sat Feb 11 08:27:19 UTC 2017"}
        ],
        [
            {"location": [[
                {"latitude": 64.212943},
                {"longitude": 27.68759}
            ]]},
            {"altitude": 152},
            {"distance_km": 0.28},
            {"speed_kmh": 3.6},
            {"timestamp": "Sat Feb 11 08:27:29 UTC 2017"}
        ],
        [
            {"location": [[
                {"latitude": 64.212784},
                {"longitude": 27.6875}
            ]]},
            {"altitude": 142},
            {"distance_km": 0.3},
            {"speed_kmh": 14.4},
            {"timestamp": "Sat Feb 11 08:28:51 UTC 2017"}
        ],
        [
            {"location": [[
                {"latitude": 64.212691},
                {"longitude": 27.68744}
            ]]},
            {"altitude": 140.5},
            {"distance_km": 0.31},
            {"speed_kmh": 18},
            {"timestamp": "Sat Feb 11 08:28:53 UTC 2017"}
        ],
        [
            {"location": [[
                {"latitude": 64.212541},
                {"longitude": 27.687332}
            ]]},
            {"altitude": 138.5},
            {"distance_km": 0.33},
            {"speed_kmh": 16.2},
            {"timestamp": "Sat Feb 11 08:28:57 UTC 2017"}
        ],
        [
            {"location": [[
                {"latitude": 64.212419},
                {"longitude": 27.687275}
            ]]},
            {"altitude": 136},
            {"distance_km": 0.34},
            {"speed_kmh": 11.7},
            {"timestamp": "Sat Feb 11 08:29:01 UTC 2017"}
        ],
        [
            {"location": [[
                {"latitude": 64.212319},
                {"longitude": 27.68723}
            ]]},
            {"altitude": 134},
            {"distance_km": 0.35},
            {"speed_kmh": 4.5},
            {"timestamp": "Sat Feb 11 08:29:07 UTC 2017"}
        ],
        [
            {"location": [[
                {"latitude": 64.212204},
                {"longitude": 27.687251}
            ]]},
            {"altitude": 132.5},
            {"distance_km": 0.36},
            {"speed_kmh": 9},
            {"timestamp": "Sat Feb 11 08:29:13 UTC 2017"}
        ],
        [
            {"location": [[
                {"latitude": 64.212093},
                {"longitude": 27.687301}
            ]]},
            {"altitude": 133.5},
            {"distance_km": 0.38},
            {"speed_kmh": 13.5},
            {"timestamp": "Sat Feb 11 08:29:17 UTC 2017"}
        ],
        [
            {"location": [[
                {"latitude": 64.211956},
                {"longitude": 27.687378}
            ]]},
            {"altitude": 132.5},
            {"distance_km": 0.39},
            {"speed_kmh": 14.4},
            {"timestamp": "Sat Feb 11 08:29:21 UTC 2017"}
        ],
        [
            {"location": [[
                {"latitude": 64.211793},
                {"longitude": 27.687469}
            ]]},
            {"altitude": 131.5},
            {"distance_km": 0.41},
            {"speed_kmh": 17.1},
            {"timestamp": "Sat Feb 11 08:29:25 UTC 2017"}
        ],
        [
            {"location": [[
                {"latitude": 64.2117},
                {"longitude": 27.687516}
            ]]},
            {"altitude": 131},
            {"distance_km": 0.42},
            {"speed_kmh": 18},
            {"timestamp": "Sat Feb 11 08:29:27 UTC 2017"}
        ],
        [
            {"location": [[
                {"latitude": 64.211536},
                {"longitude": 27.687617}
            ]]},
            {"altitude": 131.5},
            {"distance_km": 0.44},
            {"speed_kmh": 16.2},
            {"timestamp": "Sat Feb 11 08:29:31 UTC 2017"}
        ],
        [
            {"location": [[
                {"latitude": 64.211381},
                {"longitude": 27.687679}
            ]]},
            {"altitude": 132},
            {"distance_km": 0.46},
            {"speed_kmh": 14.4},
            {"timestamp": "Sat Feb 11 08:29:36 UTC 2017"}
        ],
        [
            {"location": [[
                {"latitude": 64.211241},
                {"longitude": 27.687694}
            ]]},
            {"altitude": 134},
            {"distance_km": 0.47},
            {"speed_kmh": 13.5},
            {"timestamp": "Sat Feb 11 08:29:40 UTC 2017"}
        ],
        [
            {"location": [[
                {"latitude": 64.211108},
                {"longitude": 27.687719}
            ]]},
            {"altitude": 133},
            {"distance_km": 0.49},
            {"speed_kmh": 12.6},
            {"timestamp": "Sat Feb 11 08:29:44 UTC 2017"}
        ],
        [
            {"location": [[
                {"latitude": 64.210991},
                {"longitude": 27.687719}
            ]]},
            {"altitude": 134.5},
            {"distance_km": 0.5},
            {"speed_kmh": 12.6},
            {"timestamp": "Sat Feb 11 08:29:48 UTC 2017"}
        ],
        [
            {"location": [[
                {"latitude": 64.210891},
                {"longitude": 27.687675}
            ]]},
            {"altitude": 136},
            {"distance_km": 0.51},
            {"speed_kmh": 3.6},
            {"timestamp": "Sat Feb 11 08:29:58 UTC 2017"}
        ],
        [
            {"location": [[
                {"latitude": 64.210774},
                {"longitude": 27.687707}
            ]]},
            {"altitude": 138.5},
            {"distance_km": 0.53},
            {"speed_kmh": 6.3},
            {"timestamp": "Sat Feb 11 08:30:08 UTC 2017"}
        ],
        [
            {"location": [[
                {"latitude": 64.210678},
                {"longitude": 27.687834}
            ]]},
            {"altitude": 138},
            {"distance_km": 0.54},
            {"speed_kmh": 5.4},
            {"timestamp": "Sat Feb 11 08:30:20 UTC 2017"}
        ],
        [
            {"location": [[
                {"latitude": 64.210576},
                {"longitude": 27.687957}
            ]]},
            {"altitude": 139.5},
            {"distance_km": 0.55},
            {"speed_kmh": 12.6},
            {"timestamp": "Sat Feb 11 08:30:24 UTC 2017"}
        ],
        [
            {"location": [[
                {"latitude": 64.210459},
                {"longitude": 27.688135}
            ]]},
            {"altitude": 139.5},
            {"distance_km": 0.57},
            {"speed_kmh": 12.6},
            {"timestamp": "Sat Feb 11 08:30:28 UTC 2017"}
        ],
        [
            {"location": [[
                {"latitude": 64.210287},
                {"longitude": 27.688305}
            ]]},
            {"altitude": 141},
            {"distance_km": 0.59},
            {"speed_kmh": 18},
            {"timestamp": "Sat Feb 11 08:30:32 UTC 2017"}
        ],
        [
            {"location": [[
                {"latitude": 64.210163},
                {"longitude": 27.688349}
            ]]},
            {"altitude": 140.5},
            {"distance_km": 0.6},
            {"speed_kmh": 19.8},
            {"timestamp": "Sat Feb 11 08:30:34 UTC 2017"}
        ],
        [
            {"location": [[
                {"latitude": 64.210065},
                {"longitude": 27.688415}
            ]]},
            {"altitude": 139},
            {"distance_km": 0.61},
            {"speed_kmh": 18.9},
            {"timestamp": "Sat Feb 11 08:30:36 UTC 2017"}
        ],
        [
            {"location": [[
                {"latitude": 64.209971},
                {"longitude": 27.68846}
            ]]},
            {"altitude": 136.5},
            {"distance_km": 0.62},
            {"speed_kmh": 17.1},
            {"timestamp": "Sat Feb 11 08:30:38 UTC 2017"}
        ],
        [
            {"location": [[
                {"latitude": 64.209818},
                {"longitude": 27.688525}
            ]]},
            {"altitude": 137},
            {"distance_km": 0.64},
            {"speed_kmh": 14.4},
            {"timestamp": "Sat Feb 11 08:30:42 UTC 2017"}
        ],
        [
            {"location": [[
                {"latitude": 64.209681},
                {"longitude": 27.68865}
            ]]},
            {"altitude": 140},
            {"distance_km": 0.66},
            {"speed_kmh": 12.6},
            {"timestamp": "Sat Feb 11 08:30:46 UTC 2017"}
        ],
        [
            {"location": [[
                {"latitude": 64.209568},
                {"longitude": 27.68871}
            ]]},
            {"altitude": 140.5},
            {"distance_km": 0.67},
            {"speed_kmh": 11.7},
            {"timestamp": "Sat Feb 11 08:30:50 UTC 2017"}
        ],
        [
            {"location": [[
                {"latitude": 64.209425},
                {"longitude": 27.688779}
            ]]},
            {"altitude": 141.5},
            {"distance_km": 0.69},
            {"speed_kmh": 13.5},
            {"timestamp": "Sat Feb 11 08:30:53 UTC 2017"}
        ],
        [
            {"location": [[
                {"latitude": 64.209278},
                {"longitude": 27.688854}
            ]]},
            {"altitude": 142},
            {"distance_km": 0.7},
            {"speed_kmh": 13.5},
            {"timestamp": "Sat Feb 11 08:30:57 UTC 2017"}
        ],
        [
            {"location": [[
                {"latitude": 64.20914},
                {"longitude": 27.688915}
            ]]},
            {"altitude": 141},
            {"distance_km": 0.72},
            {"speed_kmh": 13.5},
            {"timestamp": "Sat Feb 11 08:31:01 UTC 2017"}
        ],
        [
            {"location": [[
                {"latitude": 64.208985},
                {"longitude": 27.688937}
            ]]},
            {"altitude": 140.5},
            {"distance_km": 0.74},
            {"speed_kmh": 16.2},
            {"timestamp": "Sat Feb 11 08:31:05 UTC 2017"}
        ],
        [
            {"location": [[
                {"latitude": 64.208894},
                {"longitude": 27.688934}
            ]]},
            {"altitude": 139},
            {"distance_km": 0.75},
            {"speed_kmh": 17.1},
            {"timestamp": "Sat Feb 11 08:31:07 UTC 2017"}
        ],
        [
            {"location": [[
                {"latitude": 64.208786},
                {"longitude": 27.688898}
            ]]},
            {"altitude": 139.5},
            {"distance_km": 0.76},
            {"speed_kmh": 18},
            {"timestamp": "Sat Feb 11 08:31:09 UTC 2017"}
        ],
        [
            {"location": [[
                {"latitude": 64.208691},
                {"longitude": 27.688901}
            ]]},
            {"altitude": 138.5},
            {"distance_km": 0.77},
            {"speed_kmh": 17.1},
            {"timestamp": "Sat Feb 11 08:31:11 UTC 2017"}
        ],
        [
            {"location": [[
                {"latitude": 64.208528},
                {"longitude": 27.688951}
            ]]},
            {"altitude": 137.5},
            {"distance_km": 0.79},
            {"speed_kmh": 15.3},
            {"timestamp": "Sat Feb 11 08:31:15 UTC 2017"}
        ],
        [
            {"location": [[
                {"latitude": 64.208375},
                {"longitude": 27.689011}
            ]]},
            {"altitude": 137.5},
            {"distance_km": 0.81},
            {"speed_kmh": 15.3},
            {"timestamp": "Sat Feb 11 08:31:19 UTC 2017"}
        ],
        [
            {"location": [[
                {"latitude": 64.208224},
                {"longitude": 27.689077}
            ]]},
            {"altitude": 137},
            {"distance_km": 0.82},
            {"speed_kmh": 15.3},
            {"timestamp": "Sat Feb 11 08:31:23 UTC 2017"}
        ],
        [
            {"location": [[
                {"latitude": 64.208095},
                {"longitude": 27.689149}
            ]]},
            {"altitude": 137.5},
            {"distance_km": 0.84},
            {"speed_kmh": 12.6},
            {"timestamp": "Sat Feb 11 08:31:27 UTC 2017"}
        ],
        [
            {"location": [[
                {"latitude": 64.207978},
                {"longitude": 27.689214}
            ]]},
            {"altitude": 138},
            {"distance_km": 0.85},
            {"speed_kmh": 11.7},
            {"timestamp": "Sat Feb 11 08:31:31 UTC 2017"}
        ],
        [
            {"location": [[
                {"latitude": 64.207886},
                {"longitude": 27.689246}
            ]]},
            {"altitude": 139.5},
            {"distance_km": 0.86},
            {"speed_kmh": 9},
            {"timestamp": "Sat Feb 11 08:31:35 UTC 2017"}
        ],
        [
            {"location": [[
                {"latitude": 64.207796},
                {"longitude": 27.689211}
            ]]},
            {"altitude": 138},
            {"distance_km": 0.87},
            {"speed_kmh": 4.5},
            {"timestamp": "Sat Feb 11 08:31:41 UTC 2017"}
        ],
        [
            {"location": [[
                {"latitude": 64.207695},
                {"longitude": 27.689136}
            ]]},
            {"altitude": 135.5},
            {"distance_km": 0.88},
            {"speed_kmh": 4.5},
            {"timestamp": "Sat Feb 11 08:31:51 UTC 2017"}
        ],
        [
            {"location": [[
                {"latitude": 64.207585},
                {"longitude": 27.689202}
            ]]},
            {"altitude": 137},
            {"distance_km": 0.9},
            {"speed_kmh": 4.5},
            {"timestamp": "Sat Feb 11 08:31:59 UTC 2017"}
        ],
        [
            {"location": [[
                {"latitude": 64.207487},
                {"longitude": 27.689297}
            ]]},
            {"altitude": 137},
            {"distance_km": 0.91},
            {"speed_kmh": 6.3},
            {"timestamp": "Sat Feb 11 08:32:06 UTC 2017"}
        ],
        [
            {"location": [[
                {"latitude": 64.20735},
                {"longitude": 27.689432}
            ]]},
            {"altitude": 137},
            {"distance_km": 0.92},
            {"speed_kmh": 11.7},
            {"timestamp": "Sat Feb 11 08:32:12 UTC 2017"}
        ],
        [
            {"location": [[
                {"latitude": 64.207208},
                {"longitude": 27.689507}
            ]]},
            {"altitude": 135.5},
            {"distance_km": 0.94},
            {"speed_kmh": 12.6},
            {"timestamp": "Sat Feb 11 08:32:16 UTC 2017"}
        ],
        [
            {"location": [[
                {"latitude": 64.207047},
                {"longitude": 27.689561}
            ]]},
            {"altitude": 137},
            {"distance_km": 0.96},
            {"speed_kmh": 15.3},
            {"timestamp": "Sat Feb 11 08:32:20 UTC 2017"}
        ],
        [
            {"location": [[
                {"latitude": 64.206887},
                {"longitude": 27.689593}
            ]]},
            {"altitude": 136.5},
            {"distance_km": 0.98},
            {"speed_kmh": 14.4},
            {"timestamp": "Sat Feb 11 08:32:24 UTC 2017"}
        ],
        [
            {"location": [[
                {"latitude": 64.206732},
                {"longitude": 27.689618}
            ]]},
            {"altitude": 137.5},
            {"distance_km": 0.99},
            {"speed_kmh": 14.4},
            {"timestamp": "Sat Feb 11 08:32:28 UTC 2017"}
        ],
        [
            {"location": [[
                {"latitude": 64.206578},
                {"longitude": 27.689611}
            ]]},
            {"altitude": 136},
            {"distance_km": 1.01},
            {"speed_kmh": 14.4},
            {"timestamp": "Sat Feb 11 08:32:32 UTC 2017"}
        ],
        [
            {"location": [[
                {"latitude": 64.206442},
                {"longitude": 27.689589}
            ]]},
            {"altitude": 136},
            {"distance_km": 1.03},
            {"speed_kmh": 13.5},
            {"timestamp": "Sat Feb 11 08:32:36 UTC 2017"}
        ],
        [
            {"location": [[
                {"latitude": 64.20634},
                {"longitude": 27.689575}
            ]]},
            {"altitude": 134.5},
            {"distance_km": 1.04},
            {"speed_kmh": 10.8},
            {"timestamp": "Sat Feb 11 08:32:40 UTC 2017"}
        ],
        [
            {"location": [[
                {"latitude": 64.206217},
                {"longitude": 27.689569}
            ]]},
            {"altitude": 134.5},
            {"distance_km": 1.05},
            {"speed_kmh": 13.5},
            {"timestamp": "Sat Feb 11 08:32:44 UTC 2017"}
        ],
        [
            {"location": [[
                {"latitude": 64.206077},
                {"longitude": 27.689647}
            ]]},
            {"altitude": 134},
            {"distance_km": 1.07},
            {"speed_kmh": 13.5},
            {"timestamp": "Sat Feb 11 08:32:48 UTC 2017"}
        ],
        [
            {"location": [[
                {"latitude": 64.205996},
                {"longitude": 27.689748}
            ]]},
            {"altitude": 133.5},
            {"distance_km": 1.08},
            {"speed_kmh": 3.6},
            {"timestamp": "Sat Feb 11 08:32:54 UTC 2017"}
        ],
        [
            {"location": [[
                {"latitude": 64.205933},
                {"longitude": 27.689918}
            ]]},
            {"altitude": 134},
            {"distance_km": 1.09},
            {"speed_kmh": 4.5},
            {"timestamp": "Sat Feb 11 08:33:02 UTC 2017"}
        ],
        [
            {"location": [[
                {"latitude": 64.205853},
                {"longitude": 27.690168}
            ]]},
            {"altitude": 134.5},
            {"distance_km": 1.1},
            {"speed_kmh": 4.5},
            {"timestamp": "Sat Feb 11 08:33:11 UTC 2017"}
        ],
        [
            {"location": [[
                {"latitude": 64.205926},
                {"longitude": 27.689969}
            ]]},
            {"altitude": 138},
            {"distance_km": 1.12},
            {"speed_kmh": 5.4},
            {"timestamp": "Sat Feb 11 08:33:33 UTC 2017"}
        ],
        [
            {"location": [[
                {"latitude": 64.205975},
                {"longitude": 27.689769}
            ]]},
            {"altitude": 136},
            {"distance_km": 1.13},
            {"speed_kmh": 5.4},
            {"timestamp": "Sat Feb 11 08:33:41 UTC 2017"}
        ],
        [
            {"location": [[
                {"latitude": 64.206047},
                {"longitude": 27.68959}
            ]]},
            {"altitude": 139.5},
            {"distance_km": 1.14},
            {"speed_kmh": 5.4},
            {"timestamp": "Sat Feb 11 08:33:49 UTC 2017"}
        ],
        [
            {"location": [[
                {"latitude": 64.2061},
                {"longitude": 27.689391}
            ]]},
            {"altitude": 139.5},
            {"distance_km": 1.15},
            {"speed_kmh": 4.5},
            {"timestamp": "Sat Feb 11 08:33:57 UTC 2017"}
        ],
        [
            {"location": [[
                {"latitude": 64.206162},
                {"longitude": 27.689174}
            ]]},
            {"altitude": 139},
            {"distance_km": 1.16},
            {"speed_kmh": 7.2},
            {"timestamp": "Sat Feb 11 08:34:04 UTC 2017"}
        ],
        [
            {"location": [[
                {"latitude": 64.206225},
                {"longitude": 27.688965}
            ]]},
            {"altitude": 139},
            {"distance_km": 1.17},
            {"speed_kmh": 6.3},
            {"timestamp": "Sat Feb 11 08:34:10 UTC 2017"}
        ],
        [
            {"location": [[
                {"latitude": 64.206292},
                {"longitude": 27.688803}
            ]]},
            {"altitude": 144},
            {"distance_km": 1.19},
            {"speed_kmh": 5.4},
            {"timestamp": "Sat Feb 11 08:34:16 UTC 2017"}
        ],
        [
            {"location": [[
                {"latitude": 64.206374},
                {"longitude": 27.688692}
            ]]},
            {"altitude": 143},
            {"distance_km": 1.2},
            {"speed_kmh": 9},
            {"timestamp": "Sat Feb 11 08:34:20 UTC 2017"}
        ],
        [
            {"location": [[
                {"latitude": 64.206476},
                {"longitude": 27.688614}
            ]]},
            {"altitude": 140},
            {"distance_km": 1.21},
            {"speed_kmh": 9.9},
            {"timestamp": "Sat Feb 11 08:34:24 UTC 2017"}
        ],
        [
            {"location": [[
                {"latitude": 64.206612},
                {"longitude": 27.688526}
            ]]},
            {"altitude": 138},
            {"distance_km": 1.22},
            {"speed_kmh": 12.6},
            {"timestamp": "Sat Feb 11 08:34:28 UTC 2017"}
        ],
        [
            {"location": [[
                {"latitude": 64.206763},
                {"longitude": 27.688473}
            ]]},
            {"altitude": 139.5},
            {"distance_km": 1.24},
            {"speed_kmh": 13.5},
            {"timestamp": "Sat Feb 11 08:34:32 UTC 2017"}
        ],
        [
            {"location": [[
                {"latitude": 64.206905},
                {"longitude": 27.688384}
            ]]},
            {"altitude": 137.5},
            {"distance_km": 1.26},
            {"speed_kmh": 13.5},
            {"timestamp": "Sat Feb 11 08:34:36 UTC 2017"}
        ],
        [
            {"location": [[
                {"latitude": 64.207038},
                {"longitude": 27.688288}
            ]]},
            {"altitude": 140},
            {"distance_km": 1.27},
            {"speed_kmh": 12.6},
            {"timestamp": "Sat Feb 11 08:34:40 UTC 2017"}
        ],
        [
            {"location": [[
                {"latitude": 64.207158},
                {"longitude": 27.688216}
            ]]},
            {"altitude": 140},
            {"distance_km": 1.29},
            {"speed_kmh": 11.7},
            {"timestamp": "Sat Feb 11 08:34:44 UTC 2017"}
        ],
        [
            {"location": [[
                {"latitude": 64.207271},
                {"longitude": 27.688056}
            ]]},
            {"altitude": 141},
            {"distance_km": 1.3},
            {"speed_kmh": 12.6},
            {"timestamp": "Sat Feb 11 08:34:48 UTC 2017"}
        ],
        [
            {"location": [[
                {"latitude": 64.207401},
                {"longitude": 27.687927}
            ]]},
            {"altitude": 140.5},
            {"distance_km": 1.32},
            {"speed_kmh": 12.6},
            {"timestamp": "Sat Feb 11 08:34:52 UTC 2017"}
        ],
        [
            {"location": [[
                {"latitude": 64.207528},
                {"longitude": 27.687813}
            ]]},
            {"altitude": 144.5},
            {"distance_km": 1.33},
            {"speed_kmh": 12.6},
            {"timestamp": "Sat Feb 11 08:34:56 UTC 2017"}
        ],
        [
            {"location": [[
                {"latitude": 64.207653},
                {"longitude": 27.687686}
            ]]},
            {"altitude": 145},
            {"distance_km": 1.35},
            {"speed_kmh": 12.6},
            {"timestamp": "Sat Feb 11 08:35:00 UTC 2017"}
        ],
        [
            {"location": [[
                {"latitude": 64.207796},
                {"longitude": 27.687585}
            ]]},
            {"altitude": 143.5},
            {"distance_km": 1.36},
            {"speed_kmh": 13.5},
            {"timestamp": "Sat Feb 11 08:35:04 UTC 2017"}
        ],
        [
            {"location": [[
                {"latitude": 64.207943},
                {"longitude": 27.687503}
            ]]},
            {"altitude": 142.5},
            {"distance_km": 1.38},
            {"speed_kmh": 13.5},
            {"timestamp": "Sat Feb 11 08:35:07 UTC 2017"}
        ],
        [
            {"location": [[
                {"latitude": 64.208121},
                {"longitude": 27.687421}
            ]]},
            {"altitude": 143},
            {"distance_km": 1.4},
            {"speed_kmh": 16.2},
            {"timestamp": "Sat Feb 11 08:35:11 UTC 2017"}
        ],
        [
            {"location": [[
                {"latitude": 64.20821},
                {"longitude": 27.687358}
            ]]},
            {"altitude": 144.5},
            {"distance_km": 1.41},
            {"speed_kmh": 16.2},
            {"timestamp": "Sat Feb 11 08:35:13 UTC 2017"}
        ],
        [
            {"location": [[
                {"latitude": 64.208287},
                {"longitude": 27.687238}
            ]]},
            {"altitude": 143.5},
            {"distance_km": 1.42},
            {"speed_kmh": 16.2},
            {"timestamp": "Sat Feb 11 08:35:15 UTC 2017"}
        ],
        [
            {"location": [[
                {"latitude": 64.208364},
                {"longitude": 27.687088}
            ]]},
            {"altitude": 147},
            {"distance_km": 1.43},
            {"speed_kmh": 17.1},
            {"timestamp": "Sat Feb 11 08:35:17 UTC 2017"}
        ],
        [
            {"location": [[
                {"latitude": 64.208457},
                {"longitude": 27.686871}
            ]]},
            {"altitude": 147},
            {"distance_km": 1.45},
            {"speed_kmh": 18.9},
            {"timestamp": "Sat Feb 11 08:35:19 UTC 2017"}
        ],
        [
            {"location": [[
                {"latitude": 64.20853},
                {"longitude": 27.686718}
            ]]},
            {"altitude": 146.5},
            {"distance_km": 1.46},
            {"speed_kmh": 18.9},
            {"timestamp": "Sat Feb 11 08:35:21 UTC 2017"}
        ],
        [
            {"location": [[
                {"latitude": 64.208668},
                {"longitude": 27.686526}
            ]]},
            {"altitude": 146.5},
            {"distance_km": 1.48},
            {"speed_kmh": 14.4},
            {"timestamp": "Sat Feb 11 08:35:25 UTC 2017"}
        ],
        [
            {"location": [[
                {"latitude": 64.208786},
                {"longitude": 27.686419}
            ]]},
            {"altitude": 146},
            {"distance_km": 1.49},
            {"speed_kmh": 11.7},
            {"timestamp": "Sat Feb 11 08:35:29 UTC 2017"}
        ],
        [
            {"location": [[
                {"latitude": 64.208902},
                {"longitude": 27.686321}
            ]]},
            {"altitude": 146},
            {"distance_km": 1.5},
            {"speed_kmh": 12.6},
            {"timestamp": "Sat Feb 11 08:35:33 UTC 2017"}
        ],
        [
            {"location": [[
                {"latitude": 64.209018},
                {"longitude": 27.68626}
            ]]},
            {"altitude": 141.5},
            {"distance_km": 1.52},
            {"speed_kmh": 10.8},
            {"timestamp": "Sat Feb 11 08:35:37 UTC 2017"}
        ],
        [
            {"location": [[
                {"latitude": 64.20911},
                {"longitude": 27.686221}
            ]]},
            {"altitude": 142},
            {"distance_km": 1.53},
            {"speed_kmh": 8.1},
            {"timestamp": "Sat Feb 11 08:35:41 UTC 2017"}
        ],
        [
            {"location": [[
                {"latitude": 64.209213},
                {"longitude": 27.686192}
            ]]},
            {"altitude": 142},
            {"distance_km": 1.54},
            {"speed_kmh": 9},
            {"timestamp": "Sat Feb 11 08:35:45 UTC 2017"}
        ],
        [
            {"location": [[
                {"latitude": 64.209329},
                {"longitude": 27.686146}
            ]]},
            {"altitude": 141.5},
            {"distance_km": 1.55},
            {"speed_kmh": 9},
            {"timestamp": "Sat Feb 11 08:35:49 UTC 2017"}
        ],
        [
            {"location": [[
                {"latitude": 64.209446},
                {"longitude": 27.686093}
            ]]},
            {"altitude": 141},
            {"distance_km": 1.57},
            {"speed_kmh": 9.9},
            {"timestamp": "Sat Feb 11 08:35:53 UTC 2017"}
        ],
        [
            {"location": [[
                {"latitude": 64.209573},
                {"longitude": 27.686113}
            ]]},
            {"altitude": 145},
            {"distance_km": 1.58},
            {"speed_kmh": 9.9},
            {"timestamp": "Sat Feb 11 08:35:57 UTC 2017"}
        ],
        [
            {"location": [[
                {"latitude": 64.209687},
                {"longitude": 27.686112}
            ]]},
            {"altitude": 142.5},
            {"distance_km": 1.59},
            {"speed_kmh": 9},
            {"timestamp": "Sat Feb 11 08:36:02 UTC 2017"}
        ],
        [
            {"location": [[
                {"latitude": 64.209803},
                {"longitude": 27.686057}
            ]]},
            {"altitude": 144},
            {"distance_km": 1.61},
            {"speed_kmh": 9},
            {"timestamp": "Sat Feb 11 08:36:06 UTC 2017"}
        ],
        [
            {"location": [[
                {"latitude": 64.209898},
                {"longitude": 27.686049}
            ]]},
            {"altitude": 150},
            {"distance_km": 1.62},
            {"speed_kmh": 0},
            {"timestamp": "Sat Feb 11 08:36:16 UTC 2017"}
        ],
        [
            {"location": [[
                {"latitude": 64.209985},
                {"longitude": 27.685843}
            ]]},
            {"altitude": 146},
            {"distance_km": 1.63},
            {"speed_kmh": 6.3},
            {"timestamp": "Sat Feb 11 08:36:30 UTC 2017"}
        ],
        [
            {"location": [[
                {"latitude": 64.210027},
                {"longitude": 27.685658}
            ]]},
            {"altitude": 144},
            {"distance_km": 1.64},
            {"speed_kmh": 0},
            {"timestamp": "Sat Feb 11 08:36:44 UTC 2017"}
        ],
        [
            {"location": [[
                {"latitude": 64.210129},
                {"longitude": 27.685462}
            ]]},
            {"altitude": 143.5},
            {"distance_km": 1.66},
            {"speed_kmh": 9},
            {"timestamp": "Sat Feb 11 08:36:52 UTC 2017"}
        ],
        [
            {"location": [[
                {"latitude": 64.210207},
                {"longitude": 27.685292}
            ]]},
            {"altitude": 142},
            {"distance_km": 1.67},
            {"speed_kmh": 9},
            {"timestamp": "Sat Feb 11 08:36:56 UTC 2017"}
        ],
        [
            {"location": [[
                {"latitude": 64.210302},
                {"longitude": 27.685135}
            ]]},
            {"altitude": 140.5},
            {"distance_km": 1.68},
            {"speed_kmh": 11.7},
            {"timestamp": "Sat Feb 11 08:36:59 UTC 2017"}
        ],
        [
            {"location": [[
                {"latitude": 64.210404},
                {"longitude": 27.684977}
            ]]},
            {"altitude": 139.5},
            {"distance_km": 1.69},
            {"speed_kmh": 11.7},
            {"timestamp": "Sat Feb 11 08:37:03 UTC 2017"}
        ],
        [
            {"location": [[
                {"latitude": 64.210515},
                {"longitude": 27.684808}
            ]]},
            {"altitude": 138},
            {"distance_km": 1.71},
            {"speed_kmh": 11.7},
            {"timestamp": "Sat Feb 11 08:37:07 UTC 2017"}
        ],
        [
            {"location": [[
                {"latitude": 64.210628},
                {"longitude": 27.684656}
            ]]},
            {"altitude": 135},
            {"distance_km": 1.72},
            {"speed_kmh": 11.7},
            {"timestamp": "Sat Feb 11 08:37:11 UTC 2017"}
        ],
        [
            {"location": [[
                {"latitude": 64.210716},
                {"longitude": 27.684567}
            ]]},
            {"altitude": 135.5},
            {"distance_km": 1.73},
            {"speed_kmh": 7.2},
            {"timestamp": "Sat Feb 11 08:37:15 UTC 2017"}
        ],
        [
            {"location": [[
                {"latitude": 64.210804},
                {"longitude": 27.68463}
            ]]},
            {"altitude": 135},
            {"distance_km": 1.74},
            {"speed_kmh": 9},
            {"timestamp": "Sat Feb 11 08:37:19 UTC 2017"}
        ],
        [
            {"location": [[
                {"latitude": 64.210929},
                {"longitude": 27.684692}
            ]]},
            {"altitude": 136.5},
            {"distance_km": 1.76},
            {"speed_kmh": 11.7},
            {"timestamp": "Sat Feb 11 08:37:23 UTC 2017"}
        ],
        [
            {"location": [[
                {"latitude": 64.211062},
                {"longitude": 27.684721}
            ]]},
            {"altitude": 139.5},
            {"distance_km": 1.77},
            {"speed_kmh": 11.7},
            {"timestamp": "Sat Feb 11 08:37:27 UTC 2017"}
        ],
        [
            {"location": [[
                {"latitude": 64.211199},
                {"longitude": 27.684779}
            ]]},
            {"altitude": 137},
            {"distance_km": 1.79},
            {"speed_kmh": 11.7},
            {"timestamp": "Sat Feb 11 08:37:31 UTC 2017"}
        ],
        [
            {"location": [[
                {"latitude": 64.211346},
                {"longitude": 27.68485}
            ]]},
            {"altitude": 138.5},
            {"distance_km": 1.81},
            {"speed_kmh": 13.5},
            {"timestamp": "Sat Feb 11 08:37:35 UTC 2017"}
        ],
        [
            {"location": [[
                {"latitude": 64.21151},
                {"longitude": 27.684904}
            ]]},
            {"altitude": 139},
            {"distance_km": 1.82},
            {"speed_kmh": 14.4},
            {"timestamp": "Sat Feb 11 08:37:39 UTC 2017"}
        ],
        [
            {"location": [[
                {"latitude": 64.211639},
                {"longitude": 27.684948}
            ]]},
            {"altitude": 137.5},
            {"distance_km": 1.84},
            {"speed_kmh": 9.9},
            {"timestamp": "Sat Feb 11 08:37:43 UTC 2017"}
        ],
        [
            {"location": [[
                {"latitude": 64.211769},
                {"longitude": 27.684989}
            ]]},
            {"altitude": 137.5},
            {"distance_km": 1.85},
            {"speed_kmh": 13.5},
            {"timestamp": "Sat Feb 11 08:37:47 UTC 2017"}
        ],
        [
            {"location": [[
                {"latitude": 64.211918},
                {"longitude": 27.68502}
            ]]},
            {"altitude": 137},
            {"distance_km": 1.87},
            {"speed_kmh": 13.5},
            {"timestamp": "Sat Feb 11 08:37:51 UTC 2017"}
        ],
        [
            {"location": [[
                {"latitude": 64.21205},
                {"longitude": 27.685042}
            ]]},
            {"altitude": 141.5},
            {"distance_km": 1.88},
            {"speed_kmh": 9.9},
            {"timestamp": "Sat Feb 11 08:37:55 UTC 2017"}
        ],
        [
            {"location": [[
                {"latitude": 64.212163},
                {"longitude": 27.685053}
            ]]},
            {"altitude": 142},
            {"distance_km": 1.9},
            {"speed_kmh": 9.9},
            {"timestamp": "Sat Feb 11 08:37:59 UTC 2017"}
        ],
        [
            {"location": [[
                {"latitude": 64.212295},
                {"longitude": 27.685066}
            ]]},
            {"altitude": 145},
            {"distance_km": 1.91},
            {"speed_kmh": 12.6},
            {"timestamp": "Sat Feb 11 08:38:03 UTC 2017"}
        ],
        [
            {"location": [[
                {"latitude": 64.212437},
                {"longitude": 27.685064}
            ]]},
            {"altitude": 144},
            {"distance_km": 1.93},
            {"speed_kmh": 12.6},
            {"timestamp": "Sat Feb 11 08:38:07 UTC 2017"}
        ],
        [
            {"location": [[
                {"latitude": 64.212622},
                {"longitude": 27.685017}
            ]]},
            {"altitude": 142.5},
            {"distance_km": 1.95},
            {"speed_kmh": 18},
            {"timestamp": "Sat Feb 11 08:38:12 UTC 2017"}
        ],
        [
            {"location": [[
                {"latitude": 64.21275},
                {"longitude": 27.684957}
            ]]},
            {"altitude": 142},
            {"distance_km": 1.96},
            {"speed_kmh": 18.9},
            {"timestamp": "Sat Feb 11 08:38:14 UTC 2017"}
        ],
        [
            {"location": [[
                {"latitude": 64.212867},
                {"longitude": 27.684913}
            ]]},
            {"altitude": 144},
            {"distance_km": 1.98},
            {"speed_kmh": 21.6},
            {"timestamp": "Sat Feb 11 08:38:16 UTC 2017"}
        ],
        [
            {"location": [[
                {"latitude": 64.212967},
                {"longitude": 27.684874}
            ]]},
            {"altitude": 144.5},
            {"distance_km": 1.99},
            {"speed_kmh": 20.7},
            {"timestamp": "Sat Feb 11 08:38:18 UTC 2017"}
        ],
        [
            {"location": [[
                {"latitude": 64.213061},
                {"longitude": 27.684803}
            ]]},
            {"altitude": 144.5},
            {"distance_km": 2},
            {"speed_kmh": 18.9},
            {"timestamp": "Sat Feb 11 08:38:20 UTC 2017"}
        ],
        [
            {"location": [[
                {"latitude": 64.213228},
                {"longitude": 27.684733}
            ]]},
            {"altitude": 145},
            {"distance_km": 2.02},
            {"speed_kmh": 15.3},
            {"timestamp": "Sat Feb 11 08:38:24 UTC 2017"}
        ],
        [
            {"location": [[
                {"latitude": 64.213356},
                {"longitude": 27.684656}
            ]]},
            {"altitude": 144.5},
            {"distance_km": 2.03},
            {"speed_kmh": 12.6},
            {"timestamp": "Sat Feb 11 08:38:28 UTC 2017"}
        ],
        [
            {"location": [[
                {"latitude": 64.213481},
                {"longitude": 27.684607}
            ]]},
            {"altitude": 144.5},
            {"distance_km": 2.05},
            {"speed_kmh": 12.6},
            {"timestamp": "Sat Feb 11 08:38:32 UTC 2017"}
        ],
        [
            {"location": [[
                {"latitude": 64.213607},
                {"longitude": 27.684545}
            ]]},
            {"altitude": 144},
            {"distance_km": 2.06},
            {"speed_kmh": 12.6},
            {"timestamp": "Sat Feb 11 08:38:36 UTC 2017"}
        ],
        [
            {"location": [[
                {"latitude": 64.213734},
                {"longitude": 27.684488}
            ]]},
            {"altitude": 144},
            {"distance_km": 2.07},
            {"speed_kmh": 12.6},
            {"timestamp": "Sat Feb 11 08:38:40 UTC 2017"}
        ],
        [
            {"location": [[
                {"latitude": 64.213852},
                {"longitude": 27.684418}
            ]]},
            {"altitude": 142.5},
            {"distance_km": 2.09},
            {"speed_kmh": 12.6},
            {"timestamp": "Sat Feb 11 08:38:44 UTC 2017"}
        ],
        [
            {"location": [[
                {"latitude": 64.213956},
                {"longitude": 27.684375}
            ]]},
            {"altitude": 142},
            {"distance_km": 2.1},
            {"speed_kmh": 10.8},
            {"timestamp": "Sat Feb 11 08:38:48 UTC 2017"}
        ],
        [
            {"location": [[
                {"latitude": 64.214055},
                {"longitude": 27.684358}
            ]]},
            {"altitude": 142.5},
            {"distance_km": 2.11},
            {"speed_kmh": 9.9},
            {"timestamp": "Sat Feb 11 08:38:52 UTC 2017"}
        ],
        [
            {"location": [[
                {"latitude": 64.21416},
                {"longitude": 27.684326}
            ]]},
            {"altitude": 141},
            {"distance_km": 2.12},
            {"speed_kmh": 7.2},
            {"timestamp": "Sat Feb 11 08:38:58 UTC 2017"}
        ],
        [
            {"location": [[
                {"latitude": 64.214246},
                {"longitude": 27.684263}
            ]]},
            {"altitude": 140},
            {"distance_km": 2.13},
            {"speed_kmh": 5.4},
            {"timestamp": "Sat Feb 11 08:39:04 UTC 2017"}
        ],
        [
            {"location": [[
                {"latitude": 64.214352},
                {"longitude": 27.684233}
            ]]},
            {"altitude": 142},
            {"distance_km": 2.15},
            {"speed_kmh": 5.4},
            {"timestamp": "Sat Feb 11 08:39:11 UTC 2017"}
        ],
        [
            {"location": [[
                {"latitude": 64.214456},
                {"longitude": 27.684241}
            ]]},
            {"altitude": 141},
            {"distance_km": 2.16},
            {"speed_kmh": 5.4},
            {"timestamp": "Sat Feb 11 08:39:19 UTC 2017"}
        ],
        [
            {"location": [[
                {"latitude": 64.214546},
                {"longitude": 27.684237}
            ]]},
            {"altitude": 139.5},
            {"distance_km": 2.17},
            {"speed_kmh": 0},
            {"timestamp": "Sat Feb 11 08:39:27 UTC 2017"}
        ],
        [
            {"location": [[
                {"latitude": 64.214681},
                {"longitude": 27.684337}
            ]]},
            {"altitude": 135.5},
            {"distance_km": 2.18},
            {"speed_kmh": 9.9},
            {"timestamp": "Sat Feb 11 08:39:50 UTC 2017"}
        ],
        [
            {"location": [[
                {"latitude": 64.214791},
                {"longitude": 27.684411}
            ]]},
            {"altitude": 136.5},
            {"distance_km": 2.2},
            {"speed_kmh": 9.9},
            {"timestamp": "Sat Feb 11 08:39:54 UTC 2017"}
        ],
        [
            {"location": [[
                {"latitude": 64.214894},
                {"longitude": 27.684513}
            ]]},
            {"altitude": 136},
            {"distance_km": 2.21},
            {"speed_kmh": 10.8},
            {"timestamp": "Sat Feb 11 08:39:58 UTC 2017"}
        ],
        [
            {"location": [[
                {"latitude": 64.214995},
                {"longitude": 27.684624}
            ]]},
            {"altitude": 136},
            {"distance_km": 2.22},
            {"speed_kmh": 9.9},
            {"timestamp": "Sat Feb 11 08:40:02 UTC 2017"}
        ],
        [
            {"location": [[
                {"latitude": 64.21509},
                {"longitude": 27.684738}
            ]]},
            {"altitude": 137.5},
            {"distance_km": 2.23},
            {"speed_kmh": 10.8},
            {"timestamp": "Sat Feb 11 08:40:06 UTC 2017"}
        ],
        [
            {"location": [[
                {"latitude": 64.214978},
                {"longitude": 27.684698}
            ]]},
            {"altitude": 136},
            {"distance_km": 2.24},
            {"speed_kmh": 9},
            {"timestamp": "Sat Feb 11 08:40:16 UTC 2017"}
        ],
        [
            {"location": [[
                {"latitude": 64.214888},
                {"longitude": 27.684614}
            ]]},
            {"altitude": 136.5},
            {"distance_km": 2.26},
            {"speed_kmh": 9},
            {"timestamp": "Sat Feb 11 08:40:20 UTC 2017"}
        ],
        [
            {"location": [[
                {"latitude": 64.214791},
                {"longitude": 27.684509}
            ]]},
            {"altitude": 136},
            {"distance_km": 2.27},
            {"speed_kmh": 11.7},
            {"timestamp": "Sat Feb 11 08:40:24 UTC 2017"}
        ],
        [
            {"location": [[
                {"latitude": 64.214676},
                {"longitude": 27.684412}
            ]]},
            {"altitude": 135},
            {"distance_km": 2.28},
            {"speed_kmh": 10.8},
            {"timestamp": "Sat Feb 11 08:40:28 UTC 2017"}
        ],
        [
            {"location": [[
                {"latitude": 64.21456},
                {"longitude": 27.684346}
            ]]},
            {"altitude": 134.5},
            {"distance_km": 2.29},
            {"speed_kmh": 11.7},
            {"timestamp": "Sat Feb 11 08:40:32 UTC 2017"}
        ],
        [
            {"location": [[
                {"latitude": 64.214451},
                {"longitude": 27.684325}
            ]]},
            {"altitude": 134},
            {"distance_km": 2.31},
            {"speed_kmh": 10.8},
            {"timestamp": "Sat Feb 11 08:40:36 UTC 2017"}
        ],
        [
            {"location": [[
                {"latitude": 64.214349},
                {"longitude": 27.684321}
            ]]},
            {"altitude": 131.5},
            {"distance_km": 2.32},
            {"speed_kmh": 10.8},
            {"timestamp": "Sat Feb 11 08:40:40 UTC 2017"}
        ],
        [
            {"location": [[
                {"latitude": 64.214246},
                {"longitude": 27.68434}
            ]]},
            {"altitude": 129},
            {"distance_km": 2.33},
            {"speed_kmh": 10.8},
            {"timestamp": "Sat Feb 11 08:40:44 UTC 2017"}
        ],
        [
            {"location": [[
                {"latitude": 64.214143},
                {"longitude": 27.684388}
            ]]},
            {"altitude": 130},
            {"distance_km": 2.34},
            {"speed_kmh": 10.8},
            {"timestamp": "Sat Feb 11 08:40:48 UTC 2017"}
        ],
        [
            {"location": [[
                {"latitude": 64.21404},
                {"longitude": 27.684463}
            ]]},
            {"altitude": 131.5},
            {"distance_km": 2.35},
            {"speed_kmh": 10.8},
            {"timestamp": "Sat Feb 11 08:40:52 UTC 2017"}
        ],
        [
            {"location": [[
                {"latitude": 64.214038},
                {"longitude": 27.68474}
            ]]},
            {"altitude": 131.5},
            {"distance_km": 2.37},
            {"speed_kmh": 9},
            {"timestamp": "Sat Feb 11 08:40:59 UTC 2017"}
        ],
        [
            {"location": [[
                {"latitude": 64.214054},
                {"longitude": 27.684964}
            ]]},
            {"altitude": 131},
            {"distance_km": 2.38},
            {"speed_kmh": 7.2},
            {"timestamp": "Sat Feb 11 08:41:03 UTC 2017"}
        ],
        [
            {"location": [[
                {"latitude": 64.214155},
                {"longitude": 27.685029}
            ]]},
            {"altitude": 130},
            {"distance_km": 2.39},
            {"speed_kmh": 1.8},
            {"timestamp": "Sat Feb 11 08:41:19 UTC 2017"}
        ],
        [
            {"location": [[
                {"latitude": 64.214246},
                {"longitude": 27.685053}
            ]]},
            {"altitude": 129.5},
            {"distance_km": 2.4},
            {"speed_kmh": 0},
            {"timestamp": "Sat Feb 11 08:41:27 UTC 2017"}
        ],
        [
            {"location": [[
                {"latitude": 64.214153},
                {"longitude": 27.685035}
            ]]},
            {"altitude": 132.5},
            {"distance_km": 2.41},
            {"speed_kmh": 4.5},
            {"timestamp": "Sat Feb 11 08:42:04 UTC 2017"}
        ],
        [
            {"location": [[
                {"latitude": 64.214066},
                {"longitude": 27.684895}
            ]]},
            {"altitude": 131.5},
            {"distance_km": 2.42},
            {"speed_kmh": 5.4},
            {"timestamp": "Sat Feb 11 08:42:12 UTC 2017"}
        ],
        [
            {"location": [[
                {"latitude": 64.213947},
                {"longitude": 27.684884}
            ]]},
            {"altitude": 132},
            {"distance_km": 2.44},
            {"speed_kmh": 4.5},
            {"timestamp": "Sat Feb 11 08:42:37 UTC 2017"}
        ],
        [
            {"location": [[
                {"latitude": 64.21384},
                {"longitude": 27.68496}
            ]]},
            {"altitude": 136},
            {"distance_km": 2.45},
            {"speed_kmh": 5.4},
            {"timestamp": "Sat Feb 11 08:42:43 UTC 2017"}
        ],
        [
            {"location": [[
                {"latitude": 64.213762},
                {"longitude": 27.685115}
            ]]},
            {"altitude": 135},
            {"distance_km": 2.46},
            {"speed_kmh": 5.4},
            {"timestamp": "Sat Feb 11 08:42:49 UTC 2017"}
        ],
        [
            {"location": [[
                {"latitude": 64.2137},
                {"longitude": 27.68529}
            ]]},
            {"altitude": 135},
            {"distance_km": 2.47},
            {"speed_kmh": 5.4},
            {"timestamp": "Sat Feb 11 08:42:55 UTC 2017"}
        ],
        [
            {"location": [[
                {"latitude": 64.213639},
                {"longitude": 27.685517}
            ]]},
            {"altitude": 138},
            {"distance_km": 2.48},
            {"speed_kmh": 6.3},
            {"timestamp": "Sat Feb 11 08:43:01 UTC 2017"}
        ],
        [
            {"location": [[
                {"latitude": 64.213649},
                {"longitude": 27.68574}
            ]]},
            {"altitude": 137},
            {"distance_km": 2.49},
            {"speed_kmh": 3.6},
            {"timestamp": "Sat Feb 11 08:43:23 UTC 2017"}
        ],
        [
            {"location": [[
                {"latitude": 64.213682},
                {"longitude": 27.68608}
            ]]},
            {"altitude": 135},
            {"distance_km": 2.51},
            {"speed_kmh": 9.9},
            {"timestamp": "Sat Feb 11 08:43:29 UTC 2017"}
        ],
        [
            {"location": [[
                {"latitude": 64.213705},
                {"longitude": 27.686359}
            ]]},
            {"altitude": 136},
            {"distance_km": 2.52},
            {"speed_kmh": 10.8},
            {"timestamp": "Sat Feb 11 08:43:33 UTC 2017"}
        ],
        [
            {"location": [[
                {"latitude": 64.213728},
                {"longitude": 27.686634}
            ]]},
            {"altitude": 135.5},
            {"distance_km": 2.54},
            {"speed_kmh": 10.8},
            {"timestamp": "Sat Feb 11 08:43:38 UTC 2017"}
        ],
        [
            {"location": [[
                {"latitude": 64.213746},
                {"longitude": 27.686906}
            ]]},
            {"altitude": 134},
            {"distance_km": 2.55},
            {"speed_kmh": 10.8},
            {"timestamp": "Sat Feb 11 08:43:42 UTC 2017"}
        ],
        [
            {"location": [[
                {"latitude": 64.213763},
                {"longitude": 27.687149}
            ]]},
            {"altitude": 131.5},
            {"distance_km": 2.56},
            {"speed_kmh": 10.8},
            {"timestamp": "Sat Feb 11 08:43:46 UTC 2017"}
        ],
        [
            {"location": [[
                {"latitude": 64.213793},
                {"longitude": 27.687373}
            ]]},
            {"altitude": 131},
            {"distance_km": 2.57},
            {"speed_kmh": 10.8},
            {"timestamp": "Sat Feb 11 08:43:50 UTC 2017"}
        ],
        [
            {"location": [[
                {"latitude": 64.21383},
                {"longitude": 27.687608}
            ]]},
            {"altitude": 130.5},
            {"distance_km": 2.59},
            {"speed_kmh": 10.8},
            {"timestamp": "Sat Feb 11 08:43:54 UTC 2017"}
        ],
        [
            {"location": [[
                {"latitude": 64.213881},
                {"longitude": 27.687801}
            ]]},
            {"altitude": 131},
            {"distance_km": 2.6},
            {"speed_kmh": 9.9},
            {"timestamp": "Sat Feb 11 08:43:58 UTC 2017"}
        ],
        [
            {"location": [[
                {"latitude": 64.213971},
                {"longitude": 27.687895}
            ]]},
            {"altitude": 136},
            {"distance_km": 2.61},
            {"speed_kmh": 4.5},
            {"timestamp": "Sat Feb 11 08:44:10 UTC 2017"}
        ],
        [
            {"location": [[
                {"latitude": 64.214072},
                {"longitude": 27.687969}
            ]]},
            {"altitude": 135},
            {"distance_km": 2.62},
            {"speed_kmh": 5.4},
            {"timestamp": "Sat Feb 11 08:44:18 UTC 2017"}
        ],
        [
            {"location": [[
                {"latitude": 64.214167},
                {"longitude": 27.688044}
            ]]},
            {"altitude": 135},
            {"distance_km": 2.63},
            {"speed_kmh": 5.4},
            {"timestamp": "Sat Feb 11 08:44:24 UTC 2017"}
        ],
        [
            {"location": [[
                {"latitude": 64.214306},
                {"longitude": 27.688109}
            ]]},
            {"altitude": 131.5},
            {"distance_km": 2.65},
            {"speed_kmh": 13.5},
            {"timestamp": "Sat Feb 11 08:44:28 UTC 2017"}
        ],
        [
            {"location": [[
                {"latitude": 64.21443},
                {"longitude": 27.688205}
            ]]},
            {"altitude": 130.5},
            {"distance_km": 2.66},
            {"speed_kmh": 10.8},
            {"timestamp": "Sat Feb 11 08:44:32 UTC 2017"}
        ],
        [
            {"location": [[
                {"latitude": 64.214507},
                {"longitude": 27.68838}
            ]]},
            {"altitude": 132},
            {"distance_km": 2.67},
            {"speed_kmh": 6.3},
            {"timestamp": "Sat Feb 11 08:44:40 UTC 2017"}
        ],
        [
            {"location": [[
                {"latitude": 64.214594},
                {"longitude": 27.688558}
            ]]},
            {"altitude": 133.5},
            {"distance_km": 2.69},
            {"speed_kmh": 5.4},
            {"timestamp": "Sat Feb 11 08:44:49 UTC 2017"}
        ],
        [
            {"location": [[
                {"latitude": 64.214661},
                {"longitude": 27.688715}
            ]]},
            {"altitude": 137.5},
            {"distance_km": 2.7},
            {"speed_kmh": 0},
            {"timestamp": "Sat Feb 11 08:44:57 UTC 2017"}
        ],
        [
            {"location": [[
                {"latitude": 64.214711},
                {"longitude": 27.688952}
            ]]},
            {"altitude": 134.5},
            {"distance_km": 2.71},
            {"speed_kmh": 6.3},
            {"timestamp": "Sat Feb 11 08:45:07 UTC 2017"}
        ],
        [
            {"location": [[
                {"latitude": 64.214751},
                {"longitude": 27.689155}
            ]]},
            {"altitude": 127.5},
            {"distance_km": 2.72},
            {"speed_kmh": 2.7},
            {"timestamp": "Sat Feb 11 08:45:17 UTC 2017"}
        ],
        [
            {"location": [[
                {"latitude": 64.214801},
                {"longitude": 27.689361}
            ]]},
            {"altitude": 133},
            {"distance_km": 2.73},
            {"speed_kmh": 4.5},
            {"timestamp": "Sat Feb 11 08:45:23 UTC 2017"}
        ],
        [
            {"location": [[
                {"latitude": 64.21485},
                {"longitude": 27.689596}
            ]]},
            {"altitude": 132},
            {"distance_km": 2.74},
            {"speed_kmh": 5.4},
            {"timestamp": "Sat Feb 11 08:45:30 UTC 2017"}
        ],
        [
            {"location": [[
                {"latitude": 64.214911},
                {"longitude": 27.689795}
            ]]},
            {"altitude": 131.5},
            {"distance_km": 2.76},
            {"speed_kmh": 2.7},
            {"timestamp": "Sat Feb 11 08:45:40 UTC 2017"}
        ],
        [
            {"location": [[
                {"latitude": 64.215006},
                {"longitude": 27.68995}
            ]]},
            {"altitude": 135.5},
            {"distance_km": 2.77},
            {"speed_kmh": 3.6},
            {"timestamp": "Sat Feb 11 08:45:48 UTC 2017"}
        ],
        [
            {"location": [[
                {"latitude": 64.215126},
                {"longitude": 27.689954}
            ]]},
            {"altitude": 136},
            {"distance_km": 2.78},
            {"speed_kmh": 5.4},
            {"timestamp": "Sat Feb 11 08:45:54 UTC 2017"}
        ],
        [
            {"location": [[
                {"latitude": 64.215234},
                {"longitude": 27.68992}
            ]]},
            {"altitude": 137},
            {"distance_km": 2.8},
            {"speed_kmh": 5.4},
            {"timestamp": "Sat Feb 11 08:46:00 UTC 2017"}
        ],
        [
            {"location": [[
                {"latitude": 64.215339},
                {"longitude": 27.689847}
            ]]},
            {"altitude": 133.5},
            {"distance_km": 2.81},
            {"speed_kmh": 5.4},
            {"timestamp": "Sat Feb 11 08:46:08 UTC 2017"}
        ],
        [
            {"location": [[
                {"latitude": 64.215445},
                {"longitude": 27.689791}
            ]]},
            {"altitude": 133},
            {"distance_km": 2.82},
            {"speed_kmh": 6.3},
            {"timestamp": "Sat Feb 11 08:46:14 UTC 2017"}
        ],
        [
            {"location": [[
                {"latitude": 64.21556},
                {"longitude": 27.689758}
            ]]},
            {"altitude": 131.5},
            {"distance_km": 2.83},
            {"speed_kmh": 8.1},
            {"timestamp": "Sat Feb 11 08:46:18 UTC 2017"}
        ],
        [
            {"location": [[
                {"latitude": 64.215689},
                {"longitude": 27.689708}
            ]]},
            {"altitude": 132.5},
            {"distance_km": 2.85},
            {"speed_kmh": 9},
            {"timestamp": "Sat Feb 11 08:46:23 UTC 2017"}
        ],
        [
            {"location": [[
                {"latitude": 64.2158},
                {"longitude": 27.689662}
            ]]},
            {"altitude": 133},
            {"distance_km": 2.86},
            {"speed_kmh": 9},
            {"timestamp": "Sat Feb 11 08:46:27 UTC 2017"}
        ],
        [
            {"location": [[
                {"latitude": 64.21591},
                {"longitude": 27.68963}
            ]]},
            {"altitude": 132},
            {"distance_km": 2.87},
            {"speed_kmh": 9.9},
            {"timestamp": "Sat Feb 11 08:46:31 UTC 2017"}
        ],
        [
            {"location": [[
                {"latitude": 64.216038},
                {"longitude": 27.689565}
            ]]},
            {"altitude": 131},
            {"distance_km": 2.89},
            {"speed_kmh": 10.8},
            {"timestamp": "Sat Feb 11 08:46:35 UTC 2017"}
        ],
        [
            {"location": [[
                {"latitude": 64.216153},
                {"longitude": 27.689446}
            ]]},
            {"altitude": 133},
            {"distance_km": 2.9},
            {"speed_kmh": 10.8},
            {"timestamp": "Sat Feb 11 08:46:39 UTC 2017"}
        ],
        [
            {"location": [[
                {"latitude": 64.216262},
                {"longitude": 27.68928}
            ]]},
            {"altitude": 131.5},
            {"distance_km": 2.92},
            {"speed_kmh": 10.8},
            {"timestamp": "Sat Feb 11 08:46:43 UTC 2017"}
        ],
        [
            {"location": [[
                {"latitude": 64.216338},
                {"longitude": 27.689092}
            ]]},
            {"altitude": 131},
            {"distance_km": 2.93},
            {"speed_kmh": 10.8},
            {"timestamp": "Sat Feb 11 08:46:47 UTC 2017"}
        ],
        [
            {"location": [[
                {"latitude": 64.216413},
                {"longitude": 27.688949}
            ]]},
            {"altitude": 132},
            {"distance_km": 2.94},
            {"speed_kmh": 10.8},
            {"timestamp": "Sat Feb 11 08:46:51 UTC 2017"}
        ],
        [
            {"location": [[
                {"latitude": 64.21642},
                {"longitude": 27.68873}
            ]]},
            {"altitude": 137.5},
            {"distance_km": 2.95},
            {"speed_kmh": 4.5},
            {"timestamp": "Sat Feb 11 08:47:00 UTC 2017"}
        ],
        [
            {"location": [[
                {"latitude": 64.216355},
                {"longitude": 27.688563}
            ]]},
            {"altitude": 136.5},
            {"distance_km": 2.96},
            {"speed_kmh": 6.3},
            {"timestamp": "Sat Feb 11 08:47:06 UTC 2017"}
        ],
        [
            {"location": [[
                {"latitude": 64.216302},
                {"longitude": 27.688393}
            ]]},
            {"altitude": 136},
            {"distance_km": 2.97},
            {"speed_kmh": 7.2},
            {"timestamp": "Sat Feb 11 08:47:10 UTC 2017"}
        ],
        [
            {"location": [[
                {"latitude": 64.216252},
                {"longitude": 27.688188}
            ]]},
            {"altitude": 135.5},
            {"distance_km": 2.98},
            {"speed_kmh": 9},
            {"timestamp": "Sat Feb 11 08:47:14 UTC 2017"}
        ],
        [
            {"location": [[
                {"latitude": 64.216196},
                {"longitude": 27.687977}
            ]]},
            {"altitude": 138},
            {"distance_km": 2.99},
            {"speed_kmh": 9},
            {"timestamp": "Sat Feb 11 08:47:18 UTC 2017"}
        ],
        [
            {"location": [[
                {"latitude": 64.216151},
                {"longitude": 27.687761}
            ]]},
            {"altitude": 136},
            {"distance_km": 3},
            {"speed_kmh": 9.9},
            {"timestamp": "Sat Feb 11 08:47:22 UTC 2017"}
        ],
        [
            {"location": [[
                {"latitude": 64.216114},
                {"longitude": 27.687542}
            ]]},
            {"altitude": 137.5},
            {"distance_km": 3.02},
            {"speed_kmh": 9.9},
            {"timestamp": "Sat Feb 11 08:47:26 UTC 2017"}
        ],
        [
            {"location": [[
                {"latitude": 64.216062},
                {"longitude": 27.687283}
            ]]},
            {"altitude": 140},
            {"distance_km": 3.03},
            {"speed_kmh": 11.7},
            {"timestamp": "Sat Feb 11 08:47:30 UTC 2017"}
        ],
        [
            {"location": [[
                {"latitude": 64.216007},
                {"longitude": 27.687024}
            ]]},
            {"altitude": 140.5},
            {"distance_km": 3.04},
            {"speed_kmh": 11.7},
            {"timestamp": "Sat Feb 11 08:47:34 UTC 2017"}
        ],
        [
            {"location": [[
                {"latitude": 64.215958},
                {"longitude": 27.686766}
            ]]},
            {"altitude": 139},
            {"distance_km": 3.06},
            {"speed_kmh": 11.7},
            {"timestamp": "Sat Feb 11 08:47:38 UTC 2017"}
        ],
        [
            {"location": [[
                {"latitude": 64.21592},
                {"longitude": 27.686516}
            ]]},
            {"altitude": 138.5},
            {"distance_km": 3.07},
            {"speed_kmh": 11.7},
            {"timestamp": "Sat Feb 11 08:47:42 UTC 2017"}
        ],
        [
            {"location": [[
                {"latitude": 64.215892},
                {"longitude": 27.686289}
            ]]},
            {"altitude": 138.5},
            {"distance_km": 3.08},
            {"speed_kmh": 3.6},
            {"timestamp": "Sat Feb 11 08:47:48 UTC 2017"}
        ],
        [
            {"location": [[
                {"latitude": 64.215872},
                {"longitude": 27.686071}
            ]]},
            {"altitude": 137.5},
            {"distance_km": 3.09},
            {"speed_kmh": 5.4},
            {"timestamp": "Sat Feb 11 08:47:54 UTC 2017"}
        ],
        [
            {"location": [[
                {"latitude": 64.215835},
                {"longitude": 27.685874}
            ]]},
            {"altitude": 136.5},
            {"distance_km": 3.1},
            {"speed_kmh": 5.4},
            {"timestamp": "Sat Feb 11 08:48:01 UTC 2017"}
        ],
        [
            {"location": [[
                {"latitude": 64.21576},
                {"longitude": 27.685671}
            ]]},
            {"altitude": 136},
            {"distance_km": 3.12},
            {"speed_kmh": 5.4},
            {"timestamp": "Sat Feb 11 08:48:09 UTC 2017"}
        ],
        [
            {"location": [[
                {"latitude": 64.215666},
                {"longitude": 27.685548}
            ]]},
            {"altitude": 135},
            {"distance_km": 3.13},
            {"speed_kmh": 5.4},
            {"timestamp": "Sat Feb 11 08:48:17 UTC 2017"}
        ],
        [
            {"location": [[
                {"latitude": 64.215599},
                {"longitude": 27.685785}
            ]]},
            {"altitude": 137.5},
            {"distance_km": 3.14},
            {"speed_kmh": 5.4},
            {"timestamp": "Sat Feb 11 08:48:27 UTC 2017"}
        ],
        [
            {"location": [[
                {"latitude": 64.215564},
                {"longitude": 27.686007}
            ]]},
            {"altitude": 137.5},
            {"distance_km": 3.15},
            {"speed_kmh": 9.9},
            {"timestamp": "Sat Feb 11 08:48:31 UTC 2017"}
        ],
        [
            {"location": [[
                {"latitude": 64.215516},
                {"longitude": 27.686227}
            ]]},
            {"altitude": 136.5},
            {"distance_km": 3.17},
            {"speed_kmh": 9.9},
            {"timestamp": "Sat Feb 11 08:48:35 UTC 2017"}
        ],
        [
            {"location": [[
                {"latitude": 64.215467},
                {"longitude": 27.686431}
            ]]},
            {"altitude": 135.5},
            {"distance_km": 3.18},
            {"speed_kmh": 9.9},
            {"timestamp": "Sat Feb 11 08:48:40 UTC 2017"}
        ],
        [
            {"location": [[
                {"latitude": 64.215434},
                {"longitude": 27.686656}
            ]]},
            {"altitude": 136},
            {"distance_km": 3.19},
            {"speed_kmh": 9.9},
            {"timestamp": "Sat Feb 11 08:48:44 UTC 2017"}
        ],
        [
            {"location": [[
                {"latitude": 64.215386},
                {"longitude": 27.686867}
            ]]},
            {"altitude": 135.5},
            {"distance_km": 3.2},
            {"speed_kmh": 9.9},
            {"timestamp": "Sat Feb 11 08:48:48 UTC 2017"}
        ],
        [
            {"location": [[
                {"latitude": 64.215346},
                {"longitude": 27.687121}
            ]]},
            {"altitude": 134.5},
            {"distance_km": 3.21},
            {"speed_kmh": 9.9},
            {"timestamp": "Sat Feb 11 08:48:52 UTC 2017"}
        ],
        [
            {"location": [[
                {"latitude": 64.215305},
                {"longitude": 27.687369}
            ]]},
            {"altitude": 135},
            {"distance_km": 3.23},
            {"speed_kmh": 10.8},
            {"timestamp": "Sat Feb 11 08:48:56 UTC 2017"}
        ],
        [
            {"location": [[
                {"latitude": 64.215269},
                {"longitude": 27.687642}
            ]]},
            {"altitude": 136.5},
            {"distance_km": 3.24},
            {"speed_kmh": 10.8},
            {"timestamp": "Sat Feb 11 08:49:00 UTC 2017"}
        ],
        [
            {"location": [[
                {"latitude": 64.21524},
                {"longitude": 27.687929}
            ]]},
            {"altitude": 134.5},
            {"distance_km": 3.25},
            {"speed_kmh": 10.8},
            {"timestamp": "Sat Feb 11 08:49:04 UTC 2017"}
        ],
        [
            {"location": [[
                {"latitude": 64.215214},
                {"longitude": 27.688207}
            ]]},
            {"altitude": 132.5},
            {"distance_km": 3.27},
            {"speed_kmh": 10.8},
            {"timestamp": "Sat Feb 11 08:49:08 UTC 2017"}
        ],
        [
            {"location": [[
                {"latitude": 64.215207},
                {"longitude": 27.688524}
            ]]},
            {"altitude": 133},
            {"distance_km": 3.28},
            {"speed_kmh": 12.6},
            {"timestamp": "Sat Feb 11 08:49:12 UTC 2017"}
        ],
        [
            {"location": [[
                {"latitude": 64.215217},
                {"longitude": 27.688899}
            ]]},
            {"altitude": 132},
            {"distance_km": 3.3},
            {"speed_kmh": 14.4},
            {"timestamp": "Sat Feb 11 08:49:16 UTC 2017"}
        ],
        [
            {"location": [[
                {"latitude": 64.215221},
                {"longitude": 27.689299}
            ]]},
            {"altitude": 131},
            {"distance_km": 3.32},
            {"speed_kmh": 15.3},
            {"timestamp": "Sat Feb 11 08:49:20 UTC 2017"}
        ],
        [
            {"location": [[
                {"latitude": 64.215246},
                {"longitude": 27.689767}
            ]]},
            {"altitude": 130},
            {"distance_km": 3.34},
            {"speed_kmh": 19.8},
            {"timestamp": "Sat Feb 11 08:49:24 UTC 2017"}
        ],
        [
            {"location": [[
                {"latitude": 64.215257},
                {"longitude": 27.69}
            ]]},
            {"altitude": 131},
            {"distance_km": 3.35},
            {"speed_kmh": 21.6},
            {"timestamp": "Sat Feb 11 08:49:26 UTC 2017"}
        ],
        [
            {"location": [[
                {"latitude": 64.215275},
                {"longitude": 27.690246}
            ]]},
            {"altitude": 131},
            {"distance_km": 3.37},
            {"speed_kmh": 21.6},
            {"timestamp": "Sat Feb 11 08:49:28 UTC 2017"}
        ],
        [
            {"location": [[
                {"latitude": 64.215262},
                {"longitude": 27.690461}
            ]]},
            {"altitude": 128.5},
            {"distance_km": 3.38},
            {"speed_kmh": 19.8},
            {"timestamp": "Sat Feb 11 08:49:30 UTC 2017"}
        ],
        [
            {"location": [[
                {"latitude": 64.215281},
                {"longitude": 27.690723}
            ]]},
            {"altitude": 127.5},
            {"distance_km": 3.39},
            {"speed_kmh": 21.6},
            {"timestamp": "Sat Feb 11 08:49:32 UTC 2017"}
        ],
        [
            {"location": [[
                {"latitude": 64.215325},
                {"longitude": 27.691116}
            ]]},
            {"altitude": 128},
            {"distance_km": 3.41},
            {"speed_kmh": 22.5},
            {"timestamp": "Sat Feb 11 08:49:34 UTC 2017"}
        ],
        [
            {"location": [[
                {"latitude": 64.215361},
                {"longitude": 27.691383}
            ]]},
            {"altitude": 128},
            {"distance_km": 3.42},
            {"speed_kmh": 23.4},
            {"timestamp": "Sat Feb 11 08:49:36 UTC 2017"}
        ],
        [
            {"location": [[
                {"latitude": 64.2154},
                {"longitude": 27.691626}
            ]]},
            {"altitude": 127.5},
            {"distance_km": 3.44},
            {"speed_kmh": 20.7},
            {"timestamp": "Sat Feb 11 08:49:38 UTC 2017"}
        ],
        [
            {"location": [[
                {"latitude": 64.215462},
                {"longitude": 27.691925}
            ]]},
            {"altitude": 129},
            {"distance_km": 3.45},
            {"speed_kmh": 23.4},
            {"timestamp": "Sat Feb 11 08:49:40 UTC 2017"}
        ],
        [
            {"location": [[
                {"latitude": 64.215516},
                {"longitude": 27.692153}
            ]]},
            {"altitude": 129.5},
            {"distance_km": 3.46},
            {"speed_kmh": 23.4},
            {"timestamp": "Sat Feb 11 08:49:42 UTC 2017"}
        ],
        [
            {"location": [[
                {"latitude": 64.215578},
                {"longitude": 27.692369}
            ]]},
            {"altitude": 130},
            {"distance_km": 3.48},
            {"speed_kmh": 23.4},
            {"timestamp": "Sat Feb 11 08:49:44 UTC 2017"}
        ],
        [
            {"location": [[
                {"latitude": 64.215652},
                {"longitude": 27.692602}
            ]]},
            {"altitude": 131},
            {"distance_km": 3.49},
            {"speed_kmh": 21.6},
            {"timestamp": "Sat Feb 11 08:49:46 UTC 2017"}
        ],
        [
            {"location": [[
                {"latitude": 64.215722},
                {"longitude": 27.692802}
            ]]},
            {"altitude": 131.5},
            {"distance_km": 3.5},
            {"speed_kmh": 20.7},
            {"timestamp": "Sat Feb 11 08:49:48 UTC 2017"}
        ],
        [
            {"location": [[
                {"latitude": 64.215805},
                {"longitude": 27.693026}
            ]]},
            {"altitude": 133.5},
            {"distance_km": 3.52},
            {"speed_kmh": 19.8},
            {"timestamp": "Sat Feb 11 08:49:50 UTC 2017"}
        ],
        [
            {"location": [[
                {"latitude": 64.215901},
                {"longitude": 27.693296}
            ]]},
            {"altitude": 133.5},
            {"distance_km": 3.53},
            {"speed_kmh": 19.8},
            {"timestamp": "Sat Feb 11 08:49:53 UTC 2017"}
        ],
        [
            {"location": [[
                {"latitude": 64.215954},
                {"longitude": 27.693464}
            ]]},
            {"altitude": 133},
            {"distance_km": 3.54},
            {"speed_kmh": 18.9},
            {"timestamp": "Sat Feb 11 08:49:55 UTC 2017"}
        ],
        [
            {"location": [[
                {"latitude": 64.216013},
                {"longitude": 27.693628}
            ]]},
            {"altitude": 133.5},
            {"distance_km": 3.55},
            {"speed_kmh": 17.1},
            {"timestamp": "Sat Feb 11 08:49:57 UTC 2017"}
        ],
        [
            {"location": [[
                {"latitude": 64.216117},
                {"longitude": 27.693895}
            ]]},
            {"altitude": 134},
            {"distance_km": 3.57},
            {"speed_kmh": 15.3},
            {"timestamp": "Sat Feb 11 08:50:01 UTC 2017"}
        ],
        [
            {"location": [[
                {"latitude": 64.216176},
                {"longitude": 27.694086}
            ]]},
            {"altitude": 133},
            {"distance_km": 3.58},
            {"speed_kmh": 4.5},
            {"timestamp": "Sat Feb 11 08:50:05 UTC 2017"}
        ],
        [
            {"location": [[
                {"latitude": 64.216088},
                {"longitude": 27.694166}
            ]]},
            {"altitude": 132.5},
            {"distance_km": 3.59},
            {"speed_kmh": 6.3},
            {"timestamp": "Sat Feb 11 08:50:41 UTC 2017"}
        ],
        [
            {"location": [[
                {"latitude": 64.216009},
                {"longitude": 27.694335}
            ]]},
            {"altitude": 133},
            {"distance_km": 3.61},
            {"speed_kmh": 5.4},
            {"timestamp": "Sat Feb 11 08:50:49 UTC 2017"}
        ],
        [
            {"location": [[
                {"latitude": 64.215992},
                {"longitude": 27.694553}
            ]]},
            {"altitude": 134.5},
            {"distance_km": 3.62},
            {"speed_kmh": 6.3},
            {"timestamp": "Sat Feb 11 08:50:55 UTC 2017"}
        ],
        [
            {"location": [[
                {"latitude": 64.215974},
                {"longitude": 27.694801}
            ]]},
            {"altitude": 136},
            {"distance_km": 3.63},
            {"speed_kmh": 5.4},
            {"timestamp": "Sat Feb 11 08:51:04 UTC 2017"}
        ],
        [
            {"location": [[
                {"latitude": 64.215919},
                {"longitude": 27.694997}
            ]]},
            {"altitude": 137},
            {"distance_km": 3.64},
            {"speed_kmh": 5.4},
            {"timestamp": "Sat Feb 11 08:51:10 UTC 2017"}
        ],
        [
            {"location": [[
                {"latitude": 64.215837},
                {"longitude": 27.695158}
            ]]},
            {"altitude": 138},
            {"distance_km": 3.65},
            {"speed_kmh": 5.4},
            {"timestamp": "Sat Feb 11 08:51:18 UTC 2017"}
        ],
        [
            {"location": [[
                {"latitude": 64.215735},
                {"longitude": 27.695144}
            ]]},
            {"altitude": 139},
            {"distance_km": 3.66},
            {"speed_kmh": 3.6},
            {"timestamp": "Sat Feb 11 08:51:26 UTC 2017"}
        ],
        [
            {"location": [[
                {"latitude": 64.215624},
                {"longitude": 27.695059}
            ]]},
            {"altitude": 138},
            {"distance_km": 3.68},
            {"speed_kmh": 8.1},
            {"timestamp": "Sat Feb 11 08:51:32 UTC 2017"}
        ],
        [
            {"location": [[
                {"latitude": 64.215524},
                {"longitude": 27.694958}
            ]]},
            {"altitude": 136.5},
            {"distance_km": 3.69},
            {"speed_kmh": 9},
            {"timestamp": "Sat Feb 11 08:51:36 UTC 2017"}
        ],
        [
            {"location": [[
                {"latitude": 64.215408},
                {"longitude": 27.694848}
            ]]},
            {"altitude": 138},
            {"distance_km": 3.7},
            {"speed_kmh": 10.8},
            {"timestamp": "Sat Feb 11 08:51:40 UTC 2017"}
        ],
        [
            {"location": [[
                {"latitude": 64.215301},
                {"longitude": 27.694734}
            ]]},
            {"altitude": 138.5},
            {"distance_km": 3.72},
            {"speed_kmh": 9.9},
            {"timestamp": "Sat Feb 11 08:51:44 UTC 2017"}
        ],
        [
            {"location": [[
                {"latitude": 64.215203},
                {"longitude": 27.69461}
            ]]},
            {"altitude": 137},
            {"distance_km": 3.73},
            {"speed_kmh": 9.9},
            {"timestamp": "Sat Feb 11 08:51:48 UTC 2017"}
        ],
        [
            {"location": [[
                {"latitude": 64.215067},
                {"longitude": 27.694509}
            ]]},
            {"altitude": 141.5},
            {"distance_km": 3.74},
            {"speed_kmh": 10.8},
            {"timestamp": "Sat Feb 11 08:51:52 UTC 2017"}
        ],
        [
            {"location": [[
                {"latitude": 64.214909},
                {"longitude": 27.694436}
            ]]},
            {"altitude": 141.5},
            {"distance_km": 3.76},
            {"speed_kmh": 13.5},
            {"timestamp": "Sat Feb 11 08:51:56 UTC 2017"}
        ],
        [
            {"location": [[
                {"latitude": 64.21474},
                {"longitude": 27.694344}
            ]]},
            {"altitude": 141},
            {"distance_km": 3.78},
            {"speed_kmh": 14.4},
            {"timestamp": "Sat Feb 11 08:52:00 UTC 2017"}
        ],
        [
            {"location": [[
                {"latitude": 64.214563},
                {"longitude": 27.694251}
            ]]},
            {"altitude": 138},
            {"distance_km": 3.8},
            {"speed_kmh": 13.5},
            {"timestamp": "Sat Feb 11 08:52:04 UTC 2017"}
        ],
        [
            {"location": [[
                {"latitude": 64.214468},
                {"longitude": 27.694175}
            ]]},
            {"altitude": 138},
            {"distance_km": 3.81},
            {"speed_kmh": 13.5},
            {"timestamp": "Sat Feb 11 08:52:07 UTC 2017"}
        ],
        [
            {"location": [[
                {"latitude": 64.214336},
                {"longitude": 27.69411}
            ]]},
            {"altitude": 138},
            {"distance_km": 3.83},
            {"speed_kmh": 13.5},
            {"timestamp": "Sat Feb 11 08:52:11 UTC 2017"}
        ],
        [
            {"location": [[
                {"latitude": 64.214234},
                {"longitude": 27.694057}
            ]]},
            {"altitude": 136},
            {"distance_km": 3.84},
            {"speed_kmh": 8.1},
            {"timestamp": "Sat Feb 11 08:52:15 UTC 2017"}
        ],
        [
            {"location": [[
                {"latitude": 64.214313},
                {"longitude": 27.693936}
            ]]},
            {"altitude": 133.5},
            {"distance_km": 3.85},
            {"speed_kmh": 5.4},
            {"timestamp": "Sat Feb 11 08:52:21 UTC 2017"}
        ],
        [
            {"location": [[
                {"latitude": 64.214396},
                {"longitude": 27.693736}
            ]]},
            {"altitude": 133.5},
            {"distance_km": 3.86},
            {"speed_kmh": 5.4},
            {"timestamp": "Sat Feb 11 08:52:29 UTC 2017"}
        ],
        [
            {"location": [[
                {"latitude": 64.214465},
                {"longitude": 27.693542}
            ]]},
            {"altitude": 132.5},
            {"distance_km": 3.88},
            {"speed_kmh": 6.3},
            {"timestamp": "Sat Feb 11 08:52:35 UTC 2017"}
        ],
        [
            {"location": [[
                {"latitude": 64.214586},
                {"longitude": 27.69338}
            ]]},
            {"altitude": 133},
            {"distance_km": 3.89},
            {"speed_kmh": 14.4},
            {"timestamp": "Sat Feb 11 08:52:39 UTC 2017"}
        ],
        [
            {"location": [[
                {"latitude": 64.214695},
                {"longitude": 27.693069}
            ]]},
            {"altitude": 133},
            {"distance_km": 3.91},
            {"speed_kmh": 15.3},
            {"timestamp": "Sat Feb 11 08:52:43 UTC 2017"}
        ],
        [
            {"location": [[
                {"latitude": 64.214738},
                {"longitude": 27.692806}
            ]]},
            {"altitude": 133},
            {"distance_km": 3.92},
            {"speed_kmh": 8.1},
            {"timestamp": "Sat Feb 11 08:52:47 UTC 2017"}
        ],
        [
            {"location": [[
                {"latitude": 64.214775},
                {"longitude": 27.692618}
            ]]},
            {"altitude": 133.5},
            {"distance_km": 3.93},
            {"speed_kmh": 0.9},
            {"timestamp": "Sat Feb 11 08:52:55 UTC 2017"}
        ],
        [
            {"location": [[
                {"latitude": 64.214824},
                {"longitude": 27.692423}
            ]]},
            {"altitude": 136},
            {"distance_km": 3.94},
            {"speed_kmh": 6.3},
            {"timestamp": "Sat Feb 11 08:53:12 UTC 2017"}
        ],
        [
            {"location": [[
                {"latitude": 64.214854},
                {"longitude": 27.692225}
            ]]},
            {"altitude": 135},
            {"distance_km": 3.95},
            {"speed_kmh": 5.4},
            {"timestamp": "Sat Feb 11 08:53:18 UTC 2017"}
        ],
        [
            {"location": [[
                {"latitude": 64.214867},
                {"longitude": 27.691975}
            ]]},
            {"altitude": 136},
            {"distance_km": 3.97},
            {"speed_kmh": 5.4},
            {"timestamp": "Sat Feb 11 08:53:26 UTC 2017"}
        ],
        [
            {"location": [[
                {"latitude": 64.214863},
                {"longitude": 27.691731}
            ]]},
            {"altitude": 136},
            {"distance_km": 3.98},
            {"speed_kmh": 5.4},
            {"timestamp": "Sat Feb 11 08:53:34 UTC 2017"}
        ],
        [
            {"location": [[
                {"latitude": 64.214905},
                {"longitude": 27.691453}
            ]]},
            {"altitude": 136.5},
            {"distance_km": 3.99},
            {"speed_kmh": 6.3},
            {"timestamp": "Sat Feb 11 08:53:42 UTC 2017"}
        ],
        [
            {"location": [[
                {"latitude": 64.214907},
                {"longitude": 27.691206}
            ]]},
            {"altitude": 134},
            {"distance_km": 4},
            {"speed_kmh": 5.4},
            {"timestamp": "Sat Feb 11 08:53:50 UTC 2017"}
        ],
        [
            {"location": [[
                {"latitude": 64.214928},
                {"longitude": 27.690884}
            ]]},
            {"altitude": 133.5},
            {"distance_km": 4.02},
            {"speed_kmh": 6.3},
            {"timestamp": "Sat Feb 11 08:53:57 UTC 2017"}
        ],
        [
            {"location": [[
                {"latitude": 64.21493},
                {"longitude": 27.69065}
            ]]},
            {"altitude": 135},
            {"distance_km": 4.03},
            {"speed_kmh": 6.3},
            {"timestamp": "Sat Feb 11 08:54:03 UTC 2017"}
        ],
        [
            {"location": [[
                {"latitude": 64.21497},
                {"longitude": 27.690443}
            ]]},
            {"altitude": 133.5},
            {"distance_km": 4.04},
            {"speed_kmh": 5.4},
            {"timestamp": "Sat Feb 11 08:54:11 UTC 2017"}
        ],
        [
            {"location": [[
                {"latitude": 64.21497},
                {"longitude": 27.690195}
            ]]},
            {"altitude": 135},
            {"distance_km": 4.05},
            {"speed_kmh": 5.4},
            {"timestamp": "Sat Feb 11 08:54:21 UTC 2017"}
        ],
        [
            {"location": [[
                {"latitude": 64.214893},
                {"longitude": 27.690002}
            ]]},
            {"altitude": 133.5},
            {"distance_km": 4.07},
            {"speed_kmh": 5.4},
            {"timestamp": "Sat Feb 11 08:54:33 UTC 2017"}
        ],
        [
            {"location": [[
                {"latitude": 64.214783},
                {"longitude": 27.689995}
            ]]},
            {"altitude": 133.5},
            {"distance_km": 4.08},
            {"speed_kmh": 5.4},
            {"timestamp": "Sat Feb 11 08:54:42 UTC 2017"}
        ],
        [
            {"location": [[
                {"latitude": 64.214675},
                {"longitude": 27.68999}
            ]]},
            {"altitude": 133},
            {"distance_km": 4.09},
            {"speed_kmh": 5.4},
            {"timestamp": "Sat Feb 11 08:54:50 UTC 2017"}
        ],
        [
            {"location": [[
                {"latitude": 64.214586},
                {"longitude": 27.68996}
            ]]},
            {"altitude": 132.5},
            {"distance_km": 4.1},
            {"speed_kmh": 0},
            {"timestamp": "Sat Feb 11 08:55:34 UTC 2017"}
        ],
        [
            {"location": [[
                {"latitude": 64.214684},
                {"longitude": 27.690007}
            ]]},
            {"altitude": 133.5},
            {"distance_km": 4.11},
            {"speed_kmh": 3.6},
            {"timestamp": "Sat Feb 11 08:56:11 UTC 2017"}
        ],
        [
            {"location": [[
                {"latitude": 64.214772},
                {"longitude": 27.690082}
            ]]},
            {"altitude": 138},
            {"distance_km": 4.12},
            {"speed_kmh": 3.6},
            {"timestamp": "Sat Feb 11 08:56:20 UTC 2017"}
        ],
        [
            {"location": [[
                {"latitude": 64.214866},
                {"longitude": 27.690017}
            ]]},
            {"altitude": 136.5},
            {"distance_km": 4.13},
            {"speed_kmh": 2.7},
            {"timestamp": "Sat Feb 11 08:56:34 UTC 2017"}
        ],
        [
            {"location": [[
                {"latitude": 64.214936},
                {"longitude": 27.690086}
            ]]},
            {"altitude": 132},
            {"distance_km": 4.13},
            {"speed_kmh": 0},
            {"timestamp": "Sat Feb 11 08:58:50 UTC 2017"}
        ],
        [
            {"location": [[
                {"latitude": 64.214935},
                {"longitude": 27.690087}
            ]]},
            {"altitude": 132},
            {"distance_km": 4.13},
            {"speed_kmh": 0},
            {"timestamp": "Sat Feb 11 08:58:51 UTC 2017"}
        ]
    ]}
]