[
    {"sport": "WALKING"},
    {"source": "TRACK_MOBILE"},
    {"created_date": "2017-04-03 14:09:00.0"},
    {"start_time": "2017-04-03 13:45:20.0"},
    {"end_time": "2017-04-03 14:11:33.0"},
    {"duration_s": 1572},
    {"distance_km": 1.86},
    {"calories_kcal": 139.669},
    {"altitude_min_m": 0},
    {"altitude_max_m": 198.5},
    {"speed_avg_kmh": 4.259541984732825},
    {"speed_max_kmh": 6.3},
    {"ascend_m": 240},
    {"descend_m": 224},
    {"points": [
        [
            {"location": [[
                {"latitude": 64.231902},
                {"longitude": 27.729615}
            ]]},
            {"distance_km": 0},
            {"timestamp": "Mon Apr 03 13:45:20 UTC 2017"}
        ],
        [
            {"location": [[
                {"latitude": 64.231902},
                {"longitude": 27.729615}
            ]]},
            {"altitude": 149},
            {"distance_km": 0},
            {"speed_kmh": 0},
            {"timestamp": "Mon Apr 03 13:45:40 UTC 2017"}
        ],
        [
            {"location": [[
                {"latitude": 64.231799},
                {"longitude": 27.729548}
            ]]},
            {"altitude": 147.5},
            {"distance_km": 0.01},
            {"speed_kmh": 0},
            {"timestamp": "Mon Apr 03 13:45:59 UTC 2017"}
        ],
        [
            {"location": [[
                {"latitude": 64.231714},
                {"longitude": 27.729648}
            ]]},
            {"altitude": 144.5},
            {"distance_km": 0.02},
            {"speed_kmh": 3.6},
            {"timestamp": "Mon Apr 03 13:46:05 UTC 2017"}
        ],
        [
            {"location": [[
                {"latitude": 64.231666},
                {"longitude": 27.729892}
            ]]},
            {"altitude": 144.5},
            {"distance_km": 0.04},
            {"speed_kmh": 4.5},
            {"timestamp": "Mon Apr 03 13:46:13 UTC 2017"}
        ],
        [
            {"location": [[
                {"latitude": 64.231702},
                {"longitude": 27.730102}
            ]]},
            {"altitude": 145},
            {"distance_km": 0.05},
            {"speed_kmh": 4.5},
            {"timestamp": "Mon Apr 03 13:46:21 UTC 2017"}
        ],
        [
            {"location": [[
                {"latitude": 64.231795},
                {"longitude": 27.730248}
            ]]},
            {"altitude": 141.5},
            {"distance_km": 0.06},
            {"speed_kmh": 4.5},
            {"timestamp": "Mon Apr 03 13:46:29 UTC 2017"}
        ],
        [
            {"location": [[
                {"latitude": 64.231885},
                {"longitude": 27.730311}
            ]]},
            {"altitude": 142.5},
            {"distance_km": 0.07},
            {"speed_kmh": 4.5},
            {"timestamp": "Mon Apr 03 13:46:35 UTC 2017"}
        ],
        [
            {"location": [[
                {"latitude": 64.231962},
                {"longitude": 27.730437}
            ]]},
            {"altitude": 145.5},
            {"distance_km": 0.08},
            {"speed_kmh": 5.4},
            {"timestamp": "Mon Apr 03 13:46:41 UTC 2017"}
        ],
        [
            {"location": [[
                {"latitude": 64.232031},
                {"longitude": 27.730588}
            ]]},
            {"altitude": 148.5},
            {"distance_km": 0.09},
            {"speed_kmh": 5.4},
            {"timestamp": "Mon Apr 03 13:46:47 UTC 2017"}
        ],
        [
            {"location": [[
                {"latitude": 64.232108},
                {"longitude": 27.73071}
            ]]},
            {"altitude": 153},
            {"distance_km": 0.1},
            {"speed_kmh": 5.4},
            {"timestamp": "Mon Apr 03 13:46:53 UTC 2017"}
        ],
        [
            {"location": [[
                {"latitude": 64.232191},
                {"longitude": 27.730824}
            ]]},
            {"altitude": 151.5},
            {"distance_km": 0.11},
            {"speed_kmh": 4.5},
            {"timestamp": "Mon Apr 03 13:47:00 UTC 2017"}
        ],
        [
            {"location": [[
                {"latitude": 64.232264},
                {"longitude": 27.730968}
            ]]},
            {"altitude": 152.5},
            {"distance_km": 0.12},
            {"speed_kmh": 4.5},
            {"timestamp": "Mon Apr 03 13:47:08 UTC 2017"}
        ],
        [
            {"location": [[
                {"latitude": 64.232348},
                {"longitude": 27.731046}
            ]]},
            {"altitude": 153.5},
            {"distance_km": 0.13},
            {"speed_kmh": 5.4},
            {"timestamp": "Mon Apr 03 13:47:14 UTC 2017"}
        ],
        [
            {"location": [[
                {"latitude": 64.232448},
                {"longitude": 27.731164}
            ]]},
            {"altitude": 155.5},
            {"distance_km": 0.15},
            {"speed_kmh": 4.5},
            {"timestamp": "Mon Apr 03 13:47:22 UTC 2017"}
        ],
        [
            {"location": [[
                {"latitude": 64.232539},
                {"longitude": 27.731241}
            ]]},
            {"altitude": 156.5},
            {"distance_km": 0.16},
            {"speed_kmh": 4.5},
            {"timestamp": "Mon Apr 03 13:47:30 UTC 2017"}
        ],
        [
            {"location": [[
                {"latitude": 64.232631},
                {"longitude": 27.731249}
            ]]},
            {"altitude": 151},
            {"distance_km": 0.17},
            {"speed_kmh": 5.4},
            {"timestamp": "Mon Apr 03 13:47:55 UTC 2017"}
        ],
        [
            {"location": [[
                {"latitude": 64.232715},
                {"longitude": 27.731328}
            ]]},
            {"altitude": 149.5},
            {"distance_km": 0.18},
            {"speed_kmh": 5.4},
            {"timestamp": "Mon Apr 03 13:48:01 UTC 2017"}
        ],
        [
            {"location": [[
                {"latitude": 64.232813},
                {"longitude": 27.731341}
            ]]},
            {"altitude": 148.5},
            {"distance_km": 0.19},
            {"speed_kmh": 5.4},
            {"timestamp": "Mon Apr 03 13:48:07 UTC 2017"}
        ],
        [
            {"location": [[
                {"latitude": 64.232901},
                {"longitude": 27.731435}
            ]]},
            {"altitude": 149.5},
            {"distance_km": 0.2},
            {"speed_kmh": 4.5},
            {"timestamp": "Mon Apr 03 13:48:27 UTC 2017"}
        ],
        [
            {"location": [[
                {"latitude": 64.232993},
                {"longitude": 27.73151}
            ]]},
            {"altitude": 149},
            {"distance_km": 0.21},
            {"speed_kmh": 5.4},
            {"timestamp": "Mon Apr 03 13:48:33 UTC 2017"}
        ],
        [
            {"location": [[
                {"latitude": 64.233077},
                {"longitude": 27.731604}
            ]]},
            {"altitude": 153},
            {"distance_km": 0.22},
            {"speed_kmh": 0},
            {"timestamp": "Mon Apr 03 13:48:43 UTC 2017"}
        ],
        [
            {"location": [[
                {"latitude": 64.233172},
                {"longitude": 27.731633}
            ]]},
            {"altitude": 160},
            {"distance_km": 0.23},
            {"speed_kmh": 2.7},
            {"timestamp": "Mon Apr 03 13:49:06 UTC 2017"}
        ],
        [
            {"location": [[
                {"latitude": 64.233262},
                {"longitude": 27.731751}
            ]]},
            {"altitude": 163.5},
            {"distance_km": 0.24},
            {"speed_kmh": 2.7},
            {"timestamp": "Mon Apr 03 13:49:16 UTC 2017"}
        ],
        [
            {"location": [[
                {"latitude": 64.23337},
                {"longitude": 27.731731}
            ]]},
            {"altitude": 165.5},
            {"distance_km": 0.25},
            {"speed_kmh": 2.7},
            {"timestamp": "Mon Apr 03 13:49:26 UTC 2017"}
        ],
        [
            {"location": [[
                {"latitude": 64.233465},
                {"longitude": 27.731626}
            ]]},
            {"altitude": 163},
            {"distance_km": 0.27},
            {"speed_kmh": 2.7},
            {"timestamp": "Mon Apr 03 13:49:32 UTC 2017"}
        ],
        [
            {"location": [[
                {"latitude": 64.233564},
                {"longitude": 27.731588}
            ]]},
            {"altitude": 163},
            {"distance_km": 0.28},
            {"speed_kmh": 2.7},
            {"timestamp": "Mon Apr 03 13:49:38 UTC 2017"}
        ],
        [
            {"location": [[
                {"latitude": 64.233667},
                {"longitude": 27.731507}
            ]]},
            {"altitude": 165.5},
            {"distance_km": 0.29},
            {"speed_kmh": 2.7},
            {"timestamp": "Mon Apr 03 13:49:46 UTC 2017"}
        ],
        [
            {"location": [[
                {"latitude": 64.233754},
                {"longitude": 27.731393}
            ]]},
            {"altitude": 165.5},
            {"distance_km": 0.3},
            {"speed_kmh": 2.7},
            {"timestamp": "Mon Apr 03 13:49:53 UTC 2017"}
        ],
        [
            {"location": [[
                {"latitude": 64.233838},
                {"longitude": 27.731303}
            ]]},
            {"altitude": 168},
            {"distance_km": 0.31},
            {"speed_kmh": 2.7},
            {"timestamp": "Mon Apr 03 13:50:01 UTC 2017"}
        ],
        [
            {"location": [[
                {"latitude": 64.233929},
                {"longitude": 27.731293}
            ]]},
            {"altitude": 170.5},
            {"distance_km": 0.32},
            {"speed_kmh": 3.6},
            {"timestamp": "Mon Apr 03 13:50:07 UTC 2017"}
        ],
        [
            {"location": [[
                {"latitude": 64.234021},
                {"longitude": 27.731259}
            ]]},
            {"altitude": 173.5},
            {"distance_km": 0.33},
            {"speed_kmh": 2.7},
            {"timestamp": "Mon Apr 03 13:50:13 UTC 2017"}
        ],
        [
            {"location": [[
                {"latitude": 64.234089},
                {"longitude": 27.731117}
            ]]},
            {"altitude": 175},
            {"distance_km": 0.34},
            {"speed_kmh": 2.7},
            {"timestamp": "Mon Apr 03 13:50:21 UTC 2017"}
        ],
        [
            {"location": [[
                {"latitude": 64.234145},
                {"longitude": 27.730904}
            ]]},
            {"altitude": 177},
            {"distance_km": 0.35},
            {"speed_kmh": 2.7},
            {"timestamp": "Mon Apr 03 13:50:29 UTC 2017"}
        ],
        [
            {"location": [[
                {"latitude": 64.23419},
                {"longitude": 27.730716}
            ]]},
            {"altitude": 177},
            {"distance_km": 0.36},
            {"speed_kmh": 3.6},
            {"timestamp": "Mon Apr 03 13:50:35 UTC 2017"}
        ],
        [
            {"location": [[
                {"latitude": 64.234251},
                {"longitude": 27.730491}
            ]]},
            {"altitude": 173.5},
            {"distance_km": 0.38},
            {"speed_kmh": 3.6},
            {"timestamp": "Mon Apr 03 13:50:43 UTC 2017"}
        ],
        [
            {"location": [[
                {"latitude": 64.23436},
                {"longitude": 27.730383}
            ]]},
            {"altitude": 176.5},
            {"distance_km": 0.39},
            {"speed_kmh": 3.6},
            {"timestamp": "Mon Apr 03 13:50:51 UTC 2017"}
        ],
        [
            {"location": [[
                {"latitude": 64.234423},
                {"longitude": 27.730193}
            ]]},
            {"altitude": 176.5},
            {"distance_km": 0.4},
            {"speed_kmh": 2.7},
            {"timestamp": "Mon Apr 03 13:51:00 UTC 2017"}
        ],
        [
            {"location": [[
                {"latitude": 64.234506},
                {"longitude": 27.730102}
            ]]},
            {"altitude": 178},
            {"distance_km": 0.41},
            {"speed_kmh": 2.7},
            {"timestamp": "Mon Apr 03 13:51:12 UTC 2017"}
        ],
        [
            {"location": [[
                {"latitude": 64.234608},
                {"longitude": 27.730001}
            ]]},
            {"altitude": 174.5},
            {"distance_km": 0.42},
            {"speed_kmh": 4.5},
            {"timestamp": "Mon Apr 03 13:51:22 UTC 2017"}
        ],
        [
            {"location": [[
                {"latitude": 64.234689},
                {"longitude": 27.729876}
            ]]},
            {"altitude": 175.5},
            {"distance_km": 0.43},
            {"speed_kmh": 4.5},
            {"timestamp": "Mon Apr 03 13:51:28 UTC 2017"}
        ],
        [
            {"location": [[
                {"latitude": 64.234758},
                {"longitude": 27.729682}
            ]]},
            {"altitude": 170.5},
            {"distance_km": 0.45},
            {"speed_kmh": 2.7},
            {"timestamp": "Mon Apr 03 13:51:38 UTC 2017"}
        ],
        [
            {"location": [[
                {"latitude": 64.234818},
                {"longitude": 27.729528}
            ]]},
            {"altitude": 174},
            {"distance_km": 0.46},
            {"speed_kmh": 0},
            {"timestamp": "Mon Apr 03 13:51:49 UTC 2017"}
        ],
        [
            {"location": [[
                {"latitude": 64.234891},
                {"longitude": 27.729343}
            ]]},
            {"altitude": 174},
            {"distance_km": 0.47},
            {"speed_kmh": 2.7},
            {"timestamp": "Mon Apr 03 13:52:03 UTC 2017"}
        ],
        [
            {"location": [[
                {"latitude": 64.234978},
                {"longitude": 27.729184}
            ]]},
            {"altitude": 178},
            {"distance_km": 0.48},
            {"speed_kmh": 2.7},
            {"timestamp": "Mon Apr 03 13:52:11 UTC 2017"}
        ],
        [
            {"location": [[
                {"latitude": 64.235081},
                {"longitude": 27.729104}
            ]]},
            {"altitude": 177.5},
            {"distance_km": 0.49},
            {"speed_kmh": 3.6},
            {"timestamp": "Mon Apr 03 13:52:21 UTC 2017"}
        ],
        [
            {"location": [[
                {"latitude": 64.235192},
                {"longitude": 27.729145}
            ]]},
            {"altitude": 181},
            {"distance_km": 0.51},
            {"speed_kmh": 4.5},
            {"timestamp": "Mon Apr 03 13:52:31 UTC 2017"}
        ],
        [
            {"location": [[
                {"latitude": 64.235287},
                {"longitude": 27.729175}
            ]]},
            {"altitude": 185},
            {"distance_km": 0.52},
            {"speed_kmh": 2.7},
            {"timestamp": "Mon Apr 03 13:52:41 UTC 2017"}
        ],
        [
            {"location": [[
                {"latitude": 64.235304},
                {"longitude": 27.728951}
            ]]},
            {"altitude": 181.5},
            {"distance_km": 0.53},
            {"speed_kmh": 3.6},
            {"timestamp": "Mon Apr 03 13:52:49 UTC 2017"}
        ],
        [
            {"location": [[
                {"latitude": 64.235349},
                {"longitude": 27.728745}
            ]]},
            {"altitude": 185.5},
            {"distance_km": 0.54},
            {"speed_kmh": 2.7},
            {"timestamp": "Mon Apr 03 13:53:01 UTC 2017"}
        ],
        [
            {"location": [[
                {"latitude": 64.235427},
                {"longitude": 27.72863}
            ]]},
            {"altitude": 186},
            {"distance_km": 0.55},
            {"speed_kmh": 2.7},
            {"timestamp": "Mon Apr 03 13:53:09 UTC 2017"}
        ],
        [
            {"location": [[
                {"latitude": 64.235513},
                {"longitude": 27.728508}
            ]]},
            {"altitude": 191.5},
            {"distance_km": 0.56},
            {"speed_kmh": 3.6},
            {"timestamp": "Mon Apr 03 13:53:18 UTC 2017"}
        ],
        [
            {"location": [[
                {"latitude": 64.235585},
                {"longitude": 27.728367}
            ]]},
            {"altitude": 187.5},
            {"distance_km": 0.57},
            {"speed_kmh": 3.6},
            {"timestamp": "Mon Apr 03 13:53:24 UTC 2017"}
        ],
        [
            {"location": [[
                {"latitude": 64.235661},
                {"longitude": 27.728242}
            ]]},
            {"altitude": 187.5},
            {"distance_km": 0.58},
            {"speed_kmh": 3.6},
            {"timestamp": "Mon Apr 03 13:53:30 UTC 2017"}
        ],
        [
            {"location": [[
                {"latitude": 64.235762},
                {"longitude": 27.728145}
            ]]},
            {"altitude": 188.5},
            {"distance_km": 0.59},
            {"speed_kmh": 3.6},
            {"timestamp": "Mon Apr 03 13:53:38 UTC 2017"}
        ],
        [
            {"location": [[
                {"latitude": 64.235868},
                {"longitude": 27.728049}
            ]]},
            {"altitude": 189.5},
            {"distance_km": 0.61},
            {"speed_kmh": 3.6},
            {"timestamp": "Mon Apr 03 13:53:46 UTC 2017"}
        ],
        [
            {"location": [[
                {"latitude": 64.235948},
                {"longitude": 27.727935}
            ]]},
            {"altitude": 186.5},
            {"distance_km": 0.62},
            {"speed_kmh": 3.6},
            {"timestamp": "Mon Apr 03 13:53:52 UTC 2017"}
        ],
        [
            {"location": [[
                {"latitude": 64.236031},
                {"longitude": 27.72785}
            ]]},
            {"altitude": 188.5},
            {"distance_km": 0.63},
            {"speed_kmh": 3.6},
            {"timestamp": "Mon Apr 03 13:53:58 UTC 2017"}
        ],
        [
            {"location": [[
                {"latitude": 64.236134},
                {"longitude": 27.727756}
            ]]},
            {"altitude": 186.5},
            {"distance_km": 0.64},
            {"speed_kmh": 3.6},
            {"timestamp": "Mon Apr 03 13:54:09 UTC 2017"}
        ],
        [
            {"location": [[
                {"latitude": 64.236231},
                {"longitude": 27.727642}
            ]]},
            {"altitude": 188},
            {"distance_km": 0.65},
            {"speed_kmh": 6.3},
            {"timestamp": "Mon Apr 03 13:54:19 UTC 2017"}
        ],
        [
            {"location": [[
                {"latitude": 64.236317},
                {"longitude": 27.727497}
            ]]},
            {"altitude": 185.5},
            {"distance_km": 0.66},
            {"speed_kmh": 4.5},
            {"timestamp": "Mon Apr 03 13:54:25 UTC 2017"}
        ],
        [
            {"location": [[
                {"latitude": 64.236411},
                {"longitude": 27.727403}
            ]]},
            {"altitude": 188.5},
            {"distance_km": 0.67},
            {"speed_kmh": 4.5},
            {"timestamp": "Mon Apr 03 13:54:31 UTC 2017"}
        ],
        [
            {"location": [[
                {"latitude": 64.23652},
                {"longitude": 27.727395}
            ]]},
            {"altitude": 189.5},
            {"distance_km": 0.69},
            {"speed_kmh": 4.5},
            {"timestamp": "Mon Apr 03 13:54:39 UTC 2017"}
        ],
        [
            {"location": [[
                {"latitude": 64.236628},
                {"longitude": 27.727433}
            ]]},
            {"altitude": 193.5},
            {"distance_km": 0.7},
            {"speed_kmh": 4.5},
            {"timestamp": "Mon Apr 03 13:54:49 UTC 2017"}
        ],
        [
            {"location": [[
                {"latitude": 64.236737},
                {"longitude": 27.727486}
            ]]},
            {"altitude": 194},
            {"distance_km": 0.71},
            {"speed_kmh": 4.5},
            {"timestamp": "Mon Apr 03 13:54:57 UTC 2017"}
        ],
        [
            {"location": [[
                {"latitude": 64.236809},
                {"longitude": 27.72761}
            ]]},
            {"altitude": 193},
            {"distance_km": 0.72},
            {"speed_kmh": 4.5},
            {"timestamp": "Mon Apr 03 13:55:03 UTC 2017"}
        ],
        [
            {"location": [[
                {"latitude": 64.236908},
                {"longitude": 27.727697}
            ]]},
            {"altitude": 194.5},
            {"distance_km": 0.73},
            {"speed_kmh": 4.5},
            {"timestamp": "Mon Apr 03 13:55:11 UTC 2017"}
        ],
        [
            {"location": [[
                {"latitude": 64.237009},
                {"longitude": 27.727753}
            ]]},
            {"altitude": 194.5},
            {"distance_km": 0.74},
            {"speed_kmh": 4.5},
            {"timestamp": "Mon Apr 03 13:55:18 UTC 2017"}
        ],
        [
            {"location": [[
                {"latitude": 64.237114},
                {"longitude": 27.727845}
            ]]},
            {"altitude": 191},
            {"distance_km": 0.76},
            {"speed_kmh": 4.5},
            {"timestamp": "Mon Apr 03 13:55:26 UTC 2017"}
        ],
        [
            {"location": [[
                {"latitude": 64.237199},
                {"longitude": 27.727938}
            ]]},
            {"altitude": 189},
            {"distance_km": 0.77},
            {"speed_kmh": 4.5},
            {"timestamp": "Mon Apr 03 13:55:34 UTC 2017"}
        ],
        [
            {"location": [[
                {"latitude": 64.237292},
                {"longitude": 27.728025}
            ]]},
            {"altitude": 191.5},
            {"distance_km": 0.78},
            {"speed_kmh": 3.6},
            {"timestamp": "Mon Apr 03 13:55:42 UTC 2017"}
        ],
        [
            {"location": [[
                {"latitude": 64.237382},
                {"longitude": 27.728097}
            ]]},
            {"altitude": 189.5},
            {"distance_km": 0.79},
            {"speed_kmh": 3.6},
            {"timestamp": "Mon Apr 03 13:55:50 UTC 2017"}
        ],
        [
            {"location": [[
                {"latitude": 64.237474},
                {"longitude": 27.728233}
            ]]},
            {"altitude": 190},
            {"distance_km": 0.8},
            {"speed_kmh": 3.6},
            {"timestamp": "Mon Apr 03 13:55:58 UTC 2017"}
        ],
        [
            {"location": [[
                {"latitude": 64.23758},
                {"longitude": 27.728314}
            ]]},
            {"altitude": 189},
            {"distance_km": 0.81},
            {"speed_kmh": 3.6},
            {"timestamp": "Mon Apr 03 13:56:07 UTC 2017"}
        ],
        [
            {"location": [[
                {"latitude": 64.237674},
                {"longitude": 27.728368}
            ]]},
            {"altitude": 187},
            {"distance_km": 0.82},
            {"speed_kmh": 1.8},
            {"timestamp": "Mon Apr 03 13:56:27 UTC 2017"}
        ],
        [
            {"location": [[
                {"latitude": 64.237794},
                {"longitude": 27.728397}
            ]]},
            {"altitude": 190},
            {"distance_km": 0.84},
            {"speed_kmh": 4.5},
            {"timestamp": "Mon Apr 03 13:56:33 UTC 2017"}
        ],
        [
            {"location": [[
                {"latitude": 64.237886},
                {"longitude": 27.728508}
            ]]},
            {"altitude": 190},
            {"distance_km": 0.85},
            {"speed_kmh": 3.6},
            {"timestamp": "Mon Apr 03 13:56:39 UTC 2017"}
        ],
        [
            {"location": [[
                {"latitude": 64.237843},
                {"longitude": 27.728703}
            ]]},
            {"altitude": 184.5},
            {"distance_km": 0.86},
            {"speed_kmh": 3.6},
            {"timestamp": "Mon Apr 03 13:56:58 UTC 2017"}
        ],
        [
            {"location": [[
                {"latitude": 64.237733},
                {"longitude": 27.728783}
            ]]},
            {"altitude": 180.5},
            {"distance_km": 0.87},
            {"speed_kmh": 3.6},
            {"timestamp": "Mon Apr 03 13:57:08 UTC 2017"}
        ],
        [
            {"location": [[
                {"latitude": 64.237642},
                {"longitude": 27.728749}
            ]]},
            {"altitude": 182.5},
            {"distance_km": 0.88},
            {"speed_kmh": 3.6},
            {"timestamp": "Mon Apr 03 13:57:18 UTC 2017"}
        ],
        [
            {"location": [[
                {"latitude": 64.237549},
                {"longitude": 27.728665}
            ]]},
            {"altitude": 187.5},
            {"distance_km": 0.89},
            {"speed_kmh": 3.6},
            {"timestamp": "Mon Apr 03 13:57:32 UTC 2017"}
        ],
        [
            {"location": [[
                {"latitude": 64.237461},
                {"longitude": 27.728716}
            ]]},
            {"altitude": 187},
            {"distance_km": 0.9},
            {"speed_kmh": 5.4},
            {"timestamp": "Mon Apr 03 13:57:38 UTC 2017"}
        ],
        [
            {"location": [[
                {"latitude": 64.237365},
                {"longitude": 27.728761}
            ]]},
            {"altitude": 187.5},
            {"distance_km": 0.91},
            {"speed_kmh": 2.7},
            {"timestamp": "Mon Apr 03 13:57:47 UTC 2017"}
        ],
        [
            {"location": [[
                {"latitude": 64.237265},
                {"longitude": 27.728756}
            ]]},
            {"altitude": 186.5},
            {"distance_km": 0.93},
            {"speed_kmh": 3.6},
            {"timestamp": "Mon Apr 03 13:57:55 UTC 2017"}
        ],
        [
            {"location": [[
                {"latitude": 64.237173},
                {"longitude": 27.728717}
            ]]},
            {"altitude": 190},
            {"distance_km": 0.94},
            {"speed_kmh": 3.6},
            {"timestamp": "Mon Apr 03 13:58:03 UTC 2017"}
        ],
        [
            {"location": [[
                {"latitude": 64.237082},
                {"longitude": 27.728636}
            ]]},
            {"altitude": 195.5},
            {"distance_km": 0.95},
            {"speed_kmh": 3.6},
            {"timestamp": "Mon Apr 03 13:58:13 UTC 2017"}
        ],
        [
            {"location": [[
                {"latitude": 64.236998},
                {"longitude": 27.728483}
            ]]},
            {"altitude": 197},
            {"distance_km": 0.96},
            {"speed_kmh": 3.6},
            {"timestamp": "Mon Apr 03 13:58:23 UTC 2017"}
        ],
        [
            {"location": [[
                {"latitude": 64.23691},
                {"longitude": 27.728381}
            ]]},
            {"altitude": 193},
            {"distance_km": 0.97},
            {"speed_kmh": 4.5},
            {"timestamp": "Mon Apr 03 13:58:31 UTC 2017"}
        ],
        [
            {"location": [[
                {"latitude": 64.23684},
                {"longitude": 27.728245}
            ]]},
            {"altitude": 194.5},
            {"distance_km": 0.98},
            {"speed_kmh": 4.5},
            {"timestamp": "Mon Apr 03 13:58:39 UTC 2017"}
        ],
        [
            {"location": [[
                {"latitude": 64.236731},
                {"longitude": 27.72814}
            ]]},
            {"altitude": 198.5},
            {"distance_km": 0.99},
            {"speed_kmh": 4.5},
            {"timestamp": "Mon Apr 03 13:58:47 UTC 2017"}
        ],
        [
            {"location": [[
                {"latitude": 64.236636},
                {"longitude": 27.728114}
            ]]},
            {"altitude": 198},
            {"distance_km": 1},
            {"speed_kmh": 4.5},
            {"timestamp": "Mon Apr 03 13:58:53 UTC 2017"}
        ],
        [
            {"location": [[
                {"latitude": 64.236536},
                {"longitude": 27.728103}
            ]]},
            {"altitude": 197.5},
            {"distance_km": 1.02},
            {"speed_kmh": 3.6},
            {"timestamp": "Mon Apr 03 13:59:00 UTC 2017"}
        ],
        [
            {"location": [[
                {"latitude": 64.236434},
                {"longitude": 27.728227}
            ]]},
            {"altitude": 190.5},
            {"distance_km": 1.03},
            {"speed_kmh": 3.6},
            {"timestamp": "Mon Apr 03 13:59:08 UTC 2017"}
        ],
        [
            {"location": [[
                {"latitude": 64.236339},
                {"longitude": 27.728269}
            ]]},
            {"altitude": 192.5},
            {"distance_km": 1.04},
            {"speed_kmh": 3.6},
            {"timestamp": "Mon Apr 03 13:59:14 UTC 2017"}
        ],
        [
            {"location": [[
                {"latitude": 64.236226},
                {"longitude": 27.728328}
            ]]},
            {"altitude": 191},
            {"distance_km": 1.05},
            {"speed_kmh": 4.5},
            {"timestamp": "Mon Apr 03 13:59:22 UTC 2017"}
        ],
        [
            {"location": [[
                {"latitude": 64.236129},
                {"longitude": 27.728392}
            ]]},
            {"altitude": 194},
            {"distance_km": 1.06},
            {"speed_kmh": 3.6},
            {"timestamp": "Mon Apr 03 13:59:30 UTC 2017"}
        ],
        [
            {"location": [[
                {"latitude": 64.236027},
                {"longitude": 27.728517}
            ]]},
            {"altitude": 191},
            {"distance_km": 1.08},
            {"speed_kmh": 3.6},
            {"timestamp": "Mon Apr 03 13:59:39 UTC 2017"}
        ],
        [
            {"location": [[
                {"latitude": 64.23594},
                {"longitude": 27.728595}
            ]]},
            {"altitude": 190},
            {"distance_km": 1.09},
            {"speed_kmh": 4.5},
            {"timestamp": "Mon Apr 03 13:59:45 UTC 2017"}
        ],
        [
            {"location": [[
                {"latitude": 64.235854},
                {"longitude": 27.728682}
            ]]},
            {"altitude": 190},
            {"distance_km": 1.1},
            {"speed_kmh": 4.5},
            {"timestamp": "Mon Apr 03 13:59:51 UTC 2017"}
        ],
        [
            {"location": [[
                {"latitude": 64.235752},
                {"longitude": 27.728789}
            ]]},
            {"altitude": 192.5},
            {"distance_km": 1.11},
            {"speed_kmh": 4.5},
            {"timestamp": "Mon Apr 03 13:59:59 UTC 2017"}
        ],
        [
            {"location": [[
                {"latitude": 64.235657},
                {"longitude": 27.728771}
            ]]},
            {"altitude": 191.5},
            {"distance_km": 1.12},
            {"speed_kmh": 4.5},
            {"timestamp": "Mon Apr 03 14:00:07 UTC 2017"}
        ],
        [
            {"location": [[
                {"latitude": 64.235558},
                {"longitude": 27.728886}
            ]]},
            {"altitude": 190},
            {"distance_km": 1.13},
            {"speed_kmh": 3.6},
            {"timestamp": "Mon Apr 03 14:00:17 UTC 2017"}
        ],
        [
            {"location": [[
                {"latitude": 64.235465},
                {"longitude": 27.72895}
            ]]},
            {"altitude": 191.5},
            {"distance_km": 1.14},
            {"speed_kmh": 3.6},
            {"timestamp": "Mon Apr 03 14:00:25 UTC 2017"}
        ],
        [
            {"location": [[
                {"latitude": 64.235376},
                {"longitude": 27.729037}
            ]]},
            {"altitude": 189.5},
            {"distance_km": 1.15},
            {"speed_kmh": 3.6},
            {"timestamp": "Mon Apr 03 14:00:33 UTC 2017"}
        ],
        [
            {"location": [[
                {"latitude": 64.235304},
                {"longitude": 27.72926}
            ]]},
            {"altitude": 188},
            {"distance_km": 1.17},
            {"speed_kmh": 4.5},
            {"timestamp": "Mon Apr 03 14:00:41 UTC 2017"}
        ],
        [
            {"location": [[
                {"latitude": 64.235243},
                {"longitude": 27.729432}
            ]]},
            {"altitude": 186},
            {"distance_km": 1.18},
            {"speed_kmh": 3.6},
            {"timestamp": "Mon Apr 03 14:00:48 UTC 2017"}
        ],
        [
            {"location": [[
                {"latitude": 64.235175},
                {"longitude": 27.729589}
            ]]},
            {"altitude": 185.5},
            {"distance_km": 1.19},
            {"speed_kmh": 3.6},
            {"timestamp": "Mon Apr 03 14:00:58 UTC 2017"}
        ],
        [
            {"location": [[
                {"latitude": 64.235127},
                {"longitude": 27.729815}
            ]]},
            {"altitude": 181.5},
            {"distance_km": 1.2},
            {"speed_kmh": 3.6},
            {"timestamp": "Mon Apr 03 14:01:08 UTC 2017"}
        ],
        [
            {"location": [[
                {"latitude": 64.235089},
                {"longitude": 27.730007}
            ]]},
            {"altitude": 182},
            {"distance_km": 1.21},
            {"speed_kmh": 1.8},
            {"timestamp": "Mon Apr 03 14:01:28 UTC 2017"}
        ],
        [
            {"location": [[
                {"latitude": 64.235035},
                {"longitude": 27.730207}
            ]]},
            {"altitude": 182.5},
            {"distance_km": 1.22},
            {"speed_kmh": 3.6},
            {"timestamp": "Mon Apr 03 14:01:38 UTC 2017"}
        ],
        [
            {"location": [[
                {"latitude": 64.235003},
                {"longitude": 27.730412}
            ]]},
            {"altitude": 182.5},
            {"distance_km": 1.23},
            {"speed_kmh": 2.7},
            {"timestamp": "Mon Apr 03 14:01:53 UTC 2017"}
        ],
        [
            {"location": [[
                {"latitude": 64.234958},
                {"longitude": 27.730621}
            ]]},
            {"altitude": 183},
            {"distance_km": 1.24},
            {"speed_kmh": 2.7},
            {"timestamp": "Mon Apr 03 14:02:01 UTC 2017"}
        ],
        [
            {"location": [[
                {"latitude": 64.234879},
                {"longitude": 27.7308}
            ]]},
            {"altitude": 183.5},
            {"distance_km": 1.26},
            {"speed_kmh": 2.7},
            {"timestamp": "Mon Apr 03 14:02:13 UTC 2017"}
        ],
        [
            {"location": [[
                {"latitude": 64.234796},
                {"longitude": 27.730917}
            ]]},
            {"altitude": 183.5},
            {"distance_km": 1.27},
            {"speed_kmh": 2.7},
            {"timestamp": "Mon Apr 03 14:02:21 UTC 2017"}
        ],
        [
            {"location": [[
                {"latitude": 64.234743},
                {"longitude": 27.731097}
            ]]},
            {"altitude": 184.5},
            {"distance_km": 1.28},
            {"speed_kmh": 0},
            {"timestamp": "Mon Apr 03 14:02:46 UTC 2017"}
        ],
        [
            {"location": [[
                {"latitude": 64.232486},
                {"longitude": 27.733105}
            ]]},
            {"altitude": 0},
            {"distance_km": 1.55},
            {"timestamp": "Mon Apr 03 14:04:55 UTC 2017"}
        ],
        [
            {"location": [[
                {"latitude": 64.232493},
                {"longitude": 27.732865}
            ]]},
            {"altitude": 0},
            {"distance_km": 1.56},
            {"timestamp": "Mon Apr 03 14:05:01 UTC 2017"}
        ],
        [
            {"location": [[
                {"latitude": 64.232496},
                {"longitude": 27.732646}
            ]]},
            {"altitude": 0},
            {"distance_km": 1.57},
            {"timestamp": "Mon Apr 03 14:05:13 UTC 2017"}
        ],
        [
            {"location": [[
                {"latitude": 64.232506},
                {"longitude": 27.732901}
            ]]},
            {"altitude": 0},
            {"distance_km": 1.58},
            {"timestamp": "Mon Apr 03 14:05:17 UTC 2017"}
        ],
        [
            {"location": [[
                {"latitude": 64.232525},
                {"longitude": 27.73145}
            ]]},
            {"altitude": 0},
            {"distance_km": 1.65},
            {"timestamp": "Mon Apr 03 14:06:17 UTC 2017"}
        ],
        [
            {"location": [[
                {"latitude": 64.232425},
                {"longitude": 27.73119}
            ]]},
            {"altitude": 0},
            {"distance_km": 1.67},
            {"timestamp": "Mon Apr 03 14:06:25 UTC 2017"}
        ],
        [
            {"location": [[
                {"latitude": 64.232255},
                {"longitude": 27.731227}
            ]]},
            {"altitude": 0},
            {"distance_km": 1.69},
            {"timestamp": "Mon Apr 03 14:06:37 UTC 2017"}
        ],
        [
            {"location": [[
                {"latitude": 64.232571},
                {"longitude": 27.731091}
            ]]},
            {"altitude": 182.5},
            {"distance_km": 1.72},
            {"speed_kmh": 5.4},
            {"timestamp": "Mon Apr 03 14:07:00 UTC 2017"}
        ],
        [
            {"location": [[
                {"latitude": 64.232468},
                {"longitude": 27.731071}
            ]]},
            {"altitude": 176.5},
            {"distance_km": 1.74},
            {"speed_kmh": 5.4},
            {"timestamp": "Mon Apr 03 14:07:14 UTC 2017"}
        ],
        [
            {"location": [[
                {"latitude": 64.232382},
                {"longitude": 27.730963}
            ]]},
            {"altitude": 179.5},
            {"distance_km": 1.75},
            {"speed_kmh": 5.4},
            {"timestamp": "Mon Apr 03 14:07:22 UTC 2017"}
        ],
        [
            {"location": [[
                {"latitude": 64.23232},
                {"longitude": 27.730806}
            ]]},
            {"altitude": 179},
            {"distance_km": 1.76},
            {"speed_kmh": 5.4},
            {"timestamp": "Mon Apr 03 14:07:28 UTC 2017"}
        ],
        [
            {"location": [[
                {"latitude": 64.232228},
                {"longitude": 27.730711}
            ]]},
            {"altitude": 176.5},
            {"distance_km": 1.77},
            {"speed_kmh": 5.4},
            {"timestamp": "Mon Apr 03 14:07:34 UTC 2017"}
        ],
        [
            {"location": [[
                {"latitude": 64.232128},
                {"longitude": 27.730585}
            ]]},
            {"altitude": 177},
            {"distance_km": 1.78},
            {"speed_kmh": 5.4},
            {"timestamp": "Mon Apr 03 14:07:43 UTC 2017"}
        ],
        [
            {"location": [[
                {"latitude": 64.232026},
                {"longitude": 27.730502}
            ]]},
            {"altitude": 177},
            {"distance_km": 1.79},
            {"speed_kmh": 4.5},
            {"timestamp": "Mon Apr 03 14:07:51 UTC 2017"}
        ],
        [
            {"location": [[
                {"latitude": 64.231949},
                {"longitude": 27.730371}
            ]]},
            {"altitude": 176.5},
            {"distance_km": 1.8},
            {"speed_kmh": 4.5},
            {"timestamp": "Mon Apr 03 14:07:57 UTC 2017"}
        ],
        [
            {"location": [[
                {"latitude": 64.231873},
                {"longitude": 27.730245}
            ]]},
            {"altitude": 176.5},
            {"distance_km": 1.81},
            {"speed_kmh": 5.4},
            {"timestamp": "Mon Apr 03 14:08:03 UTC 2017"}
        ],
        [
            {"location": [[
                {"latitude": 64.231807},
                {"longitude": 27.73007}
            ]]},
            {"altitude": 173},
            {"distance_km": 1.82},
            {"speed_kmh": 5.4},
            {"timestamp": "Mon Apr 03 14:08:09 UTC 2017"}
        ],
        [
            {"location": [[
                {"latitude": 64.231753},
                {"longitude": 27.729904}
            ]]},
            {"altitude": 165},
            {"distance_km": 1.83},
            {"speed_kmh": 1.8},
            {"timestamp": "Mon Apr 03 14:08:15 UTC 2017"}
        ],
        [
            {"location": [[
                {"latitude": 64.231715},
                {"longitude": 27.72971}
            ]]},
            {"altitude": 157},
            {"distance_km": 1.84},
            {"speed_kmh": 3.6},
            {"timestamp": "Mon Apr 03 14:08:23 UTC 2017"}
        ],
        [
            {"location": [[
                {"latitude": 64.231806},
                {"longitude": 27.729818}
            ]]},
            {"altitude": 157},
            {"distance_km": 1.86},
            {"speed_kmh": 6.3},
            {"timestamp": "Mon Apr 03 14:11:29 UTC 2017"}
        ],
        [
            {"location": [[
                {"latitude": 64.231844},
                {"longitude": 27.729756}
            ]]},
            {"altitude": 157},
            {"distance_km": 1.86},
            {"speed_kmh": 5.4},
            {"timestamp": "Mon Apr 03 14:11:33 UTC 2017"}
        ],
        [
            {"location": [[
                {"latitude": 64.23184},
                {"longitude": 27.729746}
            ]]},
            {"altitude": 157},
            {"distance_km": 1.86},
            {"speed_kmh": 1.8},
            {"timestamp": "Mon Apr 03 14:11:34 UTC 2017"}
        ]
    ]}
]