[
    {"sport": "WALKING"},
    {"source": "TRACK_MOBILE"},
    {"created_date": "2017-04-20 14:05:16.0"},
    {"start_time": "2017-04-20 14:04:12.0"},
    {"end_time": "2017-04-20 14:34:48.0"},
    {"duration_s": 1835},
    {"distance_km": 2.34},
    {"calories_kcal": 170.837},
    {"altitude_min_m": 143},
    {"altitude_max_m": 207},
    {"speed_avg_kmh": 4.590735694822889},
    {"speed_max_kmh": 8.1},
    {"ascend_m": 79},
    {"descend_m": 96.5},
    {"points": [
        [
            {"location": [[
                {"latitude": 64.231662},
                {"longitude": 27.729657}
            ]]},
            {"distance_km": 0},
            {"timestamp": "Thu Apr 20 14:04:12 UTC 2017"}
        ],
        [
            {"location": [[
                {"latitude": 64.231662},
                {"longitude": 27.729657}
            ]]},
            {"altitude": 176},
            {"distance_km": 0},
            {"speed_kmh": 2.7},
            {"timestamp": "Thu Apr 20 14:04:44 UTC 2017"}
        ],
        [
            {"location": [[
                {"latitude": 64.231662},
                {"longitude": 27.730267}
            ]]},
            {"altitude": 179},
            {"distance_km": 0.03},
            {"speed_kmh": 8.1},
            {"timestamp": "Thu Apr 20 14:04:50 UTC 2017"}
        ],
        [
            {"location": [[
                {"latitude": 64.231787},
                {"longitude": 27.729606}
            ]]},
            {"altitude": 175.5},
            {"distance_km": 0.06},
            {"speed_kmh": 2.7},
            {"timestamp": "Thu Apr 20 14:04:52 UTC 2017"}
        ],
        [
            {"location": [[
                {"latitude": 64.231693},
                {"longitude": 27.729431}
            ]]},
            {"altitude": 181.5},
            {"distance_km": 0.08},
            {"speed_kmh": 0.9},
            {"timestamp": "Thu Apr 20 14:04:54 UTC 2017"}
        ],
        [
            {"location": [[
                {"latitude": 64.231702},
                {"longitude": 27.729638}
            ]]},
            {"altitude": 186},
            {"distance_km": 0.09},
            {"speed_kmh": 0.9},
            {"timestamp": "Thu Apr 20 14:04:56 UTC 2017"}
        ],
        [
            {"location": [[
                {"latitude": 64.231797},
                {"longitude": 27.72944}
            ]]},
            {"altitude": 156},
            {"distance_km": 0.1},
            {"speed_kmh": 2.7},
            {"timestamp": "Thu Apr 20 14:05:00 UTC 2017"}
        ],
        [
            {"location": [[
                {"latitude": 64.231921},
                {"longitude": 27.729665}
            ]]},
            {"altitude": 157.5},
            {"distance_km": 0.12},
            {"speed_kmh": 2.7},
            {"timestamp": "Thu Apr 20 14:05:02 UTC 2017"}
        ],
        [
            {"location": [[
                {"latitude": 64.231811},
                {"longitude": 27.729583}
            ]]},
            {"altitude": 155},
            {"distance_km": 0.13},
            {"speed_kmh": 1.8},
            {"timestamp": "Thu Apr 20 14:05:04 UTC 2017"}
        ],
        [
            {"location": [[
                {"latitude": 64.231721},
                {"longitude": 27.729578}
            ]]},
            {"altitude": 157},
            {"distance_km": 0.14},
            {"speed_kmh": 2.7},
            {"timestamp": "Thu Apr 20 14:05:22 UTC 2017"}
        ],
        [
            {"location": [[
                {"latitude": 64.231673},
                {"longitude": 27.729793}
            ]]},
            {"altitude": 151.5},
            {"distance_km": 0.15},
            {"speed_kmh": 4.5},
            {"timestamp": "Thu Apr 20 14:05:35 UTC 2017"}
        ],
        [
            {"location": [[
                {"latitude": 64.231713},
                {"longitude": 27.729983}
            ]]},
            {"altitude": 150},
            {"distance_km": 0.16},
            {"speed_kmh": 4.5},
            {"timestamp": "Thu Apr 20 14:05:42 UTC 2017"}
        ],
        [
            {"location": [[
                {"latitude": 64.231792},
                {"longitude": 27.730127}
            ]]},
            {"altitude": 150.5},
            {"distance_km": 0.18},
            {"speed_kmh": 4.5},
            {"timestamp": "Thu Apr 20 14:05:50 UTC 2017"}
        ],
        [
            {"location": [[
                {"latitude": 64.231888},
                {"longitude": 27.730247}
            ]]},
            {"altitude": 147.5},
            {"distance_km": 0.19},
            {"speed_kmh": 4.5},
            {"timestamp": "Thu Apr 20 14:05:58 UTC 2017"}
        ],
        [
            {"location": [[
                {"latitude": 64.232},
                {"longitude": 27.730297}
            ]]},
            {"altitude": 150},
            {"distance_km": 0.2},
            {"speed_kmh": 4.5},
            {"timestamp": "Thu Apr 20 14:06:06 UTC 2017"}
        ],
        [
            {"location": [[
                {"latitude": 64.23209},
                {"longitude": 27.730427}
            ]]},
            {"altitude": 147},
            {"distance_km": 0.21},
            {"speed_kmh": 4.5},
            {"timestamp": "Thu Apr 20 14:06:14 UTC 2017"}
        ],
        [
            {"location": [[
                {"latitude": 64.232176},
                {"longitude": 27.730579}
            ]]},
            {"altitude": 143},
            {"distance_km": 0.22},
            {"speed_kmh": 4.5},
            {"timestamp": "Thu Apr 20 14:06:22 UTC 2017"}
        ],
        [
            {"location": [[
                {"latitude": 64.232272},
                {"longitude": 27.730711}
            ]]},
            {"altitude": 146.5},
            {"distance_km": 0.24},
            {"speed_kmh": 5.4},
            {"timestamp": "Thu Apr 20 14:06:30 UTC 2017"}
        ],
        [
            {"location": [[
                {"latitude": 64.23235},
                {"longitude": 27.730834}
            ]]},
            {"altitude": 145.5},
            {"distance_km": 0.25},
            {"speed_kmh": 4.5},
            {"timestamp": "Thu Apr 20 14:06:38 UTC 2017"}
        ],
        [
            {"location": [[
                {"latitude": 64.232433},
                {"longitude": 27.730931}
            ]]},
            {"altitude": 146.5},
            {"distance_km": 0.26},
            {"speed_kmh": 6.3},
            {"timestamp": "Thu Apr 20 14:06:44 UTC 2017"}
        ],
        [
            {"location": [[
                {"latitude": 64.232538},
                {"longitude": 27.731033}
            ]]},
            {"altitude": 147},
            {"distance_km": 0.27},
            {"speed_kmh": 5.4},
            {"timestamp": "Thu Apr 20 14:06:52 UTC 2017"}
        ],
        [
            {"location": [[
                {"latitude": 64.232642},
                {"longitude": 27.731118}
            ]]},
            {"altitude": 149},
            {"distance_km": 0.28},
            {"speed_kmh": 7.2},
            {"timestamp": "Thu Apr 20 14:07:08 UTC 2017"}
        ],
        [
            {"location": [[
                {"latitude": 64.232731},
                {"longitude": 27.7313}
            ]]},
            {"altitude": 150.5},
            {"distance_km": 0.3},
            {"speed_kmh": 6.3},
            {"timestamp": "Thu Apr 20 14:07:15 UTC 2017"}
        ],
        [
            {"location": [[
                {"latitude": 64.232819},
                {"longitude": 27.731383}
            ]]},
            {"altitude": 150.5},
            {"distance_km": 0.31},
            {"speed_kmh": 6.3},
            {"timestamp": "Thu Apr 20 14:07:21 UTC 2017"}
        ],
        [
            {"location": [[
                {"latitude": 64.232909},
                {"longitude": 27.731353}
            ]]},
            {"altitude": 150.5},
            {"distance_km": 0.32},
            {"speed_kmh": 5.4},
            {"timestamp": "Thu Apr 20 14:07:28 UTC 2017"}
        ],
        [
            {"location": [[
                {"latitude": 64.232998},
                {"longitude": 27.731401}
            ]]},
            {"altitude": 152},
            {"distance_km": 0.33},
            {"speed_kmh": 5.4},
            {"timestamp": "Thu Apr 20 14:07:34 UTC 2017"}
        ],
        [
            {"location": [[
                {"latitude": 64.233083},
                {"longitude": 27.731473}
            ]]},
            {"altitude": 152},
            {"distance_km": 0.34},
            {"speed_kmh": 4.5},
            {"timestamp": "Thu Apr 20 14:07:42 UTC 2017"}
        ],
        [
            {"location": [[
                {"latitude": 64.233173},
                {"longitude": 27.731412}
            ]]},
            {"altitude": 155.5},
            {"distance_km": 0.35},
            {"speed_kmh": 2.7},
            {"timestamp": "Thu Apr 20 14:07:56 UTC 2017"}
        ],
        [
            {"location": [[
                {"latitude": 64.233281},
                {"longitude": 27.73143}
            ]]},
            {"altitude": 159},
            {"distance_km": 0.36},
            {"speed_kmh": 2.7},
            {"timestamp": "Thu Apr 20 14:08:08 UTC 2017"}
        ],
        [
            {"location": [[
                {"latitude": 64.233365},
                {"longitude": 27.731555}
            ]]},
            {"altitude": 159},
            {"distance_km": 0.37},
            {"speed_kmh": 2.7},
            {"timestamp": "Thu Apr 20 14:08:22 UTC 2017"}
        ],
        [
            {"location": [[
                {"latitude": 64.233466},
                {"longitude": 27.73159}
            ]]},
            {"altitude": 161.5},
            {"distance_km": 0.38},
            {"speed_kmh": 2.7},
            {"timestamp": "Thu Apr 20 14:08:32 UTC 2017"}
        ],
        [
            {"location": [[
                {"latitude": 64.233573},
                {"longitude": 27.731543}
            ]]},
            {"altitude": 165},
            {"distance_km": 0.39},
            {"speed_kmh": 3.6},
            {"timestamp": "Thu Apr 20 14:08:42 UTC 2017"}
        ],
        [
            {"location": [[
                {"latitude": 64.233669},
                {"longitude": 27.731551}
            ]]},
            {"altitude": 164.5},
            {"distance_km": 0.4},
            {"speed_kmh": 2.7},
            {"timestamp": "Thu Apr 20 14:08:52 UTC 2017"}
        ],
        [
            {"location": [[
                {"latitude": 64.233731},
                {"longitude": 27.731382}
            ]]},
            {"altitude": 167},
            {"distance_km": 0.42},
            {"speed_kmh": 3.6},
            {"timestamp": "Thu Apr 20 14:09:31 UTC 2017"}
        ],
        [
            {"location": [[
                {"latitude": 64.23379},
                {"longitude": 27.731207}
            ]]},
            {"altitude": 169},
            {"distance_km": 0.43},
            {"speed_kmh": 3.6},
            {"timestamp": "Thu Apr 20 14:09:37 UTC 2017"}
        ],
        [
            {"location": [[
                {"latitude": 64.233848},
                {"longitude": 27.731031}
            ]]},
            {"altitude": 172.5},
            {"distance_km": 0.44},
            {"speed_kmh": 2.7},
            {"timestamp": "Thu Apr 20 14:09:44 UTC 2017"}
        ],
        [
            {"location": [[
                {"latitude": 64.233908},
                {"longitude": 27.730839}
            ]]},
            {"altitude": 178},
            {"distance_km": 0.45},
            {"speed_kmh": 2.7},
            {"timestamp": "Thu Apr 20 14:09:54 UTC 2017"}
        ],
        [
            {"location": [[
                {"latitude": 64.233974},
                {"longitude": 27.73069}
            ]]},
            {"altitude": 181.5},
            {"distance_km": 0.46},
            {"speed_kmh": 3.6},
            {"timestamp": "Thu Apr 20 14:10:02 UTC 2017"}
        ],
        [
            {"location": [[
                {"latitude": 64.234031},
                {"longitude": 27.730485}
            ]]},
            {"altitude": 184},
            {"distance_km": 0.47},
            {"speed_kmh": 4.5},
            {"timestamp": "Thu Apr 20 14:10:10 UTC 2017"}
        ],
        [
            {"location": [[
                {"latitude": 64.234073},
                {"longitude": 27.730253}
            ]]},
            {"altitude": 184},
            {"distance_km": 0.48},
            {"speed_kmh": 4.5},
            {"timestamp": "Thu Apr 20 14:10:20 UTC 2017"}
        ],
        [
            {"location": [[
                {"latitude": 64.234154},
                {"longitude": 27.730116}
            ]]},
            {"altitude": 184.5},
            {"distance_km": 0.49},
            {"speed_kmh": 4.5},
            {"timestamp": "Thu Apr 20 14:10:28 UTC 2017"}
        ],
        [
            {"location": [[
                {"latitude": 64.234231},
                {"longitude": 27.729973}
            ]]},
            {"altitude": 185.5},
            {"distance_km": 0.5},
            {"speed_kmh": 3.6},
            {"timestamp": "Thu Apr 20 14:10:36 UTC 2017"}
        ],
        [
            {"location": [[
                {"latitude": 64.234294},
                {"longitude": 27.729807}
            ]]},
            {"altitude": 186.5},
            {"distance_km": 0.52},
            {"speed_kmh": 3.6},
            {"timestamp": "Thu Apr 20 14:10:46 UTC 2017"}
        ],
        [
            {"location": [[
                {"latitude": 64.234373},
                {"longitude": 27.729675}
            ]]},
            {"altitude": 186},
            {"distance_km": 0.53},
            {"speed_kmh": 2.7},
            {"timestamp": "Thu Apr 20 14:10:56 UTC 2017"}
        ],
        [
            {"location": [[
                {"latitude": 64.234457},
                {"longitude": 27.729502}
            ]]},
            {"altitude": 187},
            {"distance_km": 0.54},
            {"speed_kmh": 3.6},
            {"timestamp": "Thu Apr 20 14:11:06 UTC 2017"}
        ],
        [
            {"location": [[
                {"latitude": 64.234525},
                {"longitude": 27.729363}
            ]]},
            {"altitude": 187.5},
            {"distance_km": 0.55},
            {"speed_kmh": 3.6},
            {"timestamp": "Thu Apr 20 14:11:13 UTC 2017"}
        ],
        [
            {"location": [[
                {"latitude": 64.234591},
                {"longitude": 27.729193}
            ]]},
            {"altitude": 190},
            {"distance_km": 0.56},
            {"speed_kmh": 3.6},
            {"timestamp": "Thu Apr 20 14:11:21 UTC 2017"}
        ],
        [
            {"location": [[
                {"latitude": 64.234683},
                {"longitude": 27.729073}
            ]]},
            {"altitude": 191},
            {"distance_km": 0.57},
            {"speed_kmh": 2.7},
            {"timestamp": "Thu Apr 20 14:11:32 UTC 2017"}
        ],
        [
            {"location": [[
                {"latitude": 64.234792},
                {"longitude": 27.729024}
            ]]},
            {"altitude": 189},
            {"distance_km": 0.58},
            {"speed_kmh": 3.6},
            {"timestamp": "Thu Apr 20 14:11:42 UTC 2017"}
        ],
        [
            {"location": [[
                {"latitude": 64.23487},
                {"longitude": 27.728879}
            ]]},
            {"altitude": 189.5},
            {"distance_km": 0.6},
            {"speed_kmh": 3.6},
            {"timestamp": "Thu Apr 20 14:11:52 UTC 2017"}
        ],
        [
            {"location": [[
                {"latitude": 64.234946},
                {"longitude": 27.728738}
            ]]},
            {"altitude": 192.5},
            {"distance_km": 0.61},
            {"speed_kmh": 3.6},
            {"timestamp": "Thu Apr 20 14:12:02 UTC 2017"}
        ],
        [
            {"location": [[
                {"latitude": 64.235039},
                {"longitude": 27.728716}
            ]]},
            {"altitude": 190.5},
            {"distance_km": 0.62},
            {"speed_kmh": 3.6},
            {"timestamp": "Thu Apr 20 14:12:10 UTC 2017"}
        ],
        [
            {"location": [[
                {"latitude": 64.235153},
                {"longitude": 27.728781}
            ]]},
            {"altitude": 190.5},
            {"distance_km": 0.63},
            {"speed_kmh": 4.5},
            {"timestamp": "Thu Apr 20 14:12:18 UTC 2017"}
        ],
        [
            {"location": [[
                {"latitude": 64.235252},
                {"longitude": 27.728781}
            ]]},
            {"altitude": 196.5},
            {"distance_km": 0.64},
            {"speed_kmh": 5.4},
            {"timestamp": "Thu Apr 20 14:12:58 UTC 2017"}
        ],
        [
            {"location": [[
                {"latitude": 64.235256},
                {"longitude": 27.728568}
            ]]},
            {"altitude": 201.5},
            {"distance_km": 0.65},
            {"speed_kmh": 3.6},
            {"timestamp": "Thu Apr 20 14:13:17 UTC 2017"}
        ],
        [
            {"location": [[
                {"latitude": 64.235321},
                {"longitude": 27.728407}
            ]]},
            {"altitude": 200},
            {"distance_km": 0.66},
            {"speed_kmh": 3.6},
            {"timestamp": "Thu Apr 20 14:13:27 UTC 2017"}
        ],
        [
            {"location": [[
                {"latitude": 64.235431},
                {"longitude": 27.728347}
            ]]},
            {"altitude": 199},
            {"distance_km": 0.67},
            {"speed_kmh": 4.5},
            {"timestamp": "Thu Apr 20 14:13:34 UTC 2017"}
        ],
        [
            {"location": [[
                {"latitude": 64.235519},
                {"longitude": 27.728196}
            ]]},
            {"altitude": 199},
            {"distance_km": 0.69},
            {"speed_kmh": 4.5},
            {"timestamp": "Thu Apr 20 14:13:42 UTC 2017"}
        ],
        [
            {"location": [[
                {"latitude": 64.235603},
                {"longitude": 27.728041}
            ]]},
            {"altitude": 198.5},
            {"distance_km": 0.7},
            {"speed_kmh": 4.5},
            {"timestamp": "Thu Apr 20 14:13:50 UTC 2017"}
        ],
        [
            {"location": [[
                {"latitude": 64.235678},
                {"longitude": 27.72792}
            ]]},
            {"altitude": 198},
            {"distance_km": 0.71},
            {"speed_kmh": 4.5},
            {"timestamp": "Thu Apr 20 14:13:56 UTC 2017"}
        ],
        [
            {"location": [[
                {"latitude": 64.23577},
                {"longitude": 27.727771}
            ]]},
            {"altitude": 199},
            {"distance_km": 0.72},
            {"speed_kmh": 5.4},
            {"timestamp": "Thu Apr 20 14:14:04 UTC 2017"}
        ],
        [
            {"location": [[
                {"latitude": 64.235866},
                {"longitude": 27.727634}
            ]]},
            {"altitude": 199.5},
            {"distance_km": 0.73},
            {"speed_kmh": 4.5},
            {"timestamp": "Thu Apr 20 14:14:12 UTC 2017"}
        ],
        [
            {"location": [[
                {"latitude": 64.235918},
                {"longitude": 27.727444}
            ]]},
            {"altitude": 199},
            {"distance_km": 0.74},
            {"speed_kmh": 2.7},
            {"timestamp": "Thu Apr 20 14:14:20 UTC 2017"}
        ],
        [
            {"location": [[
                {"latitude": 64.235952},
                {"longitude": 27.727204}
            ]]},
            {"altitude": 200},
            {"distance_km": 0.76},
            {"speed_kmh": 4.5},
            {"timestamp": "Thu Apr 20 14:14:30 UTC 2017"}
        ],
        [
            {"location": [[
                {"latitude": 64.235969},
                {"longitude": 27.726969}
            ]]},
            {"altitude": 198.5},
            {"distance_km": 0.77},
            {"speed_kmh": 3.6},
            {"timestamp": "Thu Apr 20 14:14:40 UTC 2017"}
        ],
        [
            {"location": [[
                {"latitude": 64.236008},
                {"longitude": 27.726782}
            ]]},
            {"altitude": 198},
            {"distance_km": 0.78},
            {"speed_kmh": 3.6},
            {"timestamp": "Thu Apr 20 14:14:48 UTC 2017"}
        ],
        [
            {"location": [[
                {"latitude": 64.236036},
                {"longitude": 27.726561}
            ]]},
            {"altitude": 198},
            {"distance_km": 0.79},
            {"speed_kmh": 3.6},
            {"timestamp": "Thu Apr 20 14:14:56 UTC 2017"}
        ],
        [
            {"location": [[
                {"latitude": 64.236059},
                {"longitude": 27.726349}
            ]]},
            {"altitude": 201},
            {"distance_km": 0.8},
            {"speed_kmh": 4.5},
            {"timestamp": "Thu Apr 20 14:15:02 UTC 2017"}
        ],
        [
            {"location": [[
                {"latitude": 64.236096},
                {"longitude": 27.726098}
            ]]},
            {"altitude": 199},
            {"distance_km": 0.81},
            {"speed_kmh": 4.5},
            {"timestamp": "Thu Apr 20 14:15:11 UTC 2017"}
        ],
        [
            {"location": [[
                {"latitude": 64.236129},
                {"longitude": 27.725885}
            ]]},
            {"altitude": 196.5},
            {"distance_km": 0.82},
            {"speed_kmh": 3.6},
            {"timestamp": "Thu Apr 20 14:15:22 UTC 2017"}
        ],
        [
            {"location": [[
                {"latitude": 64.236125},
                {"longitude": 27.725645}
            ]]},
            {"altitude": 196},
            {"distance_km": 0.84},
            {"speed_kmh": 4.5},
            {"timestamp": "Thu Apr 20 14:15:30 UTC 2017"}
        ],
        [
            {"location": [[
                {"latitude": 64.236189},
                {"longitude": 27.725436}
            ]]},
            {"altitude": 190},
            {"distance_km": 0.85},
            {"speed_kmh": 4.5},
            {"timestamp": "Thu Apr 20 14:15:38 UTC 2017"}
        ],
        [
            {"location": [[
                {"latitude": 64.236265},
                {"longitude": 27.725222}
            ]]},
            {"altitude": 190.5},
            {"distance_km": 0.86},
            {"speed_kmh": 4.5},
            {"timestamp": "Thu Apr 20 14:15:46 UTC 2017"}
        ],
        [
            {"location": [[
                {"latitude": 64.236346},
                {"longitude": 27.725102}
            ]]},
            {"altitude": 186.5},
            {"distance_km": 0.87},
            {"speed_kmh": 5.4},
            {"timestamp": "Thu Apr 20 14:15:52 UTC 2017"}
        ],
        [
            {"location": [[
                {"latitude": 64.236437},
                {"longitude": 27.725005}
            ]]},
            {"altitude": 184.5},
            {"distance_km": 0.88},
            {"speed_kmh": 5.4},
            {"timestamp": "Thu Apr 20 14:15:58 UTC 2017"}
        ],
        [
            {"location": [[
                {"latitude": 64.236556},
                {"longitude": 27.725004}
            ]]},
            {"altitude": 183},
            {"distance_km": 0.9},
            {"speed_kmh": 5.4},
            {"timestamp": "Thu Apr 20 14:16:06 UTC 2017"}
        ],
        [
            {"location": [[
                {"latitude": 64.236676},
                {"longitude": 27.72502}
            ]]},
            {"altitude": 183.5},
            {"distance_km": 0.91},
            {"speed_kmh": 5.4},
            {"timestamp": "Thu Apr 20 14:16:14 UTC 2017"}
        ],
        [
            {"location": [[
                {"latitude": 64.236772},
                {"longitude": 27.72502}
            ]]},
            {"altitude": 185},
            {"distance_km": 0.92},
            {"speed_kmh": 4.5},
            {"timestamp": "Thu Apr 20 14:16:22 UTC 2017"}
        ],
        [
            {"location": [[
                {"latitude": 64.236867},
                {"longitude": 27.725048}
            ]]},
            {"altitude": 181.5},
            {"distance_km": 0.93},
            {"speed_kmh": 4.5},
            {"timestamp": "Thu Apr 20 14:16:30 UTC 2017"}
        ],
        [
            {"location": [[
                {"latitude": 64.236976},
                {"longitude": 27.725105}
            ]]},
            {"altitude": 182.5},
            {"distance_km": 0.94},
            {"speed_kmh": 4.5},
            {"timestamp": "Thu Apr 20 14:16:40 UTC 2017"}
        ],
        [
            {"location": [[
                {"latitude": 64.237083},
                {"longitude": 27.725193}
            ]]},
            {"altitude": 181.5},
            {"distance_km": 0.96},
            {"speed_kmh": 4.5},
            {"timestamp": "Thu Apr 20 14:16:49 UTC 2017"}
        ],
        [
            {"location": [[
                {"latitude": 64.237189},
                {"longitude": 27.725347}
            ]]},
            {"altitude": 184},
            {"distance_km": 0.97},
            {"speed_kmh": 5.4},
            {"timestamp": "Thu Apr 20 14:16:57 UTC 2017"}
        ],
        [
            {"location": [[
                {"latitude": 64.237278},
                {"longitude": 27.725434}
            ]]},
            {"altitude": 183.5},
            {"distance_km": 0.98},
            {"speed_kmh": 3.6},
            {"timestamp": "Thu Apr 20 14:17:04 UTC 2017"}
        ],
        [
            {"location": [[
                {"latitude": 64.237389},
                {"longitude": 27.725528}
            ]]},
            {"altitude": 185},
            {"distance_km": 0.99},
            {"speed_kmh": 3.6},
            {"timestamp": "Thu Apr 20 14:17:12 UTC 2017"}
        ],
        [
            {"location": [[
                {"latitude": 64.237474},
                {"longitude": 27.725642}
            ]]},
            {"altitude": 182},
            {"distance_km": 1},
            {"speed_kmh": 4.5},
            {"timestamp": "Thu Apr 20 14:17:18 UTC 2017"}
        ],
        [
            {"location": [[
                {"latitude": 64.237521},
                {"longitude": 27.72582}
            ]]},
            {"altitude": 181},
            {"distance_km": 1.01},
            {"speed_kmh": 4.5},
            {"timestamp": "Thu Apr 20 14:17:24 UTC 2017"}
        ],
        [
            {"location": [[
                {"latitude": 64.237602},
                {"longitude": 27.725983}
            ]]},
            {"altitude": 181},
            {"distance_km": 1.03},
            {"speed_kmh": 4.5},
            {"timestamp": "Thu Apr 20 14:17:32 UTC 2017"}
        ],
        [
            {"location": [[
                {"latitude": 64.237701},
                {"longitude": 27.726068}
            ]]},
            {"altitude": 182},
            {"distance_km": 1.04},
            {"speed_kmh": 4.5},
            {"timestamp": "Thu Apr 20 14:17:40 UTC 2017"}
        ],
        [
            {"location": [[
                {"latitude": 64.237781},
                {"longitude": 27.726237}
            ]]},
            {"altitude": 186.5},
            {"distance_km": 1.05},
            {"speed_kmh": 4.5},
            {"timestamp": "Thu Apr 20 14:17:48 UTC 2017"}
        ],
        [
            {"location": [[
                {"latitude": 64.23789},
                {"longitude": 27.726298}
            ]]},
            {"altitude": 190.5},
            {"distance_km": 1.06},
            {"speed_kmh": 4.5},
            {"timestamp": "Thu Apr 20 14:17:56 UTC 2017"}
        ],
        [
            {"location": [[
                {"latitude": 64.237992},
                {"longitude": 27.726382}
            ]]},
            {"altitude": 192.5},
            {"distance_km": 1.08},
            {"speed_kmh": 4.5},
            {"timestamp": "Thu Apr 20 14:18:04 UTC 2017"}
        ],
        [
            {"location": [[
                {"latitude": 64.238089},
                {"longitude": 27.726402}
            ]]},
            {"altitude": 191.5},
            {"distance_km": 1.09},
            {"speed_kmh": 4.5},
            {"timestamp": "Thu Apr 20 14:18:12 UTC 2017"}
        ],
        [
            {"location": [[
                {"latitude": 64.238173},
                {"longitude": 27.726513}
            ]]},
            {"altitude": 190},
            {"distance_km": 1.1},
            {"speed_kmh": 3.6},
            {"timestamp": "Thu Apr 20 14:18:20 UTC 2017"}
        ],
        [
            {"location": [[
                {"latitude": 64.238259},
                {"longitude": 27.726645}
            ]]},
            {"altitude": 190.5},
            {"distance_km": 1.11},
            {"speed_kmh": 4.5},
            {"timestamp": "Thu Apr 20 14:18:29 UTC 2017"}
        ],
        [
            {"location": [[
                {"latitude": 64.238352},
                {"longitude": 27.726719}
            ]]},
            {"altitude": 191.5},
            {"distance_km": 1.12},
            {"speed_kmh": 4.5},
            {"timestamp": "Thu Apr 20 14:18:38 UTC 2017"}
        ],
        [
            {"location": [[
                {"latitude": 64.238461},
                {"longitude": 27.726689}
            ]]},
            {"altitude": 191.5},
            {"distance_km": 1.13},
            {"speed_kmh": 4.5},
            {"timestamp": "Thu Apr 20 14:18:46 UTC 2017"}
        ],
        [
            {"location": [[
                {"latitude": 64.238552},
                {"longitude": 27.72668}
            ]]},
            {"altitude": 191.5},
            {"distance_km": 1.14},
            {"speed_kmh": 4.5},
            {"timestamp": "Thu Apr 20 14:18:54 UTC 2017"}
        ],
        [
            {"location": [[
                {"latitude": 64.23865},
                {"longitude": 27.726799}
            ]]},
            {"altitude": 188},
            {"distance_km": 1.15},
            {"speed_kmh": 4.5},
            {"timestamp": "Thu Apr 20 14:19:02 UTC 2017"}
        ],
        [
            {"location": [[
                {"latitude": 64.238719},
                {"longitude": 27.727034}
            ]]},
            {"altitude": 184.5},
            {"distance_km": 1.17},
            {"speed_kmh": 3.6},
            {"timestamp": "Thu Apr 20 14:19:10 UTC 2017"}
        ],
        [
            {"location": [[
                {"latitude": 64.238761},
                {"longitude": 27.727252}
            ]]},
            {"altitude": 185.5},
            {"distance_km": 1.18},
            {"speed_kmh": 3.6},
            {"timestamp": "Thu Apr 20 14:19:16 UTC 2017"}
        ],
        [
            {"location": [[
                {"latitude": 64.238806},
                {"longitude": 27.727487}
            ]]},
            {"altitude": 190.5},
            {"distance_km": 1.19},
            {"speed_kmh": 4.5},
            {"timestamp": "Thu Apr 20 14:19:24 UTC 2017"}
        ],
        [
            {"location": [[
                {"latitude": 64.238849},
                {"longitude": 27.727743}
            ]]},
            {"altitude": 193},
            {"distance_km": 1.2},
            {"speed_kmh": 4.5},
            {"timestamp": "Thu Apr 20 14:19:32 UTC 2017"}
        ],
        [
            {"location": [[
                {"latitude": 64.238909},
                {"longitude": 27.72794}
            ]]},
            {"altitude": 196},
            {"distance_km": 1.22},
            {"speed_kmh": 4.5},
            {"timestamp": "Thu Apr 20 14:19:40 UTC 2017"}
        ],
        [
            {"location": [[
                {"latitude": 64.238964},
                {"longitude": 27.728147}
            ]]},
            {"altitude": 198},
            {"distance_km": 1.23},
            {"speed_kmh": 4.5},
            {"timestamp": "Thu Apr 20 14:19:48 UTC 2017"}
        ],
        [
            {"location": [[
                {"latitude": 64.238993},
                {"longitude": 27.728354}
            ]]},
            {"altitude": 200.5},
            {"distance_km": 1.24},
            {"speed_kmh": 4.5},
            {"timestamp": "Thu Apr 20 14:19:56 UTC 2017"}
        ],
        [
            {"location": [[
                {"latitude": 64.239026},
                {"longitude": 27.72858}
            ]]},
            {"altitude": 197.5},
            {"distance_km": 1.25},
            {"speed_kmh": 3.6},
            {"timestamp": "Thu Apr 20 14:20:04 UTC 2017"}
        ],
        [
            {"location": [[
                {"latitude": 64.238932},
                {"longitude": 27.728671}
            ]]},
            {"altitude": 196},
            {"distance_km": 1.26},
            {"speed_kmh": 4.5},
            {"timestamp": "Thu Apr 20 14:20:12 UTC 2017"}
        ],
        [
            {"location": [[
                {"latitude": 64.238842},
                {"longitude": 27.728713}
            ]]},
            {"altitude": 194.5},
            {"distance_km": 1.27},
            {"speed_kmh": 4.5},
            {"timestamp": "Thu Apr 20 14:20:19 UTC 2017"}
        ],
        [
            {"location": [[
                {"latitude": 64.238756},
                {"longitude": 27.72879}
            ]]},
            {"altitude": 194.5},
            {"distance_km": 1.28},
            {"speed_kmh": 4.5},
            {"timestamp": "Thu Apr 20 14:20:25 UTC 2017"}
        ],
        [
            {"location": [[
                {"latitude": 64.238641},
                {"longitude": 27.728837}
            ]]},
            {"altitude": 197.5},
            {"distance_km": 1.3},
            {"speed_kmh": 4.5},
            {"timestamp": "Thu Apr 20 14:20:32 UTC 2017"}
        ],
        [
            {"location": [[
                {"latitude": 64.238543},
                {"longitude": 27.728888}
            ]]},
            {"altitude": 197.5},
            {"distance_km": 1.31},
            {"speed_kmh": 4.5},
            {"timestamp": "Thu Apr 20 14:20:40 UTC 2017"}
        ],
        [
            {"location": [[
                {"latitude": 64.238442},
                {"longitude": 27.728827}
            ]]},
            {"altitude": 198},
            {"distance_km": 1.32},
            {"speed_kmh": 4.5},
            {"timestamp": "Thu Apr 20 14:20:48 UTC 2017"}
        ],
        [
            {"location": [[
                {"latitude": 64.238348},
                {"longitude": 27.728783}
            ]]},
            {"altitude": 199},
            {"distance_km": 1.33},
            {"speed_kmh": 4.5},
            {"timestamp": "Thu Apr 20 14:20:56 UTC 2017"}
        ],
        [
            {"location": [[
                {"latitude": 64.238249},
                {"longitude": 27.728757}
            ]]},
            {"altitude": 197},
            {"distance_km": 1.34},
            {"speed_kmh": 4.5},
            {"timestamp": "Thu Apr 20 14:21:04 UTC 2017"}
        ],
        [
            {"location": [[
                {"latitude": 64.238138},
                {"longitude": 27.728693}
            ]]},
            {"altitude": 196},
            {"distance_km": 1.35},
            {"speed_kmh": 4.5},
            {"timestamp": "Thu Apr 20 14:21:12 UTC 2017"}
        ],
        [
            {"location": [[
                {"latitude": 64.23804},
                {"longitude": 27.728764}
            ]]},
            {"altitude": 194},
            {"distance_km": 1.36},
            {"speed_kmh": 4.5},
            {"timestamp": "Thu Apr 20 14:21:24 UTC 2017"}
        ],
        [
            {"location": [[
                {"latitude": 64.237985},
                {"longitude": 27.728926}
            ]]},
            {"altitude": 195.5},
            {"distance_km": 1.37},
            {"speed_kmh": 4.5},
            {"timestamp": "Thu Apr 20 14:21:34 UTC 2017"}
        ],
        [
            {"location": [[
                {"latitude": 64.237909},
                {"longitude": 27.729059}
            ]]},
            {"altitude": 197},
            {"distance_km": 1.38},
            {"speed_kmh": 3.6},
            {"timestamp": "Thu Apr 20 14:21:44 UTC 2017"}
        ],
        [
            {"location": [[
                {"latitude": 64.237791},
                {"longitude": 27.729032}
            ]]},
            {"altitude": 194},
            {"distance_km": 1.4},
            {"speed_kmh": 4.5},
            {"timestamp": "Thu Apr 20 14:21:54 UTC 2017"}
        ],
        [
            {"location": [[
                {"latitude": 64.237682},
                {"longitude": 27.728946}
            ]]},
            {"altitude": 195},
            {"distance_km": 1.41},
            {"speed_kmh": 4.5},
            {"timestamp": "Thu Apr 20 14:22:02 UTC 2017"}
        ],
        [
            {"location": [[
                {"latitude": 64.237598},
                {"longitude": 27.729039}
            ]]},
            {"altitude": 204},
            {"distance_km": 1.42},
            {"speed_kmh": 3.6},
            {"timestamp": "Thu Apr 20 14:22:10 UTC 2017"}
        ],
        [
            {"location": [[
                {"latitude": 64.237496},
                {"longitude": 27.729139}
            ]]},
            {"altitude": 207},
            {"distance_km": 1.43},
            {"speed_kmh": 3.6},
            {"timestamp": "Thu Apr 20 14:22:20 UTC 2017"}
        ],
        [
            {"location": [[
                {"latitude": 64.237408},
                {"longitude": 27.729205}
            ]]},
            {"altitude": 205},
            {"distance_km": 1.44},
            {"speed_kmh": 3.6},
            {"timestamp": "Thu Apr 20 14:22:28 UTC 2017"}
        ],
        [
            {"location": [[
                {"latitude": 64.237304},
                {"longitude": 27.729161}
            ]]},
            {"altitude": 202.5},
            {"distance_km": 1.46},
            {"speed_kmh": 5.4},
            {"timestamp": "Thu Apr 20 14:22:34 UTC 2017"}
        ],
        [
            {"location": [[
                {"latitude": 64.237197},
                {"longitude": 27.729166}
            ]]},
            {"altitude": 205},
            {"distance_km": 1.47},
            {"speed_kmh": 4.5},
            {"timestamp": "Thu Apr 20 14:22:41 UTC 2017"}
        ],
        [
            {"location": [[
                {"latitude": 64.237098},
                {"longitude": 27.729066}
            ]]},
            {"altitude": 205},
            {"distance_km": 1.48},
            {"speed_kmh": 4.5},
            {"timestamp": "Thu Apr 20 14:22:49 UTC 2017"}
        ],
        [
            {"location": [[
                {"latitude": 64.237048},
                {"longitude": 27.72887}
            ]]},
            {"altitude": 205.5},
            {"distance_km": 1.49},
            {"speed_kmh": 3.6},
            {"timestamp": "Thu Apr 20 14:22:56 UTC 2017"}
        ],
        [
            {"location": [[
                {"latitude": 64.236955},
                {"longitude": 27.728771}
            ]]},
            {"altitude": 203},
            {"distance_km": 1.5},
            {"speed_kmh": 3.6},
            {"timestamp": "Thu Apr 20 14:23:04 UTC 2017"}
        ],
        [
            {"location": [[
                {"latitude": 64.23685},
                {"longitude": 27.728665}
            ]]},
            {"altitude": 199.5},
            {"distance_km": 1.51},
            {"speed_kmh": 3.6},
            {"timestamp": "Thu Apr 20 14:23:12 UTC 2017"}
        ],
        [
            {"location": [[
                {"latitude": 64.236752},
                {"longitude": 27.72856}
            ]]},
            {"altitude": 196.5},
            {"distance_km": 1.53},
            {"speed_kmh": 3.6},
            {"timestamp": "Thu Apr 20 14:23:20 UTC 2017"}
        ],
        [
            {"location": [[
                {"latitude": 64.236653},
                {"longitude": 27.728563}
            ]]},
            {"altitude": 199},
            {"distance_km": 1.54},
            {"speed_kmh": 3.6},
            {"timestamp": "Thu Apr 20 14:23:28 UTC 2017"}
        ],
        [
            {"location": [[
                {"latitude": 64.236552},
                {"longitude": 27.728527}
            ]]},
            {"altitude": 202},
            {"distance_km": 1.55},
            {"speed_kmh": 3.6},
            {"timestamp": "Thu Apr 20 14:23:38 UTC 2017"}
        ],
        [
            {"location": [[
                {"latitude": 64.236467},
                {"longitude": 27.72861}
            ]]},
            {"altitude": 205},
            {"distance_km": 1.56},
            {"speed_kmh": 3.6},
            {"timestamp": "Thu Apr 20 14:23:48 UTC 2017"}
        ],
        [
            {"location": [[
                {"latitude": 64.23636},
                {"longitude": 27.728677}
            ]]},
            {"altitude": 204},
            {"distance_km": 1.57},
            {"speed_kmh": 4.5},
            {"timestamp": "Thu Apr 20 14:23:56 UTC 2017"}
        ],
        [
            {"location": [[
                {"latitude": 64.236269},
                {"longitude": 27.7287}
            ]]},
            {"altitude": 202},
            {"distance_km": 1.58},
            {"speed_kmh": 4.5},
            {"timestamp": "Thu Apr 20 14:24:02 UTC 2017"}
        ],
        [
            {"location": [[
                {"latitude": 64.236168},
                {"longitude": 27.728755}
            ]]},
            {"altitude": 202},
            {"distance_km": 1.59},
            {"speed_kmh": 3.6},
            {"timestamp": "Thu Apr 20 14:24:12 UTC 2017"}
        ],
        [
            {"location": [[
                {"latitude": 64.23608},
                {"longitude": 27.728886}
            ]]},
            {"altitude": 203},
            {"distance_km": 1.6},
            {"speed_kmh": 3.6},
            {"timestamp": "Thu Apr 20 14:24:22 UTC 2017"}
        ],
        [
            {"location": [[
                {"latitude": 64.235966},
                {"longitude": 27.728944}
            ]]},
            {"altitude": 199},
            {"distance_km": 1.62},
            {"speed_kmh": 3.6},
            {"timestamp": "Thu Apr 20 14:24:33 UTC 2017"}
        ],
        [
            {"location": [[
                {"latitude": 64.235889},
                {"longitude": 27.729052}
            ]]},
            {"altitude": 201},
            {"distance_km": 1.63},
            {"speed_kmh": 2.7},
            {"timestamp": "Thu Apr 20 14:24:44 UTC 2017"}
        ],
        [
            {"location": [[
                {"latitude": 64.235796},
                {"longitude": 27.729119}
            ]]},
            {"altitude": 200},
            {"distance_km": 1.64},
            {"speed_kmh": 3.6},
            {"timestamp": "Thu Apr 20 14:24:52 UTC 2017"}
        ],
        [
            {"location": [[
                {"latitude": 64.235689},
                {"longitude": 27.729091}
            ]]},
            {"altitude": 198.5},
            {"distance_km": 1.65},
            {"speed_kmh": 5.4},
            {"timestamp": "Thu Apr 20 14:25:00 UTC 2017"}
        ],
        [
            {"location": [[
                {"latitude": 64.235595},
                {"longitude": 27.729128}
            ]]},
            {"altitude": 197.5},
            {"distance_km": 1.66},
            {"speed_kmh": 3.6},
            {"timestamp": "Thu Apr 20 14:25:08 UTC 2017"}
        ],
        [
            {"location": [[
                {"latitude": 64.235508},
                {"longitude": 27.729183}
            ]]},
            {"altitude": 198.5},
            {"distance_km": 1.67},
            {"speed_kmh": 3.6},
            {"timestamp": "Thu Apr 20 14:25:16 UTC 2017"}
        ],
        [
            {"location": [[
                {"latitude": 64.2354},
                {"longitude": 27.729206}
            ]]},
            {"altitude": 199},
            {"distance_km": 1.68},
            {"speed_kmh": 3.6},
            {"timestamp": "Thu Apr 20 14:25:24 UTC 2017"}
        ],
        [
            {"location": [[
                {"latitude": 64.235381},
                {"longitude": 27.729429}
            ]]},
            {"altitude": 199.5},
            {"distance_km": 1.69},
            {"speed_kmh": 3.6},
            {"timestamp": "Thu Apr 20 14:25:44 UTC 2017"}
        ],
        [
            {"location": [[
                {"latitude": 64.235324},
                {"longitude": 27.729634}
            ]]},
            {"altitude": 203.5},
            {"distance_km": 1.71},
            {"speed_kmh": 3.6},
            {"timestamp": "Thu Apr 20 14:25:54 UTC 2017"}
        ],
        [
            {"location": [[
                {"latitude": 64.235237},
                {"longitude": 27.729792}
            ]]},
            {"altitude": 202},
            {"distance_km": 1.72},
            {"speed_kmh": 3.6},
            {"timestamp": "Thu Apr 20 14:26:04 UTC 2017"}
        ],
        [
            {"location": [[
                {"latitude": 64.235189},
                {"longitude": 27.729982}
            ]]},
            {"altitude": 202},
            {"distance_km": 1.73},
            {"speed_kmh": 3.6},
            {"timestamp": "Thu Apr 20 14:26:12 UTC 2017"}
        ],
        [
            {"location": [[
                {"latitude": 64.235136},
                {"longitude": 27.730221}
            ]]},
            {"altitude": 204.5},
            {"distance_km": 1.74},
            {"speed_kmh": 3.6},
            {"timestamp": "Thu Apr 20 14:26:22 UTC 2017"}
        ],
        [
            {"location": [[
                {"latitude": 64.235075},
                {"longitude": 27.73039}
            ]]},
            {"altitude": 204.5},
            {"distance_km": 1.75},
            {"speed_kmh": 0},
            {"timestamp": "Thu Apr 20 14:26:31 UTC 2017"}
        ],
        [
            {"location": [[
                {"latitude": 64.235027},
                {"longitude": 27.730566}
            ]]},
            {"altitude": 204},
            {"distance_km": 1.76},
            {"speed_kmh": 3.6},
            {"timestamp": "Thu Apr 20 14:26:48 UTC 2017"}
        ],
        [
            {"location": [[
                {"latitude": 64.234933},
                {"longitude": 27.730728}
            ]]},
            {"altitude": 202.5},
            {"distance_km": 1.78},
            {"speed_kmh": 4.5},
            {"timestamp": "Thu Apr 20 14:26:54 UTC 2017"}
        ],
        [
            {"location": [[
                {"latitude": 64.234858},
                {"longitude": 27.730886}
            ]]},
            {"altitude": 202},
            {"distance_km": 1.79},
            {"speed_kmh": 4.5},
            {"timestamp": "Thu Apr 20 14:27:00 UTC 2017"}
        ],
        [
            {"location": [[
                {"latitude": 64.234782},
                {"longitude": 27.731074}
            ]]},
            {"altitude": 203.5},
            {"distance_km": 1.8},
            {"speed_kmh": 3.6},
            {"timestamp": "Thu Apr 20 14:27:06 UTC 2017"}
        ],
        [
            {"location": [[
                {"latitude": 64.234716},
                {"longitude": 27.731264}
            ]]},
            {"altitude": 203},
            {"distance_km": 1.81},
            {"speed_kmh": 3.6},
            {"timestamp": "Thu Apr 20 14:27:14 UTC 2017"}
        ],
        [
            {"location": [[
                {"latitude": 64.234644},
                {"longitude": 27.731479}
            ]]},
            {"altitude": 202.5},
            {"distance_km": 1.82},
            {"speed_kmh": 4.5},
            {"timestamp": "Thu Apr 20 14:27:24 UTC 2017"}
        ],
        [
            {"location": [[
                {"latitude": 64.234564},
                {"longitude": 27.731619}
            ]]},
            {"altitude": 199.5},
            {"distance_km": 1.84},
            {"speed_kmh": 4.5},
            {"timestamp": "Thu Apr 20 14:27:30 UTC 2017"}
        ],
        [
            {"location": [[
                {"latitude": 64.2345},
                {"longitude": 27.731768}
            ]]},
            {"altitude": 196.5},
            {"distance_km": 1.85},
            {"speed_kmh": 4.5},
            {"timestamp": "Thu Apr 20 14:27:36 UTC 2017"}
        ],
        [
            {"location": [[
                {"latitude": 64.234392},
                {"longitude": 27.731872}
            ]]},
            {"altitude": 192.5},
            {"distance_km": 1.86},
            {"speed_kmh": 5.4},
            {"timestamp": "Thu Apr 20 14:27:42 UTC 2017"}
        ],
        [
            {"location": [[
                {"latitude": 64.234351},
                {"longitude": 27.732071}
            ]]},
            {"altitude": 191.5},
            {"distance_km": 1.87},
            {"speed_kmh": 3.6},
            {"timestamp": "Thu Apr 20 14:27:50 UTC 2017"}
        ],
        [
            {"location": [[
                {"latitude": 64.234306},
                {"longitude": 27.732273}
            ]]},
            {"altitude": 193.5},
            {"distance_km": 1.88},
            {"speed_kmh": 3.6},
            {"timestamp": "Thu Apr 20 14:28:00 UTC 2017"}
        ],
        [
            {"location": [[
                {"latitude": 64.234196},
                {"longitude": 27.732358}
            ]]},
            {"altitude": 195},
            {"distance_km": 1.89},
            {"speed_kmh": 6.3},
            {"timestamp": "Thu Apr 20 14:28:09 UTC 2017"}
        ],
        [
            {"location": [[
                {"latitude": 64.234109},
                {"longitude": 27.732457}
            ]]},
            {"altitude": 197},
            {"distance_km": 1.9},
            {"speed_kmh": 2.7},
            {"timestamp": "Thu Apr 20 14:28:16 UTC 2017"}
        ],
        [
            {"location": [[
                {"latitude": 64.234012},
                {"longitude": 27.732563}
            ]]},
            {"altitude": 197.5},
            {"distance_km": 1.92},
            {"speed_kmh": 3.6},
            {"timestamp": "Thu Apr 20 14:28:24 UTC 2017"}
        ],
        [
            {"location": [[
                {"latitude": 64.233896},
                {"longitude": 27.732653}
            ]]},
            {"altitude": 197},
            {"distance_km": 1.93},
            {"speed_kmh": 4.5},
            {"timestamp": "Thu Apr 20 14:28:32 UTC 2017"}
        ],
        [
            {"location": [[
                {"latitude": 64.233803},
                {"longitude": 27.732742}
            ]]},
            {"altitude": 196},
            {"distance_km": 1.94},
            {"speed_kmh": 3.6},
            {"timestamp": "Thu Apr 20 14:28:40 UTC 2017"}
        ],
        [
            {"location": [[
                {"latitude": 64.23372},
                {"longitude": 27.732855}
            ]]},
            {"altitude": 192.5},
            {"distance_km": 1.95},
            {"speed_kmh": 3.6},
            {"timestamp": "Thu Apr 20 14:28:48 UTC 2017"}
        ],
        [
            {"location": [[
                {"latitude": 64.233608},
                {"longitude": 27.73292}
            ]]},
            {"altitude": 190},
            {"distance_km": 1.96},
            {"speed_kmh": 4.5},
            {"timestamp": "Thu Apr 20 14:28:56 UTC 2017"}
        ],
        [
            {"location": [[
                {"latitude": 64.233517},
                {"longitude": 27.732971}
            ]]},
            {"altitude": 192.5},
            {"distance_km": 1.98},
            {"speed_kmh": 5.4},
            {"timestamp": "Thu Apr 20 14:29:02 UTC 2017"}
        ],
        [
            {"location": [[
                {"latitude": 64.233431},
                {"longitude": 27.733053}
            ]]},
            {"altitude": 185},
            {"distance_km": 1.99},
            {"speed_kmh": 3.6},
            {"timestamp": "Thu Apr 20 14:29:30 UTC 2017"}
        ],
        [
            {"location": [[
                {"latitude": 64.233348},
                {"longitude": 27.733155}
            ]]},
            {"altitude": 178.5},
            {"distance_km": 2},
            {"speed_kmh": 0},
            {"timestamp": "Thu Apr 20 14:29:40 UTC 2017"}
        ],
        [
            {"location": [[
                {"latitude": 64.233254},
                {"longitude": 27.733286}
            ]]},
            {"altitude": 182},
            {"distance_km": 2.01},
            {"speed_kmh": 7.2},
            {"timestamp": "Thu Apr 20 14:29:48 UTC 2017"}
        ],
        [
            {"location": [[
                {"latitude": 64.233153},
                {"longitude": 27.73333}
            ]]},
            {"altitude": 172.5},
            {"distance_km": 2.02},
            {"speed_kmh": 6.3},
            {"timestamp": "Thu Apr 20 14:29:52 UTC 2017"}
        ],
        [
            {"location": [[
                {"latitude": 64.23305},
                {"longitude": 27.733315}
            ]]},
            {"altitude": 168.5},
            {"distance_km": 2.03},
            {"speed_kmh": 3.6},
            {"timestamp": "Thu Apr 20 14:29:59 UTC 2017"}
        ],
        [
            {"location": [[
                {"latitude": 64.232921},
                {"longitude": 27.733254}
            ]]},
            {"altitude": 162.5},
            {"distance_km": 2.05},
            {"speed_kmh": 5.4},
            {"timestamp": "Thu Apr 20 14:30:06 UTC 2017"}
        ],
        [
            {"location": [[
                {"latitude": 64.232826},
                {"longitude": 27.733241}
            ]]},
            {"altitude": 159.5},
            {"distance_km": 2.06},
            {"speed_kmh": 5.4},
            {"timestamp": "Thu Apr 20 14:30:12 UTC 2017"}
        ],
        [
            {"location": [[
                {"latitude": 64.232709},
                {"longitude": 27.733213}
            ]]},
            {"altitude": 158.5},
            {"distance_km": 2.07},
            {"speed_kmh": 5.4},
            {"timestamp": "Thu Apr 20 14:30:20 UTC 2017"}
        ],
        [
            {"location": [[
                {"latitude": 64.232702},
                {"longitude": 27.732947}
            ]]},
            {"altitude": 157},
            {"distance_km": 2.08},
            {"speed_kmh": 5.4},
            {"timestamp": "Thu Apr 20 14:30:28 UTC 2017"}
        ],
        [
            {"location": [[
                {"latitude": 64.232717},
                {"longitude": 27.73268}
            ]]},
            {"altitude": 157.5},
            {"distance_km": 2.1},
            {"speed_kmh": 5.4},
            {"timestamp": "Thu Apr 20 14:30:36 UTC 2017"}
        ],
        [
            {"location": [[
                {"latitude": 64.232735},
                {"longitude": 27.732427}
            ]]},
            {"altitude": 158},
            {"distance_km": 2.11},
            {"speed_kmh": 5.4},
            {"timestamp": "Thu Apr 20 14:30:44 UTC 2017"}
        ],
        [
            {"location": [[
                {"latitude": 64.232753},
                {"longitude": 27.732204}
            ]]},
            {"altitude": 160},
            {"distance_km": 2.12},
            {"speed_kmh": 5.4},
            {"timestamp": "Thu Apr 20 14:30:52 UTC 2017"}
        ],
        [
            {"location": [[
                {"latitude": 64.232763},
                {"longitude": 27.731969}
            ]]},
            {"altitude": 162},
            {"distance_km": 2.13},
            {"speed_kmh": 4.5},
            {"timestamp": "Thu Apr 20 14:31:00 UTC 2017"}
        ],
        [
            {"location": [[
                {"latitude": 64.232778},
                {"longitude": 27.731736}
            ]]},
            {"altitude": 161.5},
            {"distance_km": 2.14},
            {"speed_kmh": 5.4},
            {"timestamp": "Thu Apr 20 14:31:08 UTC 2017"}
        ],
        [
            {"location": [[
                {"latitude": 64.232809},
                {"longitude": 27.731495}
            ]]},
            {"altitude": 160.5},
            {"distance_km": 2.15},
            {"speed_kmh": 5.4},
            {"timestamp": "Thu Apr 20 14:31:16 UTC 2017"}
        ],
        [
            {"location": [[
                {"latitude": 64.232744},
                {"longitude": 27.731333}
            ]]},
            {"altitude": 161},
            {"distance_km": 2.16},
            {"speed_kmh": 5.4},
            {"timestamp": "Thu Apr 20 14:31:26 UTC 2017"}
        ],
        [
            {"location": [[
                {"latitude": 64.232643},
                {"longitude": 27.731289}
            ]]},
            {"altitude": 162},
            {"distance_km": 2.18},
            {"speed_kmh": 5.4},
            {"timestamp": "Thu Apr 20 14:31:38 UTC 2017"}
        ],
        [
            {"location": [[
                {"latitude": 64.232531},
                {"longitude": 27.731296}
            ]]},
            {"altitude": 158.5},
            {"distance_km": 2.19},
            {"speed_kmh": 5.4},
            {"timestamp": "Thu Apr 20 14:31:46 UTC 2017"}
        ],
        [
            {"location": [[
                {"latitude": 64.232441},
                {"longitude": 27.731139}
            ]]},
            {"altitude": 159.5},
            {"distance_km": 2.2},
            {"speed_kmh": 5.4},
            {"timestamp": "Thu Apr 20 14:31:55 UTC 2017"}
        ],
        [
            {"location": [[
                {"latitude": 64.232354},
                {"longitude": 27.73102}
            ]]},
            {"altitude": 159},
            {"distance_km": 2.21},
            {"speed_kmh": 5.4},
            {"timestamp": "Thu Apr 20 14:32:01 UTC 2017"}
        ],
        [
            {"location": [[
                {"latitude": 64.232259},
                {"longitude": 27.730889}
            ]]},
            {"altitude": 159.5},
            {"distance_km": 2.22},
            {"speed_kmh": 5.4},
            {"timestamp": "Thu Apr 20 14:32:10 UTC 2017"}
        ],
        [
            {"location": [[
                {"latitude": 64.232159},
                {"longitude": 27.730761}
            ]]},
            {"altitude": 159.5},
            {"distance_km": 2.24},
            {"speed_kmh": 5.4},
            {"timestamp": "Thu Apr 20 14:32:18 UTC 2017"}
        ],
        [
            {"location": [[
                {"latitude": 64.232053},
                {"longitude": 27.73066}
            ]]},
            {"altitude": 158},
            {"distance_km": 2.25},
            {"speed_kmh": 5.4},
            {"timestamp": "Thu Apr 20 14:32:26 UTC 2017"}
        ],
        [
            {"location": [[
                {"latitude": 64.231948},
                {"longitude": 27.730553}
            ]]},
            {"altitude": 157},
            {"distance_km": 2.26},
            {"speed_kmh": 5.4},
            {"timestamp": "Thu Apr 20 14:32:34 UTC 2017"}
        ],
        [
            {"location": [[
                {"latitude": 64.231886},
                {"longitude": 27.730389}
            ]]},
            {"altitude": 157.5},
            {"distance_km": 2.27},
            {"speed_kmh": 5.4},
            {"timestamp": "Thu Apr 20 14:32:40 UTC 2017"}
        ],
        [
            {"location": [[
                {"latitude": 64.231792},
                {"longitude": 27.73022}
            ]]},
            {"altitude": 155},
            {"distance_km": 2.29},
            {"speed_kmh": 5.4},
            {"timestamp": "Thu Apr 20 14:32:48 UTC 2017"}
        ],
        [
            {"location": [[
                {"latitude": 64.231721},
                {"longitude": 27.730042}
            ]]},
            {"altitude": 153},
            {"distance_km": 2.3},
            {"speed_kmh": 5.4},
            {"timestamp": "Thu Apr 20 14:32:56 UTC 2017"}
        ],
        [
            {"location": [[
                {"latitude": 64.231662},
                {"longitude": 27.7298}
            ]]},
            {"altitude": 154},
            {"distance_km": 2.31},
            {"speed_kmh": 5.4},
            {"timestamp": "Thu Apr 20 14:33:04 UTC 2017"}
        ],
        [
            {"location": [[
                {"latitude": 64.231661},
                {"longitude": 27.729532}
            ]]},
            {"altitude": 153},
            {"distance_km": 2.32},
            {"speed_kmh": 5.4},
            {"timestamp": "Thu Apr 20 14:33:12 UTC 2017"}
        ],
        [
            {"location": [[
                {"latitude": 64.231759},
                {"longitude": 27.729521}
            ]]},
            {"altitude": 153},
            {"distance_km": 2.34},
            {"speed_kmh": 2.7},
            {"timestamp": "Thu Apr 20 14:33:24 UTC 2017"}
        ],
        [
            {"location": [[
                {"latitude": 64.231792},
                {"longitude": 27.729516}
            ]]},
            {"altitude": 154},
            {"distance_km": 2.34},
            {"speed_kmh": 0},
            {"timestamp": "Thu Apr 20 14:34:48 UTC 2017"}
        ],
        [
            {"location": [[
                {"latitude": 64.231792},
                {"longitude": 27.729516}
            ]]},
            {"altitude": 154},
            {"distance_km": 2.34},
            {"speed_kmh": 0},
            {"timestamp": "Thu Apr 20 14:34:49 UTC 2017"}
        ]
    ]}
]