[
    {"sport": "SWIMMING"},
    {"source": "INPUT_MANUAL_MOBILE"},
    {"created_date": "2017-02-15 17:02:18.0"},
    {"start_time": "2017-02-15 16:01:00.0"},
    {"end_time": "2017-02-15 16:46:00.0"},
    {"duration_s": 2700},
    {"distance_km": 1.2},
    {"calories_kcal": 467.092},
    {"speed_avg_kmh": 1.5999999999999999},
    {"points": [
        [
            {"distance_km": 0},
            {"timestamp": "Wed Feb 15 16:01:00 UTC 2017"}
        ],
        [
            {"distance_km": 1.2},
            {"timestamp": "Wed Feb 15 16:46:00 UTC 2017"}
        ]
    ]}
]