[
    {"sport": "WALKING"},
    {"source": "TRACK_MOBILE"},
    {"created_date": "2017-04-28 06:02:44.0"},
    {"start_time": "2017-04-28 05:33:55.0"},
    {"end_time": "2017-04-28 06:02:11.0"},
    {"duration_s": 1695},
    {"distance_km": 2.22},
    {"calories_kcal": 160.315},
    {"altitude_min_m": 142},
    {"altitude_max_m": 203},
    {"speed_avg_kmh": 4.715044247787611},
    {"speed_max_kmh": 7.2},
    {"ascend_m": 73},
    {"descend_m": 65.5},
    {"points": [
        [
            {"location": [[
                {"latitude": 64.231786},
                {"longitude": 27.729439}
            ]]},
            {"distance_km": 0},
            {"timestamp": "Fri Apr 28 05:33:55 UTC 2017"}
        ],
        [
            {"location": [[
                {"latitude": 64.231786},
                {"longitude": 27.729439}
            ]]},
            {"altitude": 142},
            {"distance_km": 0},
            {"speed_kmh": 0.9},
            {"timestamp": "Fri Apr 28 05:34:13 UTC 2017"}
        ],
        [
            {"location": [[
                {"latitude": 64.231841},
                {"longitude": 27.729656}
            ]]},
            {"altitude": 152.5},
            {"distance_km": 0.01},
            {"speed_kmh": 1.8},
            {"timestamp": "Fri Apr 28 05:34:15 UTC 2017"}
        ],
        [
            {"location": [[
                {"latitude": 64.231691},
                {"longitude": 27.729475}
            ]]},
            {"altitude": 155.5},
            {"distance_km": 0.03},
            {"speed_kmh": 0.9},
            {"timestamp": "Fri Apr 28 05:34:21 UTC 2017"}
        ],
        [
            {"location": [[
                {"latitude": 64.2317},
                {"longitude": 27.72973}
            ]]},
            {"altitude": 149.5},
            {"distance_km": 0.04},
            {"speed_kmh": 4.5},
            {"timestamp": "Fri Apr 28 05:34:35 UTC 2017"}
        ],
        [
            {"location": [[
                {"latitude": 64.231747},
                {"longitude": 27.729929}
            ]]},
            {"altitude": 148.5},
            {"distance_km": 0.05},
            {"speed_kmh": 4.5},
            {"timestamp": "Fri Apr 28 05:34:43 UTC 2017"}
        ],
        [
            {"location": [[
                {"latitude": 64.231808},
                {"longitude": 27.73008}
            ]]},
            {"altitude": 150.5},
            {"distance_km": 0.06},
            {"speed_kmh": 4.5},
            {"timestamp": "Fri Apr 28 05:34:51 UTC 2017"}
        ],
        [
            {"location": [[
                {"latitude": 64.231894},
                {"longitude": 27.73022}
            ]]},
            {"altitude": 147.5},
            {"distance_km": 0.08},
            {"speed_kmh": 4.5},
            {"timestamp": "Fri Apr 28 05:35:01 UTC 2017"}
        ],
        [
            {"location": [[
                {"latitude": 64.231992},
                {"longitude": 27.730376}
            ]]},
            {"altitude": 150},
            {"distance_km": 0.09},
            {"speed_kmh": 4.5},
            {"timestamp": "Fri Apr 28 05:35:10 UTC 2017"}
        ],
        [
            {"location": [[
                {"latitude": 64.232093},
                {"longitude": 27.73051}
            ]]},
            {"altitude": 152.5},
            {"distance_km": 0.1},
            {"speed_kmh": 4.5},
            {"timestamp": "Fri Apr 28 05:35:18 UTC 2017"}
        ],
        [
            {"location": [[
                {"latitude": 64.232194},
                {"longitude": 27.730612}
            ]]},
            {"altitude": 154.5},
            {"distance_km": 0.11},
            {"speed_kmh": 5.4},
            {"timestamp": "Fri Apr 28 05:35:26 UTC 2017"}
        ],
        [
            {"location": [[
                {"latitude": 64.232287},
                {"longitude": 27.730761}
            ]]},
            {"altitude": 157.5},
            {"distance_km": 0.13},
            {"speed_kmh": 5.4},
            {"timestamp": "Fri Apr 28 05:35:34 UTC 2017"}
        ],
        [
            {"location": [[
                {"latitude": 64.23237},
                {"longitude": 27.730903}
            ]]},
            {"altitude": 157.5},
            {"distance_km": 0.14},
            {"speed_kmh": 4.5},
            {"timestamp": "Fri Apr 28 05:35:43 UTC 2017"}
        ],
        [
            {"location": [[
                {"latitude": 64.232464},
                {"longitude": 27.730996}
            ]]},
            {"altitude": 155.5},
            {"distance_km": 0.15},
            {"speed_kmh": 4.5},
            {"timestamp": "Fri Apr 28 05:35:51 UTC 2017"}
        ],
        [
            {"location": [[
                {"latitude": 64.232572},
                {"longitude": 27.731039}
            ]]},
            {"altitude": 151},
            {"distance_km": 0.16},
            {"speed_kmh": 4.5},
            {"timestamp": "Fri Apr 28 05:36:01 UTC 2017"}
        ],
        [
            {"location": [[
                {"latitude": 64.232662},
                {"longitude": 27.731159}
            ]]},
            {"altitude": 151.5},
            {"distance_km": 0.17},
            {"speed_kmh": 6.3},
            {"timestamp": "Fri Apr 28 05:36:15 UTC 2017"}
        ],
        [
            {"location": [[
                {"latitude": 64.232757},
                {"longitude": 27.731262}
            ]]},
            {"altitude": 152.5},
            {"distance_km": 0.19},
            {"speed_kmh": 6.3},
            {"timestamp": "Fri Apr 28 05:36:21 UTC 2017"}
        ],
        [
            {"location": [[
                {"latitude": 64.232859},
                {"longitude": 27.731278}
            ]]},
            {"altitude": 152},
            {"distance_km": 0.2},
            {"speed_kmh": 6.3},
            {"timestamp": "Fri Apr 28 05:36:27 UTC 2017"}
        ],
        [
            {"location": [[
                {"latitude": 64.232953},
                {"longitude": 27.731314}
            ]]},
            {"altitude": 153.5},
            {"distance_km": 0.21},
            {"speed_kmh": 6.3},
            {"timestamp": "Fri Apr 28 05:36:33 UTC 2017"}
        ],
        [
            {"location": [[
                {"latitude": 64.233038},
                {"longitude": 27.731436}
            ]]},
            {"altitude": 152},
            {"distance_km": 0.22},
            {"speed_kmh": 6.3},
            {"timestamp": "Fri Apr 28 05:36:39 UTC 2017"}
        ],
        [
            {"location": [[
                {"latitude": 64.23313},
                {"longitude": 27.731494}
            ]]},
            {"altitude": 154.5},
            {"distance_km": 0.23},
            {"speed_kmh": 4.5},
            {"timestamp": "Fri Apr 28 05:36:49 UTC 2017"}
        ],
        [
            {"location": [[
                {"latitude": 64.233203},
                {"longitude": 27.731371}
            ]]},
            {"altitude": 163},
            {"distance_km": 0.24},
            {"speed_kmh": 2.7},
            {"timestamp": "Fri Apr 28 05:37:04 UTC 2017"}
        ],
        [
            {"location": [[
                {"latitude": 64.2333},
                {"longitude": 27.731441}
            ]]},
            {"altitude": 165},
            {"distance_km": 0.25},
            {"speed_kmh": 3.6},
            {"timestamp": "Fri Apr 28 05:37:24 UTC 2017"}
        ],
        [
            {"location": [[
                {"latitude": 64.233385},
                {"longitude": 27.731545}
            ]]},
            {"altitude": 166},
            {"distance_km": 0.26},
            {"speed_kmh": 3.6},
            {"timestamp": "Fri Apr 28 05:37:30 UTC 2017"}
        ],
        [
            {"location": [[
                {"latitude": 64.233486},
                {"longitude": 27.731506}
            ]]},
            {"altitude": 169},
            {"distance_km": 0.27},
            {"speed_kmh": 3.6},
            {"timestamp": "Fri Apr 28 05:37:37 UTC 2017"}
        ],
        [
            {"location": [[
                {"latitude": 64.233564},
                {"longitude": 27.73132}
            ]]},
            {"altitude": 169},
            {"distance_km": 0.29},
            {"speed_kmh": 4.5},
            {"timestamp": "Fri Apr 28 05:37:45 UTC 2017"}
        ],
        [
            {"location": [[
                {"latitude": 64.233653},
                {"longitude": 27.731309}
            ]]},
            {"altitude": 173},
            {"distance_km": 0.3},
            {"speed_kmh": 0},
            {"timestamp": "Fri Apr 28 05:37:59 UTC 2017"}
        ],
        [
            {"location": [[
                {"latitude": 64.233752},
                {"longitude": 27.731253}
            ]]},
            {"altitude": 174},
            {"distance_km": 0.31},
            {"speed_kmh": 4.5},
            {"timestamp": "Fri Apr 28 05:38:15 UTC 2017"}
        ],
        [
            {"location": [[
                {"latitude": 64.233834},
                {"longitude": 27.731075}
            ]]},
            {"altitude": 176},
            {"distance_km": 0.32},
            {"speed_kmh": 4.5},
            {"timestamp": "Fri Apr 28 05:38:23 UTC 2017"}
        ],
        [
            {"location": [[
                {"latitude": 64.233935},
                {"longitude": 27.73098}
            ]]},
            {"altitude": 174.5},
            {"distance_km": 0.33},
            {"speed_kmh": 3.6},
            {"timestamp": "Fri Apr 28 05:38:33 UTC 2017"}
        ],
        [
            {"location": [[
                {"latitude": 64.234029},
                {"longitude": 27.730854}
            ]]},
            {"altitude": 180},
            {"distance_km": 0.34},
            {"speed_kmh": 3.6},
            {"timestamp": "Fri Apr 28 05:38:44 UTC 2017"}
        ],
        [
            {"location": [[
                {"latitude": 64.23409},
                {"longitude": 27.730657}
            ]]},
            {"altitude": 183},
            {"distance_km": 0.36},
            {"speed_kmh": 3.6},
            {"timestamp": "Fri Apr 28 05:38:52 UTC 2017"}
        ],
        [
            {"location": [[
                {"latitude": 64.234129},
                {"longitude": 27.730463}
            ]]},
            {"altitude": 183},
            {"distance_km": 0.37},
            {"speed_kmh": 4.5},
            {"timestamp": "Fri Apr 28 05:39:00 UTC 2017"}
        ],
        [
            {"location": [[
                {"latitude": 64.234165},
                {"longitude": 27.730255}
            ]]},
            {"altitude": 183},
            {"distance_km": 0.38},
            {"speed_kmh": 4.5},
            {"timestamp": "Fri Apr 28 05:39:08 UTC 2017"}
        ],
        [
            {"location": [[
                {"latitude": 64.234243},
                {"longitude": 27.730113}
            ]]},
            {"altitude": 183.5},
            {"distance_km": 0.39},
            {"speed_kmh": 3.6},
            {"timestamp": "Fri Apr 28 05:39:16 UTC 2017"}
        ],
        [
            {"location": [[
                {"latitude": 64.234296},
                {"longitude": 27.729931}
            ]]},
            {"altitude": 183.5},
            {"distance_km": 0.4},
            {"speed_kmh": 3.6},
            {"timestamp": "Fri Apr 28 05:39:28 UTC 2017"}
        ],
        [
            {"location": [[
                {"latitude": 64.234371},
                {"longitude": 27.729803}
            ]]},
            {"altitude": 185.5},
            {"distance_km": 0.41},
            {"speed_kmh": 3.6},
            {"timestamp": "Fri Apr 28 05:39:37 UTC 2017"}
        ],
        [
            {"location": [[
                {"latitude": 64.234461},
                {"longitude": 27.729654}
            ]]},
            {"altitude": 190.5},
            {"distance_km": 0.42},
            {"speed_kmh": 2.7},
            {"timestamp": "Fri Apr 28 05:39:51 UTC 2017"}
        ],
        [
            {"location": [[
                {"latitude": 64.234539},
                {"longitude": 27.72953}
            ]]},
            {"altitude": 191},
            {"distance_km": 0.43},
            {"speed_kmh": 4.5},
            {"timestamp": "Fri Apr 28 05:39:57 UTC 2017"}
        ],
        [
            {"location": [[
                {"latitude": 64.23461},
                {"longitude": 27.729391}
            ]]},
            {"altitude": 191},
            {"distance_km": 0.44},
            {"speed_kmh": 4.5},
            {"timestamp": "Fri Apr 28 05:40:03 UTC 2017"}
        ],
        [
            {"location": [[
                {"latitude": 64.234686},
                {"longitude": 27.729211}
            ]]},
            {"altitude": 193},
            {"distance_km": 0.45},
            {"speed_kmh": 3.6},
            {"timestamp": "Fri Apr 28 05:40:11 UTC 2017"}
        ],
        [
            {"location": [[
                {"latitude": 64.234763},
                {"longitude": 27.729048}
            ]]},
            {"altitude": 192},
            {"distance_km": 0.47},
            {"speed_kmh": 3.6},
            {"timestamp": "Fri Apr 28 05:40:33 UTC 2017"}
        ],
        [
            {"location": [[
                {"latitude": 64.23486},
                {"longitude": 27.728999}
            ]]},
            {"altitude": 190.5},
            {"distance_km": 0.48},
            {"speed_kmh": 2.7},
            {"timestamp": "Fri Apr 28 05:40:42 UTC 2017"}
        ],
        [
            {"location": [[
                {"latitude": 64.234947},
                {"longitude": 27.728873}
            ]]},
            {"altitude": 192.5},
            {"distance_km": 0.49},
            {"speed_kmh": 2.7},
            {"timestamp": "Fri Apr 28 05:40:58 UTC 2017"}
        ],
        [
            {"location": [[
                {"latitude": 64.235032},
                {"longitude": 27.728786}
            ]]},
            {"altitude": 195},
            {"distance_km": 0.5},
            {"speed_kmh": 3.6},
            {"timestamp": "Fri Apr 28 05:41:10 UTC 2017"}
        ],
        [
            {"location": [[
                {"latitude": 64.235124},
                {"longitude": 27.728825}
            ]]},
            {"altitude": 191.5},
            {"distance_km": 0.51},
            {"speed_kmh": 3.6},
            {"timestamp": "Fri Apr 28 05:41:18 UTC 2017"}
        ],
        [
            {"location": [[
                {"latitude": 64.235208},
                {"longitude": 27.728929}
            ]]},
            {"altitude": 192.5},
            {"distance_km": 0.52},
            {"speed_kmh": 3.6},
            {"timestamp": "Fri Apr 28 05:41:25 UTC 2017"}
        ],
        [
            {"location": [[
                {"latitude": 64.235305},
                {"longitude": 27.728886}
            ]]},
            {"altitude": 192.5},
            {"distance_km": 0.53},
            {"speed_kmh": 3.6},
            {"timestamp": "Fri Apr 28 05:41:33 UTC 2017"}
        ],
        [
            {"location": [[
                {"latitude": 64.235289},
                {"longitude": 27.728649}
            ]]},
            {"altitude": 195},
            {"distance_km": 0.54},
            {"speed_kmh": 3.6},
            {"timestamp": "Fri Apr 28 05:41:47 UTC 2017"}
        ],
        [
            {"location": [[
                {"latitude": 64.23532},
                {"longitude": 27.728452}
            ]]},
            {"altitude": 196.5},
            {"distance_km": 0.55},
            {"speed_kmh": 3.6},
            {"timestamp": "Fri Apr 28 05:41:55 UTC 2017"}
        ],
        [
            {"location": [[
                {"latitude": 64.235421},
                {"longitude": 27.728398}
            ]]},
            {"altitude": 198.5},
            {"distance_km": 0.56},
            {"speed_kmh": 4.5},
            {"timestamp": "Fri Apr 28 05:42:03 UTC 2017"}
        ],
        [
            {"location": [[
                {"latitude": 64.235533},
                {"longitude": 27.728362}
            ]]},
            {"altitude": 198.5},
            {"distance_km": 0.58},
            {"speed_kmh": 4.5},
            {"timestamp": "Fri Apr 28 05:42:11 UTC 2017"}
        ],
        [
            {"location": [[
                {"latitude": 64.235602},
                {"longitude": 27.728169}
            ]]},
            {"altitude": 198},
            {"distance_km": 0.59},
            {"speed_kmh": 4.5},
            {"timestamp": "Fri Apr 28 05:42:20 UTC 2017"}
        ],
        [
            {"location": [[
                {"latitude": 64.235695},
                {"longitude": 27.728023}
            ]]},
            {"altitude": 200.5},
            {"distance_km": 0.6},
            {"speed_kmh": 4.5},
            {"timestamp": "Fri Apr 28 05:42:28 UTC 2017"}
        ],
        [
            {"location": [[
                {"latitude": 64.23578},
                {"longitude": 27.72793}
            ]]},
            {"altitude": 199},
            {"distance_km": 0.61},
            {"speed_kmh": 4.5},
            {"timestamp": "Fri Apr 28 05:42:34 UTC 2017"}
        ],
        [
            {"location": [[
                {"latitude": 64.235875},
                {"longitude": 27.727801}
            ]]},
            {"altitude": 201.5},
            {"distance_km": 0.62},
            {"speed_kmh": 4.5},
            {"timestamp": "Fri Apr 28 05:42:42 UTC 2017"}
        ],
        [
            {"location": [[
                {"latitude": 64.235955},
                {"longitude": 27.72767}
            ]]},
            {"altitude": 200.5},
            {"distance_km": 0.63},
            {"speed_kmh": 4.5},
            {"timestamp": "Fri Apr 28 05:42:50 UTC 2017"}
        ],
        [
            {"location": [[
                {"latitude": 64.236009},
                {"longitude": 27.727409}
            ]]},
            {"altitude": 203},
            {"distance_km": 0.65},
            {"speed_kmh": 4.5},
            {"timestamp": "Fri Apr 28 05:42:59 UTC 2017"}
        ],
        [
            {"location": [[
                {"latitude": 64.236012},
                {"longitude": 27.72716}
            ]]},
            {"altitude": 202.5},
            {"distance_km": 0.66},
            {"speed_kmh": 4.5},
            {"timestamp": "Fri Apr 28 05:43:07 UTC 2017"}
        ],
        [
            {"location": [[
                {"latitude": 64.236025},
                {"longitude": 27.726955}
            ]]},
            {"altitude": 202.5},
            {"distance_km": 0.67},
            {"speed_kmh": 4.5},
            {"timestamp": "Fri Apr 28 05:43:15 UTC 2017"}
        ],
        [
            {"location": [[
                {"latitude": 64.236063},
                {"longitude": 27.726737}
            ]]},
            {"altitude": 193},
            {"distance_km": 0.68},
            {"speed_kmh": 3.6},
            {"timestamp": "Fri Apr 28 05:43:25 UTC 2017"}
        ],
        [
            {"location": [[
                {"latitude": 64.236123},
                {"longitude": 27.726505}
            ]]},
            {"altitude": 192.5},
            {"distance_km": 0.69},
            {"speed_kmh": 4.5},
            {"timestamp": "Fri Apr 28 05:43:33 UTC 2017"}
        ],
        [
            {"location": [[
                {"latitude": 64.236132},
                {"longitude": 27.726261}
            ]]},
            {"altitude": 193},
            {"distance_km": 0.71},
            {"speed_kmh": 4.5},
            {"timestamp": "Fri Apr 28 05:43:39 UTC 2017"}
        ],
        [
            {"location": [[
                {"latitude": 64.236157},
                {"longitude": 27.72601}
            ]]},
            {"altitude": 191},
            {"distance_km": 0.72},
            {"speed_kmh": 4.5},
            {"timestamp": "Fri Apr 28 05:43:47 UTC 2017"}
        ],
        [
            {"location": [[
                {"latitude": 64.236174},
                {"longitude": 27.72579}
            ]]},
            {"altitude": 190},
            {"distance_km": 0.73},
            {"speed_kmh": 4.5},
            {"timestamp": "Fri Apr 28 05:43:55 UTC 2017"}
        ],
        [
            {"location": [[
                {"latitude": 64.236178},
                {"longitude": 27.725542}
            ]]},
            {"altitude": 186.5},
            {"distance_km": 0.74},
            {"speed_kmh": 4.5},
            {"timestamp": "Fri Apr 28 05:44:03 UTC 2017"}
        ],
        [
            {"location": [[
                {"latitude": 64.236262},
                {"longitude": 27.725374}
            ]]},
            {"altitude": 186},
            {"distance_km": 0.75},
            {"speed_kmh": 4.5},
            {"timestamp": "Fri Apr 28 05:44:11 UTC 2017"}
        ],
        [
            {"location": [[
                {"latitude": 64.236363},
                {"longitude": 27.725242}
            ]]},
            {"altitude": 186.5},
            {"distance_km": 0.77},
            {"speed_kmh": 4.5},
            {"timestamp": "Fri Apr 28 05:44:20 UTC 2017"}
        ],
        [
            {"location": [[
                {"latitude": 64.236447},
                {"longitude": 27.725069}
            ]]},
            {"altitude": 189.5},
            {"distance_km": 0.78},
            {"speed_kmh": 4.5},
            {"timestamp": "Fri Apr 28 05:44:28 UTC 2017"}
        ],
        [
            {"location": [[
                {"latitude": 64.236539},
                {"longitude": 27.725084}
            ]]},
            {"altitude": 187},
            {"distance_km": 0.79},
            {"speed_kmh": 5.4},
            {"timestamp": "Fri Apr 28 05:44:34 UTC 2017"}
        ],
        [
            {"location": [[
                {"latitude": 64.236632},
                {"longitude": 27.725087}
            ]]},
            {"altitude": 187.5},
            {"distance_km": 0.8},
            {"speed_kmh": 5.4},
            {"timestamp": "Fri Apr 28 05:44:40 UTC 2017"}
        ],
        [
            {"location": [[
                {"latitude": 64.236741},
                {"longitude": 27.725125}
            ]]},
            {"altitude": 189.5},
            {"distance_km": 0.81},
            {"speed_kmh": 4.5},
            {"timestamp": "Fri Apr 28 05:44:52 UTC 2017"}
        ],
        [
            {"location": [[
                {"latitude": 64.236849},
                {"longitude": 27.725172}
            ]]},
            {"altitude": 193.5},
            {"distance_km": 0.83},
            {"speed_kmh": 4.5},
            {"timestamp": "Fri Apr 28 05:45:00 UTC 2017"}
        ],
        [
            {"location": [[
                {"latitude": 64.236969},
                {"longitude": 27.72525}
            ]]},
            {"altitude": 190.5},
            {"distance_km": 0.84},
            {"speed_kmh": 6.3},
            {"timestamp": "Fri Apr 28 05:45:07 UTC 2017"}
        ],
        [
            {"location": [[
                {"latitude": 64.237062},
                {"longitude": 27.72525}
            ]]},
            {"altitude": 189.5},
            {"distance_km": 0.85},
            {"speed_kmh": 4.5},
            {"timestamp": "Fri Apr 28 05:45:15 UTC 2017"}
        ],
        [
            {"location": [[
                {"latitude": 64.237158},
                {"longitude": 27.725325}
            ]]},
            {"altitude": 191},
            {"distance_km": 0.86},
            {"speed_kmh": 6.3},
            {"timestamp": "Fri Apr 28 05:45:21 UTC 2017"}
        ],
        [
            {"location": [[
                {"latitude": 64.237255},
                {"longitude": 27.725466}
            ]]},
            {"altitude": 191.5},
            {"distance_km": 0.87},
            {"speed_kmh": 5.4},
            {"timestamp": "Fri Apr 28 05:45:27 UTC 2017"}
        ],
        [
            {"location": [[
                {"latitude": 64.237341},
                {"longitude": 27.725578}
            ]]},
            {"altitude": 191},
            {"distance_km": 0.88},
            {"speed_kmh": 4.5},
            {"timestamp": "Fri Apr 28 05:45:35 UTC 2017"}
        ],
        [
            {"location": [[
                {"latitude": 64.237422},
                {"longitude": 27.725719}
            ]]},
            {"altitude": 189.5},
            {"distance_km": 0.9},
            {"speed_kmh": 4.5},
            {"timestamp": "Fri Apr 28 05:45:43 UTC 2017"}
        ],
        [
            {"location": [[
                {"latitude": 64.237504},
                {"longitude": 27.725878}
            ]]},
            {"altitude": 190},
            {"distance_km": 0.91},
            {"speed_kmh": 4.5},
            {"timestamp": "Fri Apr 28 05:45:51 UTC 2017"}
        ],
        [
            {"location": [[
                {"latitude": 64.237588},
                {"longitude": 27.725991}
            ]]},
            {"altitude": 186},
            {"distance_km": 0.92},
            {"speed_kmh": 4.5},
            {"timestamp": "Fri Apr 28 05:45:59 UTC 2017"}
        ],
        [
            {"location": [[
                {"latitude": 64.237663},
                {"longitude": 27.726112}
            ]]},
            {"altitude": 187},
            {"distance_km": 0.93},
            {"speed_kmh": 3.6},
            {"timestamp": "Fri Apr 28 05:46:07 UTC 2017"}
        ],
        [
            {"location": [[
                {"latitude": 64.237756},
                {"longitude": 27.72626}
            ]]},
            {"altitude": 185.5},
            {"distance_km": 0.94},
            {"speed_kmh": 3.6},
            {"timestamp": "Fri Apr 28 05:46:18 UTC 2017"}
        ],
        [
            {"location": [[
                {"latitude": 64.237844},
                {"longitude": 27.726313}
            ]]},
            {"altitude": 187},
            {"distance_km": 0.95},
            {"speed_kmh": 3.6},
            {"timestamp": "Fri Apr 28 05:46:26 UTC 2017"}
        ],
        [
            {"location": [[
                {"latitude": 64.237928},
                {"longitude": 27.726421}
            ]]},
            {"altitude": 187.5},
            {"distance_km": 0.96},
            {"speed_kmh": 3.6},
            {"timestamp": "Fri Apr 28 05:46:34 UTC 2017"}
        ],
        [
            {"location": [[
                {"latitude": 64.238039},
                {"longitude": 27.726486}
            ]]},
            {"altitude": 190},
            {"distance_km": 0.97},
            {"speed_kmh": 3.6},
            {"timestamp": "Fri Apr 28 05:46:42 UTC 2017"}
        ],
        [
            {"location": [[
                {"latitude": 64.238144},
                {"longitude": 27.726569}
            ]]},
            {"altitude": 188},
            {"distance_km": 0.99},
            {"speed_kmh": 3.6},
            {"timestamp": "Fri Apr 28 05:46:50 UTC 2017"}
        ],
        [
            {"location": [[
                {"latitude": 64.238237},
                {"longitude": 27.726708}
            ]]},
            {"altitude": 190.5},
            {"distance_km": 1},
            {"speed_kmh": 4.5},
            {"timestamp": "Fri Apr 28 05:46:57 UTC 2017"}
        ],
        [
            {"location": [[
                {"latitude": 64.23832},
                {"longitude": 27.726837}
            ]]},
            {"altitude": 188},
            {"distance_km": 1.01},
            {"speed_kmh": 4.5},
            {"timestamp": "Fri Apr 28 05:47:05 UTC 2017"}
        ],
        [
            {"location": [[
                {"latitude": 64.238416},
                {"longitude": 27.726903}
            ]]},
            {"altitude": 190},
            {"distance_km": 1.02},
            {"speed_kmh": 5.4},
            {"timestamp": "Fri Apr 28 05:47:11 UTC 2017"}
        ],
        [
            {"location": [[
                {"latitude": 64.238502},
                {"longitude": 27.726754}
            ]]},
            {"altitude": 195},
            {"distance_km": 1.03},
            {"speed_kmh": 3.6},
            {"timestamp": "Fri Apr 28 05:47:21 UTC 2017"}
        ],
        [
            {"location": [[
                {"latitude": 64.238612},
                {"longitude": 27.726784}
            ]]},
            {"altitude": 194.5},
            {"distance_km": 1.05},
            {"speed_kmh": 5.4},
            {"timestamp": "Fri Apr 28 05:47:29 UTC 2017"}
        ],
        [
            {"location": [[
                {"latitude": 64.238696},
                {"longitude": 27.726915}
            ]]},
            {"altitude": 192},
            {"distance_km": 1.06},
            {"speed_kmh": 5.4},
            {"timestamp": "Fri Apr 28 05:47:35 UTC 2017"}
        ],
        [
            {"location": [[
                {"latitude": 64.238746},
                {"longitude": 27.727088}
            ]]},
            {"altitude": 185.5},
            {"distance_km": 1.07},
            {"speed_kmh": 5.4},
            {"timestamp": "Fri Apr 28 05:47:41 UTC 2017"}
        ],
        [
            {"location": [[
                {"latitude": 64.238777},
                {"longitude": 27.72735}
            ]]},
            {"altitude": 183},
            {"distance_km": 1.08},
            {"speed_kmh": 4.5},
            {"timestamp": "Fri Apr 28 05:47:49 UTC 2017"}
        ],
        [
            {"location": [[
                {"latitude": 64.238814},
                {"longitude": 27.727599}
            ]]},
            {"altitude": 181},
            {"distance_km": 1.09},
            {"speed_kmh": 4.5},
            {"timestamp": "Fri Apr 28 05:47:58 UTC 2017"}
        ],
        [
            {"location": [[
                {"latitude": 64.238881},
                {"longitude": 27.727821}
            ]]},
            {"altitude": 185.5},
            {"distance_km": 1.11},
            {"speed_kmh": 4.5},
            {"timestamp": "Fri Apr 28 05:48:06 UTC 2017"}
        ],
        [
            {"location": [[
                {"latitude": 64.238919},
                {"longitude": 27.728041}
            ]]},
            {"altitude": 188},
            {"distance_km": 1.12},
            {"speed_kmh": 3.6},
            {"timestamp": "Fri Apr 28 05:48:16 UTC 2017"}
        ],
        [
            {"location": [[
                {"latitude": 64.238937},
                {"longitude": 27.728256}
            ]]},
            {"altitude": 183.5},
            {"distance_km": 1.13},
            {"speed_kmh": 3.6},
            {"timestamp": "Fri Apr 28 05:48:26 UTC 2017"}
        ],
        [
            {"location": [[
                {"latitude": 64.238947},
                {"longitude": 27.728481}
            ]]},
            {"altitude": 176},
            {"distance_km": 1.14},
            {"speed_kmh": 2.7},
            {"timestamp": "Fri Apr 28 05:48:37 UTC 2017"}
        ],
        [
            {"location": [[
                {"latitude": 64.238859},
                {"longitude": 27.728561}
            ]]},
            {"altitude": 178},
            {"distance_km": 1.15},
            {"speed_kmh": 3.6},
            {"timestamp": "Fri Apr 28 05:48:47 UTC 2017"}
        ],
        [
            {"location": [[
                {"latitude": 64.238774},
                {"longitude": 27.728637}
            ]]},
            {"altitude": 181},
            {"distance_km": 1.16},
            {"speed_kmh": 0},
            {"timestamp": "Fri Apr 28 05:48:55 UTC 2017"}
        ],
        [
            {"location": [[
                {"latitude": 64.238669},
                {"longitude": 27.728683}
            ]]},
            {"altitude": 184.5},
            {"distance_km": 1.17},
            {"speed_kmh": 2.7},
            {"timestamp": "Fri Apr 28 05:49:09 UTC 2017"}
        ],
        [
            {"location": [[
                {"latitude": 64.238563},
                {"longitude": 27.728668}
            ]]},
            {"altitude": 186},
            {"distance_km": 1.18},
            {"speed_kmh": 4.5},
            {"timestamp": "Fri Apr 28 05:49:15 UTC 2017"}
        ],
        [
            {"location": [[
                {"latitude": 64.23845},
                {"longitude": 27.728637}
            ]]},
            {"altitude": 187.5},
            {"distance_km": 1.2},
            {"speed_kmh": 4.5},
            {"timestamp": "Fri Apr 28 05:49:21 UTC 2017"}
        ],
        [
            {"location": [[
                {"latitude": 64.238345},
                {"longitude": 27.728629}
            ]]},
            {"altitude": 190.5},
            {"distance_km": 1.21},
            {"speed_kmh": 3.6},
            {"timestamp": "Fri Apr 28 05:49:31 UTC 2017"}
        ],
        [
            {"location": [[
                {"latitude": 64.238247},
                {"longitude": 27.728578}
            ]]},
            {"altitude": 188},
            {"distance_km": 1.22},
            {"speed_kmh": 3.6},
            {"timestamp": "Fri Apr 28 05:49:39 UTC 2017"}
        ],
        [
            {"location": [[
                {"latitude": 64.238145},
                {"longitude": 27.728512}
            ]]},
            {"altitude": 188.5},
            {"distance_km": 1.23},
            {"speed_kmh": 4.5},
            {"timestamp": "Fri Apr 28 05:49:47 UTC 2017"}
        ],
        [
            {"location": [[
                {"latitude": 64.238068},
                {"longitude": 27.728621}
            ]]},
            {"altitude": 188},
            {"distance_km": 1.24},
            {"speed_kmh": 3.6},
            {"timestamp": "Fri Apr 28 05:49:56 UTC 2017"}
        ],
        [
            {"location": [[
                {"latitude": 64.237979},
                {"longitude": 27.728772}
            ]]},
            {"altitude": 188},
            {"distance_km": 1.25},
            {"speed_kmh": 3.6},
            {"timestamp": "Fri Apr 28 05:50:06 UTC 2017"}
        ],
        [
            {"location": [[
                {"latitude": 64.237905},
                {"longitude": 27.728892}
            ]]},
            {"altitude": 187},
            {"distance_km": 1.26},
            {"speed_kmh": 3.6},
            {"timestamp": "Fri Apr 28 05:50:14 UTC 2017"}
        ],
        [
            {"location": [[
                {"latitude": 64.237808},
                {"longitude": 27.728982}
            ]]},
            {"altitude": 189.5},
            {"distance_km": 1.28},
            {"speed_kmh": 3.6},
            {"timestamp": "Fri Apr 28 05:50:24 UTC 2017"}
        ],
        [
            {"location": [[
                {"latitude": 64.237707},
                {"longitude": 27.728866}
            ]]},
            {"altitude": 186.5},
            {"distance_km": 1.29},
            {"speed_kmh": 3.6},
            {"timestamp": "Fri Apr 28 05:50:33 UTC 2017"}
        ],
        [
            {"location": [[
                {"latitude": 64.237611},
                {"longitude": 27.728832}
            ]]},
            {"altitude": 186.5},
            {"distance_km": 1.3},
            {"speed_kmh": 0},
            {"timestamp": "Fri Apr 28 05:50:39 UTC 2017"}
        ],
        [
            {"location": [[
                {"latitude": 64.237504},
                {"longitude": 27.728872}
            ]]},
            {"altitude": 185},
            {"distance_km": 1.31},
            {"speed_kmh": 3.6},
            {"timestamp": "Fri Apr 28 05:50:47 UTC 2017"}
        ],
        [
            {"location": [[
                {"latitude": 64.237394},
                {"longitude": 27.72902}
            ]]},
            {"altitude": 186.5},
            {"distance_km": 1.32},
            {"speed_kmh": 5.4},
            {"timestamp": "Fri Apr 28 05:50:57 UTC 2017"}
        ],
        [
            {"location": [[
                {"latitude": 64.237318},
                {"longitude": 27.729131}
            ]]},
            {"altitude": 190},
            {"distance_km": 1.33},
            {"speed_kmh": 2.7},
            {"timestamp": "Fri Apr 28 05:51:03 UTC 2017"}
        ],
        [
            {"location": [[
                {"latitude": 64.237209},
                {"longitude": 27.729075}
            ]]},
            {"altitude": 188},
            {"distance_km": 1.35},
            {"speed_kmh": 3.6},
            {"timestamp": "Fri Apr 28 05:51:13 UTC 2017"}
        ],
        [
            {"location": [[
                {"latitude": 64.23711},
                {"longitude": 27.728996}
            ]]},
            {"altitude": 191},
            {"distance_km": 1.36},
            {"speed_kmh": 4.5},
            {"timestamp": "Fri Apr 28 05:51:19 UTC 2017"}
        ],
        [
            {"location": [[
                {"latitude": 64.237016},
                {"longitude": 27.728828}
            ]]},
            {"altitude": 189.5},
            {"distance_km": 1.37},
            {"speed_kmh": 4.5},
            {"timestamp": "Fri Apr 28 05:51:27 UTC 2017"}
        ],
        [
            {"location": [[
                {"latitude": 64.236928},
                {"longitude": 27.728719}
            ]]},
            {"altitude": 187.5},
            {"distance_km": 1.38},
            {"speed_kmh": 4.5},
            {"timestamp": "Fri Apr 28 05:51:34 UTC 2017"}
        ],
        [
            {"location": [[
                {"latitude": 64.236826},
                {"longitude": 27.728605}
            ]]},
            {"altitude": 188.5},
            {"distance_km": 1.4},
            {"speed_kmh": 4.5},
            {"timestamp": "Fri Apr 28 05:51:42 UTC 2017"}
        ],
        [
            {"location": [[
                {"latitude": 64.236747},
                {"longitude": 27.728462}
            ]]},
            {"altitude": 191},
            {"distance_km": 1.41},
            {"speed_kmh": 3.6},
            {"timestamp": "Fri Apr 28 05:51:50 UTC 2017"}
        ],
        [
            {"location": [[
                {"latitude": 64.236656},
                {"longitude": 27.728442}
            ]]},
            {"altitude": 191.5},
            {"distance_km": 1.42},
            {"speed_kmh": 2.7},
            {"timestamp": "Fri Apr 28 05:52:00 UTC 2017"}
        ],
        [
            {"location": [[
                {"latitude": 64.236544},
                {"longitude": 27.728425}
            ]]},
            {"altitude": 191.5},
            {"distance_km": 1.43},
            {"speed_kmh": 5.4},
            {"timestamp": "Fri Apr 28 05:52:07 UTC 2017"}
        ],
        [
            {"location": [[
                {"latitude": 64.236437},
                {"longitude": 27.728424}
            ]]},
            {"altitude": 192.5},
            {"distance_km": 1.44},
            {"speed_kmh": 5.4},
            {"timestamp": "Fri Apr 28 05:52:13 UTC 2017"}
        ],
        [
            {"location": [[
                {"latitude": 64.236352},
                {"longitude": 27.728521}
            ]]},
            {"altitude": 192.5},
            {"distance_km": 1.45},
            {"speed_kmh": 4.5},
            {"timestamp": "Fri Apr 28 05:52:23 UTC 2017"}
        ],
        [
            {"location": [[
                {"latitude": 64.236254},
                {"longitude": 27.728586}
            ]]},
            {"altitude": 195},
            {"distance_km": 1.46},
            {"speed_kmh": 1.8},
            {"timestamp": "Fri Apr 28 05:52:37 UTC 2017"}
        ],
        [
            {"location": [[
                {"latitude": 64.236167},
                {"longitude": 27.728686}
            ]]},
            {"altitude": 197},
            {"distance_km": 1.47},
            {"speed_kmh": 2.7},
            {"timestamp": "Fri Apr 28 05:52:45 UTC 2017"}
        ],
        [
            {"location": [[
                {"latitude": 64.236085},
                {"longitude": 27.728809}
            ]]},
            {"altitude": 197},
            {"distance_km": 1.49},
            {"speed_kmh": 4.5},
            {"timestamp": "Fri Apr 28 05:52:51 UTC 2017"}
        ],
        [
            {"location": [[
                {"latitude": 64.235985},
                {"longitude": 27.728918}
            ]]},
            {"altitude": 195.5},
            {"distance_km": 1.5},
            {"speed_kmh": 4.5},
            {"timestamp": "Fri Apr 28 05:53:04 UTC 2017"}
        ],
        [
            {"location": [[
                {"latitude": 64.235875},
                {"longitude": 27.729013}
            ]]},
            {"altitude": 196.5},
            {"distance_km": 1.51},
            {"speed_kmh": 4.5},
            {"timestamp": "Fri Apr 28 05:53:12 UTC 2017"}
        ],
        [
            {"location": [[
                {"latitude": 64.235783},
                {"longitude": 27.729083}
            ]]},
            {"altitude": 196},
            {"distance_km": 1.52},
            {"speed_kmh": 3.6},
            {"timestamp": "Fri Apr 28 05:53:20 UTC 2017"}
        ],
        [
            {"location": [[
                {"latitude": 64.235693},
                {"longitude": 27.728985}
            ]]},
            {"altitude": 194.5},
            {"distance_km": 1.53},
            {"speed_kmh": 4.5},
            {"timestamp": "Fri Apr 28 05:53:28 UTC 2017"}
        ],
        [
            {"location": [[
                {"latitude": 64.2356},
                {"longitude": 27.729069}
            ]]},
            {"altitude": 195.5},
            {"distance_km": 1.54},
            {"speed_kmh": 4.5},
            {"timestamp": "Fri Apr 28 05:53:34 UTC 2017"}
        ],
        [
            {"location": [[
                {"latitude": 64.23551},
                {"longitude": 27.729067}
            ]]},
            {"altitude": 192.5},
            {"distance_km": 1.55},
            {"speed_kmh": 4.5},
            {"timestamp": "Fri Apr 28 05:53:40 UTC 2017"}
        ],
        [
            {"location": [[
                {"latitude": 64.235414},
                {"longitude": 27.729143}
            ]]},
            {"altitude": 193},
            {"distance_km": 1.56},
            {"speed_kmh": 3.6},
            {"timestamp": "Fri Apr 28 05:53:49 UTC 2017"}
        ],
        [
            {"location": [[
                {"latitude": 64.235388},
                {"longitude": 27.729368}
            ]]},
            {"altitude": 191.5},
            {"distance_km": 1.58},
            {"speed_kmh": 3.6},
            {"timestamp": "Fri Apr 28 05:53:59 UTC 2017"}
        ],
        [
            {"location": [[
                {"latitude": 64.235324},
                {"longitude": 27.729538}
            ]]},
            {"altitude": 189},
            {"distance_km": 1.59},
            {"speed_kmh": 3.6},
            {"timestamp": "Fri Apr 28 05:54:07 UTC 2017"}
        ],
        [
            {"location": [[
                {"latitude": 64.235255},
                {"longitude": 27.729714}
            ]]},
            {"altitude": 188},
            {"distance_km": 1.6},
            {"speed_kmh": 2.7},
            {"timestamp": "Fri Apr 28 05:54:21 UTC 2017"}
        ],
        [
            {"location": [[
                {"latitude": 64.235181},
                {"longitude": 27.729915}
            ]]},
            {"altitude": 185},
            {"distance_km": 1.61},
            {"speed_kmh": 4.5},
            {"timestamp": "Fri Apr 28 05:54:29 UTC 2017"}
        ],
        [
            {"location": [[
                {"latitude": 64.235138},
                {"longitude": 27.730118}
            ]]},
            {"altitude": 181},
            {"distance_km": 1.62},
            {"speed_kmh": 3.6},
            {"timestamp": "Fri Apr 28 05:54:37 UTC 2017"}
        ],
        [
            {"location": [[
                {"latitude": 64.235072},
                {"longitude": 27.730274}
            ]]},
            {"altitude": 182.5},
            {"distance_km": 1.63},
            {"speed_kmh": 4.5},
            {"timestamp": "Fri Apr 28 05:54:46 UTC 2017"}
        ],
        [
            {"location": [[
                {"latitude": 64.235029},
                {"longitude": 27.730474}
            ]]},
            {"altitude": 182},
            {"distance_km": 1.64},
            {"speed_kmh": 4.5},
            {"timestamp": "Fri Apr 28 05:54:54 UTC 2017"}
        ],
        [
            {"location": [[
                {"latitude": 64.234945},
                {"longitude": 27.730621}
            ]]},
            {"altitude": 184.5},
            {"distance_km": 1.66},
            {"speed_kmh": 3.6},
            {"timestamp": "Fri Apr 28 05:55:02 UTC 2017"}
        ],
        [
            {"location": [[
                {"latitude": 64.234876},
                {"longitude": 27.730813}
            ]]},
            {"altitude": 184},
            {"distance_km": 1.67},
            {"speed_kmh": 2.7},
            {"timestamp": "Fri Apr 28 05:55:12 UTC 2017"}
        ],
        [
            {"location": [[
                {"latitude": 64.234807},
                {"longitude": 27.731014}
            ]]},
            {"altitude": 178},
            {"distance_km": 1.68},
            {"speed_kmh": 2.7},
            {"timestamp": "Fri Apr 28 05:55:21 UTC 2017"}
        ],
        [
            {"location": [[
                {"latitude": 64.234736},
                {"longitude": 27.731151}
            ]]},
            {"altitude": 179},
            {"distance_km": 1.69},
            {"speed_kmh": 0},
            {"timestamp": "Fri Apr 28 05:55:29 UTC 2017"}
        ],
        [
            {"location": [[
                {"latitude": 64.234657},
                {"longitude": 27.731299}
            ]]},
            {"altitude": 178.5},
            {"distance_km": 1.7},
            {"speed_kmh": 3.6},
            {"timestamp": "Fri Apr 28 05:55:43 UTC 2017"}
        ],
        [
            {"location": [[
                {"latitude": 64.234554},
                {"longitude": 27.731426}
            ]]},
            {"altitude": 175},
            {"distance_km": 1.71},
            {"speed_kmh": 3.6},
            {"timestamp": "Fri Apr 28 05:55:51 UTC 2017"}
        ],
        [
            {"location": [[
                {"latitude": 64.234486},
                {"longitude": 27.731636}
            ]]},
            {"altitude": 175.5},
            {"distance_km": 1.73},
            {"speed_kmh": 3.6},
            {"timestamp": "Fri Apr 28 05:55:59 UTC 2017"}
        ],
        [
            {"location": [[
                {"latitude": 64.234404},
                {"longitude": 27.731785}
            ]]},
            {"altitude": 172},
            {"distance_km": 1.74},
            {"speed_kmh": 2.7},
            {"timestamp": "Fri Apr 28 05:56:09 UTC 2017"}
        ],
        [
            {"location": [[
                {"latitude": 64.234359},
                {"longitude": 27.731979}
            ]]},
            {"altitude": 177.5},
            {"distance_km": 1.75},
            {"speed_kmh": 2.7},
            {"timestamp": "Fri Apr 28 05:56:19 UTC 2017"}
        ],
        [
            {"location": [[
                {"latitude": 64.234321},
                {"longitude": 27.732172}
            ]]},
            {"altitude": 178.5},
            {"distance_km": 1.76},
            {"speed_kmh": 0},
            {"timestamp": "Fri Apr 28 05:56:35 UTC 2017"}
        ],
        [
            {"location": [[
                {"latitude": 64.23423},
                {"longitude": 27.732257}
            ]]},
            {"altitude": 178},
            {"distance_km": 1.77},
            {"speed_kmh": 0},
            {"timestamp": "Fri Apr 28 05:56:48 UTC 2017"}
        ],
        [
            {"location": [[
                {"latitude": 64.234106},
                {"longitude": 27.732297}
            ]]},
            {"altitude": 177.5},
            {"distance_km": 1.78},
            {"speed_kmh": 3.6},
            {"timestamp": "Fri Apr 28 05:56:58 UTC 2017"}
        ],
        [
            {"location": [[
                {"latitude": 64.234015},
                {"longitude": 27.732414}
            ]]},
            {"altitude": 178},
            {"distance_km": 1.8},
            {"speed_kmh": 3.6},
            {"timestamp": "Fri Apr 28 05:57:04 UTC 2017"}
        ],
        [
            {"location": [[
                {"latitude": 64.233927},
                {"longitude": 27.732483}
            ]]},
            {"altitude": 178},
            {"distance_km": 1.81},
            {"speed_kmh": 3.6},
            {"timestamp": "Fri Apr 28 05:57:10 UTC 2017"}
        ],
        [
            {"location": [[
                {"latitude": 64.233837},
                {"longitude": 27.732578}
            ]]},
            {"altitude": 172.5},
            {"distance_km": 1.82},
            {"speed_kmh": 3.6},
            {"timestamp": "Fri Apr 28 05:57:16 UTC 2017"}
        ],
        [
            {"location": [[
                {"latitude": 64.233749},
                {"longitude": 27.732697}
            ]]},
            {"altitude": 168.5},
            {"distance_km": 1.83},
            {"speed_kmh": 2.7},
            {"timestamp": "Fri Apr 28 05:57:23 UTC 2017"}
        ],
        [
            {"location": [[
                {"latitude": 64.233667},
                {"longitude": 27.732787}
            ]]},
            {"altitude": 168},
            {"distance_km": 1.84},
            {"speed_kmh": 2.7},
            {"timestamp": "Fri Apr 28 05:57:29 UTC 2017"}
        ],
        [
            {"location": [[
                {"latitude": 64.233555},
                {"longitude": 27.732791}
            ]]},
            {"altitude": 162.5},
            {"distance_km": 1.85},
            {"speed_kmh": 4.5},
            {"timestamp": "Fri Apr 28 05:57:35 UTC 2017"}
        ],
        [
            {"location": [[
                {"latitude": 64.233464},
                {"longitude": 27.732856}
            ]]},
            {"altitude": 160},
            {"distance_km": 1.86},
            {"speed_kmh": 3.6},
            {"timestamp": "Fri Apr 28 05:57:41 UTC 2017"}
        ],
        [
            {"location": [[
                {"latitude": 64.233364},
                {"longitude": 27.732927}
            ]]},
            {"altitude": 159.5},
            {"distance_km": 1.87},
            {"speed_kmh": 3.6},
            {"timestamp": "Fri Apr 28 05:57:49 UTC 2017"}
        ],
        [
            {"location": [[
                {"latitude": 64.233286},
                {"longitude": 27.733063}
            ]]},
            {"altitude": 160},
            {"distance_km": 1.88},
            {"speed_kmh": 2.7},
            {"timestamp": "Fri Apr 28 05:57:55 UTC 2017"}
        ],
        [
            {"location": [[
                {"latitude": 64.233191},
                {"longitude": 27.73321}
            ]]},
            {"altitude": 160},
            {"distance_km": 1.9},
            {"speed_kmh": 3.6},
            {"timestamp": "Fri Apr 28 05:58:03 UTC 2017"}
        ],
        [
            {"location": [[
                {"latitude": 64.233093},
                {"longitude": 27.733274}
            ]]},
            {"altitude": 162},
            {"distance_km": 1.91},
            {"speed_kmh": 3.6},
            {"timestamp": "Fri Apr 28 05:58:09 UTC 2017"}
        ],
        [
            {"location": [[
                {"latitude": 64.232989},
                {"longitude": 27.733264}
            ]]},
            {"altitude": 161.5},
            {"distance_km": 1.92},
            {"speed_kmh": 0},
            {"timestamp": "Fri Apr 28 05:58:17 UTC 2017"}
        ],
        [
            {"location": [[
                {"latitude": 64.232876},
                {"longitude": 27.733198}
            ]]},
            {"altitude": 160.5},
            {"distance_km": 1.93},
            {"speed_kmh": 6.3},
            {"timestamp": "Fri Apr 28 05:58:38 UTC 2017"}
        ],
        [
            {"location": [[
                {"latitude": 64.232877},
                {"longitude": 27.732959}
            ]]},
            {"altitude": 160.5},
            {"distance_km": 1.94},
            {"speed_kmh": 5.4},
            {"timestamp": "Fri Apr 28 05:58:46 UTC 2017"}
        ],
        [
            {"location": [[
                {"latitude": 64.232915},
                {"longitude": 27.732732}
            ]]},
            {"altitude": 161.5},
            {"distance_km": 1.96},
            {"speed_kmh": 4.5},
            {"timestamp": "Fri Apr 28 05:58:54 UTC 2017"}
        ],
        [
            {"location": [[
                {"latitude": 64.232932},
                {"longitude": 27.732494}
            ]]},
            {"altitude": 159},
            {"distance_km": 1.97},
            {"speed_kmh": 4.5},
            {"timestamp": "Fri Apr 28 05:59:02 UTC 2017"}
        ],
        [
            {"location": [[
                {"latitude": 64.232958},
                {"longitude": 27.732292}
            ]]},
            {"altitude": 160.5},
            {"distance_km": 1.98},
            {"speed_kmh": 4.5},
            {"timestamp": "Fri Apr 28 05:59:09 UTC 2017"}
        ],
        [
            {"location": [[
                {"latitude": 64.232958},
                {"longitude": 27.732028}
            ]]},
            {"altitude": 161.5},
            {"distance_km": 1.99},
            {"speed_kmh": 4.5},
            {"timestamp": "Fri Apr 28 05:59:19 UTC 2017"}
        ],
        [
            {"location": [[
                {"latitude": 64.232948},
                {"longitude": 27.731754}
            ]]},
            {"altitude": 161.5},
            {"distance_km": 2},
            {"speed_kmh": 4.5},
            {"timestamp": "Fri Apr 28 05:59:27 UTC 2017"}
        ],
        [
            {"location": [[
                {"latitude": 64.232947},
                {"longitude": 27.731488}
            ]]},
            {"altitude": 161},
            {"distance_km": 2.02},
            {"speed_kmh": 4.5},
            {"timestamp": "Fri Apr 28 05:59:35 UTC 2017"}
        ],
        [
            {"location": [[
                {"latitude": 64.232863},
                {"longitude": 27.731381}
            ]]},
            {"altitude": 160.5},
            {"distance_km": 2.03},
            {"speed_kmh": 2.7},
            {"timestamp": "Fri Apr 28 05:59:51 UTC 2017"}
        ],
        [
            {"location": [[
                {"latitude": 64.232759},
                {"longitude": 27.731304}
            ]]},
            {"altitude": 158.5},
            {"distance_km": 2.04},
            {"speed_kmh": 4.5},
            {"timestamp": "Fri Apr 28 05:59:59 UTC 2017"}
        ],
        [
            {"location": [[
                {"latitude": 64.232633},
                {"longitude": 27.731242}
            ]]},
            {"altitude": 159},
            {"distance_km": 2.05},
            {"speed_kmh": 5.4},
            {"timestamp": "Fri Apr 28 06:00:05 UTC 2017"}
        ],
        [
            {"location": [[
                {"latitude": 64.232513},
                {"longitude": 27.731262}
            ]]},
            {"altitude": 159.5},
            {"distance_km": 2.07},
            {"speed_kmh": 5.4},
            {"timestamp": "Fri Apr 28 06:00:11 UTC 2017"}
        ],
        [
            {"location": [[
                {"latitude": 64.232424},
                {"longitude": 27.731214}
            ]]},
            {"altitude": 164},
            {"distance_km": 2.08},
            {"speed_kmh": 5.4},
            {"timestamp": "Fri Apr 28 06:00:17 UTC 2017"}
        ],
        [
            {"location": [[
                {"latitude": 64.23232},
                {"longitude": 27.731092}
            ]]},
            {"altitude": 161.5},
            {"distance_km": 2.09},
            {"speed_kmh": 5.4},
            {"timestamp": "Fri Apr 28 06:00:25 UTC 2017"}
        ],
        [
            {"location": [[
                {"latitude": 64.232234},
                {"longitude": 27.730988}
            ]]},
            {"altitude": 161},
            {"distance_km": 2.1},
            {"speed_kmh": 5.4},
            {"timestamp": "Fri Apr 28 06:00:32 UTC 2017"}
        ],
        [
            {"location": [[
                {"latitude": 64.232152},
                {"longitude": 27.7308}
            ]]},
            {"altitude": 159},
            {"distance_km": 2.11},
            {"speed_kmh": 5.4},
            {"timestamp": "Fri Apr 28 06:00:40 UTC 2017"}
        ],
        [
            {"location": [[
                {"latitude": 64.232061},
                {"longitude": 27.730653}
            ]]},
            {"altitude": 158},
            {"distance_km": 2.13},
            {"speed_kmh": 5.4},
            {"timestamp": "Fri Apr 28 06:00:48 UTC 2017"}
        ],
        [
            {"location": [[
                {"latitude": 64.231984},
                {"longitude": 27.730494}
            ]]},
            {"altitude": 157.5},
            {"distance_km": 2.14},
            {"speed_kmh": 5.4},
            {"timestamp": "Fri Apr 28 06:00:56 UTC 2017"}
        ],
        [
            {"location": [[
                {"latitude": 64.231902},
                {"longitude": 27.730391}
            ]]},
            {"altitude": 158},
            {"distance_km": 2.15},
            {"speed_kmh": 5.4},
            {"timestamp": "Fri Apr 28 06:01:02 UTC 2017"}
        ],
        [
            {"location": [[
                {"latitude": 64.231813},
                {"longitude": 27.730251}
            ]]},
            {"altitude": 158},
            {"distance_km": 2.16},
            {"speed_kmh": 5.4},
            {"timestamp": "Fri Apr 28 06:01:10 UTC 2017"}
        ],
        [
            {"location": [[
                {"latitude": 64.23173},
                {"longitude": 27.730085}
            ]]},
            {"altitude": 156.5},
            {"distance_km": 2.17},
            {"speed_kmh": 4.5},
            {"timestamp": "Fri Apr 28 06:01:31 UTC 2017"}
        ],
        [
            {"location": [[
                {"latitude": 64.231647},
                {"longitude": 27.729994}
            ]]},
            {"altitude": 157},
            {"distance_km": 2.18},
            {"speed_kmh": 7.2},
            {"timestamp": "Fri Apr 28 06:01:35 UTC 2017"}
        ],
        [
            {"location": [[
                {"latitude": 64.231599},
                {"longitude": 27.729786}
            ]]},
            {"altitude": 155.5},
            {"distance_km": 2.19},
            {"speed_kmh": 4.5},
            {"timestamp": "Fri Apr 28 06:01:41 UTC 2017"}
        ],
        [
            {"location": [[
                {"latitude": 64.23166},
                {"longitude": 27.729607}
            ]]},
            {"altitude": 149.5},
            {"distance_km": 2.21},
            {"speed_kmh": 3.6},
            {"timestamp": "Fri Apr 28 06:01:49 UTC 2017"}
        ],
        [
            {"location": [[
                {"latitude": 64.231754},
                {"longitude": 27.729576}
            ]]},
            {"altitude": 149.5},
            {"distance_km": 2.22},
            {"speed_kmh": 1.8},
            {"timestamp": "Fri Apr 28 06:01:57 UTC 2017"}
        ],
        [
            {"location": [[
                {"latitude": 64.231783},
                {"longitude": 27.72951}
            ]]},
            {"altitude": 149},
            {"distance_km": 2.22},
            {"speed_kmh": 0},
            {"timestamp": "Fri Apr 28 06:02:11 UTC 2017"}
        ],
        [
            {"location": [[
                {"latitude": 64.231783},
                {"longitude": 27.72951}
            ]]},
            {"altitude": 149},
            {"distance_km": 2.22},
            {"speed_kmh": 0},
            {"timestamp": "Fri Apr 28 06:02:11 UTC 2017"}
        ]
    ]}
]