[
    {"sport": "WALKING"},
    {"source": "TRACK_MOBILE"},
    {"created_date": "2017-04-25 15:28:18.0"},
    {"start_time": "2017-04-25 15:27:02.0"},
    {"end_time": "2017-04-25 15:56:17.0"},
    {"duration_s": 1754},
    {"distance_km": 2.37},
    {"calories_kcal": 170.967},
    {"altitude_min_m": 140.5},
    {"altitude_max_m": 204},
    {"speed_avg_kmh": 4.864310148232612},
    {"speed_max_kmh": 9},
    {"ascend_m": 63},
    {"descend_m": 64},
    {"points": [
        [
            {"location": [[
                {"latitude": 64.231822},
                {"longitude": 27.729456}
            ]]},
            {"distance_km": 0},
            {"timestamp": "Tue Apr 25 15:27:02 UTC 2017"}
        ],
        [
            {"location": [[
                {"latitude": 64.231822},
                {"longitude": 27.729456}
            ]]},
            {"altitude": 148.5},
            {"distance_km": 0},
            {"speed_kmh": 0},
            {"timestamp": "Tue Apr 25 15:27:04 UTC 2017"}
        ],
        [
            {"location": [[
                {"latitude": 64.231722},
                {"longitude": 27.729378}
            ]]},
            {"altitude": 152.5},
            {"distance_km": 0.01},
            {"speed_kmh": 0},
            {"timestamp": "Tue Apr 25 15:27:14 UTC 2017"}
        ],
        [
            {"location": [[
                {"latitude": 64.231643},
                {"longitude": 27.72954}
            ]]},
            {"altitude": 147},
            {"distance_km": 0.02},
            {"speed_kmh": 4.5},
            {"timestamp": "Tue Apr 25 15:27:22 UTC 2017"}
        ],
        [
            {"location": [[
                {"latitude": 64.231673},
                {"longitude": 27.729781}
            ]]},
            {"altitude": 148.5},
            {"distance_km": 0.04},
            {"speed_kmh": 5.4},
            {"timestamp": "Tue Apr 25 15:27:28 UTC 2017"}
        ],
        [
            {"location": [[
                {"latitude": 64.231712},
                {"longitude": 27.72997}
            ]]},
            {"altitude": 148},
            {"distance_km": 0.05},
            {"speed_kmh": 4.5},
            {"timestamp": "Tue Apr 25 15:27:36 UTC 2017"}
        ],
        [
            {"location": [[
                {"latitude": 64.231786},
                {"longitude": 27.730159}
            ]]},
            {"altitude": 148},
            {"distance_km": 0.06},
            {"speed_kmh": 4.5},
            {"timestamp": "Tue Apr 25 15:28:01 UTC 2017"}
        ],
        [
            {"location": [[
                {"latitude": 64.231861},
                {"longitude": 27.730292}
            ]]},
            {"altitude": 148.5},
            {"distance_km": 0.07},
            {"speed_kmh": 4.5},
            {"timestamp": "Tue Apr 25 15:28:09 UTC 2017"}
        ],
        [
            {"location": [[
                {"latitude": 64.231958},
                {"longitude": 27.730397}
            ]]},
            {"altitude": 148.5},
            {"distance_km": 0.08},
            {"speed_kmh": 4.5},
            {"timestamp": "Tue Apr 25 15:28:19 UTC 2017"}
        ],
        [
            {"location": [[
                {"latitude": 64.232044},
                {"longitude": 27.73047}
            ]]},
            {"altitude": 148.5},
            {"distance_km": 0.09},
            {"speed_kmh": 3.6},
            {"timestamp": "Tue Apr 25 15:28:29 UTC 2017"}
        ],
        [
            {"location": [[
                {"latitude": 64.232052},
                {"longitude": 27.730226}
            ]]},
            {"altitude": 144.5},
            {"distance_km": 0.1},
            {"speed_kmh": 4.5},
            {"timestamp": "Tue Apr 25 15:28:47 UTC 2017"}
        ],
        [
            {"location": [[
                {"latitude": 64.232075},
                {"longitude": 27.729993}
            ]]},
            {"altitude": 147.5},
            {"distance_km": 0.11},
            {"speed_kmh": 3.6},
            {"timestamp": "Tue Apr 25 15:29:08 UTC 2017"}
        ],
        [
            {"location": [[
                {"latitude": 64.232067},
                {"longitude": 27.729725}
            ]]},
            {"altitude": 143},
            {"distance_km": 0.13},
            {"speed_kmh": 4.5},
            {"timestamp": "Tue Apr 25 15:29:16 UTC 2017"}
        ],
        [
            {"location": [[
                {"latitude": 64.232004},
                {"longitude": 27.729538}
            ]]},
            {"altitude": 142},
            {"distance_km": 0.14},
            {"speed_kmh": 4.5},
            {"timestamp": "Tue Apr 25 15:29:24 UTC 2017"}
        ],
        [
            {"location": [[
                {"latitude": 64.231917},
                {"longitude": 27.729425}
            ]]},
            {"altitude": 155.5},
            {"distance_km": 0.15},
            {"speed_kmh": 1.8},
            {"timestamp": "Tue Apr 25 15:31:49 UTC 2017"}
        ],
        [
            {"location": [[
                {"latitude": 64.231771},
                {"longitude": 27.729491}
            ]]},
            {"altitude": 148},
            {"distance_km": 0.17},
            {"speed_kmh": 6.3},
            {"timestamp": "Tue Apr 25 15:31:55 UTC 2017"}
        ],
        [
            {"location": [[
                {"latitude": 64.231697},
                {"longitude": 27.729662}
            ]]},
            {"altitude": 144},
            {"distance_km": 0.18},
            {"speed_kmh": 6.3},
            {"timestamp": "Tue Apr 25 15:31:59 UTC 2017"}
        ],
        [
            {"location": [[
                {"latitude": 64.231704},
                {"longitude": 27.729918}
            ]]},
            {"altitude": 144.5},
            {"distance_km": 0.19},
            {"speed_kmh": 5.4},
            {"timestamp": "Tue Apr 25 15:32:05 UTC 2017"}
        ],
        [
            {"location": [[
                {"latitude": 64.231771},
                {"longitude": 27.730101}
            ]]},
            {"altitude": 144.5},
            {"distance_km": 0.2},
            {"speed_kmh": 5.4},
            {"timestamp": "Tue Apr 25 15:32:13 UTC 2017"}
        ],
        [
            {"location": [[
                {"latitude": 64.231838},
                {"longitude": 27.730251}
            ]]},
            {"altitude": 147.5},
            {"distance_km": 0.21},
            {"speed_kmh": 5.4},
            {"timestamp": "Tue Apr 25 15:32:19 UTC 2017"}
        ],
        [
            {"location": [[
                {"latitude": 64.231913},
                {"longitude": 27.730412}
            ]]},
            {"altitude": 152},
            {"distance_km": 0.22},
            {"speed_kmh": 5.4},
            {"timestamp": "Tue Apr 25 15:32:25 UTC 2017"}
        ],
        [
            {"location": [[
                {"latitude": 64.231977},
                {"longitude": 27.730559}
            ]]},
            {"altitude": 153},
            {"distance_km": 0.23},
            {"speed_kmh": 5.4},
            {"timestamp": "Tue Apr 25 15:32:32 UTC 2017"}
        ],
        [
            {"location": [[
                {"latitude": 64.232059},
                {"longitude": 27.730648}
            ]]},
            {"altitude": 154},
            {"distance_km": 0.24},
            {"speed_kmh": 5.4},
            {"timestamp": "Tue Apr 25 15:32:38 UTC 2017"}
        ],
        [
            {"location": [[
                {"latitude": 64.232162},
                {"longitude": 27.730706}
            ]]},
            {"altitude": 150.5},
            {"distance_km": 0.26},
            {"speed_kmh": 6.3},
            {"timestamp": "Tue Apr 25 15:32:44 UTC 2017"}
        ],
        [
            {"location": [[
                {"latitude": 64.232258},
                {"longitude": 27.730848}
            ]]},
            {"altitude": 153},
            {"distance_km": 0.27},
            {"speed_kmh": 6.3},
            {"timestamp": "Tue Apr 25 15:32:50 UTC 2017"}
        ],
        [
            {"location": [[
                {"latitude": 64.232329},
                {"longitude": 27.73101}
            ]]},
            {"altitude": 152},
            {"distance_km": 0.28},
            {"speed_kmh": 4.5},
            {"timestamp": "Tue Apr 25 15:32:56 UTC 2017"}
        ],
        [
            {"location": [[
                {"latitude": 64.232412},
                {"longitude": 27.73109}
            ]]},
            {"altitude": 154.5},
            {"distance_km": 0.29},
            {"speed_kmh": 5.4},
            {"timestamp": "Tue Apr 25 15:33:02 UTC 2017"}
        ],
        [
            {"location": [[
                {"latitude": 64.232507},
                {"longitude": 27.731137}
            ]]},
            {"altitude": 153.5},
            {"distance_km": 0.3},
            {"speed_kmh": 2.7},
            {"timestamp": "Tue Apr 25 15:33:19 UTC 2017"}
        ],
        [
            {"location": [[
                {"latitude": 64.232602},
                {"longitude": 27.731187}
            ]]},
            {"altitude": 154.5},
            {"distance_km": 0.31},
            {"speed_kmh": 3.6},
            {"timestamp": "Tue Apr 25 15:33:41 UTC 2017"}
        ],
        [
            {"location": [[
                {"latitude": 64.232708},
                {"longitude": 27.731305}
            ]]},
            {"altitude": 151},
            {"distance_km": 0.32},
            {"speed_kmh": 5.4},
            {"timestamp": "Tue Apr 25 15:33:49 UTC 2017"}
        ],
        [
            {"location": [[
                {"latitude": 64.232807},
                {"longitude": 27.731406}
            ]]},
            {"altitude": 152.5},
            {"distance_km": 0.34},
            {"speed_kmh": 5.4},
            {"timestamp": "Tue Apr 25 15:33:55 UTC 2017"}
        ],
        [
            {"location": [[
                {"latitude": 64.232913},
                {"longitude": 27.731519}
            ]]},
            {"altitude": 156},
            {"distance_km": 0.35},
            {"speed_kmh": 5.4},
            {"timestamp": "Tue Apr 25 15:34:03 UTC 2017"}
        ],
        [
            {"location": [[
                {"latitude": 64.233011},
                {"longitude": 27.731583}
            ]]},
            {"altitude": 157.5},
            {"distance_km": 0.36},
            {"speed_kmh": 5.4},
            {"timestamp": "Tue Apr 25 15:34:11 UTC 2017"}
        ],
        [
            {"location": [[
                {"latitude": 64.23311},
                {"longitude": 27.731549}
            ]]},
            {"altitude": 163},
            {"distance_km": 0.37},
            {"speed_kmh": 2.7},
            {"timestamp": "Tue Apr 25 15:34:26 UTC 2017"}
        ],
        [
            {"location": [[
                {"latitude": 64.233207},
                {"longitude": 27.731571}
            ]]},
            {"altitude": 163},
            {"distance_km": 0.38},
            {"speed_kmh": 2.7},
            {"timestamp": "Tue Apr 25 15:34:34 UTC 2017"}
        ],
        [
            {"location": [[
                {"latitude": 64.233293},
                {"longitude": 27.731666}
            ]]},
            {"altitude": 169},
            {"distance_km": 0.39},
            {"speed_kmh": 2.7},
            {"timestamp": "Tue Apr 25 15:34:42 UTC 2017"}
        ],
        [
            {"location": [[
                {"latitude": 64.233388},
                {"longitude": 27.731712}
            ]]},
            {"altitude": 171.5},
            {"distance_km": 0.4},
            {"speed_kmh": 3.6},
            {"timestamp": "Tue Apr 25 15:34:50 UTC 2017"}
        ],
        [
            {"location": [[
                {"latitude": 64.233476},
                {"longitude": 27.731643}
            ]]},
            {"altitude": 172.5},
            {"distance_km": 0.41},
            {"speed_kmh": 3.6},
            {"timestamp": "Tue Apr 25 15:34:56 UTC 2017"}
        ],
        [
            {"location": [[
                {"latitude": 64.233594},
                {"longitude": 27.731626}
            ]]},
            {"altitude": 176},
            {"distance_km": 0.43},
            {"speed_kmh": 3.6},
            {"timestamp": "Tue Apr 25 15:35:04 UTC 2017"}
        ],
        [
            {"location": [[
                {"latitude": 64.233698},
                {"longitude": 27.731526}
            ]]},
            {"altitude": 177},
            {"distance_km": 0.44},
            {"speed_kmh": 2.7},
            {"timestamp": "Tue Apr 25 15:35:14 UTC 2017"}
        ],
        [
            {"location": [[
                {"latitude": 64.2338},
                {"longitude": 27.731394}
            ]]},
            {"altitude": 177.5},
            {"distance_km": 0.45},
            {"speed_kmh": 2.7},
            {"timestamp": "Tue Apr 25 15:35:21 UTC 2017"}
        ],
        [
            {"location": [[
                {"latitude": 64.233895},
                {"longitude": 27.731281}
            ]]},
            {"altitude": 178},
            {"distance_km": 0.46},
            {"speed_kmh": 2.7},
            {"timestamp": "Tue Apr 25 15:35:29 UTC 2017"}
        ],
        [
            {"location": [[
                {"latitude": 64.234004},
                {"longitude": 27.731182}
            ]]},
            {"altitude": 181},
            {"distance_km": 0.48},
            {"speed_kmh": 2.7},
            {"timestamp": "Tue Apr 25 15:35:37 UTC 2017"}
        ],
        [
            {"location": [[
                {"latitude": 64.233993},
                {"longitude": 27.730966}
            ]]},
            {"altitude": 176},
            {"distance_km": 0.49},
            {"speed_kmh": 5.4},
            {"timestamp": "Tue Apr 25 15:35:43 UTC 2017"}
        ],
        [
            {"location": [[
                {"latitude": 64.233958},
                {"longitude": 27.730748}
            ]]},
            {"altitude": 174.5},
            {"distance_km": 0.5},
            {"speed_kmh": 4.5},
            {"timestamp": "Tue Apr 25 15:35:49 UTC 2017"}
        ],
        [
            {"location": [[
                {"latitude": 64.233937},
                {"longitude": 27.73051}
            ]]},
            {"altitude": 172.5},
            {"distance_km": 0.51},
            {"speed_kmh": 4.5},
            {"timestamp": "Tue Apr 25 15:35:57 UTC 2017"}
        ],
        [
            {"location": [[
                {"latitude": 64.23397},
                {"longitude": 27.730311}
            ]]},
            {"altitude": 170},
            {"distance_km": 0.52},
            {"speed_kmh": 3.6},
            {"timestamp": "Tue Apr 25 15:36:03 UTC 2017"}
        ],
        [
            {"location": [[
                {"latitude": 64.233954},
                {"longitude": 27.730081}
            ]]},
            {"altitude": 170.5},
            {"distance_km": 0.53},
            {"speed_kmh": 3.6},
            {"timestamp": "Tue Apr 25 15:36:09 UTC 2017"}
        ],
        [
            {"location": [[
                {"latitude": 64.233964},
                {"longitude": 27.729827}
            ]]},
            {"altitude": 173.5},
            {"distance_km": 0.55},
            {"speed_kmh": 3.6},
            {"timestamp": "Tue Apr 25 15:36:15 UTC 2017"}
        ],
        [
            {"location": [[
                {"latitude": 64.233993},
                {"longitude": 27.729611}
            ]]},
            {"altitude": 176.5},
            {"distance_km": 0.56},
            {"speed_kmh": 3.6},
            {"timestamp": "Tue Apr 25 15:36:21 UTC 2017"}
        ],
        [
            {"location": [[
                {"latitude": 64.233994},
                {"longitude": 27.72937}
            ]]},
            {"altitude": 174.5},
            {"distance_km": 0.57},
            {"speed_kmh": 3.6},
            {"timestamp": "Tue Apr 25 15:36:29 UTC 2017"}
        ],
        [
            {"location": [[
                {"latitude": 64.234002},
                {"longitude": 27.729149}
            ]]},
            {"altitude": 174},
            {"distance_km": 0.58},
            {"speed_kmh": 4.5},
            {"timestamp": "Tue Apr 25 15:36:35 UTC 2017"}
        ],
        [
            {"location": [[
                {"latitude": 64.234047},
                {"longitude": 27.72891}
            ]]},
            {"altitude": 177.5},
            {"distance_km": 0.59},
            {"speed_kmh": 4.5},
            {"timestamp": "Tue Apr 25 15:36:42 UTC 2017"}
        ],
        [
            {"location": [[
                {"latitude": 64.23406},
                {"longitude": 27.728701}
            ]]},
            {"altitude": 177},
            {"distance_km": 0.6},
            {"speed_kmh": 3.6},
            {"timestamp": "Tue Apr 25 15:36:50 UTC 2017"}
        ],
        [
            {"location": [[
                {"latitude": 64.23406},
                {"longitude": 27.728483}
            ]]},
            {"altitude": 178},
            {"distance_km": 0.61},
            {"speed_kmh": 3.6},
            {"timestamp": "Tue Apr 25 15:36:58 UTC 2017"}
        ],
        [
            {"location": [[
                {"latitude": 64.234094},
                {"longitude": 27.728213}
            ]]},
            {"altitude": 181},
            {"distance_km": 0.63},
            {"speed_kmh": 9},
            {"timestamp": "Tue Apr 25 15:37:04 UTC 2017"}
        ],
        [
            {"location": [[
                {"latitude": 64.234135},
                {"longitude": 27.727987}
            ]]},
            {"altitude": 181},
            {"distance_km": 0.64},
            {"speed_kmh": 2.7},
            {"timestamp": "Tue Apr 25 15:37:10 UTC 2017"}
        ],
        [
            {"location": [[
                {"latitude": 64.234105},
                {"longitude": 27.727789}
            ]]},
            {"altitude": 186},
            {"distance_km": 0.65},
            {"speed_kmh": 4.5},
            {"timestamp": "Tue Apr 25 15:37:19 UTC 2017"}
        ],
        [
            {"location": [[
                {"latitude": 64.234047},
                {"longitude": 27.727594}
            ]]},
            {"altitude": 185},
            {"distance_km": 0.66},
            {"speed_kmh": 2.7},
            {"timestamp": "Tue Apr 25 15:37:27 UTC 2017"}
        ],
        [
            {"location": [[
                {"latitude": 64.234002},
                {"longitude": 27.727392}
            ]]},
            {"altitude": 185},
            {"distance_km": 0.67},
            {"speed_kmh": 2.7},
            {"timestamp": "Tue Apr 25 15:37:35 UTC 2017"}
        ],
        [
            {"location": [[
                {"latitude": 64.234028},
                {"longitude": 27.727146}
            ]]},
            {"altitude": 180},
            {"distance_km": 0.68},
            {"speed_kmh": 2.7},
            {"timestamp": "Tue Apr 25 15:37:45 UTC 2017"}
        ],
        [
            {"location": [[
                {"latitude": 64.234072},
                {"longitude": 27.726935}
            ]]},
            {"altitude": 179},
            {"distance_km": 0.69},
            {"speed_kmh": 2.7},
            {"timestamp": "Tue Apr 25 15:37:53 UTC 2017"}
        ],
        [
            {"location": [[
                {"latitude": 64.234149},
                {"longitude": 27.72669}
            ]]},
            {"altitude": 177.5},
            {"distance_km": 0.71},
            {"speed_kmh": 4.5},
            {"timestamp": "Tue Apr 25 15:38:01 UTC 2017"}
        ],
        [
            {"location": [[
                {"latitude": 64.234194},
                {"longitude": 27.726465}
            ]]},
            {"altitude": 178.5},
            {"distance_km": 0.72},
            {"speed_kmh": 2.7},
            {"timestamp": "Tue Apr 25 15:38:09 UTC 2017"}
        ],
        [
            {"location": [[
                {"latitude": 64.234247},
                {"longitude": 27.726284}
            ]]},
            {"altitude": 179},
            {"distance_km": 0.73},
            {"speed_kmh": 3.6},
            {"timestamp": "Tue Apr 25 15:38:17 UTC 2017"}
        ],
        [
            {"location": [[
                {"latitude": 64.234324},
                {"longitude": 27.72614}
            ]]},
            {"altitude": 183},
            {"distance_km": 0.74},
            {"speed_kmh": 3.6},
            {"timestamp": "Tue Apr 25 15:38:24 UTC 2017"}
        ],
        [
            {"location": [[
                {"latitude": 64.234409},
                {"longitude": 27.726065}
            ]]},
            {"altitude": 187.5},
            {"distance_km": 0.75},
            {"speed_kmh": 4.5},
            {"timestamp": "Tue Apr 25 15:38:32 UTC 2017"}
        ],
        [
            {"location": [[
                {"latitude": 64.234495},
                {"longitude": 27.725973}
            ]]},
            {"altitude": 184},
            {"distance_km": 0.76},
            {"speed_kmh": 3.6},
            {"timestamp": "Tue Apr 25 15:38:38 UTC 2017"}
        ],
        [
            {"location": [[
                {"latitude": 64.234555},
                {"longitude": 27.725736}
            ]]},
            {"altitude": 180.5},
            {"distance_km": 0.78},
            {"speed_kmh": 4.5},
            {"timestamp": "Tue Apr 25 15:38:46 UTC 2017"}
        ],
        [
            {"location": [[
                {"latitude": 64.234649},
                {"longitude": 27.725705}
            ]]},
            {"altitude": 181},
            {"distance_km": 0.79},
            {"speed_kmh": 4.5},
            {"timestamp": "Tue Apr 25 15:38:50 UTC 2017"}
        ],
        [
            {"location": [[
                {"latitude": 64.23474},
                {"longitude": 27.725668}
            ]]},
            {"altitude": 183},
            {"distance_km": 0.8},
            {"speed_kmh": 4.5},
            {"timestamp": "Tue Apr 25 15:38:56 UTC 2017"}
        ],
        [
            {"location": [[
                {"latitude": 64.234846},
                {"longitude": 27.72558}
            ]]},
            {"altitude": 182.5},
            {"distance_km": 0.81},
            {"speed_kmh": 3.6},
            {"timestamp": "Tue Apr 25 15:39:05 UTC 2017"}
        ],
        [
            {"location": [[
                {"latitude": 64.234944},
                {"longitude": 27.725563}
            ]]},
            {"altitude": 182},
            {"distance_km": 0.82},
            {"speed_kmh": 0},
            {"timestamp": "Tue Apr 25 15:39:13 UTC 2017"}
        ],
        [
            {"location": [[
                {"latitude": 64.235031},
                {"longitude": 27.725513}
            ]]},
            {"altitude": 183.5},
            {"distance_km": 0.83},
            {"speed_kmh": 3.6},
            {"timestamp": "Tue Apr 25 15:39:29 UTC 2017"}
        ],
        [
            {"location": [[
                {"latitude": 64.235123},
                {"longitude": 27.725436}
            ]]},
            {"altitude": 181},
            {"distance_km": 0.84},
            {"speed_kmh": 4.5},
            {"timestamp": "Tue Apr 25 15:39:33 UTC 2017"}
        ],
        [
            {"location": [[
                {"latitude": 64.235219},
                {"longitude": 27.725331}
            ]]},
            {"altitude": 181.5},
            {"distance_km": 0.85},
            {"speed_kmh": 5.4},
            {"timestamp": "Tue Apr 25 15:39:37 UTC 2017"}
        ],
        [
            {"location": [[
                {"latitude": 64.235337},
                {"longitude": 27.7253}
            ]]},
            {"altitude": 185},
            {"distance_km": 0.87},
            {"speed_kmh": 4.5},
            {"timestamp": "Tue Apr 25 15:39:43 UTC 2017"}
        ],
        [
            {"location": [[
                {"latitude": 64.235459},
                {"longitude": 27.72533}
            ]]},
            {"altitude": 183.5},
            {"distance_km": 0.88},
            {"speed_kmh": 4.5},
            {"timestamp": "Tue Apr 25 15:39:49 UTC 2017"}
        ],
        [
            {"location": [[
                {"latitude": 64.235556},
                {"longitude": 27.725341}
            ]]},
            {"altitude": 181},
            {"distance_km": 0.89},
            {"speed_kmh": 3.6},
            {"timestamp": "Tue Apr 25 15:39:55 UTC 2017"}
        ],
        [
            {"location": [[
                {"latitude": 64.235649},
                {"longitude": 27.725441}
            ]]},
            {"altitude": 182.5},
            {"distance_km": 0.9},
            {"speed_kmh": 3.6},
            {"timestamp": "Tue Apr 25 15:40:05 UTC 2017"}
        ],
        [
            {"location": [[
                {"latitude": 64.235748},
                {"longitude": 27.725528}
            ]]},
            {"altitude": 184},
            {"distance_km": 0.91},
            {"speed_kmh": 3.6},
            {"timestamp": "Tue Apr 25 15:40:13 UTC 2017"}
        ],
        [
            {"location": [[
                {"latitude": 64.23582},
                {"longitude": 27.725675}
            ]]},
            {"altitude": 187},
            {"distance_km": 0.92},
            {"speed_kmh": 3.6},
            {"timestamp": "Tue Apr 25 15:40:23 UTC 2017"}
        ],
        [
            {"location": [[
                {"latitude": 64.235895},
                {"longitude": 27.725789}
            ]]},
            {"altitude": 187.5},
            {"distance_km": 0.93},
            {"speed_kmh": 3.6},
            {"timestamp": "Tue Apr 25 15:40:31 UTC 2017"}
        ],
        [
            {"location": [[
                {"latitude": 64.236009},
                {"longitude": 27.725768}
            ]]},
            {"altitude": 188.5},
            {"distance_km": 0.95},
            {"speed_kmh": 3.6},
            {"timestamp": "Tue Apr 25 15:40:40 UTC 2017"}
        ],
        [
            {"location": [[
                {"latitude": 64.236113},
                {"longitude": 27.725714}
            ]]},
            {"altitude": 192.5},
            {"distance_km": 0.96},
            {"speed_kmh": 3.6},
            {"timestamp": "Tue Apr 25 15:40:46 UTC 2017"}
        ],
        [
            {"location": [[
                {"latitude": 64.23621},
                {"longitude": 27.725599}
            ]]},
            {"altitude": 191},
            {"distance_km": 0.97},
            {"speed_kmh": 3.6},
            {"timestamp": "Tue Apr 25 15:40:54 UTC 2017"}
        ],
        [
            {"location": [[
                {"latitude": 64.236284},
                {"longitude": 27.72544}
            ]]},
            {"altitude": 193},
            {"distance_km": 0.98},
            {"speed_kmh": 1.8},
            {"timestamp": "Tue Apr 25 15:41:02 UTC 2017"}
        ],
        [
            {"location": [[
                {"latitude": 64.236375},
                {"longitude": 27.72529}
            ]]},
            {"altitude": 194.5},
            {"distance_km": 0.99},
            {"speed_kmh": 2.7},
            {"timestamp": "Tue Apr 25 15:41:11 UTC 2017"}
        ],
        [
            {"location": [[
                {"latitude": 64.236482},
                {"longitude": 27.725278}
            ]]},
            {"altitude": 194.5},
            {"distance_km": 1.01},
            {"speed_kmh": 3.6},
            {"timestamp": "Tue Apr 25 15:41:19 UTC 2017"}
        ],
        [
            {"location": [[
                {"latitude": 64.236581},
                {"longitude": 27.725297}
            ]]},
            {"altitude": 198},
            {"distance_km": 1.02},
            {"speed_kmh": 3.6},
            {"timestamp": "Tue Apr 25 15:41:25 UTC 2017"}
        ],
        [
            {"location": [[
                {"latitude": 64.236671},
                {"longitude": 27.725321}
            ]]},
            {"altitude": 197.5},
            {"distance_km": 1.03},
            {"speed_kmh": 4.5},
            {"timestamp": "Tue Apr 25 15:41:31 UTC 2017"}
        ],
        [
            {"location": [[
                {"latitude": 64.236762},
                {"longitude": 27.725359}
            ]]},
            {"altitude": 197.5},
            {"distance_km": 1.04},
            {"speed_kmh": 4.5},
            {"timestamp": "Tue Apr 25 15:41:37 UTC 2017"}
        ],
        [
            {"location": [[
                {"latitude": 64.236868},
                {"longitude": 27.725417}
            ]]},
            {"altitude": 200},
            {"distance_km": 1.05},
            {"speed_kmh": 4.5},
            {"timestamp": "Tue Apr 25 15:41:43 UTC 2017"}
        ],
        [
            {"location": [[
                {"latitude": 64.236982},
                {"longitude": 27.725468}
            ]]},
            {"altitude": 200},
            {"distance_km": 1.06},
            {"speed_kmh": 4.5},
            {"timestamp": "Tue Apr 25 15:41:49 UTC 2017"}
        ],
        [
            {"location": [[
                {"latitude": 64.237087},
                {"longitude": 27.725543}
            ]]},
            {"altitude": 201},
            {"distance_km": 1.08},
            {"speed_kmh": 5.4},
            {"timestamp": "Tue Apr 25 15:41:55 UTC 2017"}
        ],
        [
            {"location": [[
                {"latitude": 64.237171},
                {"longitude": 27.725656}
            ]]},
            {"altitude": 199.5},
            {"distance_km": 1.09},
            {"speed_kmh": 5.4},
            {"timestamp": "Tue Apr 25 15:42:01 UTC 2017"}
        ],
        [
            {"location": [[
                {"latitude": 64.237247},
                {"longitude": 27.725775}
            ]]},
            {"altitude": 195.5},
            {"distance_km": 1.1},
            {"speed_kmh": 5.4},
            {"timestamp": "Tue Apr 25 15:42:07 UTC 2017"}
        ],
        [
            {"location": [[
                {"latitude": 64.237326},
                {"longitude": 27.725917}
            ]]},
            {"altitude": 193.5},
            {"distance_km": 1.11},
            {"speed_kmh": 3.6},
            {"timestamp": "Tue Apr 25 15:42:16 UTC 2017"}
        ],
        [
            {"location": [[
                {"latitude": 64.237401},
                {"longitude": 27.726111}
            ]]},
            {"altitude": 191},
            {"distance_km": 1.12},
            {"speed_kmh": 4.5},
            {"timestamp": "Tue Apr 25 15:42:24 UTC 2017"}
        ],
        [
            {"location": [[
                {"latitude": 64.23747},
                {"longitude": 27.726246}
            ]]},
            {"altitude": 194},
            {"distance_km": 1.13},
            {"speed_kmh": 4.5},
            {"timestamp": "Tue Apr 25 15:42:30 UTC 2017"}
        ],
        [
            {"location": [[
                {"latitude": 64.237583},
                {"longitude": 27.726338}
            ]]},
            {"altitude": 194.5},
            {"distance_km": 1.14},
            {"speed_kmh": 6.3},
            {"timestamp": "Tue Apr 25 15:42:38 UTC 2017"}
        ],
        [
            {"location": [[
                {"latitude": 64.237673},
                {"longitude": 27.72651}
            ]]},
            {"altitude": 195},
            {"distance_km": 1.16},
            {"speed_kmh": 4.5},
            {"timestamp": "Tue Apr 25 15:42:46 UTC 2017"}
        ],
        [
            {"location": [[
                {"latitude": 64.237768},
                {"longitude": 27.726631}
            ]]},
            {"altitude": 195},
            {"distance_km": 1.17},
            {"speed_kmh": 4.5},
            {"timestamp": "Tue Apr 25 15:42:52 UTC 2017"}
        ],
        [
            {"location": [[
                {"latitude": 64.237878},
                {"longitude": 27.726686}
            ]]},
            {"altitude": 190.5},
            {"distance_km": 1.18},
            {"speed_kmh": 4.5},
            {"timestamp": "Tue Apr 25 15:42:59 UTC 2017"}
        ],
        [
            {"location": [[
                {"latitude": 64.237989},
                {"longitude": 27.726729}
            ]]},
            {"altitude": 191},
            {"distance_km": 1.19},
            {"speed_kmh": 4.5},
            {"timestamp": "Tue Apr 25 15:43:05 UTC 2017"}
        ],
        [
            {"location": [[
                {"latitude": 64.238077},
                {"longitude": 27.726812}
            ]]},
            {"altitude": 193},
            {"distance_km": 1.2},
            {"speed_kmh": 4.5},
            {"timestamp": "Tue Apr 25 15:43:11 UTC 2017"}
        ],
        [
            {"location": [[
                {"latitude": 64.238151},
                {"longitude": 27.72696}
            ]]},
            {"altitude": 194},
            {"distance_km": 1.22},
            {"speed_kmh": 4.5},
            {"timestamp": "Tue Apr 25 15:43:17 UTC 2017"}
        ],
        [
            {"location": [[
                {"latitude": 64.238239},
                {"longitude": 27.727111}
            ]]},
            {"altitude": 194},
            {"distance_km": 1.23},
            {"speed_kmh": 4.5},
            {"timestamp": "Tue Apr 25 15:43:25 UTC 2017"}
        ],
        [
            {"location": [[
                {"latitude": 64.238368},
                {"longitude": 27.727073}
            ]]},
            {"altitude": 186.5},
            {"distance_km": 1.24},
            {"speed_kmh": 4.5},
            {"timestamp": "Tue Apr 25 15:43:31 UTC 2017"}
        ],
        [
            {"location": [[
                {"latitude": 64.238463},
                {"longitude": 27.727035}
            ]]},
            {"altitude": 187.5},
            {"distance_km": 1.25},
            {"speed_kmh": 4.5},
            {"timestamp": "Tue Apr 25 15:43:35 UTC 2017"}
        ],
        [
            {"location": [[
                {"latitude": 64.238555},
                {"longitude": 27.727063}
            ]]},
            {"altitude": 189.5},
            {"distance_km": 1.26},
            {"speed_kmh": 4.5},
            {"timestamp": "Tue Apr 25 15:43:41 UTC 2017"}
        ],
        [
            {"location": [[
                {"latitude": 64.238656},
                {"longitude": 27.727185}
            ]]},
            {"altitude": 191},
            {"distance_km": 1.28},
            {"speed_kmh": 4.5},
            {"timestamp": "Tue Apr 25 15:43:49 UTC 2017"}
        ],
        [
            {"location": [[
                {"latitude": 64.238706},
                {"longitude": 27.727398}
            ]]},
            {"altitude": 189},
            {"distance_km": 1.29},
            {"speed_kmh": 4.5},
            {"timestamp": "Tue Apr 25 15:43:57 UTC 2017"}
        ],
        [
            {"location": [[
                {"latitude": 64.238685},
                {"longitude": 27.727622}
            ]]},
            {"altitude": 185},
            {"distance_km": 1.3},
            {"speed_kmh": 4.5},
            {"timestamp": "Tue Apr 25 15:44:06 UTC 2017"}
        ],
        [
            {"location": [[
                {"latitude": 64.238736},
                {"longitude": 27.727824}
            ]]},
            {"altitude": 182},
            {"distance_km": 1.31},
            {"speed_kmh": 4.5},
            {"timestamp": "Tue Apr 25 15:44:14 UTC 2017"}
        ],
        [
            {"location": [[
                {"latitude": 64.238795},
                {"longitude": 27.727983}
            ]]},
            {"altitude": 180.5},
            {"distance_km": 1.32},
            {"speed_kmh": 4.5},
            {"timestamp": "Tue Apr 25 15:44:22 UTC 2017"}
        ],
        [
            {"location": [[
                {"latitude": 64.238818},
                {"longitude": 27.728249}
            ]]},
            {"altitude": 184.5},
            {"distance_km": 1.33},
            {"speed_kmh": 4.5},
            {"timestamp": "Tue Apr 25 15:44:30 UTC 2017"}
        ],
        [
            {"location": [[
                {"latitude": 64.238867},
                {"longitude": 27.728451}
            ]]},
            {"altitude": 179},
            {"distance_km": 1.34},
            {"speed_kmh": 2.7},
            {"timestamp": "Tue Apr 25 15:44:39 UTC 2017"}
        ],
        [
            {"location": [[
                {"latitude": 64.23879},
                {"longitude": 27.728569}
            ]]},
            {"altitude": 183},
            {"distance_km": 1.35},
            {"speed_kmh": 2.7},
            {"timestamp": "Tue Apr 25 15:44:51 UTC 2017"}
        ],
        [
            {"location": [[
                {"latitude": 64.238691},
                {"longitude": 27.728527}
            ]]},
            {"altitude": 185.5},
            {"distance_km": 1.37},
            {"speed_kmh": 2.7},
            {"timestamp": "Tue Apr 25 15:45:01 UTC 2017"}
        ],
        [
            {"location": [[
                {"latitude": 64.238581},
                {"longitude": 27.728463}
            ]]},
            {"altitude": 189},
            {"distance_km": 1.38},
            {"speed_kmh": 2.7},
            {"timestamp": "Tue Apr 25 15:45:09 UTC 2017"}
        ],
        [
            {"location": [[
                {"latitude": 64.238491},
                {"longitude": 27.72837}
            ]]},
            {"altitude": 191},
            {"distance_km": 1.39},
            {"speed_kmh": 5.4},
            {"timestamp": "Tue Apr 25 15:45:15 UTC 2017"}
        ],
        [
            {"location": [[
                {"latitude": 64.238378},
                {"longitude": 27.728349}
            ]]},
            {"altitude": 193.5},
            {"distance_km": 1.4},
            {"speed_kmh": 4.5},
            {"timestamp": "Tue Apr 25 15:45:21 UTC 2017"}
        ],
        [
            {"location": [[
                {"latitude": 64.238295},
                {"longitude": 27.728248}
            ]]},
            {"altitude": 200},
            {"distance_km": 1.41},
            {"speed_kmh": 3.6},
            {"timestamp": "Tue Apr 25 15:45:31 UTC 2017"}
        ],
        [
            {"location": [[
                {"latitude": 64.238199},
                {"longitude": 27.728201}
            ]]},
            {"altitude": 200.5},
            {"distance_km": 1.42},
            {"speed_kmh": 3.6},
            {"timestamp": "Tue Apr 25 15:45:39 UTC 2017"}
        ],
        [
            {"location": [[
                {"latitude": 64.238107},
                {"longitude": 27.728378}
            ]]},
            {"altitude": 191},
            {"distance_km": 1.44},
            {"speed_kmh": 3.6},
            {"timestamp": "Tue Apr 25 15:45:48 UTC 2017"}
        ],
        [
            {"location": [[
                {"latitude": 64.238032},
                {"longitude": 27.728532}
            ]]},
            {"altitude": 194},
            {"distance_km": 1.45},
            {"speed_kmh": 3.6},
            {"timestamp": "Tue Apr 25 15:45:54 UTC 2017"}
        ],
        [
            {"location": [[
                {"latitude": 64.237949},
                {"longitude": 27.728652}
            ]]},
            {"altitude": 194.5},
            {"distance_km": 1.46},
            {"speed_kmh": 4.5},
            {"timestamp": "Tue Apr 25 15:46:00 UTC 2017"}
        ],
        [
            {"location": [[
                {"latitude": 64.237847},
                {"longitude": 27.72871}
            ]]},
            {"altitude": 197},
            {"distance_km": 1.47},
            {"speed_kmh": 3.6},
            {"timestamp": "Tue Apr 25 15:46:06 UTC 2017"}
        ],
        [
            {"location": [[
                {"latitude": 64.237761},
                {"longitude": 27.728632}
            ]]},
            {"altitude": 200},
            {"distance_km": 1.48},
            {"speed_kmh": 2.7},
            {"timestamp": "Tue Apr 25 15:46:12 UTC 2017"}
        ],
        [
            {"location": [[
                {"latitude": 64.237665},
                {"longitude": 27.728602}
            ]]},
            {"altitude": 199},
            {"distance_km": 1.49},
            {"speed_kmh": 2.7},
            {"timestamp": "Tue Apr 25 15:46:22 UTC 2017"}
        ],
        [
            {"location": [[
                {"latitude": 64.237576},
                {"longitude": 27.728636}
            ]]},
            {"altitude": 197},
            {"distance_km": 1.5},
            {"speed_kmh": 2.7},
            {"timestamp": "Tue Apr 25 15:46:28 UTC 2017"}
        ],
        [
            {"location": [[
                {"latitude": 64.23749},
                {"longitude": 27.728708}
            ]]},
            {"altitude": 200},
            {"distance_km": 1.51},
            {"speed_kmh": 1.8},
            {"timestamp": "Tue Apr 25 15:46:34 UTC 2017"}
        ],
        [
            {"location": [[
                {"latitude": 64.237398},
                {"longitude": 27.728761}
            ]]},
            {"altitude": 203},
            {"distance_km": 1.52},
            {"speed_kmh": 3.6},
            {"timestamp": "Tue Apr 25 15:46:41 UTC 2017"}
        ],
        [
            {"location": [[
                {"latitude": 64.237306},
                {"longitude": 27.728711}
            ]]},
            {"altitude": 203},
            {"distance_km": 1.53},
            {"speed_kmh": 3.6},
            {"timestamp": "Tue Apr 25 15:46:49 UTC 2017"}
        ],
        [
            {"location": [[
                {"latitude": 64.237195},
                {"longitude": 27.728681}
            ]]},
            {"altitude": 201.5},
            {"distance_km": 1.55},
            {"speed_kmh": 3.6},
            {"timestamp": "Tue Apr 25 15:46:55 UTC 2017"}
        ],
        [
            {"location": [[
                {"latitude": 64.237099},
                {"longitude": 27.728559}
            ]]},
            {"altitude": 201},
            {"distance_km": 1.56},
            {"speed_kmh": 4.5},
            {"timestamp": "Tue Apr 25 15:47:03 UTC 2017"}
        ],
        [
            {"location": [[
                {"latitude": 64.237016},
                {"longitude": 27.728458}
            ]]},
            {"altitude": 201.5},
            {"distance_km": 1.57},
            {"speed_kmh": 5.4},
            {"timestamp": "Tue Apr 25 15:47:09 UTC 2017"}
        ],
        [
            {"location": [[
                {"latitude": 64.236927},
                {"longitude": 27.728303}
            ]]},
            {"altitude": 204},
            {"distance_km": 1.58},
            {"speed_kmh": 3.6},
            {"timestamp": "Tue Apr 25 15:47:19 UTC 2017"}
        ],
        [
            {"location": [[
                {"latitude": 64.236845},
                {"longitude": 27.728189}
            ]]},
            {"altitude": 203.5},
            {"distance_km": 1.59},
            {"speed_kmh": 3.6},
            {"timestamp": "Tue Apr 25 15:47:27 UTC 2017"}
        ],
        [
            {"location": [[
                {"latitude": 64.236756},
                {"longitude": 27.728169}
            ]]},
            {"altitude": 202},
            {"distance_km": 1.6},
            {"speed_kmh": 4.5},
            {"timestamp": "Tue Apr 25 15:47:33 UTC 2017"}
        ],
        [
            {"location": [[
                {"latitude": 64.236643},
                {"longitude": 27.728131}
            ]]},
            {"altitude": 202.5},
            {"distance_km": 1.61},
            {"speed_kmh": 4.5},
            {"timestamp": "Tue Apr 25 15:47:41 UTC 2017"}
        ],
        [
            {"location": [[
                {"latitude": 64.236522},
                {"longitude": 27.72817}
            ]]},
            {"altitude": 201.5},
            {"distance_km": 1.63},
            {"speed_kmh": 4.5},
            {"timestamp": "Tue Apr 25 15:47:47 UTC 2017"}
        ],
        [
            {"location": [[
                {"latitude": 64.236421},
                {"longitude": 27.728206}
            ]]},
            {"altitude": 200.5},
            {"distance_km": 1.64},
            {"speed_kmh": 4.5},
            {"timestamp": "Tue Apr 25 15:47:52 UTC 2017"}
        ],
        [
            {"location": [[
                {"latitude": 64.236326},
                {"longitude": 27.728253}
            ]]},
            {"altitude": 198.5},
            {"distance_km": 1.65},
            {"speed_kmh": 4.5},
            {"timestamp": "Tue Apr 25 15:47:58 UTC 2017"}
        ],
        [
            {"location": [[
                {"latitude": 64.236235},
                {"longitude": 27.728263}
            ]]},
            {"altitude": 201.5},
            {"distance_km": 1.66},
            {"speed_kmh": 3.6},
            {"timestamp": "Tue Apr 25 15:48:04 UTC 2017"}
        ],
        [
            {"location": [[
                {"latitude": 64.23614},
                {"longitude": 27.728304}
            ]]},
            {"altitude": 198},
            {"distance_km": 1.67},
            {"speed_kmh": 3.6},
            {"timestamp": "Tue Apr 25 15:48:10 UTC 2017"}
        ],
        [
            {"location": [[
                {"latitude": 64.236037},
                {"longitude": 27.728416}
            ]]},
            {"altitude": 192},
            {"distance_km": 1.68},
            {"speed_kmh": 3.6},
            {"timestamp": "Tue Apr 25 15:48:18 UTC 2017"}
        ],
        [
            {"location": [[
                {"latitude": 64.235937},
                {"longitude": 27.72852}
            ]]},
            {"altitude": 193.5},
            {"distance_km": 1.7},
            {"speed_kmh": 2.7},
            {"timestamp": "Tue Apr 25 15:48:26 UTC 2017"}
        ],
        [
            {"location": [[
                {"latitude": 64.235847},
                {"longitude": 27.728643}
            ]]},
            {"altitude": 191.5},
            {"distance_km": 1.71},
            {"speed_kmh": 5.4},
            {"timestamp": "Tue Apr 25 15:48:32 UTC 2017"}
        ],
        [
            {"location": [[
                {"latitude": 64.235739},
                {"longitude": 27.728701}
            ]]},
            {"altitude": 193},
            {"distance_km": 1.72},
            {"speed_kmh": 4.5},
            {"timestamp": "Tue Apr 25 15:48:39 UTC 2017"}
        ],
        [
            {"location": [[
                {"latitude": 64.235632},
                {"longitude": 27.728704}
            ]]},
            {"altitude": 197},
            {"distance_km": 1.73},
            {"speed_kmh": 3.6},
            {"timestamp": "Tue Apr 25 15:48:49 UTC 2017"}
        ],
        [
            {"location": [[
                {"latitude": 64.23553},
                {"longitude": 27.728808}
            ]]},
            {"altitude": 198.5},
            {"distance_km": 1.74},
            {"speed_kmh": 3.6},
            {"timestamp": "Tue Apr 25 15:48:57 UTC 2017"}
        ],
        [
            {"location": [[
                {"latitude": 64.235439},
                {"longitude": 27.728847}
            ]]},
            {"altitude": 197},
            {"distance_km": 1.75},
            {"speed_kmh": 3.6},
            {"timestamp": "Tue Apr 25 15:49:03 UTC 2017"}
        ],
        [
            {"location": [[
                {"latitude": 64.23534},
                {"longitude": 27.728802}
            ]]},
            {"altitude": 201.5},
            {"distance_km": 1.77},
            {"speed_kmh": 3.6},
            {"timestamp": "Tue Apr 25 15:49:09 UTC 2017"}
        ],
        [
            {"location": [[
                {"latitude": 64.235284},
                {"longitude": 27.729033}
            ]]},
            {"altitude": 193.5},
            {"distance_km": 1.78},
            {"speed_kmh": 3.6},
            {"timestamp": "Tue Apr 25 15:49:17 UTC 2017"}
        ],
        [
            {"location": [[
                {"latitude": 64.235224},
                {"longitude": 27.729207}
            ]]},
            {"altitude": 197.5},
            {"distance_km": 1.79},
            {"speed_kmh": 3.6},
            {"timestamp": "Tue Apr 25 15:49:23 UTC 2017"}
        ],
        [
            {"location": [[
                {"latitude": 64.23516},
                {"longitude": 27.729355}
            ]]},
            {"altitude": 195.5},
            {"distance_km": 1.8},
            {"speed_kmh": 4.5},
            {"timestamp": "Tue Apr 25 15:49:29 UTC 2017"}
        ],
        [
            {"location": [[
                {"latitude": 64.235069},
                {"longitude": 27.729467}
            ]]},
            {"altitude": 195.5},
            {"distance_km": 1.81},
            {"speed_kmh": 4.5},
            {"timestamp": "Tue Apr 25 15:49:35 UTC 2017"}
        ],
        [
            {"location": [[
                {"latitude": 64.23502},
                {"longitude": 27.729652}
            ]]},
            {"altitude": 187.5},
            {"distance_km": 1.82},
            {"speed_kmh": 4.5},
            {"timestamp": "Tue Apr 25 15:49:43 UTC 2017"}
        ],
        [
            {"location": [[
                {"latitude": 64.234967},
                {"longitude": 27.729844}
            ]]},
            {"altitude": 189},
            {"distance_km": 1.83},
            {"speed_kmh": 5.4},
            {"timestamp": "Tue Apr 25 15:49:49 UTC 2017"}
        ],
        [
            {"location": [[
                {"latitude": 64.234886},
                {"longitude": 27.730017}
            ]]},
            {"altitude": 191},
            {"distance_km": 1.84},
            {"speed_kmh": 5.4},
            {"timestamp": "Tue Apr 25 15:49:55 UTC 2017"}
        ],
        [
            {"location": [[
                {"latitude": 64.23485},
                {"longitude": 27.730241}
            ]]},
            {"altitude": 187.5},
            {"distance_km": 1.86},
            {"speed_kmh": 3.6},
            {"timestamp": "Tue Apr 25 15:50:03 UTC 2017"}
        ],
        [
            {"location": [[
                {"latitude": 64.234843},
                {"longitude": 27.730509}
            ]]},
            {"altitude": 190.5},
            {"distance_km": 1.87},
            {"speed_kmh": 3.6},
            {"timestamp": "Tue Apr 25 15:50:14 UTC 2017"}
        ],
        [
            {"location": [[
                {"latitude": 64.234764},
                {"longitude": 27.730705}
            ]]},
            {"altitude": 189},
            {"distance_km": 1.88},
            {"speed_kmh": 4.5},
            {"timestamp": "Tue Apr 25 15:50:22 UTC 2017"}
        ],
        [
            {"location": [[
                {"latitude": 64.234678},
                {"longitude": 27.730803}
            ]]},
            {"altitude": 190},
            {"distance_km": 1.89},
            {"speed_kmh": 5.4},
            {"timestamp": "Tue Apr 25 15:50:26 UTC 2017"}
        ],
        [
            {"location": [[
                {"latitude": 64.234587},
                {"longitude": 27.730874}
            ]]},
            {"altitude": 187.5},
            {"distance_km": 1.9},
            {"speed_kmh": 5.4},
            {"timestamp": "Tue Apr 25 15:50:30 UTC 2017"}
        ],
        [
            {"location": [[
                {"latitude": 64.234487},
                {"longitude": 27.731015}
            ]]},
            {"altitude": 188},
            {"distance_km": 1.92},
            {"speed_kmh": 5.4},
            {"timestamp": "Tue Apr 25 15:50:36 UTC 2017"}
        ],
        [
            {"location": [[
                {"latitude": 64.234447},
                {"longitude": 27.731237}
            ]]},
            {"altitude": 183.5},
            {"distance_km": 1.93},
            {"speed_kmh": 3.6},
            {"timestamp": "Tue Apr 25 15:50:45 UTC 2017"}
        ],
        [
            {"location": [[
                {"latitude": 64.234384},
                {"longitude": 27.731395}
            ]]},
            {"altitude": 180},
            {"distance_km": 1.94},
            {"speed_kmh": 7.2},
            {"timestamp": "Tue Apr 25 15:50:51 UTC 2017"}
        ],
        [
            {"location": [[
                {"latitude": 64.23432},
                {"longitude": 27.731556}
            ]]},
            {"altitude": 180.5},
            {"distance_km": 1.95},
            {"speed_kmh": 2.7},
            {"timestamp": "Tue Apr 25 15:50:59 UTC 2017"}
        ],
        [
            {"location": [[
                {"latitude": 64.234252},
                {"longitude": 27.731762}
            ]]},
            {"altitude": 180},
            {"distance_km": 1.96},
            {"speed_kmh": 3.6},
            {"timestamp": "Tue Apr 25 15:51:07 UTC 2017"}
        ],
        [
            {"location": [[
                {"latitude": 64.234123},
                {"longitude": 27.731793}
            ]]},
            {"altitude": 181},
            {"distance_km": 1.98},
            {"speed_kmh": 7.2},
            {"timestamp": "Tue Apr 25 15:51:11 UTC 2017"}
        ],
        [
            {"location": [[
                {"latitude": 64.234011},
                {"longitude": 27.731887}
            ]]},
            {"altitude": 185},
            {"distance_km": 1.99},
            {"speed_kmh": 3.6},
            {"timestamp": "Tue Apr 25 15:51:17 UTC 2017"}
        ],
        [
            {"location": [[
                {"latitude": 64.233921},
                {"longitude": 27.732037}
            ]]},
            {"altitude": 185},
            {"distance_km": 2},
            {"speed_kmh": 4.5},
            {"timestamp": "Tue Apr 25 15:51:25 UTC 2017"}
        ],
        [
            {"location": [[
                {"latitude": 64.233836},
                {"longitude": 27.732157}
            ]]},
            {"altitude": 181.5},
            {"distance_km": 2.01},
            {"speed_kmh": 4.5},
            {"timestamp": "Tue Apr 25 15:51:33 UTC 2017"}
        ],
        [
            {"location": [[
                {"latitude": 64.233741},
                {"longitude": 27.732324}
            ]]},
            {"altitude": 183.5},
            {"distance_km": 2.03},
            {"speed_kmh": 4.5},
            {"timestamp": "Tue Apr 25 15:51:41 UTC 2017"}
        ],
        [
            {"location": [[
                {"latitude": 64.233642},
                {"longitude": 27.732387}
            ]]},
            {"altitude": 185},
            {"distance_km": 2.04},
            {"speed_kmh": 4.5},
            {"timestamp": "Tue Apr 25 15:51:47 UTC 2017"}
        ],
        [
            {"location": [[
                {"latitude": 64.233535},
                {"longitude": 27.732458}
            ]]},
            {"altitude": 181.5},
            {"distance_km": 2.05},
            {"speed_kmh": 5.4},
            {"timestamp": "Tue Apr 25 15:51:53 UTC 2017"}
        ],
        [
            {"location": [[
                {"latitude": 64.233455},
                {"longitude": 27.732553}
            ]]},
            {"altitude": 181.5},
            {"distance_km": 2.06},
            {"speed_kmh": 3.6},
            {"timestamp": "Tue Apr 25 15:51:59 UTC 2017"}
        ],
        [
            {"location": [[
                {"latitude": 64.233342},
                {"longitude": 27.73264}
            ]]},
            {"altitude": 173.5},
            {"distance_km": 2.07},
            {"speed_kmh": 4.5},
            {"timestamp": "Tue Apr 25 15:52:06 UTC 2017"}
        ],
        [
            {"location": [[
                {"latitude": 64.233264},
                {"longitude": 27.732761}
            ]]},
            {"altitude": 174.5},
            {"distance_km": 2.08},
            {"speed_kmh": 4.5},
            {"timestamp": "Tue Apr 25 15:52:12 UTC 2017"}
        ],
        [
            {"location": [[
                {"latitude": 64.233156},
                {"longitude": 27.732881}
            ]]},
            {"altitude": 180},
            {"distance_km": 2.1},
            {"speed_kmh": 4.5},
            {"timestamp": "Tue Apr 25 15:52:20 UTC 2017"}
        ],
        [
            {"location": [[
                {"latitude": 64.233055},
                {"longitude": 27.732998}
            ]]},
            {"altitude": 172.5},
            {"distance_km": 2.11},
            {"speed_kmh": 5.4},
            {"timestamp": "Tue Apr 25 15:52:35 UTC 2017"}
        ],
        [
            {"location": [[
                {"latitude": 64.232949},
                {"longitude": 27.733084}
            ]]},
            {"altitude": 168.5},
            {"distance_km": 2.12},
            {"speed_kmh": 5.4},
            {"timestamp": "Tue Apr 25 15:52:43 UTC 2017"}
        ],
        [
            {"location": [[
                {"latitude": 64.232933},
                {"longitude": 27.732873}
            ]]},
            {"altitude": 162.5},
            {"distance_km": 2.13},
            {"speed_kmh": 3.6},
            {"timestamp": "Tue Apr 25 15:53:11 UTC 2017"}
        ],
        [
            {"location": [[
                {"latitude": 64.23293},
                {"longitude": 27.732625}
            ]]},
            {"altitude": 159},
            {"distance_km": 2.14},
            {"speed_kmh": 3.6},
            {"timestamp": "Tue Apr 25 15:53:19 UTC 2017"}
        ],
        [
            {"location": [[
                {"latitude": 64.232902},
                {"longitude": 27.73237}
            ]]},
            {"altitude": 153},
            {"distance_km": 2.16},
            {"speed_kmh": 3.6},
            {"timestamp": "Tue Apr 25 15:53:29 UTC 2017"}
        ],
        [
            {"location": [[
                {"latitude": 64.232927},
                {"longitude": 27.732095}
            ]]},
            {"altitude": 147.5},
            {"distance_km": 2.17},
            {"speed_kmh": 3.6},
            {"timestamp": "Tue Apr 25 15:53:37 UTC 2017"}
        ],
        [
            {"location": [[
                {"latitude": 64.232926},
                {"longitude": 27.731882}
            ]]},
            {"altitude": 143.5},
            {"distance_km": 2.18},
            {"speed_kmh": 5.4},
            {"timestamp": "Tue Apr 25 15:53:42 UTC 2017"}
        ],
        [
            {"location": [[
                {"latitude": 64.232988},
                {"longitude": 27.731697}
            ]]},
            {"altitude": 140.5},
            {"distance_km": 2.19},
            {"speed_kmh": 0},
            {"timestamp": "Tue Apr 25 15:53:50 UTC 2017"}
        ],
        [
            {"location": [[
                {"latitude": 64.232884},
                {"longitude": 27.731573}
            ]]},
            {"altitude": 143.5},
            {"distance_km": 2.2},
            {"speed_kmh": 6.3},
            {"timestamp": "Tue Apr 25 15:54:00 UTC 2017"}
        ],
        [
            {"location": [[
                {"latitude": 64.232781},
                {"longitude": 27.731506}
            ]]},
            {"altitude": 142.5},
            {"distance_km": 2.22},
            {"speed_kmh": 5.4},
            {"timestamp": "Tue Apr 25 15:54:06 UTC 2017"}
        ],
        [
            {"location": [[
                {"latitude": 64.232683},
                {"longitude": 27.731392}
            ]]},
            {"altitude": 147.5},
            {"distance_km": 2.23},
            {"speed_kmh": 6.3},
            {"timestamp": "Tue Apr 25 15:54:12 UTC 2017"}
        ],
        [
            {"location": [[
                {"latitude": 64.232592},
                {"longitude": 27.731302}
            ]]},
            {"altitude": 149},
            {"distance_km": 2.24},
            {"speed_kmh": 6.3},
            {"timestamp": "Tue Apr 25 15:54:18 UTC 2017"}
        ],
        [
            {"location": [[
                {"latitude": 64.232521},
                {"longitude": 27.731156}
            ]]},
            {"altitude": 148.5},
            {"distance_km": 2.25},
            {"speed_kmh": 0},
            {"timestamp": "Tue Apr 25 15:54:26 UTC 2017"}
        ],
        [
            {"location": [[
                {"latitude": 64.232428},
                {"longitude": 27.731011}
            ]]},
            {"altitude": 145},
            {"distance_km": 2.26},
            {"speed_kmh": 5.4},
            {"timestamp": "Tue Apr 25 15:54:34 UTC 2017"}
        ],
        [
            {"location": [[
                {"latitude": 64.232348},
                {"longitude": 27.730828}
            ]]},
            {"altitude": 151},
            {"distance_km": 2.28},
            {"speed_kmh": 5.4},
            {"timestamp": "Tue Apr 25 15:54:43 UTC 2017"}
        ],
        [
            {"location": [[
                {"latitude": 64.232261},
                {"longitude": 27.730675}
            ]]},
            {"altitude": 154},
            {"distance_km": 2.29},
            {"speed_kmh": 5.4},
            {"timestamp": "Tue Apr 25 15:54:51 UTC 2017"}
        ],
        [
            {"location": [[
                {"latitude": 64.232177},
                {"longitude": 27.730556}
            ]]},
            {"altitude": 153},
            {"distance_km": 2.3},
            {"speed_kmh": 5.4},
            {"timestamp": "Tue Apr 25 15:54:57 UTC 2017"}
        ],
        [
            {"location": [[
                {"latitude": 64.232079},
                {"longitude": 27.730408}
            ]]},
            {"altitude": 153.5},
            {"distance_km": 2.31},
            {"speed_kmh": 5.4},
            {"timestamp": "Tue Apr 25 15:55:05 UTC 2017"}
        ],
        [
            {"location": [[
                {"latitude": 64.231992},
                {"longitude": 27.73029}
            ]]},
            {"altitude": 155},
            {"distance_km": 2.32},
            {"speed_kmh": 5.4},
            {"timestamp": "Tue Apr 25 15:55:13 UTC 2017"}
        ],
        [
            {"location": [[
                {"latitude": 64.231908},
                {"longitude": 27.730152}
            ]]},
            {"altitude": 155.5},
            {"distance_km": 2.33},
            {"speed_kmh": 3.6},
            {"timestamp": "Tue Apr 25 15:55:23 UTC 2017"}
        ],
        [
            {"location": [[
                {"latitude": 64.231816},
                {"longitude": 27.729998}
            ]]},
            {"altitude": 150},
            {"distance_km": 2.35},
            {"speed_kmh": 3.6},
            {"timestamp": "Tue Apr 25 15:55:31 UTC 2017"}
        ],
        [
            {"location": [[
                {"latitude": 64.231763},
                {"longitude": 27.729774}
            ]]},
            {"altitude": 145.5},
            {"distance_km": 2.36},
            {"speed_kmh": 4.5},
            {"timestamp": "Tue Apr 25 15:55:39 UTC 2017"}
        ],
        [
            {"location": [[
                {"latitude": 64.231735},
                {"longitude": 27.729576}
            ]]},
            {"altitude": 144.5},
            {"distance_km": 2.37},
            {"speed_kmh": 4.5},
            {"timestamp": "Tue Apr 25 15:55:45 UTC 2017"}
        ],
        [
            {"location": [[
                {"latitude": 64.231801},
                {"longitude": 27.729598}
            ]]},
            {"altitude": 148},
            {"distance_km": 2.37},
            {"speed_kmh": 0},
            {"timestamp": "Tue Apr 25 15:56:17 UTC 2017"}
        ],
        [
            {"location": [[
                {"latitude": 64.231801},
                {"longitude": 27.729598}
            ]]},
            {"altitude": 148},
            {"distance_km": 2.37},
            {"speed_kmh": 0},
            {"timestamp": "Tue Apr 25 15:56:17 UTC 2017"}
        ]
    ]}
]