[
    {"sport": "WALKING"},
    {"source": "TRACK_MOBILE"},
    {"created_date": "2017-03-19 07:50:31.0"},
    {"start_time": "2017-03-19 07:49:21.0"},
    {"end_time": "2017-03-19 08:30:14.0"},
    {"duration_s": 2452},
    {"distance_km": 2.18},
    {"calories_kcal": 186.932},
    {"altitude_min_m": 145.5},
    {"altitude_max_m": 210},
    {"speed_avg_kmh": 3.200652528548124},
    {"speed_max_kmh": 4.5},
    {"ascend_m": 89.5},
    {"descend_m": 90.5},
    {"points": [
        [
            {"location": [[
                {"latitude": 64.231734},
                {"longitude": 27.729786}
            ]]},
            {"distance_km": 0},
            {"timestamp": "Sun Mar 19 07:49:21 UTC 2017"}
        ],
        [
            {"location": [[
                {"latitude": 64.231734},
                {"longitude": 27.729786}
            ]]},
            {"altitude": 146.5},
            {"distance_km": 0},
            {"speed_kmh": 0},
            {"timestamp": "Sun Mar 19 07:49:29 UTC 2017"}
        ],
        [
            {"location": [[
                {"latitude": 64.231825},
                {"longitude": 27.729596}
            ]]},
            {"altitude": 152.5},
            {"distance_km": 0.01},
            {"speed_kmh": 1.8},
            {"timestamp": "Sun Mar 19 07:49:45 UTC 2017"}
        ],
        [
            {"location": [[
                {"latitude": 64.231788},
                {"longitude": 27.729397}
            ]]},
            {"altitude": 160.5},
            {"distance_km": 0.02},
            {"speed_kmh": 1.8},
            {"timestamp": "Sun Mar 19 07:50:33 UTC 2017"}
        ],
        [
            {"location": [[
                {"latitude": 64.231707},
                {"longitude": 27.72954}
            ]]},
            {"altitude": 154.5},
            {"distance_km": 0.04},
            {"speed_kmh": 2.7},
            {"timestamp": "Sun Mar 19 07:50:59 UTC 2017"}
        ],
        [
            {"location": [[
                {"latitude": 64.231684},
                {"longitude": 27.729742}
            ]]},
            {"altitude": 154.5},
            {"distance_km": 0.05},
            {"speed_kmh": 2.7},
            {"timestamp": "Sun Mar 19 07:51:07 UTC 2017"}
        ],
        [
            {"location": [[
                {"latitude": 64.231704},
                {"longitude": 27.729983}
            ]]},
            {"altitude": 154.5},
            {"distance_km": 0.06},
            {"speed_kmh": 3.6},
            {"timestamp": "Sun Mar 19 07:51:17 UTC 2017"}
        ],
        [
            {"location": [[
                {"latitude": 64.231749},
                {"longitude": 27.730163}
            ]]},
            {"altitude": 154},
            {"distance_km": 0.07},
            {"speed_kmh": 3.6},
            {"timestamp": "Sun Mar 19 07:51:25 UTC 2017"}
        ],
        [
            {"location": [[
                {"latitude": 64.231797},
                {"longitude": 27.730346}
            ]]},
            {"altitude": 150.5},
            {"distance_km": 0.08},
            {"speed_kmh": 1.8},
            {"timestamp": "Sun Mar 19 07:51:43 UTC 2017"}
        ],
        [
            {"location": [[
                {"latitude": 64.231869},
                {"longitude": 27.73048}
            ]]},
            {"altitude": 152.5},
            {"distance_km": 0.09},
            {"speed_kmh": 3.6},
            {"timestamp": "Sun Mar 19 07:51:51 UTC 2017"}
        ],
        [
            {"location": [[
                {"latitude": 64.231966},
                {"longitude": 27.730624}
            ]]},
            {"altitude": 155.5},
            {"distance_km": 0.1},
            {"speed_kmh": 4.5},
            {"timestamp": "Sun Mar 19 07:52:00 UTC 2017"}
        ],
        [
            {"location": [[
                {"latitude": 64.232055},
                {"longitude": 27.730764}
            ]]},
            {"altitude": 157},
            {"distance_km": 0.11},
            {"speed_kmh": 4.5},
            {"timestamp": "Sun Mar 19 07:52:09 UTC 2017"}
        ],
        [
            {"location": [[
                {"latitude": 64.232143},
                {"longitude": 27.730857}
            ]]},
            {"altitude": 155.5},
            {"distance_km": 0.12},
            {"speed_kmh": 4.5},
            {"timestamp": "Sun Mar 19 07:52:17 UTC 2017"}
        ],
        [
            {"location": [[
                {"latitude": 64.232223},
                {"longitude": 27.730954}
            ]]},
            {"altitude": 158},
            {"distance_km": 0.13},
            {"speed_kmh": 2.7},
            {"timestamp": "Sun Mar 19 07:52:29 UTC 2017"}
        ],
        [
            {"location": [[
                {"latitude": 64.232317},
                {"longitude": 27.731042}
            ]]},
            {"altitude": 160.5},
            {"distance_km": 0.15},
            {"speed_kmh": 2.7},
            {"timestamp": "Sun Mar 19 07:52:39 UTC 2017"}
        ],
        [
            {"location": [[
                {"latitude": 64.232396},
                {"longitude": 27.731149}
            ]]},
            {"altitude": 159.5},
            {"distance_km": 0.16},
            {"speed_kmh": 3.6},
            {"timestamp": "Sun Mar 19 07:52:47 UTC 2017"}
        ],
        [
            {"location": [[
                {"latitude": 64.232487},
                {"longitude": 27.731268}
            ]]},
            {"altitude": 159},
            {"distance_km": 0.17},
            {"speed_kmh": 3.6},
            {"timestamp": "Sun Mar 19 07:52:57 UTC 2017"}
        ],
        [
            {"location": [[
                {"latitude": 64.232574},
                {"longitude": 27.731326}
            ]]},
            {"altitude": 161.5},
            {"distance_km": 0.18},
            {"speed_kmh": 3.6},
            {"timestamp": "Sun Mar 19 07:53:05 UTC 2017"}
        ],
        [
            {"location": [[
                {"latitude": 64.232665},
                {"longitude": 27.731304}
            ]]},
            {"altitude": 160},
            {"distance_km": 0.19},
            {"speed_kmh": 3.6},
            {"timestamp": "Sun Mar 19 07:53:13 UTC 2017"}
        ],
        [
            {"location": [[
                {"latitude": 64.232751},
                {"longitude": 27.73138}
            ]]},
            {"altitude": 160},
            {"distance_km": 0.2},
            {"speed_kmh": 3.6},
            {"timestamp": "Sun Mar 19 07:53:21 UTC 2017"}
        ],
        [
            {"location": [[
                {"latitude": 64.232854},
                {"longitude": 27.731428}
            ]]},
            {"altitude": 158.5},
            {"distance_km": 0.21},
            {"speed_kmh": 3.6},
            {"timestamp": "Sun Mar 19 07:53:31 UTC 2017"}
        ],
        [
            {"location": [[
                {"latitude": 64.232953},
                {"longitude": 27.731476}
            ]]},
            {"altitude": 162.5},
            {"distance_km": 0.22},
            {"speed_kmh": 2.7},
            {"timestamp": "Sun Mar 19 07:53:43 UTC 2017"}
        ],
        [
            {"location": [[
                {"latitude": 64.233042},
                {"longitude": 27.731608}
            ]]},
            {"altitude": 167},
            {"distance_km": 0.23},
            {"speed_kmh": 1.8},
            {"timestamp": "Sun Mar 19 07:53:59 UTC 2017"}
        ],
        [
            {"location": [[
                {"latitude": 64.233133},
                {"longitude": 27.731661}
            ]]},
            {"altitude": 168},
            {"distance_km": 0.24},
            {"speed_kmh": 1.8},
            {"timestamp": "Sun Mar 19 07:54:22 UTC 2017"}
        ],
        [
            {"location": [[
                {"latitude": 64.233226},
                {"longitude": 27.731642}
            ]]},
            {"altitude": 167},
            {"distance_km": 0.25},
            {"speed_kmh": 0},
            {"timestamp": "Sun Mar 19 07:54:28 UTC 2017"}
        ],
        [
            {"location": [[
                {"latitude": 64.233322},
                {"longitude": 27.731686}
            ]]},
            {"altitude": 168},
            {"distance_km": 0.26},
            {"speed_kmh": 2.7},
            {"timestamp": "Sun Mar 19 07:54:55 UTC 2017"}
        ],
        [
            {"location": [[
                {"latitude": 64.233441},
                {"longitude": 27.731681}
            ]]},
            {"altitude": 168},
            {"distance_km": 0.28},
            {"speed_kmh": 2.7},
            {"timestamp": "Sun Mar 19 07:55:03 UTC 2017"}
        ],
        [
            {"location": [[
                {"latitude": 64.233535},
                {"longitude": 27.731645}
            ]]},
            {"altitude": 171.5},
            {"distance_km": 0.29},
            {"speed_kmh": 2.7},
            {"timestamp": "Sun Mar 19 07:55:09 UTC 2017"}
        ],
        [
            {"location": [[
                {"latitude": 64.233624},
                {"longitude": 27.731599}
            ]]},
            {"altitude": 174.5},
            {"distance_km": 0.3},
            {"speed_kmh": 1.8},
            {"timestamp": "Sun Mar 19 07:55:27 UTC 2017"}
        ],
        [
            {"location": [[
                {"latitude": 64.23372},
                {"longitude": 27.731489}
            ]]},
            {"altitude": 178.5},
            {"distance_km": 0.31},
            {"speed_kmh": 2.7},
            {"timestamp": "Sun Mar 19 07:55:35 UTC 2017"}
        ],
        [
            {"location": [[
                {"latitude": 64.233803},
                {"longitude": 27.731362}
            ]]},
            {"altitude": 182},
            {"distance_km": 0.32},
            {"speed_kmh": 2.7},
            {"timestamp": "Sun Mar 19 07:55:41 UTC 2017"}
        ],
        [
            {"location": [[
                {"latitude": 64.233896},
                {"longitude": 27.731272}
            ]]},
            {"altitude": 185},
            {"distance_km": 0.33},
            {"speed_kmh": 2.7},
            {"timestamp": "Sun Mar 19 07:55:47 UTC 2017"}
        ],
        [
            {"location": [[
                {"latitude": 64.23399},
                {"longitude": 27.731187}
            ]]},
            {"altitude": 187.5},
            {"distance_km": 0.34},
            {"speed_kmh": 2.7},
            {"timestamp": "Sun Mar 19 07:55:55 UTC 2017"}
        ],
        [
            {"location": [[
                {"latitude": 64.234077},
                {"longitude": 27.731048}
            ]]},
            {"altitude": 188},
            {"distance_km": 0.36},
            {"speed_kmh": 3.6},
            {"timestamp": "Sun Mar 19 07:56:03 UTC 2017"}
        ],
        [
            {"location": [[
                {"latitude": 64.23415},
                {"longitude": 27.73091}
            ]]},
            {"altitude": 190},
            {"distance_km": 0.37},
            {"speed_kmh": 2.7},
            {"timestamp": "Sun Mar 19 07:56:11 UTC 2017"}
        ],
        [
            {"location": [[
                {"latitude": 64.234218},
                {"longitude": 27.730709}
            ]]},
            {"altitude": 188},
            {"distance_km": 0.38},
            {"speed_kmh": 2.7},
            {"timestamp": "Sun Mar 19 07:56:22 UTC 2017"}
        ],
        [
            {"location": [[
                {"latitude": 64.234267},
                {"longitude": 27.730521}
            ]]},
            {"altitude": 190},
            {"distance_km": 0.39},
            {"speed_kmh": 2.7},
            {"timestamp": "Sun Mar 19 07:56:30 UTC 2017"}
        ],
        [
            {"location": [[
                {"latitude": 64.234347},
                {"longitude": 27.730361}
            ]]},
            {"altitude": 188.5},
            {"distance_km": 0.4},
            {"speed_kmh": 2.7},
            {"timestamp": "Sun Mar 19 07:56:41 UTC 2017"}
        ],
        [
            {"location": [[
                {"latitude": 64.23442},
                {"longitude": 27.73018}
            ]]},
            {"altitude": 193},
            {"distance_km": 0.41},
            {"speed_kmh": 2.7},
            {"timestamp": "Sun Mar 19 07:56:53 UTC 2017"}
        ],
        [
            {"location": [[
                {"latitude": 64.234493},
                {"longitude": 27.730033}
            ]]},
            {"altitude": 191},
            {"distance_km": 0.42},
            {"speed_kmh": 2.7},
            {"timestamp": "Sun Mar 19 07:57:01 UTC 2017"}
        ],
        [
            {"location": [[
                {"latitude": 64.234569},
                {"longitude": 27.729874}
            ]]},
            {"altitude": 189.5},
            {"distance_km": 0.43},
            {"speed_kmh": 2.7},
            {"timestamp": "Sun Mar 19 07:57:11 UTC 2017"}
        ],
        [
            {"location": [[
                {"latitude": 64.234651},
                {"longitude": 27.729785}
            ]]},
            {"altitude": 192.5},
            {"distance_km": 0.44},
            {"speed_kmh": 2.7},
            {"timestamp": "Sun Mar 19 07:57:19 UTC 2017"}
        ],
        [
            {"location": [[
                {"latitude": 64.234734},
                {"longitude": 27.729622}
            ]]},
            {"altitude": 192.5},
            {"distance_km": 0.46},
            {"speed_kmh": 2.7},
            {"timestamp": "Sun Mar 19 07:57:29 UTC 2017"}
        ],
        [
            {"location": [[
                {"latitude": 64.234809},
                {"longitude": 27.729454}
            ]]},
            {"altitude": 192},
            {"distance_km": 0.47},
            {"speed_kmh": 2.7},
            {"timestamp": "Sun Mar 19 07:57:41 UTC 2017"}
        ],
        [
            {"location": [[
                {"latitude": 64.234881},
                {"longitude": 27.729293}
            ]]},
            {"altitude": 197},
            {"distance_km": 0.48},
            {"speed_kmh": 2.7},
            {"timestamp": "Sun Mar 19 07:57:51 UTC 2017"}
        ],
        [
            {"location": [[
                {"latitude": 64.234973},
                {"longitude": 27.729198}
            ]]},
            {"altitude": 197},
            {"distance_km": 0.49},
            {"speed_kmh": 2.7},
            {"timestamp": "Sun Mar 19 07:58:05 UTC 2017"}
        ],
        [
            {"location": [[
                {"latitude": 64.235039},
                {"longitude": 27.729039}
            ]]},
            {"altitude": 198},
            {"distance_km": 0.5},
            {"speed_kmh": 2.7},
            {"timestamp": "Sun Mar 19 07:58:15 UTC 2017"}
        ],
        [
            {"location": [[
                {"latitude": 64.235133},
                {"longitude": 27.728976}
            ]]},
            {"altitude": 200},
            {"distance_km": 0.51},
            {"speed_kmh": 2.7},
            {"timestamp": "Sun Mar 19 07:58:27 UTC 2017"}
        ],
        [
            {"location": [[
                {"latitude": 64.235233},
                {"longitude": 27.729097}
            ]]},
            {"altitude": 200.5},
            {"distance_km": 0.53},
            {"speed_kmh": 4.5},
            {"timestamp": "Sun Mar 19 07:58:37 UTC 2017"}
        ],
        [
            {"location": [[
                {"latitude": 64.235329},
                {"longitude": 27.729082}
            ]]},
            {"altitude": 199},
            {"distance_km": 0.54},
            {"speed_kmh": 3.6},
            {"timestamp": "Sun Mar 19 07:58:47 UTC 2017"}
        ],
        [
            {"location": [[
                {"latitude": 64.235394},
                {"longitude": 27.728938}
            ]]},
            {"altitude": 200},
            {"distance_km": 0.55},
            {"speed_kmh": 0.9},
            {"timestamp": "Sun Mar 19 08:03:27 UTC 2017"}
        ],
        [
            {"location": [[
                {"latitude": 64.235386},
                {"longitude": 27.728731}
            ]]},
            {"altitude": 200},
            {"distance_km": 0.56},
            {"speed_kmh": 0.9},
            {"timestamp": "Sun Mar 19 08:03:53 UTC 2017"}
        ],
        [
            {"location": [[
                {"latitude": 64.235484},
                {"longitude": 27.728642}
            ]]},
            {"altitude": 202.5},
            {"distance_km": 0.57},
            {"speed_kmh": 3.6},
            {"timestamp": "Sun Mar 19 08:04:03 UTC 2017"}
        ],
        [
            {"location": [[
                {"latitude": 64.23557},
                {"longitude": 27.728522}
            ]]},
            {"altitude": 200},
            {"distance_km": 0.58},
            {"speed_kmh": 2.7},
            {"timestamp": "Sun Mar 19 08:04:15 UTC 2017"}
        ],
        [
            {"location": [[
                {"latitude": 64.235651},
                {"longitude": 27.728366}
            ]]},
            {"altitude": 196},
            {"distance_km": 0.59},
            {"speed_kmh": 2.7},
            {"timestamp": "Sun Mar 19 08:04:31 UTC 2017"}
        ],
        [
            {"location": [[
                {"latitude": 64.235741},
                {"longitude": 27.728262}
            ]]},
            {"altitude": 199},
            {"distance_km": 0.6},
            {"speed_kmh": 2.7},
            {"timestamp": "Sun Mar 19 08:04:39 UTC 2017"}
        ],
        [
            {"location": [[
                {"latitude": 64.235841},
                {"longitude": 27.728137}
            ]]},
            {"altitude": 204},
            {"distance_km": 0.61},
            {"speed_kmh": 3.6},
            {"timestamp": "Sun Mar 19 08:04:47 UTC 2017"}
        ],
        [
            {"location": [[
                {"latitude": 64.235919},
                {"longitude": 27.728024}
            ]]},
            {"altitude": 203.5},
            {"distance_km": 0.62},
            {"speed_kmh": 3.6},
            {"timestamp": "Sun Mar 19 08:04:56 UTC 2017"}
        ],
        [
            {"location": [[
                {"latitude": 64.236012},
                {"longitude": 27.727919}
            ]]},
            {"altitude": 202.5},
            {"distance_km": 0.64},
            {"speed_kmh": 3.6},
            {"timestamp": "Sun Mar 19 08:05:06 UTC 2017"}
        ],
        [
            {"location": [[
                {"latitude": 64.236074},
                {"longitude": 27.727769}
            ]]},
            {"altitude": 205.5},
            {"distance_km": 0.65},
            {"speed_kmh": 0},
            {"timestamp": "Sun Mar 19 08:05:17 UTC 2017"}
        ],
        [
            {"location": [[
                {"latitude": 64.236107},
                {"longitude": 27.727515}
            ]]},
            {"altitude": 209},
            {"distance_km": 0.66},
            {"speed_kmh": 2.7},
            {"timestamp": "Sun Mar 19 08:05:27 UTC 2017"}
        ],
        [
            {"location": [[
                {"latitude": 64.23614},
                {"longitude": 27.727273}
            ]]},
            {"altitude": 207},
            {"distance_km": 0.67},
            {"speed_kmh": 2.7},
            {"timestamp": "Sun Mar 19 08:05:35 UTC 2017"}
        ],
        [
            {"location": [[
                {"latitude": 64.236169},
                {"longitude": 27.727029}
            ]]},
            {"altitude": 210},
            {"distance_km": 0.68},
            {"speed_kmh": 2.7},
            {"timestamp": "Sun Mar 19 08:05:43 UTC 2017"}
        ],
        [
            {"location": [[
                {"latitude": 64.236179},
                {"longitude": 27.726815}
            ]]},
            {"altitude": 209},
            {"distance_km": 0.69},
            {"speed_kmh": 2.7},
            {"timestamp": "Sun Mar 19 08:05:53 UTC 2017"}
        ],
        [
            {"location": [[
                {"latitude": 64.236209},
                {"longitude": 27.726612}
            ]]},
            {"altitude": 206.5},
            {"distance_km": 0.7},
            {"speed_kmh": 2.7},
            {"timestamp": "Sun Mar 19 08:06:01 UTC 2017"}
        ],
        [
            {"location": [[
                {"latitude": 64.236237},
                {"longitude": 27.72641}
            ]]},
            {"altitude": 201.5},
            {"distance_km": 0.71},
            {"speed_kmh": 3.6},
            {"timestamp": "Sun Mar 19 08:06:07 UTC 2017"}
        ],
        [
            {"location": [[
                {"latitude": 64.236291},
                {"longitude": 27.726215}
            ]]},
            {"altitude": 205},
            {"distance_km": 0.73},
            {"speed_kmh": 3.6},
            {"timestamp": "Sun Mar 19 08:06:15 UTC 2017"}
        ],
        [
            {"location": [[
                {"latitude": 64.23631},
                {"longitude": 27.72599}
            ]]},
            {"altitude": 201},
            {"distance_km": 0.74},
            {"speed_kmh": 3.6},
            {"timestamp": "Sun Mar 19 08:06:23 UTC 2017"}
        ],
        [
            {"location": [[
                {"latitude": 64.236307},
                {"longitude": 27.725746}
            ]]},
            {"altitude": 205.5},
            {"distance_km": 0.75},
            {"speed_kmh": 3.6},
            {"timestamp": "Sun Mar 19 08:06:31 UTC 2017"}
        ],
        [
            {"location": [[
                {"latitude": 64.236339},
                {"longitude": 27.725516}
            ]]},
            {"altitude": 204},
            {"distance_km": 0.76},
            {"speed_kmh": 3.6},
            {"timestamp": "Sun Mar 19 08:06:39 UTC 2017"}
        ],
        [
            {"location": [[
                {"latitude": 64.236394},
                {"longitude": 27.725339}
            ]]},
            {"altitude": 198.5},
            {"distance_km": 0.77},
            {"speed_kmh": 2.7},
            {"timestamp": "Sun Mar 19 08:06:51 UTC 2017"}
        ],
        [
            {"location": [[
                {"latitude": 64.236489},
                {"longitude": 27.725196}
            ]]},
            {"altitude": 194.5},
            {"distance_km": 0.78},
            {"speed_kmh": 3.6},
            {"timestamp": "Sun Mar 19 08:07:04 UTC 2017"}
        ],
        [
            {"location": [[
                {"latitude": 64.236588},
                {"longitude": 27.725241}
            ]]},
            {"altitude": 196.5},
            {"distance_km": 0.79},
            {"speed_kmh": 3.6},
            {"timestamp": "Sun Mar 19 08:07:25 UTC 2017"}
        ],
        [
            {"location": [[
                {"latitude": 64.236679},
                {"longitude": 27.725287}
            ]]},
            {"altitude": 194.5},
            {"distance_km": 0.81},
            {"speed_kmh": 0},
            {"timestamp": "Sun Mar 19 08:07:39 UTC 2017"}
        ],
        [
            {"location": [[
                {"latitude": 64.236775},
                {"longitude": 27.725324}
            ]]},
            {"altitude": 197},
            {"distance_km": 0.82},
            {"speed_kmh": 0},
            {"timestamp": "Sun Mar 19 08:07:53 UTC 2017"}
        ],
        [
            {"location": [[
                {"latitude": 64.23687},
                {"longitude": 27.725348}
            ]]},
            {"altitude": 194},
            {"distance_km": 0.83},
            {"speed_kmh": 1.8},
            {"timestamp": "Sun Mar 19 08:08:15 UTC 2017"}
        ],
        [
            {"location": [[
                {"latitude": 64.23698},
                {"longitude": 27.725435}
            ]]},
            {"altitude": 191},
            {"distance_km": 0.84},
            {"speed_kmh": 2.7},
            {"timestamp": "Sun Mar 19 08:08:23 UTC 2017"}
        ],
        [
            {"location": [[
                {"latitude": 64.23707},
                {"longitude": 27.725479}
            ]]},
            {"altitude": 188},
            {"distance_km": 0.85},
            {"speed_kmh": 2.7},
            {"timestamp": "Sun Mar 19 08:08:33 UTC 2017"}
        ],
        [
            {"location": [[
                {"latitude": 64.23716},
                {"longitude": 27.72556}
            ]]},
            {"altitude": 187.5},
            {"distance_km": 0.86},
            {"speed_kmh": 2.7},
            {"timestamp": "Sun Mar 19 08:09:01 UTC 2017"}
        ],
        [
            {"location": [[
                {"latitude": 64.237252},
                {"longitude": 27.725677}
            ]]},
            {"altitude": 190},
            {"distance_km": 0.87},
            {"speed_kmh": 2.7},
            {"timestamp": "Sun Mar 19 08:09:15 UTC 2017"}
        ],
        [
            {"location": [[
                {"latitude": 64.237327},
                {"longitude": 27.725814}
            ]]},
            {"altitude": 188},
            {"distance_km": 0.88},
            {"speed_kmh": 1.8},
            {"timestamp": "Sun Mar 19 08:09:23 UTC 2017"}
        ],
        [
            {"location": [[
                {"latitude": 64.23739},
                {"longitude": 27.725997}
            ]]},
            {"altitude": 188.5},
            {"distance_km": 0.89},
            {"speed_kmh": 2.7},
            {"timestamp": "Sun Mar 19 08:09:33 UTC 2017"}
        ],
        [
            {"location": [[
                {"latitude": 64.23749},
                {"longitude": 27.726157}
            ]]},
            {"altitude": 189},
            {"distance_km": 0.91},
            {"speed_kmh": 4.5},
            {"timestamp": "Sun Mar 19 08:09:41 UTC 2017"}
        ],
        [
            {"location": [[
                {"latitude": 64.237575},
                {"longitude": 27.726321}
            ]]},
            {"altitude": 191.5},
            {"distance_km": 0.92},
            {"speed_kmh": 4.5},
            {"timestamp": "Sun Mar 19 08:09:49 UTC 2017"}
        ],
        [
            {"location": [[
                {"latitude": 64.237653},
                {"longitude": 27.726423}
            ]]},
            {"altitude": 194.5},
            {"distance_km": 0.93},
            {"speed_kmh": 0},
            {"timestamp": "Sun Mar 19 08:09:57 UTC 2017"}
        ],
        [
            {"location": [[
                {"latitude": 64.237757},
                {"longitude": 27.726551}
            ]]},
            {"altitude": 194},
            {"distance_km": 0.94},
            {"speed_kmh": 3.6},
            {"timestamp": "Sun Mar 19 08:10:07 UTC 2017"}
        ],
        [
            {"location": [[
                {"latitude": 64.237852},
                {"longitude": 27.72661}
            ]]},
            {"altitude": 195},
            {"distance_km": 0.95},
            {"speed_kmh": 3.6},
            {"timestamp": "Sun Mar 19 08:10:13 UTC 2017"}
        ],
        [
            {"location": [[
                {"latitude": 64.237954},
                {"longitude": 27.726668}
            ]]},
            {"altitude": 196.5},
            {"distance_km": 0.97},
            {"speed_kmh": 2.7},
            {"timestamp": "Sun Mar 19 08:10:23 UTC 2017"}
        ],
        [
            {"location": [[
                {"latitude": 64.238043},
                {"longitude": 27.726707}
            ]]},
            {"altitude": 197.5},
            {"distance_km": 0.98},
            {"speed_kmh": 4.5},
            {"timestamp": "Sun Mar 19 08:10:27 UTC 2017"}
        ],
        [
            {"location": [[
                {"latitude": 64.238141},
                {"longitude": 27.726824}
            ]]},
            {"altitude": 198},
            {"distance_km": 0.99},
            {"speed_kmh": 3.6},
            {"timestamp": "Sun Mar 19 08:10:36 UTC 2017"}
        ],
        [
            {"location": [[
                {"latitude": 64.238238},
                {"longitude": 27.726984}
            ]]},
            {"altitude": 200},
            {"distance_km": 1},
            {"speed_kmh": 4.5},
            {"timestamp": "Sun Mar 19 08:10:45 UTC 2017"}
        ],
        [
            {"location": [[
                {"latitude": 64.238312},
                {"longitude": 27.727134}
            ]]},
            {"altitude": 197.5},
            {"distance_km": 1.01},
            {"speed_kmh": 4.5},
            {"timestamp": "Sun Mar 19 08:10:53 UTC 2017"}
        ],
        [
            {"location": [[
                {"latitude": 64.238413},
                {"longitude": 27.727144}
            ]]},
            {"altitude": 199},
            {"distance_km": 1.02},
            {"speed_kmh": 3.6},
            {"timestamp": "Sun Mar 19 08:11:01 UTC 2017"}
        ],
        [
            {"location": [[
                {"latitude": 64.238518},
                {"longitude": 27.727082}
            ]]},
            {"altitude": 194.5},
            {"distance_km": 1.04},
            {"speed_kmh": 2.7},
            {"timestamp": "Sun Mar 19 08:11:11 UTC 2017"}
        ],
        [
            {"location": [[
                {"latitude": 64.23862},
                {"longitude": 27.727117}
            ]]},
            {"altitude": 193.5},
            {"distance_km": 1.05},
            {"speed_kmh": 3.6},
            {"timestamp": "Sun Mar 19 08:11:21 UTC 2017"}
        ],
        [
            {"location": [[
                {"latitude": 64.238708},
                {"longitude": 27.727241}
            ]]},
            {"altitude": 193},
            {"distance_km": 1.06},
            {"speed_kmh": 3.6},
            {"timestamp": "Sun Mar 19 08:11:31 UTC 2017"}
        ],
        [
            {"location": [[
                {"latitude": 64.238699},
                {"longitude": 27.727473}
            ]]},
            {"altitude": 191.5},
            {"distance_km": 1.07},
            {"speed_kmh": 3.6},
            {"timestamp": "Sun Mar 19 08:11:41 UTC 2017"}
        ],
        [
            {"location": [[
                {"latitude": 64.238697},
                {"longitude": 27.727709}
            ]]},
            {"altitude": 191.5},
            {"distance_km": 1.08},
            {"speed_kmh": 4.5},
            {"timestamp": "Sun Mar 19 08:11:49 UTC 2017"}
        ],
        [
            {"location": [[
                {"latitude": 64.238723},
                {"longitude": 27.72793}
            ]]},
            {"altitude": 189.5},
            {"distance_km": 1.09},
            {"speed_kmh": 4.5},
            {"timestamp": "Sun Mar 19 08:11:57 UTC 2017"}
        ],
        [
            {"location": [[
                {"latitude": 64.238763},
                {"longitude": 27.728116}
            ]]},
            {"altitude": 188},
            {"distance_km": 1.1},
            {"speed_kmh": 4.5},
            {"timestamp": "Sun Mar 19 08:12:05 UTC 2017"}
        ],
        [
            {"location": [[
                {"latitude": 64.238794},
                {"longitude": 27.728319}
            ]]},
            {"altitude": 186.5},
            {"distance_km": 1.11},
            {"speed_kmh": 4.5},
            {"timestamp": "Sun Mar 19 08:12:13 UTC 2017"}
        ],
        [
            {"location": [[
                {"latitude": 64.238811},
                {"longitude": 27.728536}
            ]]},
            {"altitude": 185.5},
            {"distance_km": 1.12},
            {"speed_kmh": 3.6},
            {"timestamp": "Sun Mar 19 08:12:21 UTC 2017"}
        ],
        [
            {"location": [[
                {"latitude": 64.238844},
                {"longitude": 27.728744}
            ]]},
            {"altitude": 183},
            {"distance_km": 1.13},
            {"speed_kmh": 3.6},
            {"timestamp": "Sun Mar 19 08:12:30 UTC 2017"}
        ],
        [
            {"location": [[
                {"latitude": 64.238756},
                {"longitude": 27.728691}
            ]]},
            {"altitude": 181.5},
            {"distance_km": 1.14},
            {"speed_kmh": 4.5},
            {"timestamp": "Sun Mar 19 08:12:42 UTC 2017"}
        ],
        [
            {"location": [[
                {"latitude": 64.238654},
                {"longitude": 27.728626}
            ]]},
            {"altitude": 184},
            {"distance_km": 1.16},
            {"speed_kmh": 4.5},
            {"timestamp": "Sun Mar 19 08:12:53 UTC 2017"}
        ],
        [
            {"location": [[
                {"latitude": 64.238549},
                {"longitude": 27.728645}
            ]]},
            {"altitude": 186.5},
            {"distance_km": 1.17},
            {"speed_kmh": 3.6},
            {"timestamp": "Sun Mar 19 08:13:09 UTC 2017"}
        ],
        [
            {"location": [[
                {"latitude": 64.238454},
                {"longitude": 27.72855}
            ]]},
            {"altitude": 188.5},
            {"distance_km": 1.18},
            {"speed_kmh": 3.6},
            {"timestamp": "Sun Mar 19 08:13:17 UTC 2017"}
        ],
        [
            {"location": [[
                {"latitude": 64.238354},
                {"longitude": 27.728476}
            ]]},
            {"altitude": 190.5},
            {"distance_km": 1.19},
            {"speed_kmh": 3.6},
            {"timestamp": "Sun Mar 19 08:13:25 UTC 2017"}
        ],
        [
            {"location": [[
                {"latitude": 64.238264},
                {"longitude": 27.728437}
            ]]},
            {"altitude": 186},
            {"distance_km": 1.2},
            {"speed_kmh": 2.7},
            {"timestamp": "Sun Mar 19 08:13:45 UTC 2017"}
        ],
        [
            {"location": [[
                {"latitude": 64.238174},
                {"longitude": 27.728371}
            ]]},
            {"altitude": 190.5},
            {"distance_km": 1.21},
            {"speed_kmh": 2.7},
            {"timestamp": "Sun Mar 19 08:13:53 UTC 2017"}
        ],
        [
            {"location": [[
                {"latitude": 64.238082},
                {"longitude": 27.728448}
            ]]},
            {"altitude": 190.5},
            {"distance_km": 1.22},
            {"speed_kmh": 2.7},
            {"timestamp": "Sun Mar 19 08:14:03 UTC 2017"}
        ],
        [
            {"location": [[
                {"latitude": 64.237981},
                {"longitude": 27.728557}
            ]]},
            {"altitude": 194},
            {"distance_km": 1.24},
            {"speed_kmh": 3.6},
            {"timestamp": "Sun Mar 19 08:14:13 UTC 2017"}
        ],
        [
            {"location": [[
                {"latitude": 64.2379},
                {"longitude": 27.728701}
            ]]},
            {"altitude": 196},
            {"distance_km": 1.25},
            {"speed_kmh": 3.6},
            {"timestamp": "Sun Mar 19 08:14:21 UTC 2017"}
        ],
        [
            {"location": [[
                {"latitude": 64.237795},
                {"longitude": 27.72875}
            ]]},
            {"altitude": 197.5},
            {"distance_km": 1.26},
            {"speed_kmh": 3.6},
            {"timestamp": "Sun Mar 19 08:14:29 UTC 2017"}
        ],
        [
            {"location": [[
                {"latitude": 64.237699},
                {"longitude": 27.728764}
            ]]},
            {"altitude": 196},
            {"distance_km": 1.27},
            {"speed_kmh": 2.7},
            {"timestamp": "Sun Mar 19 08:14:40 UTC 2017"}
        ],
        [
            {"location": [[
                {"latitude": 64.237598},
                {"longitude": 27.72866}
            ]]},
            {"altitude": 197},
            {"distance_km": 1.28},
            {"speed_kmh": 3.6},
            {"timestamp": "Sun Mar 19 08:14:51 UTC 2017"}
        ],
        [
            {"location": [[
                {"latitude": 64.237509},
                {"longitude": 27.728686}
            ]]},
            {"altitude": 200},
            {"distance_km": 1.29},
            {"speed_kmh": 3.6},
            {"timestamp": "Sun Mar 19 08:14:59 UTC 2017"}
        ],
        [
            {"location": [[
                {"latitude": 64.2374},
                {"longitude": 27.728711}
            ]]},
            {"altitude": 200.5},
            {"distance_km": 1.3},
            {"speed_kmh": 3.6},
            {"timestamp": "Sun Mar 19 08:15:07 UTC 2017"}
        ],
        [
            {"location": [[
                {"latitude": 64.237309},
                {"longitude": 27.728797}
            ]]},
            {"altitude": 198.5},
            {"distance_km": 1.31},
            {"speed_kmh": 3.6},
            {"timestamp": "Sun Mar 19 08:15:15 UTC 2017"}
        ],
        [
            {"location": [[
                {"latitude": 64.237207},
                {"longitude": 27.728798}
            ]]},
            {"altitude": 198.5},
            {"distance_km": 1.33},
            {"speed_kmh": 3.6},
            {"timestamp": "Sun Mar 19 08:15:27 UTC 2017"}
        ],
        [
            {"location": [[
                {"latitude": 64.23712},
                {"longitude": 27.728744}
            ]]},
            {"altitude": 201},
            {"distance_km": 1.34},
            {"speed_kmh": 0},
            {"timestamp": "Sun Mar 19 08:15:37 UTC 2017"}
        ],
        [
            {"location": [[
                {"latitude": 64.237031},
                {"longitude": 27.728589}
            ]]},
            {"altitude": 202},
            {"distance_km": 1.35},
            {"speed_kmh": 2.7},
            {"timestamp": "Sun Mar 19 08:15:49 UTC 2017"}
        ],
        [
            {"location": [[
                {"latitude": 64.236943},
                {"longitude": 27.728452}
            ]]},
            {"altitude": 201.5},
            {"distance_km": 1.36},
            {"speed_kmh": 3.6},
            {"timestamp": "Sun Mar 19 08:15:57 UTC 2017"}
        ],
        [
            {"location": [[
                {"latitude": 64.236859},
                {"longitude": 27.728262}
            ]]},
            {"altitude": 202},
            {"distance_km": 1.37},
            {"speed_kmh": 4.5},
            {"timestamp": "Sun Mar 19 08:16:05 UTC 2017"}
        ],
        [
            {"location": [[
                {"latitude": 64.23675},
                {"longitude": 27.728161}
            ]]},
            {"altitude": 205},
            {"distance_km": 1.39},
            {"speed_kmh": 3.6},
            {"timestamp": "Sun Mar 19 08:16:13 UTC 2017"}
        ],
        [
            {"location": [[
                {"latitude": 64.236683},
                {"longitude": 27.728312}
            ]]},
            {"altitude": 200.5},
            {"distance_km": 1.4},
            {"speed_kmh": 0},
            {"timestamp": "Sun Mar 19 08:16:36 UTC 2017"}
        ],
        [
            {"location": [[
                {"latitude": 64.236583},
                {"longitude": 27.72838}
            ]]},
            {"altitude": 193.5},
            {"distance_km": 1.41},
            {"speed_kmh": 3.6},
            {"timestamp": "Sun Mar 19 08:17:03 UTC 2017"}
        ],
        [
            {"location": [[
                {"latitude": 64.236489},
                {"longitude": 27.728353}
            ]]},
            {"altitude": 192.5},
            {"distance_km": 1.42},
            {"speed_kmh": 3.6},
            {"timestamp": "Sun Mar 19 08:17:09 UTC 2017"}
        ],
        [
            {"location": [[
                {"latitude": 64.236392},
                {"longitude": 27.728364}
            ]]},
            {"altitude": 196},
            {"distance_km": 1.43},
            {"speed_kmh": 3.6},
            {"timestamp": "Sun Mar 19 08:17:17 UTC 2017"}
        ],
        [
            {"location": [[
                {"latitude": 64.236288},
                {"longitude": 27.728382}
            ]]},
            {"altitude": 197.5},
            {"distance_km": 1.44},
            {"speed_kmh": 3.6},
            {"timestamp": "Sun Mar 19 08:17:27 UTC 2017"}
        ],
        [
            {"location": [[
                {"latitude": 64.236179},
                {"longitude": 27.728358}
            ]]},
            {"altitude": 198.5},
            {"distance_km": 1.45},
            {"speed_kmh": 3.6},
            {"timestamp": "Sun Mar 19 08:17:35 UTC 2017"}
        ],
        [
            {"location": [[
                {"latitude": 64.236085},
                {"longitude": 27.728435}
            ]]},
            {"altitude": 202.5},
            {"distance_km": 1.46},
            {"speed_kmh": 3.6},
            {"timestamp": "Sun Mar 19 08:17:43 UTC 2017"}
        ],
        [
            {"location": [[
                {"latitude": 64.23601},
                {"longitude": 27.728571}
            ]]},
            {"altitude": 200},
            {"distance_km": 1.48},
            {"speed_kmh": 0},
            {"timestamp": "Sun Mar 19 08:17:53 UTC 2017"}
        ],
        [
            {"location": [[
                {"latitude": 64.235919},
                {"longitude": 27.728652}
            ]]},
            {"altitude": 198.5},
            {"distance_km": 1.49},
            {"speed_kmh": 4.5},
            {"timestamp": "Sun Mar 19 08:18:03 UTC 2017"}
        ],
        [
            {"location": [[
                {"latitude": 64.235821},
                {"longitude": 27.728744}
            ]]},
            {"altitude": 199},
            {"distance_km": 1.5},
            {"speed_kmh": 2.7},
            {"timestamp": "Sun Mar 19 08:18:13 UTC 2017"}
        ],
        [
            {"location": [[
                {"latitude": 64.235731},
                {"longitude": 27.72879}
            ]]},
            {"altitude": 200},
            {"distance_km": 1.51},
            {"speed_kmh": 2.7},
            {"timestamp": "Sun Mar 19 08:18:23 UTC 2017"}
        ],
        [
            {"location": [[
                {"latitude": 64.235635},
                {"longitude": 27.728836}
            ]]},
            {"altitude": 198.5},
            {"distance_km": 1.52},
            {"speed_kmh": 3.6},
            {"timestamp": "Sun Mar 19 08:18:33 UTC 2017"}
        ],
        [
            {"location": [[
                {"latitude": 64.235544},
                {"longitude": 27.728929}
            ]]},
            {"altitude": 201},
            {"distance_km": 1.53},
            {"speed_kmh": 2.7},
            {"timestamp": "Sun Mar 19 08:18:44 UTC 2017"}
        ],
        [
            {"location": [[
                {"latitude": 64.235452},
                {"longitude": 27.728954}
            ]]},
            {"altitude": 201.5},
            {"distance_km": 1.54},
            {"speed_kmh": 3.6},
            {"timestamp": "Sun Mar 19 08:18:51 UTC 2017"}
        ],
        [
            {"location": [[
                {"latitude": 64.235372},
                {"longitude": 27.729084}
            ]]},
            {"altitude": 197},
            {"distance_km": 1.55},
            {"speed_kmh": 3.6},
            {"timestamp": "Sun Mar 19 08:19:07 UTC 2017"}
        ],
        [
            {"location": [[
                {"latitude": 64.235349},
                {"longitude": 27.729313}
            ]]},
            {"altitude": 197},
            {"distance_km": 1.56},
            {"speed_kmh": 2.7},
            {"timestamp": "Sun Mar 19 08:19:15 UTC 2017"}
        ],
        [
            {"location": [[
                {"latitude": 64.235265},
                {"longitude": 27.729451}
            ]]},
            {"altitude": 196.5},
            {"distance_km": 1.57},
            {"speed_kmh": 1.8},
            {"timestamp": "Sun Mar 19 08:19:25 UTC 2017"}
        ],
        [
            {"location": [[
                {"latitude": 64.235181},
                {"longitude": 27.729528}
            ]]},
            {"altitude": 196.5},
            {"distance_km": 1.58},
            {"speed_kmh": 2.7},
            {"timestamp": "Sun Mar 19 08:19:37 UTC 2017"}
        ],
        [
            {"location": [[
                {"latitude": 64.235143},
                {"longitude": 27.729719}
            ]]},
            {"altitude": 191},
            {"distance_km": 1.59},
            {"speed_kmh": 2.7},
            {"timestamp": "Sun Mar 19 08:19:51 UTC 2017"}
        ],
        [
            {"location": [[
                {"latitude": 64.235095},
                {"longitude": 27.729897}
            ]]},
            {"altitude": 186},
            {"distance_km": 1.6},
            {"speed_kmh": 0},
            {"timestamp": "Sun Mar 19 08:20:01 UTC 2017"}
        ],
        [
            {"location": [[
                {"latitude": 64.235017},
                {"longitude": 27.730011}
            ]]},
            {"altitude": 189.5},
            {"distance_km": 1.62},
            {"speed_kmh": 2.7},
            {"timestamp": "Sun Mar 19 08:20:13 UTC 2017"}
        ],
        [
            {"location": [[
                {"latitude": 64.234941},
                {"longitude": 27.730172}
            ]]},
            {"altitude": 189.5},
            {"distance_km": 1.63},
            {"speed_kmh": 3.6},
            {"timestamp": "Sun Mar 19 08:20:21 UTC 2017"}
        ],
        [
            {"location": [[
                {"latitude": 64.23489},
                {"longitude": 27.730373}
            ]]},
            {"altitude": 191.5},
            {"distance_km": 1.64},
            {"speed_kmh": 3.6},
            {"timestamp": "Sun Mar 19 08:20:29 UTC 2017"}
        ],
        [
            {"location": [[
                {"latitude": 64.234836},
                {"longitude": 27.730566}
            ]]},
            {"altitude": 191},
            {"distance_km": 1.65},
            {"speed_kmh": 3.6},
            {"timestamp": "Sun Mar 19 08:20:37 UTC 2017"}
        ],
        [
            {"location": [[
                {"latitude": 64.234767},
                {"longitude": 27.730722}
            ]]},
            {"altitude": 191},
            {"distance_km": 1.66},
            {"speed_kmh": 2.7},
            {"timestamp": "Sun Mar 19 08:20:47 UTC 2017"}
        ],
        [
            {"location": [[
                {"latitude": 64.234691},
                {"longitude": 27.730862}
            ]]},
            {"altitude": 188.5},
            {"distance_km": 1.67},
            {"speed_kmh": 2.7},
            {"timestamp": "Sun Mar 19 08:21:03 UTC 2017"}
        ],
        [
            {"location": [[
                {"latitude": 64.23463},
                {"longitude": 27.731019}
            ]]},
            {"altitude": 188},
            {"distance_km": 1.68},
            {"speed_kmh": 2.7},
            {"timestamp": "Sun Mar 19 08:21:11 UTC 2017"}
        ],
        [
            {"location": [[
                {"latitude": 64.234555},
                {"longitude": 27.73118}
            ]]},
            {"altitude": 181},
            {"distance_km": 1.69},
            {"speed_kmh": 1.8},
            {"timestamp": "Sun Mar 19 08:21:21 UTC 2017"}
        ],
        [
            {"location": [[
                {"latitude": 64.234491},
                {"longitude": 27.731345}
            ]]},
            {"altitude": 181},
            {"distance_km": 1.7},
            {"speed_kmh": 1.8},
            {"timestamp": "Sun Mar 19 08:21:39 UTC 2017"}
        ],
        [
            {"location": [[
                {"latitude": 64.234419},
                {"longitude": 27.73152}
            ]]},
            {"altitude": 184.5},
            {"distance_km": 1.71},
            {"speed_kmh": 2.7},
            {"timestamp": "Sun Mar 19 08:21:49 UTC 2017"}
        ],
        [
            {"location": [[
                {"latitude": 64.234329},
                {"longitude": 27.73158}
            ]]},
            {"altitude": 185.5},
            {"distance_km": 1.72},
            {"speed_kmh": 0.9},
            {"timestamp": "Sun Mar 19 08:21:55 UTC 2017"}
        ],
        [
            {"location": [[
                {"latitude": 64.23431},
                {"longitude": 27.731825}
            ]]},
            {"altitude": 180.5},
            {"distance_km": 1.74},
            {"speed_kmh": 1.8},
            {"timestamp": "Sun Mar 19 08:22:05 UTC 2017"}
        ],
        [
            {"location": [[
                {"latitude": 64.234214},
                {"longitude": 27.731911}
            ]]},
            {"altitude": 184},
            {"distance_km": 1.75},
            {"speed_kmh": 2.7},
            {"timestamp": "Sun Mar 19 08:22:13 UTC 2017"}
        ],
        [
            {"location": [[
                {"latitude": 64.234105},
                {"longitude": 27.731953}
            ]]},
            {"altitude": 186},
            {"distance_km": 1.76},
            {"speed_kmh": 0},
            {"timestamp": "Sun Mar 19 08:22:21 UTC 2017"}
        ],
        [
            {"location": [[
                {"latitude": 64.234007},
                {"longitude": 27.73202}
            ]]},
            {"altitude": 187.5},
            {"distance_km": 1.77},
            {"speed_kmh": 3.6},
            {"timestamp": "Sun Mar 19 08:22:29 UTC 2017"}
        ],
        [
            {"location": [[
                {"latitude": 64.233918},
                {"longitude": 27.732081}
            ]]},
            {"altitude": 188.5},
            {"distance_km": 1.78},
            {"speed_kmh": 2.7},
            {"timestamp": "Sun Mar 19 08:22:44 UTC 2017"}
        ],
        [
            {"location": [[
                {"latitude": 64.233817},
                {"longitude": 27.732157}
            ]]},
            {"altitude": 189},
            {"distance_km": 1.79},
            {"speed_kmh": 3.6},
            {"timestamp": "Sun Mar 19 08:22:53 UTC 2017"}
        ],
        [
            {"location": [[
                {"latitude": 64.233711},
                {"longitude": 27.73225}
            ]]},
            {"altitude": 190},
            {"distance_km": 1.81},
            {"speed_kmh": 3.6},
            {"timestamp": "Sun Mar 19 08:23:01 UTC 2017"}
        ],
        [
            {"location": [[
                {"latitude": 64.233615},
                {"longitude": 27.732388}
            ]]},
            {"altitude": 186.5},
            {"distance_km": 1.82},
            {"speed_kmh": 3.6},
            {"timestamp": "Sun Mar 19 08:23:09 UTC 2017"}
        ],
        [
            {"location": [[
                {"latitude": 64.233528},
                {"longitude": 27.732507}
            ]]},
            {"altitude": 188},
            {"distance_km": 1.83},
            {"speed_kmh": 4.5},
            {"timestamp": "Sun Mar 19 08:23:17 UTC 2017"}
        ],
        [
            {"location": [[
                {"latitude": 64.233438},
                {"longitude": 27.732564}
            ]]},
            {"altitude": 188},
            {"distance_km": 1.84},
            {"speed_kmh": 2.7},
            {"timestamp": "Sun Mar 19 08:23:47 UTC 2017"}
        ],
        [
            {"location": [[
                {"latitude": 64.233372},
                {"longitude": 27.732735}
            ]]},
            {"altitude": 183.5},
            {"distance_km": 1.85},
            {"speed_kmh": 1.8},
            {"timestamp": "Sun Mar 19 08:23:57 UTC 2017"}
        ],
        [
            {"location": [[
                {"latitude": 64.233269},
                {"longitude": 27.732837}
            ]]},
            {"altitude": 181},
            {"distance_km": 1.86},
            {"speed_kmh": 3.6},
            {"timestamp": "Sun Mar 19 08:24:11 UTC 2017"}
        ],
        [
            {"location": [[
                {"latitude": 64.233166},
                {"longitude": 27.732945}
            ]]},
            {"altitude": 179},
            {"distance_km": 1.88},
            {"speed_kmh": 3.6},
            {"timestamp": "Sun Mar 19 08:24:19 UTC 2017"}
        ],
        [
            {"location": [[
                {"latitude": 64.233063},
                {"longitude": 27.73307}
            ]]},
            {"altitude": 176.5},
            {"distance_km": 1.89},
            {"speed_kmh": 4.5},
            {"timestamp": "Sun Mar 19 08:24:27 UTC 2017"}
        ],
        [
            {"location": [[
                {"latitude": 64.232964},
                {"longitude": 27.733045}
            ]]},
            {"altitude": 174.5},
            {"distance_km": 1.9},
            {"speed_kmh": 4.5},
            {"timestamp": "Sun Mar 19 08:24:33 UTC 2017"}
        ],
        [
            {"location": [[
                {"latitude": 64.232866},
                {"longitude": 27.733022}
            ]]},
            {"altitude": 168.5},
            {"distance_km": 1.91},
            {"speed_kmh": 4.5},
            {"timestamp": "Sun Mar 19 08:24:41 UTC 2017"}
        ],
        [
            {"location": [[
                {"latitude": 64.232772},
                {"longitude": 27.733051}
            ]]},
            {"altitude": 167},
            {"distance_km": 1.92},
            {"speed_kmh": 3.6},
            {"timestamp": "Sun Mar 19 08:24:53 UTC 2017"}
        ],
        [
            {"location": [[
                {"latitude": 64.23277},
                {"longitude": 27.732812}
            ]]},
            {"altitude": 162.5},
            {"distance_km": 1.93},
            {"speed_kmh": 3.6},
            {"timestamp": "Sun Mar 19 08:25:15 UTC 2017"}
        ],
        [
            {"location": [[
                {"latitude": 64.232806},
                {"longitude": 27.73259}
            ]]},
            {"altitude": 164},
            {"distance_km": 1.95},
            {"speed_kmh": 3.6},
            {"timestamp": "Sun Mar 19 08:25:25 UTC 2017"}
        ],
        [
            {"location": [[
                {"latitude": 64.23284},
                {"longitude": 27.732359}
            ]]},
            {"altitude": 165.5},
            {"distance_km": 1.96},
            {"speed_kmh": 3.6},
            {"timestamp": "Sun Mar 19 08:25:35 UTC 2017"}
        ],
        [
            {"location": [[
                {"latitude": 64.232857},
                {"longitude": 27.732135}
            ]]},
            {"altitude": 161.5},
            {"distance_km": 1.97},
            {"speed_kmh": 2.7},
            {"timestamp": "Sun Mar 19 08:25:55 UTC 2017"}
        ],
        [
            {"location": [[
                {"latitude": 64.232897},
                {"longitude": 27.731907}
            ]]},
            {"altitude": 162},
            {"distance_km": 1.98},
            {"speed_kmh": 3.6},
            {"timestamp": "Sun Mar 19 08:26:05 UTC 2017"}
        ],
        [
            {"location": [[
                {"latitude": 64.232903},
                {"longitude": 27.731694}
            ]]},
            {"altitude": 162.5},
            {"distance_km": 1.99},
            {"speed_kmh": 3.6},
            {"timestamp": "Sun Mar 19 08:26:13 UTC 2017"}
        ],
        [
            {"location": [[
                {"latitude": 64.232907},
                {"longitude": 27.731479}
            ]]},
            {"altitude": 161},
            {"distance_km": 2},
            {"speed_kmh": 3.6},
            {"timestamp": "Sun Mar 19 08:26:21 UTC 2017"}
        ],
        [
            {"location": [[
                {"latitude": 64.232815},
                {"longitude": 27.731416}
            ]]},
            {"altitude": 157.5},
            {"distance_km": 2.01},
            {"speed_kmh": 3.6},
            {"timestamp": "Sun Mar 19 08:26:29 UTC 2017"}
        ],
        [
            {"location": [[
                {"latitude": 64.232728},
                {"longitude": 27.731277}
            ]]},
            {"altitude": 158.5},
            {"distance_km": 2.02},
            {"speed_kmh": 3.6},
            {"timestamp": "Sun Mar 19 08:26:39 UTC 2017"}
        ],
        [
            {"location": [[
                {"latitude": 64.232633},
                {"longitude": 27.731184}
            ]]},
            {"altitude": 158.5},
            {"distance_km": 2.04},
            {"speed_kmh": 4.5},
            {"timestamp": "Sun Mar 19 08:26:49 UTC 2017"}
        ],
        [
            {"location": [[
                {"latitude": 64.232533},
                {"longitude": 27.731086}
            ]]},
            {"altitude": 160},
            {"distance_km": 2.05},
            {"speed_kmh": 3.6},
            {"timestamp": "Sun Mar 19 08:27:01 UTC 2017"}
        ],
        [
            {"location": [[
                {"latitude": 64.232434},
                {"longitude": 27.731038}
            ]]},
            {"altitude": 155},
            {"distance_km": 2.06},
            {"speed_kmh": 3.6},
            {"timestamp": "Sun Mar 19 08:27:11 UTC 2017"}
        ],
        [
            {"location": [[
                {"latitude": 64.232354},
                {"longitude": 27.730918}
            ]]},
            {"altitude": 155},
            {"distance_km": 2.07},
            {"speed_kmh": 3.6},
            {"timestamp": "Sun Mar 19 08:27:19 UTC 2017"}
        ],
        [
            {"location": [[
                {"latitude": 64.232277},
                {"longitude": 27.730803}
            ]]},
            {"altitude": 155},
            {"distance_km": 2.08},
            {"speed_kmh": 3.6},
            {"timestamp": "Sun Mar 19 08:27:27 UTC 2017"}
        ],
        [
            {"location": [[
                {"latitude": 64.232196},
                {"longitude": 27.730705}
            ]]},
            {"altitude": 154.5},
            {"distance_km": 2.09},
            {"speed_kmh": 3.6},
            {"timestamp": "Sun Mar 19 08:27:35 UTC 2017"}
        ],
        [
            {"location": [[
                {"latitude": 64.232106},
                {"longitude": 27.730573}
            ]]},
            {"altitude": 155},
            {"distance_km": 2.1},
            {"speed_kmh": 4.5},
            {"timestamp": "Sun Mar 19 08:27:43 UTC 2017"}
        ],
        [
            {"location": [[
                {"latitude": 64.232027},
                {"longitude": 27.730441}
            ]]},
            {"altitude": 153},
            {"distance_km": 2.11},
            {"speed_kmh": 3.6},
            {"timestamp": "Sun Mar 19 08:27:51 UTC 2017"}
        ],
        [
            {"location": [[
                {"latitude": 64.231943},
                {"longitude": 27.730329}
            ]]},
            {"altitude": 158},
            {"distance_km": 2.12},
            {"speed_kmh": 2.7},
            {"timestamp": "Sun Mar 19 08:28:17 UTC 2017"}
        ],
        [
            {"location": [[
                {"latitude": 64.231862},
                {"longitude": 27.730227}
            ]]},
            {"altitude": 156.5},
            {"distance_km": 2.13},
            {"speed_kmh": 3.6},
            {"timestamp": "Sun Mar 19 08:28:25 UTC 2017"}
        ],
        [
            {"location": [[
                {"latitude": 64.231775},
                {"longitude": 27.730094}
            ]]},
            {"altitude": 154},
            {"distance_km": 2.15},
            {"speed_kmh": 3.6},
            {"timestamp": "Sun Mar 19 08:28:37 UTC 2017"}
        ],
        [
            {"location": [[
                {"latitude": 64.231736},
                {"longitude": 27.729907}
            ]]},
            {"altitude": 150.5},
            {"distance_km": 2.16},
            {"speed_kmh": 3.6},
            {"timestamp": "Sun Mar 19 08:28:45 UTC 2017"}
        ],
        [
            {"location": [[
                {"latitude": 64.231719},
                {"longitude": 27.729686}
            ]]},
            {"altitude": 145.5},
            {"distance_km": 2.17},
            {"speed_kmh": 3.6},
            {"timestamp": "Sun Mar 19 08:28:55 UTC 2017"}
        ],
        [
            {"location": [[
                {"latitude": 64.2318},
                {"longitude": 27.729572}
            ]]},
            {"altitude": 146.5},
            {"distance_km": 2.18},
            {"speed_kmh": 0},
            {"timestamp": "Sun Mar 19 08:29:51 UTC 2017"}
        ],
        [
            {"location": [[
                {"latitude": 64.231839},
                {"longitude": 27.72956}
            ]]},
            {"altitude": 147},
            {"distance_km": 2.18},
            {"speed_kmh": 0},
            {"timestamp": "Sun Mar 19 08:30:14 UTC 2017"}
        ],
        [
            {"location": [[
                {"latitude": 64.231839},
                {"longitude": 27.72956}
            ]]},
            {"altitude": 147},
            {"distance_km": 2.18},
            {"speed_kmh": 0},
            {"timestamp": "Sun Mar 19 08:30:17 UTC 2017"}
        ]
    ]}
]