[
    {"sport": "WALKING"},
    {"source": "TRACK_MOBILE"},
    {"created_date": "2017-01-26 14:31:40.0"},
    {"start_time": "2017-01-26 14:08:23.0"},
    {"end_time": "2017-01-26 14:31:24.0"},
    {"duration_s": 1381},
    {"distance_km": 2.28},
    {"calories_kcal": 197.391},
    {"altitude_min_m": 134},
    {"altitude_max_m": 165.5},
    {"speed_avg_kmh": 5.943519188993482},
    {"speed_max_kmh": 7.2},
    {"ascend_m": 32},
    {"descend_m": 34},
    {"points": [
        [
            {"location": [[
                {"latitude": 64.223579},
                {"longitude": 27.673844}
            ]]},
            {"distance_km": 0},
            {"timestamp": "Thu Jan 26 14:08:23 UTC 2017"}
        ],
        [
            {"location": [[
                {"latitude": 64.223579},
                {"longitude": 27.673844}
            ]]},
            {"altitude": 148},
            {"distance_km": 0},
            {"speed_kmh": 4.5},
            {"timestamp": "Thu Jan 26 14:08:30 UTC 2017"}
        ],
        [
            {"location": [[
                {"latitude": 64.223508},
                {"longitude": 27.674027}
            ]]},
            {"altitude": 140.5},
            {"distance_km": 0.01},
            {"speed_kmh": 7.2},
            {"timestamp": "Thu Jan 26 14:08:40 UTC 2017"}
        ],
        [
            {"location": [[
                {"latitude": 64.223494},
                {"longitude": 27.674264}
            ]]},
            {"altitude": 139},
            {"distance_km": 0.02},
            {"speed_kmh": 6.3},
            {"timestamp": "Thu Jan 26 14:08:48 UTC 2017"}
        ],
        [
            {"location": [[
                {"latitude": 64.223405},
                {"longitude": 27.674453}
            ]]},
            {"altitude": 136},
            {"distance_km": 0.04},
            {"speed_kmh": 7.2},
            {"timestamp": "Thu Jan 26 14:08:55 UTC 2017"}
        ],
        [
            {"location": [[
                {"latitude": 64.223343},
                {"longitude": 27.674709}
            ]]},
            {"altitude": 137.5},
            {"distance_km": 0.05},
            {"speed_kmh": 7.2},
            {"timestamp": "Thu Jan 26 14:09:01 UTC 2017"}
        ],
        [
            {"location": [[
                {"latitude": 64.22329},
                {"longitude": 27.674904}
            ]]},
            {"altitude": 141.5},
            {"distance_km": 0.06},
            {"speed_kmh": 0},
            {"timestamp": "Thu Jan 26 14:09:11 UTC 2017"}
        ],
        [
            {"location": [[
                {"latitude": 64.223258},
                {"longitude": 27.675144}
            ]]},
            {"altitude": 141.5},
            {"distance_km": 0.07},
            {"speed_kmh": 6.3},
            {"timestamp": "Thu Jan 26 14:09:19 UTC 2017"}
        ],
        [
            {"location": [[
                {"latitude": 64.223255},
                {"longitude": 27.675377}
            ]]},
            {"altitude": 142.5},
            {"distance_km": 0.09},
            {"speed_kmh": 5.4},
            {"timestamp": "Thu Jan 26 14:09:27 UTC 2017"}
        ],
        [
            {"location": [[
                {"latitude": 64.223207},
                {"longitude": 27.675554}
            ]]},
            {"altitude": 139.5},
            {"distance_km": 0.1},
            {"speed_kmh": 5.4},
            {"timestamp": "Thu Jan 26 14:09:35 UTC 2017"}
        ],
        [
            {"location": [[
                {"latitude": 64.223143},
                {"longitude": 27.675751}
            ]]},
            {"altitude": 137},
            {"distance_km": 0.11},
            {"speed_kmh": 5.4},
            {"timestamp": "Thu Jan 26 14:09:43 UTC 2017"}
        ],
        [
            {"location": [[
                {"latitude": 64.223079},
                {"longitude": 27.67591}
            ]]},
            {"altitude": 139.5},
            {"distance_km": 0.12},
            {"speed_kmh": 4.5},
            {"timestamp": "Thu Jan 26 14:09:55 UTC 2017"}
        ],
        [
            {"location": [[
                {"latitude": 64.22303},
                {"longitude": 27.676084}
            ]]},
            {"altitude": 137.5},
            {"distance_km": 0.13},
            {"speed_kmh": 5.4},
            {"timestamp": "Thu Jan 26 14:10:01 UTC 2017"}
        ],
        [
            {"location": [[
                {"latitude": 64.222977},
                {"longitude": 27.67626}
            ]]},
            {"altitude": 139.5},
            {"distance_km": 0.14},
            {"speed_kmh": 5.4},
            {"timestamp": "Thu Jan 26 14:10:08 UTC 2017"}
        ],
        [
            {"location": [[
                {"latitude": 64.222879},
                {"longitude": 27.676248}
            ]]},
            {"altitude": 142},
            {"distance_km": 0.15},
            {"speed_kmh": 5.4},
            {"timestamp": "Thu Jan 26 14:10:14 UTC 2017"}
        ],
        [
            {"location": [[
                {"latitude": 64.222777},
                {"longitude": 27.67622}
            ]]},
            {"altitude": 142},
            {"distance_km": 0.16},
            {"speed_kmh": 5.4},
            {"timestamp": "Thu Jan 26 14:10:20 UTC 2017"}
        ],
        [
            {"location": [[
                {"latitude": 64.222675},
                {"longitude": 27.676165}
            ]]},
            {"altitude": 143.5},
            {"distance_km": 0.17},
            {"speed_kmh": 5.4},
            {"timestamp": "Thu Jan 26 14:10:26 UTC 2017"}
        ],
        [
            {"location": [[
                {"latitude": 64.222602},
                {"longitude": 27.675975}
            ]]},
            {"altitude": 143},
            {"distance_km": 0.18},
            {"speed_kmh": 7.2},
            {"timestamp": "Thu Jan 26 14:10:47 UTC 2017"}
        ],
        [
            {"location": [[
                {"latitude": 64.222497},
                {"longitude": 27.67588}
            ]]},
            {"altitude": 144},
            {"distance_km": 0.2},
            {"speed_kmh": 6.3},
            {"timestamp": "Thu Jan 26 14:10:53 UTC 2017"}
        ],
        [
            {"location": [[
                {"latitude": 64.222388},
                {"longitude": 27.675844}
            ]]},
            {"altitude": 144},
            {"distance_km": 0.21},
            {"speed_kmh": 6.3},
            {"timestamp": "Thu Jan 26 14:10:59 UTC 2017"}
        ],
        [
            {"location": [[
                {"latitude": 64.222288},
                {"longitude": 27.675821}
            ]]},
            {"altitude": 146.5},
            {"distance_km": 0.22},
            {"speed_kmh": 6.3},
            {"timestamp": "Thu Jan 26 14:11:05 UTC 2017"}
        ],
        [
            {"location": [[
                {"latitude": 64.2222},
                {"longitude": 27.675728}
            ]]},
            {"altitude": 147},
            {"distance_km": 0.23},
            {"speed_kmh": 6.3},
            {"timestamp": "Thu Jan 26 14:11:11 UTC 2017"}
        ],
        [
            {"location": [[
                {"latitude": 64.222114},
                {"longitude": 27.675649}
            ]]},
            {"altitude": 144},
            {"distance_km": 0.24},
            {"speed_kmh": 5.4},
            {"timestamp": "Thu Jan 26 14:11:17 UTC 2017"}
        ],
        [
            {"location": [[
                {"latitude": 64.222033},
                {"longitude": 27.675549}
            ]]},
            {"altitude": 142},
            {"distance_km": 0.25},
            {"speed_kmh": 4.5},
            {"timestamp": "Thu Jan 26 14:11:24 UTC 2017"}
        ],
        [
            {"location": [[
                {"latitude": 64.22195},
                {"longitude": 27.675453}
            ]]},
            {"altitude": 143.5},
            {"distance_km": 0.26},
            {"speed_kmh": 4.5},
            {"timestamp": "Thu Jan 26 14:11:32 UTC 2017"}
        ],
        [
            {"location": [[
                {"latitude": 64.221871},
                {"longitude": 27.675343}
            ]]},
            {"altitude": 147},
            {"distance_km": 0.27},
            {"speed_kmh": 2.7},
            {"timestamp": "Thu Jan 26 14:11:44 UTC 2017"}
        ],
        [
            {"location": [[
                {"latitude": 64.221807},
                {"longitude": 27.675178}
            ]]},
            {"altitude": 146.5},
            {"distance_km": 0.28},
            {"speed_kmh": 6.3},
            {"timestamp": "Thu Jan 26 14:11:53 UTC 2017"}
        ],
        [
            {"location": [[
                {"latitude": 64.221711},
                {"longitude": 27.675024}
            ]]},
            {"altitude": 144.5},
            {"distance_km": 0.3},
            {"speed_kmh": 5.4},
            {"timestamp": "Thu Jan 26 14:12:01 UTC 2017"}
        ],
        [
            {"location": [[
                {"latitude": 64.22162},
                {"longitude": 27.675033}
            ]]},
            {"altitude": 146.5},
            {"distance_km": 0.31},
            {"speed_kmh": 5.4},
            {"timestamp": "Thu Jan 26 14:12:07 UTC 2017"}
        ],
        [
            {"location": [[
                {"latitude": 64.221497},
                {"longitude": 27.675063}
            ]]},
            {"altitude": 147},
            {"distance_km": 0.32},
            {"speed_kmh": 7.2},
            {"timestamp": "Thu Jan 26 14:12:15 UTC 2017"}
        ],
        [
            {"location": [[
                {"latitude": 64.221382},
                {"longitude": 27.675141}
            ]]},
            {"altitude": 148.5},
            {"distance_km": 0.33},
            {"speed_kmh": 6.3},
            {"timestamp": "Thu Jan 26 14:12:21 UTC 2017"}
        ],
        [
            {"location": [[
                {"latitude": 64.221282},
                {"longitude": 27.675186}
            ]]},
            {"altitude": 149},
            {"distance_km": 0.35},
            {"speed_kmh": 6.3},
            {"timestamp": "Thu Jan 26 14:12:27 UTC 2017"}
        ],
        [
            {"location": [[
                {"latitude": 64.221184},
                {"longitude": 27.675182}
            ]]},
            {"altitude": 149.5},
            {"distance_km": 0.36},
            {"speed_kmh": 6.3},
            {"timestamp": "Thu Jan 26 14:12:33 UTC 2017"}
        ],
        [
            {"location": [[
                {"latitude": 64.221072},
                {"longitude": 27.675182}
            ]]},
            {"altitude": 146},
            {"distance_km": 0.37},
            {"speed_kmh": 6.3},
            {"timestamp": "Thu Jan 26 14:12:41 UTC 2017"}
        ],
        [
            {"location": [[
                {"latitude": 64.220961},
                {"longitude": 27.675217}
            ]]},
            {"altitude": 146},
            {"distance_km": 0.38},
            {"speed_kmh": 5.4},
            {"timestamp": "Thu Jan 26 14:12:49 UTC 2017"}
        ],
        [
            {"location": [[
                {"latitude": 64.220846},
                {"longitude": 27.675302}
            ]]},
            {"altitude": 150.5},
            {"distance_km": 0.39},
            {"speed_kmh": 5.4},
            {"timestamp": "Thu Jan 26 14:12:57 UTC 2017"}
        ],
        [
            {"location": [[
                {"latitude": 64.220759},
                {"longitude": 27.675358}
            ]]},
            {"altitude": 150},
            {"distance_km": 0.4},
            {"speed_kmh": 5.4},
            {"timestamp": "Thu Jan 26 14:13:03 UTC 2017"}
        ],
        [
            {"location": [[
                {"latitude": 64.220656},
                {"longitude": 27.675412}
            ]]},
            {"altitude": 152.5},
            {"distance_km": 0.42},
            {"speed_kmh": 5.4},
            {"timestamp": "Thu Jan 26 14:13:12 UTC 2017"}
        ],
        [
            {"location": [[
                {"latitude": 64.220558},
                {"longitude": 27.675306}
            ]]},
            {"altitude": 148.5},
            {"distance_km": 0.43},
            {"speed_kmh": 6.3},
            {"timestamp": "Thu Jan 26 14:13:26 UTC 2017"}
        ],
        [
            {"location": [[
                {"latitude": 64.220452},
                {"longitude": 27.675334}
            ]]},
            {"altitude": 148},
            {"distance_km": 0.44},
            {"speed_kmh": 6.3},
            {"timestamp": "Thu Jan 26 14:13:32 UTC 2017"}
        ],
        [
            {"location": [[
                {"latitude": 64.220353},
                {"longitude": 27.675264}
            ]]},
            {"altitude": 146.5},
            {"distance_km": 0.45},
            {"speed_kmh": 5.4},
            {"timestamp": "Thu Jan 26 14:13:38 UTC 2017"}
        ],
        [
            {"location": [[
                {"latitude": 64.220282},
                {"longitude": 27.675089}
            ]]},
            {"altitude": 148.5},
            {"distance_km": 0.46},
            {"speed_kmh": 6.3},
            {"timestamp": "Thu Jan 26 14:13:45 UTC 2017"}
        ],
        [
            {"location": [[
                {"latitude": 64.220192},
                {"longitude": 27.674899}
            ]]},
            {"altitude": 155},
            {"distance_km": 0.48},
            {"speed_kmh": 6.3},
            {"timestamp": "Thu Jan 26 14:13:53 UTC 2017"}
        ],
        [
            {"location": [[
                {"latitude": 64.220088},
                {"longitude": 27.67479}
            ]]},
            {"altitude": 154.5},
            {"distance_km": 0.49},
            {"speed_kmh": 7.2},
            {"timestamp": "Thu Jan 26 14:13:59 UTC 2017"}
        ],
        [
            {"location": [[
                {"latitude": 64.220024},
                {"longitude": 27.674568}
            ]]},
            {"altitude": 152.5},
            {"distance_km": 0.5},
            {"speed_kmh": 6.3},
            {"timestamp": "Thu Jan 26 14:14:07 UTC 2017"}
        ],
        [
            {"location": [[
                {"latitude": 64.219945},
                {"longitude": 27.674409}
            ]]},
            {"altitude": 152.5},
            {"distance_km": 0.51},
            {"speed_kmh": 6.3},
            {"timestamp": "Thu Jan 26 14:14:15 UTC 2017"}
        ],
        [
            {"location": [[
                {"latitude": 64.21986},
                {"longitude": 27.674236}
            ]]},
            {"altitude": 151.5},
            {"distance_km": 0.53},
            {"speed_kmh": 6.3},
            {"timestamp": "Thu Jan 26 14:14:23 UTC 2017"}
        ],
        [
            {"location": [[
                {"latitude": 64.219768},
                {"longitude": 27.674077}
            ]]},
            {"altitude": 149},
            {"distance_km": 0.54},
            {"speed_kmh": 6.3},
            {"timestamp": "Thu Jan 26 14:14:31 UTC 2017"}
        ],
        [
            {"location": [[
                {"latitude": 64.219696},
                {"longitude": 27.67392}
            ]]},
            {"altitude": 150.5},
            {"distance_km": 0.55},
            {"speed_kmh": 6.3},
            {"timestamp": "Thu Jan 26 14:14:37 UTC 2017"}
        ],
        [
            {"location": [[
                {"latitude": 64.219615},
                {"longitude": 27.673788}
            ]]},
            {"altitude": 151},
            {"distance_km": 0.56},
            {"speed_kmh": 6.3},
            {"timestamp": "Thu Jan 26 14:14:43 UTC 2017"}
        ],
        [
            {"location": [[
                {"latitude": 64.219533},
                {"longitude": 27.67358}
            ]]},
            {"altitude": 150.5},
            {"distance_km": 0.58},
            {"speed_kmh": 5.4},
            {"timestamp": "Thu Jan 26 14:14:51 UTC 2017"}
        ],
        [
            {"location": [[
                {"latitude": 64.219443},
                {"longitude": 27.673399}
            ]]},
            {"altitude": 151},
            {"distance_km": 0.59},
            {"speed_kmh": 6.3},
            {"timestamp": "Thu Jan 26 14:15:00 UTC 2017"}
        ],
        [
            {"location": [[
                {"latitude": 64.219378},
                {"longitude": 27.673224}
            ]]},
            {"altitude": 151.5},
            {"distance_km": 0.6},
            {"speed_kmh": 6.3},
            {"timestamp": "Thu Jan 26 14:15:06 UTC 2017"}
        ],
        [
            {"location": [[
                {"latitude": 64.219302},
                {"longitude": 27.673064}
            ]]},
            {"altitude": 153},
            {"distance_km": 0.61},
            {"speed_kmh": 6.3},
            {"timestamp": "Thu Jan 26 14:15:12 UTC 2017"}
        ],
        [
            {"location": [[
                {"latitude": 64.219223},
                {"longitude": 27.672929}
            ]]},
            {"altitude": 156},
            {"distance_km": 0.62},
            {"speed_kmh": 6.3},
            {"timestamp": "Thu Jan 26 14:15:18 UTC 2017"}
        ],
        [
            {"location": [[
                {"latitude": 64.219146},
                {"longitude": 27.672734}
            ]]},
            {"altitude": 155.5},
            {"distance_km": 0.63},
            {"speed_kmh": 6.3},
            {"timestamp": "Thu Jan 26 14:15:26 UTC 2017"}
        ],
        [
            {"location": [[
                {"latitude": 64.21908},
                {"longitude": 27.672569}
            ]]},
            {"altitude": 152},
            {"distance_km": 0.65},
            {"speed_kmh": 5.4},
            {"timestamp": "Thu Jan 26 14:15:35 UTC 2017"}
        ],
        [
            {"location": [[
                {"latitude": 64.218994},
                {"longitude": 27.67238}
            ]]},
            {"altitude": 152},
            {"distance_km": 0.66},
            {"speed_kmh": 5.4},
            {"timestamp": "Thu Jan 26 14:15:43 UTC 2017"}
        ],
        [
            {"location": [[
                {"latitude": 64.218923},
                {"longitude": 27.672232}
            ]]},
            {"altitude": 153.5},
            {"distance_km": 0.67},
            {"speed_kmh": 5.4},
            {"timestamp": "Thu Jan 26 14:15:49 UTC 2017"}
        ],
        [
            {"location": [[
                {"latitude": 64.218842},
                {"longitude": 27.6721}
            ]]},
            {"altitude": 153},
            {"distance_km": 0.68},
            {"speed_kmh": 6.3},
            {"timestamp": "Thu Jan 26 14:15:55 UTC 2017"}
        ],
        [
            {"location": [[
                {"latitude": 64.218772},
                {"longitude": 27.67195}
            ]]},
            {"altitude": 156.5},
            {"distance_km": 0.69},
            {"speed_kmh": 6.3},
            {"timestamp": "Thu Jan 26 14:16:01 UTC 2017"}
        ],
        [
            {"location": [[
                {"latitude": 64.218704},
                {"longitude": 27.671812}
            ]]},
            {"altitude": 156},
            {"distance_km": 0.7},
            {"speed_kmh": 6.3},
            {"timestamp": "Thu Jan 26 14:16:07 UTC 2017"}
        ],
        [
            {"location": [[
                {"latitude": 64.218624},
                {"longitude": 27.671685}
            ]]},
            {"altitude": 155},
            {"distance_km": 0.71},
            {"speed_kmh": 6.3},
            {"timestamp": "Thu Jan 26 14:16:13 UTC 2017"}
        ],
        [
            {"location": [[
                {"latitude": 64.21855},
                {"longitude": 27.671524}
            ]]},
            {"altitude": 156.5},
            {"distance_km": 0.72},
            {"speed_kmh": 6.3},
            {"timestamp": "Thu Jan 26 14:16:19 UTC 2017"}
        ],
        [
            {"location": [[
                {"latitude": 64.218482},
                {"longitude": 27.671356}
            ]]},
            {"altitude": 155.5},
            {"distance_km": 0.73},
            {"speed_kmh": 6.3},
            {"timestamp": "Thu Jan 26 14:16:25 UTC 2017"}
        ],
        [
            {"location": [[
                {"latitude": 64.21842},
                {"longitude": 27.671193}
            ]]},
            {"altitude": 152.5},
            {"distance_km": 0.75},
            {"speed_kmh": 6.3},
            {"timestamp": "Thu Jan 26 14:16:31 UTC 2017"}
        ],
        [
            {"location": [[
                {"latitude": 64.218349},
                {"longitude": 27.671046}
            ]]},
            {"altitude": 153},
            {"distance_km": 0.76},
            {"speed_kmh": 6.3},
            {"timestamp": "Thu Jan 26 14:16:37 UTC 2017"}
        ],
        [
            {"location": [[
                {"latitude": 64.218286},
                {"longitude": 27.670897}
            ]]},
            {"altitude": 152.5},
            {"distance_km": 0.77},
            {"speed_kmh": 6.3},
            {"timestamp": "Thu Jan 26 14:16:43 UTC 2017"}
        ],
        [
            {"location": [[
                {"latitude": 64.218226},
                {"longitude": 27.670709}
            ]]},
            {"altitude": 152},
            {"distance_km": 0.78},
            {"speed_kmh": 6.3},
            {"timestamp": "Thu Jan 26 14:16:49 UTC 2017"}
        ],
        [
            {"location": [[
                {"latitude": 64.218197},
                {"longitude": 27.670503}
            ]]},
            {"altitude": 150.5},
            {"distance_km": 0.79},
            {"speed_kmh": 6.3},
            {"timestamp": "Thu Jan 26 14:16:56 UTC 2017"}
        ],
        [
            {"location": [[
                {"latitude": 64.218179},
                {"longitude": 27.670275}
            ]]},
            {"altitude": 150.5},
            {"distance_km": 0.8},
            {"speed_kmh": 6.3},
            {"timestamp": "Thu Jan 26 14:17:02 UTC 2017"}
        ],
        [
            {"location": [[
                {"latitude": 64.21816},
                {"longitude": 27.670071}
            ]]},
            {"altitude": 150.5},
            {"distance_km": 0.81},
            {"speed_kmh": 6.3},
            {"timestamp": "Thu Jan 26 14:17:08 UTC 2017"}
        ],
        [
            {"location": [[
                {"latitude": 64.218136},
                {"longitude": 27.669834}
            ]]},
            {"altitude": 150.5},
            {"distance_km": 0.82},
            {"speed_kmh": 0},
            {"timestamp": "Thu Jan 26 14:17:18 UTC 2017"}
        ],
        [
            {"location": [[
                {"latitude": 64.21811},
                {"longitude": 27.669619}
            ]]},
            {"altitude": 149.5},
            {"distance_km": 0.83},
            {"speed_kmh": 0},
            {"timestamp": "Thu Jan 26 14:17:24 UTC 2017"}
        ],
        [
            {"location": [[
                {"latitude": 64.218092},
                {"longitude": 27.669396}
            ]]},
            {"altitude": 149.5},
            {"distance_km": 0.84},
            {"speed_kmh": 6.3},
            {"timestamp": "Thu Jan 26 14:17:32 UTC 2017"}
        ],
        [
            {"location": [[
                {"latitude": 64.218105},
                {"longitude": 27.669188}
            ]]},
            {"altitude": 148},
            {"distance_km": 0.85},
            {"speed_kmh": 6.3},
            {"timestamp": "Thu Jan 26 14:17:38 UTC 2017"}
        ],
        [
            {"location": [[
                {"latitude": 64.218085},
                {"longitude": 27.668928}
            ]]},
            {"altitude": 148.5},
            {"distance_km": 0.87},
            {"speed_kmh": 6.3},
            {"timestamp": "Thu Jan 26 14:17:44 UTC 2017"}
        ],
        [
            {"location": [[
                {"latitude": 64.21807},
                {"longitude": 27.668678}
            ]]},
            {"altitude": 147.5},
            {"distance_km": 0.88},
            {"speed_kmh": 5.4},
            {"timestamp": "Thu Jan 26 14:17:51 UTC 2017"}
        ],
        [
            {"location": [[
                {"latitude": 64.218039},
                {"longitude": 27.668444}
            ]]},
            {"altitude": 147.5},
            {"distance_km": 0.89},
            {"speed_kmh": 6.3},
            {"timestamp": "Thu Jan 26 14:17:57 UTC 2017"}
        ],
        [
            {"location": [[
                {"latitude": 64.218011},
                {"longitude": 27.668185}
            ]]},
            {"altitude": 150.5},
            {"distance_km": 0.9},
            {"speed_kmh": 5.4},
            {"timestamp": "Thu Jan 26 14:18:05 UTC 2017"}
        ],
        [
            {"location": [[
                {"latitude": 64.217998},
                {"longitude": 27.667968}
            ]]},
            {"altitude": 150.5},
            {"distance_km": 0.91},
            {"speed_kmh": 6.3},
            {"timestamp": "Thu Jan 26 14:18:11 UTC 2017"}
        ],
        [
            {"location": [[
                {"latitude": 64.217984},
                {"longitude": 27.667739}
            ]]},
            {"altitude": 153},
            {"distance_km": 0.92},
            {"speed_kmh": 6.3},
            {"timestamp": "Thu Jan 26 14:18:17 UTC 2017"}
        ],
        [
            {"location": [[
                {"latitude": 64.217975},
                {"longitude": 27.667517}
            ]]},
            {"altitude": 156},
            {"distance_km": 0.94},
            {"speed_kmh": 6.3},
            {"timestamp": "Thu Jan 26 14:18:23 UTC 2017"}
        ],
        [
            {"location": [[
                {"latitude": 64.217984},
                {"longitude": 27.667298}
            ]]},
            {"altitude": 156.5},
            {"distance_km": 0.95},
            {"speed_kmh": 6.3},
            {"timestamp": "Thu Jan 26 14:18:33 UTC 2017"}
        ],
        [
            {"location": [[
                {"latitude": 64.218022},
                {"longitude": 27.667088}
            ]]},
            {"altitude": 155.5},
            {"distance_km": 0.96},
            {"speed_kmh": 6.3},
            {"timestamp": "Thu Jan 26 14:18:39 UTC 2017"}
        ],
        [
            {"location": [[
                {"latitude": 64.218094},
                {"longitude": 27.666934}
            ]]},
            {"altitude": 154.5},
            {"distance_km": 0.97},
            {"speed_kmh": 5.4},
            {"timestamp": "Thu Jan 26 14:18:45 UTC 2017"}
        ],
        [
            {"location": [[
                {"latitude": 64.218164},
                {"longitude": 27.666755}
            ]]},
            {"altitude": 153.5},
            {"distance_km": 0.98},
            {"speed_kmh": 5.4},
            {"timestamp": "Thu Jan 26 14:18:51 UTC 2017"}
        ],
        [
            {"location": [[
                {"latitude": 64.218226},
                {"longitude": 27.666585}
            ]]},
            {"altitude": 154},
            {"distance_km": 0.99},
            {"speed_kmh": 6.3},
            {"timestamp": "Thu Jan 26 14:18:57 UTC 2017"}
        ],
        [
            {"location": [[
                {"latitude": 64.218291},
                {"longitude": 27.666423}
            ]]},
            {"altitude": 151.5},
            {"distance_km": 1},
            {"speed_kmh": 6.3},
            {"timestamp": "Thu Jan 26 14:19:04 UTC 2017"}
        ],
        [
            {"location": [[
                {"latitude": 64.218358},
                {"longitude": 27.666243}
            ]]},
            {"altitude": 152},
            {"distance_km": 1.01},
            {"speed_kmh": 6.3},
            {"timestamp": "Thu Jan 26 14:19:10 UTC 2017"}
        ],
        [
            {"location": [[
                {"latitude": 64.218418},
                {"longitude": 27.666058}
            ]]},
            {"altitude": 150},
            {"distance_km": 1.02},
            {"speed_kmh": 6.3},
            {"timestamp": "Thu Jan 26 14:19:16 UTC 2017"}
        ],
        [
            {"location": [[
                {"latitude": 64.218482},
                {"longitude": 27.665885}
            ]]},
            {"altitude": 151},
            {"distance_km": 1.03},
            {"speed_kmh": 6.3},
            {"timestamp": "Thu Jan 26 14:19:22 UTC 2017"}
        ],
        [
            {"location": [[
                {"latitude": 64.218552},
                {"longitude": 27.665682}
            ]]},
            {"altitude": 152},
            {"distance_km": 1.05},
            {"speed_kmh": 6.3},
            {"timestamp": "Thu Jan 26 14:19:28 UTC 2017"}
        ],
        [
            {"location": [[
                {"latitude": 64.21863},
                {"longitude": 27.665476}
            ]]},
            {"altitude": 151.5},
            {"distance_km": 1.06},
            {"speed_kmh": 6.3},
            {"timestamp": "Thu Jan 26 14:19:35 UTC 2017"}
        ],
        [
            {"location": [[
                {"latitude": 64.218694},
                {"longitude": 27.665269}
            ]]},
            {"altitude": 153.5},
            {"distance_km": 1.07},
            {"speed_kmh": 6.3},
            {"timestamp": "Thu Jan 26 14:19:41 UTC 2017"}
        ],
        [
            {"location": [[
                {"latitude": 64.21876},
                {"longitude": 27.665111}
            ]]},
            {"altitude": 153},
            {"distance_km": 1.08},
            {"speed_kmh": 6.3},
            {"timestamp": "Thu Jan 26 14:19:47 UTC 2017"}
        ],
        [
            {"location": [[
                {"latitude": 64.218811},
                {"longitude": 27.664927}
            ]]},
            {"altitude": 154},
            {"distance_km": 1.09},
            {"speed_kmh": 6.3},
            {"timestamp": "Thu Jan 26 14:19:53 UTC 2017"}
        ],
        [
            {"location": [[
                {"latitude": 64.218891},
                {"longitude": 27.664736}
            ]]},
            {"altitude": 155},
            {"distance_km": 1.11},
            {"speed_kmh": 6.3},
            {"timestamp": "Thu Jan 26 14:20:01 UTC 2017"}
        ],
        [
            {"location": [[
                {"latitude": 64.218962},
                {"longitude": 27.664564}
            ]]},
            {"altitude": 156},
            {"distance_km": 1.12},
            {"speed_kmh": 6.3},
            {"timestamp": "Thu Jan 26 14:20:07 UTC 2017"}
        ],
        [
            {"location": [[
                {"latitude": 64.219027},
                {"longitude": 27.664373}
            ]]},
            {"altitude": 156},
            {"distance_km": 1.13},
            {"speed_kmh": 6.3},
            {"timestamp": "Thu Jan 26 14:20:13 UTC 2017"}
        ],
        [
            {"location": [[
                {"latitude": 64.219105},
                {"longitude": 27.664224}
            ]]},
            {"altitude": 155.5},
            {"distance_km": 1.14},
            {"speed_kmh": 6.3},
            {"timestamp": "Thu Jan 26 14:20:19 UTC 2017"}
        ],
        [
            {"location": [[
                {"latitude": 64.219211},
                {"longitude": 27.66423}
            ]]},
            {"altitude": 156.5},
            {"distance_km": 1.15},
            {"speed_kmh": 6.3},
            {"timestamp": "Thu Jan 26 14:20:25 UTC 2017"}
        ],
        [
            {"location": [[
                {"latitude": 64.219306},
                {"longitude": 27.66421}
            ]]},
            {"altitude": 155.5},
            {"distance_km": 1.16},
            {"speed_kmh": 6.3},
            {"timestamp": "Thu Jan 26 14:20:31 UTC 2017"}
        ],
        [
            {"location": [[
                {"latitude": 64.219398},
                {"longitude": 27.664172}
            ]]},
            {"altitude": 154},
            {"distance_km": 1.17},
            {"speed_kmh": 6.3},
            {"timestamp": "Thu Jan 26 14:20:37 UTC 2017"}
        ],
        [
            {"location": [[
                {"latitude": 64.219512},
                {"longitude": 27.664088}
            ]]},
            {"altitude": 153.5},
            {"distance_km": 1.19},
            {"speed_kmh": 5.4},
            {"timestamp": "Thu Jan 26 14:20:45 UTC 2017"}
        ],
        [
            {"location": [[
                {"latitude": 64.219596},
                {"longitude": 27.664002}
            ]]},
            {"altitude": 154.5},
            {"distance_km": 1.2},
            {"speed_kmh": 5.4},
            {"timestamp": "Thu Jan 26 14:20:51 UTC 2017"}
        ],
        [
            {"location": [[
                {"latitude": 64.219711},
                {"longitude": 27.663925}
            ]]},
            {"altitude": 156.5},
            {"distance_km": 1.21},
            {"speed_kmh": 5.4},
            {"timestamp": "Thu Jan 26 14:21:00 UTC 2017"}
        ],
        [
            {"location": [[
                {"latitude": 64.219812},
                {"longitude": 27.663884}
            ]]},
            {"altitude": 155},
            {"distance_km": 1.22},
            {"speed_kmh": 5.4},
            {"timestamp": "Thu Jan 26 14:21:06 UTC 2017"}
        ],
        [
            {"location": [[
                {"latitude": 64.219909},
                {"longitude": 27.663836}
            ]]},
            {"altitude": 154.5},
            {"distance_km": 1.23},
            {"speed_kmh": 6.3},
            {"timestamp": "Thu Jan 26 14:21:12 UTC 2017"}
        ],
        [
            {"location": [[
                {"latitude": 64.220006},
                {"longitude": 27.663782}
            ]]},
            {"altitude": 156},
            {"distance_km": 1.24},
            {"speed_kmh": 6.3},
            {"timestamp": "Thu Jan 26 14:21:18 UTC 2017"}
        ],
        [
            {"location": [[
                {"latitude": 64.220105},
                {"longitude": 27.663701}
            ]]},
            {"altitude": 157},
            {"distance_km": 1.26},
            {"speed_kmh": 6.3},
            {"timestamp": "Thu Jan 26 14:21:24 UTC 2017"}
        ],
        [
            {"location": [[
                {"latitude": 64.220207},
                {"longitude": 27.663641}
            ]]},
            {"altitude": 156},
            {"distance_km": 1.27},
            {"speed_kmh": 6.3},
            {"timestamp": "Thu Jan 26 14:21:30 UTC 2017"}
        ],
        [
            {"location": [[
                {"latitude": 64.220296},
                {"longitude": 27.663592}
            ]]},
            {"altitude": 155.5},
            {"distance_km": 1.28},
            {"speed_kmh": 6.3},
            {"timestamp": "Thu Jan 26 14:21:36 UTC 2017"}
        ],
        [
            {"location": [[
                {"latitude": 64.220398},
                {"longitude": 27.663511}
            ]]},
            {"altitude": 154},
            {"distance_km": 1.29},
            {"speed_kmh": 6.3},
            {"timestamp": "Thu Jan 26 14:21:43 UTC 2017"}
        ],
        [
            {"location": [[
                {"latitude": 64.220511},
                {"longitude": 27.663452}
            ]]},
            {"altitude": 154.5},
            {"distance_km": 1.3},
            {"speed_kmh": 6.3},
            {"timestamp": "Thu Jan 26 14:21:51 UTC 2017"}
        ],
        [
            {"location": [[
                {"latitude": 64.220617},
                {"longitude": 27.663405}
            ]]},
            {"altitude": 153.5},
            {"distance_km": 1.31},
            {"speed_kmh": 6.3},
            {"timestamp": "Thu Jan 26 14:21:59 UTC 2017"}
        ],
        [
            {"location": [[
                {"latitude": 64.220723},
                {"longitude": 27.663391}
            ]]},
            {"altitude": 157},
            {"distance_km": 1.33},
            {"speed_kmh": 6.3},
            {"timestamp": "Thu Jan 26 14:22:05 UTC 2017"}
        ],
        [
            {"location": [[
                {"latitude": 64.220831},
                {"longitude": 27.663392}
            ]]},
            {"altitude": 156},
            {"distance_km": 1.34},
            {"speed_kmh": 6.3},
            {"timestamp": "Thu Jan 26 14:22:11 UTC 2017"}
        ],
        [
            {"location": [[
                {"latitude": 64.220923},
                {"longitude": 27.66336}
            ]]},
            {"altitude": 156.5},
            {"distance_km": 1.35},
            {"speed_kmh": 6.3},
            {"timestamp": "Thu Jan 26 14:22:17 UTC 2017"}
        ],
        [
            {"location": [[
                {"latitude": 64.221018},
                {"longitude": 27.663295}
            ]]},
            {"altitude": 157.5},
            {"distance_km": 1.36},
            {"speed_kmh": 6.3},
            {"timestamp": "Thu Jan 26 14:22:23 UTC 2017"}
        ],
        [
            {"location": [[
                {"latitude": 64.22111},
                {"longitude": 27.663242}
            ]]},
            {"altitude": 157},
            {"distance_km": 1.37},
            {"speed_kmh": 6.3},
            {"timestamp": "Thu Jan 26 14:22:29 UTC 2017"}
        ],
        [
            {"location": [[
                {"latitude": 64.2212},
                {"longitude": 27.663191}
            ]]},
            {"altitude": 157},
            {"distance_km": 1.38},
            {"speed_kmh": 6.3},
            {"timestamp": "Thu Jan 26 14:22:35 UTC 2017"}
        ],
        [
            {"location": [[
                {"latitude": 64.221306},
                {"longitude": 27.66315}
            ]]},
            {"altitude": 156.5},
            {"distance_km": 1.39},
            {"speed_kmh": 6.3},
            {"timestamp": "Thu Jan 26 14:22:41 UTC 2017"}
        ],
        [
            {"location": [[
                {"latitude": 64.221423},
                {"longitude": 27.66312}
            ]]},
            {"altitude": 157},
            {"distance_km": 1.41},
            {"speed_kmh": 6.3},
            {"timestamp": "Thu Jan 26 14:22:49 UTC 2017"}
        ],
        [
            {"location": [[
                {"latitude": 64.221521},
                {"longitude": 27.663148}
            ]]},
            {"altitude": 159},
            {"distance_km": 1.42},
            {"speed_kmh": 6.3},
            {"timestamp": "Thu Jan 26 14:22:55 UTC 2017"}
        ],
        [
            {"location": [[
                {"latitude": 64.221616},
                {"longitude": 27.663202}
            ]]},
            {"altitude": 161},
            {"distance_km": 1.43},
            {"speed_kmh": 6.3},
            {"timestamp": "Thu Jan 26 14:23:02 UTC 2017"}
        ],
        [
            {"location": [[
                {"latitude": 64.221704},
                {"longitude": 27.663288}
            ]]},
            {"altitude": 158.5},
            {"distance_km": 1.44},
            {"speed_kmh": 6.3},
            {"timestamp": "Thu Jan 26 14:23:08 UTC 2017"}
        ],
        [
            {"location": [[
                {"latitude": 64.221804},
                {"longitude": 27.663359}
            ]]},
            {"altitude": 161},
            {"distance_km": 1.45},
            {"speed_kmh": 6.3},
            {"timestamp": "Thu Jan 26 14:23:14 UTC 2017"}
        ],
        [
            {"location": [[
                {"latitude": 64.221884},
                {"longitude": 27.663484}
            ]]},
            {"altitude": 162},
            {"distance_km": 1.46},
            {"speed_kmh": 6.3},
            {"timestamp": "Thu Jan 26 14:23:20 UTC 2017"}
        ],
        [
            {"location": [[
                {"latitude": 64.221963},
                {"longitude": 27.663675}
            ]]},
            {"altitude": 159.5},
            {"distance_km": 1.47},
            {"speed_kmh": 6.3},
            {"timestamp": "Thu Jan 26 14:23:28 UTC 2017"}
        ],
        [
            {"location": [[
                {"latitude": 64.22204},
                {"longitude": 27.663918}
            ]]},
            {"altitude": 156},
            {"distance_km": 1.49},
            {"speed_kmh": 6.3},
            {"timestamp": "Thu Jan 26 14:23:37 UTC 2017"}
        ],
        [
            {"location": [[
                {"latitude": 64.222113},
                {"longitude": 27.664082}
            ]]},
            {"altitude": 157.5},
            {"distance_km": 1.5},
            {"speed_kmh": 6.3},
            {"timestamp": "Thu Jan 26 14:23:43 UTC 2017"}
        ],
        [
            {"location": [[
                {"latitude": 64.222183},
                {"longitude": 27.664219}
            ]]},
            {"altitude": 155.5},
            {"distance_km": 1.51},
            {"speed_kmh": 6.3},
            {"timestamp": "Thu Jan 26 14:23:49 UTC 2017"}
        ],
        [
            {"location": [[
                {"latitude": 64.222259},
                {"longitude": 27.664381}
            ]]},
            {"altitude": 156},
            {"distance_km": 1.52},
            {"speed_kmh": 6.3},
            {"timestamp": "Thu Jan 26 14:23:55 UTC 2017"}
        ],
        [
            {"location": [[
                {"latitude": 64.222327},
                {"longitude": 27.664535}
            ]]},
            {"altitude": 157.5},
            {"distance_km": 1.53},
            {"speed_kmh": 6.3},
            {"timestamp": "Thu Jan 26 14:24:01 UTC 2017"}
        ],
        [
            {"location": [[
                {"latitude": 64.222404},
                {"longitude": 27.66466}
            ]]},
            {"altitude": 157.5},
            {"distance_km": 1.54},
            {"speed_kmh": 6.3},
            {"timestamp": "Thu Jan 26 14:24:07 UTC 2017"}
        ],
        [
            {"location": [[
                {"latitude": 64.222488},
                {"longitude": 27.664817}
            ]]},
            {"altitude": 159},
            {"distance_km": 1.55},
            {"speed_kmh": 7.2},
            {"timestamp": "Thu Jan 26 14:24:13 UTC 2017"}
        ],
        [
            {"location": [[
                {"latitude": 64.222592},
                {"longitude": 27.664954}
            ]]},
            {"altitude": 162},
            {"distance_km": 1.57},
            {"speed_kmh": 6.3},
            {"timestamp": "Thu Jan 26 14:24:19 UTC 2017"}
        ],
        [
            {"location": [[
                {"latitude": 64.222681},
                {"longitude": 27.665092}
            ]]},
            {"altitude": 164},
            {"distance_km": 1.58},
            {"speed_kmh": 6.3},
            {"timestamp": "Thu Jan 26 14:24:25 UTC 2017"}
        ],
        [
            {"location": [[
                {"latitude": 64.222774},
                {"longitude": 27.665226}
            ]]},
            {"altitude": 165.5},
            {"distance_km": 1.59},
            {"speed_kmh": 7.2},
            {"timestamp": "Thu Jan 26 14:24:31 UTC 2017"}
        ],
        [
            {"location": [[
                {"latitude": 64.222839},
                {"longitude": 27.665381}
            ]]},
            {"altitude": 161},
            {"distance_km": 1.6},
            {"speed_kmh": 6.3},
            {"timestamp": "Thu Jan 26 14:24:37 UTC 2017"}
        ],
        [
            {"location": [[
                {"latitude": 64.222929},
                {"longitude": 27.665538}
            ]]},
            {"altitude": 160.5},
            {"distance_km": 1.61},
            {"speed_kmh": 6.3},
            {"timestamp": "Thu Jan 26 14:24:43 UTC 2017"}
        ],
        [
            {"location": [[
                {"latitude": 64.223003},
                {"longitude": 27.6657}
            ]]},
            {"altitude": 159},
            {"distance_km": 1.63},
            {"speed_kmh": 6.3},
            {"timestamp": "Thu Jan 26 14:24:49 UTC 2017"}
        ],
        [
            {"location": [[
                {"latitude": 64.223065},
                {"longitude": 27.665902}
            ]]},
            {"altitude": 156.5},
            {"distance_km": 1.64},
            {"speed_kmh": 6.3},
            {"timestamp": "Thu Jan 26 14:24:58 UTC 2017"}
        ],
        [
            {"location": [[
                {"latitude": 64.223146},
                {"longitude": 27.666084}
            ]]},
            {"altitude": 156},
            {"distance_km": 1.65},
            {"speed_kmh": 6.3},
            {"timestamp": "Thu Jan 26 14:25:06 UTC 2017"}
        ],
        [
            {"location": [[
                {"latitude": 64.223229},
                {"longitude": 27.666276}
            ]]},
            {"altitude": 154},
            {"distance_km": 1.66},
            {"speed_kmh": 6.3},
            {"timestamp": "Thu Jan 26 14:25:14 UTC 2017"}
        ],
        [
            {"location": [[
                {"latitude": 64.22329},
                {"longitude": 27.666452}
            ]]},
            {"altitude": 153.5},
            {"distance_km": 1.67},
            {"speed_kmh": 5.4},
            {"timestamp": "Thu Jan 26 14:25:22 UTC 2017"}
        ],
        [
            {"location": [[
                {"latitude": 64.223377},
                {"longitude": 27.666635}
            ]]},
            {"altitude": 152.5},
            {"distance_km": 1.69},
            {"speed_kmh": 6.3},
            {"timestamp": "Thu Jan 26 14:25:31 UTC 2017"}
        ],
        [
            {"location": [[
                {"latitude": 64.223446},
                {"longitude": 27.666807}
            ]]},
            {"altitude": 154},
            {"distance_km": 1.7},
            {"speed_kmh": 6.3},
            {"timestamp": "Thu Jan 26 14:25:37 UTC 2017"}
        ],
        [
            {"location": [[
                {"latitude": 64.223529},
                {"longitude": 27.666965}
            ]]},
            {"altitude": 152.5},
            {"distance_km": 1.71},
            {"speed_kmh": 6.3},
            {"timestamp": "Thu Jan 26 14:25:43 UTC 2017"}
        ],
        [
            {"location": [[
                {"latitude": 64.223603},
                {"longitude": 27.667112}
            ]]},
            {"altitude": 151.5},
            {"distance_km": 1.72},
            {"speed_kmh": 6.3},
            {"timestamp": "Thu Jan 26 14:25:49 UTC 2017"}
        ],
        [
            {"location": [[
                {"latitude": 64.223603},
                {"longitude": 27.667333}
            ]]},
            {"altitude": 154},
            {"distance_km": 1.73},
            {"speed_kmh": 6.3},
            {"timestamp": "Thu Jan 26 14:25:55 UTC 2017"}
        ],
        [
            {"location": [[
                {"latitude": 64.223528},
                {"longitude": 27.667523}
            ]]},
            {"altitude": 152.5},
            {"distance_km": 1.75},
            {"speed_kmh": 6.3},
            {"timestamp": "Thu Jan 26 14:26:01 UTC 2017"}
        ],
        [
            {"location": [[
                {"latitude": 64.223478},
                {"longitude": 27.667704}
            ]]},
            {"altitude": 153},
            {"distance_km": 1.76},
            {"speed_kmh": 6.3},
            {"timestamp": "Thu Jan 26 14:26:07 UTC 2017"}
        ],
        [
            {"location": [[
                {"latitude": 64.223408},
                {"longitude": 27.667852}
            ]]},
            {"altitude": 150.5},
            {"distance_km": 1.77},
            {"speed_kmh": 6.3},
            {"timestamp": "Thu Jan 26 14:26:13 UTC 2017"}
        ],
        [
            {"location": [[
                {"latitude": 64.223338},
                {"longitude": 27.668128}
            ]]},
            {"altitude": 149.5},
            {"distance_km": 1.78},
            {"speed_kmh": 6.3},
            {"timestamp": "Thu Jan 26 14:26:21 UTC 2017"}
        ],
        [
            {"location": [[
                {"latitude": 64.223289},
                {"longitude": 27.668302}
            ]]},
            {"altitude": 145},
            {"distance_km": 1.79},
            {"speed_kmh": 6.3},
            {"timestamp": "Thu Jan 26 14:26:27 UTC 2017"}
        ],
        [
            {"location": [[
                {"latitude": 64.223218},
                {"longitude": 27.668516}
            ]]},
            {"altitude": 141.5},
            {"distance_km": 1.8},
            {"speed_kmh": 6.3},
            {"timestamp": "Thu Jan 26 14:26:36 UTC 2017"}
        ],
        [
            {"location": [[
                {"latitude": 64.223146},
                {"longitude": 27.668698}
            ]]},
            {"altitude": 139},
            {"distance_km": 1.82},
            {"speed_kmh": 5.4},
            {"timestamp": "Thu Jan 26 14:26:44 UTC 2017"}
        ],
        [
            {"location": [[
                {"latitude": 64.223084},
                {"longitude": 27.668916}
            ]]},
            {"altitude": 136},
            {"distance_km": 1.83},
            {"speed_kmh": 5.4},
            {"timestamp": "Thu Jan 26 14:26:52 UTC 2017"}
        ],
        [
            {"location": [[
                {"latitude": 64.223039},
                {"longitude": 27.669125}
            ]]},
            {"altitude": 136},
            {"distance_km": 1.84},
            {"speed_kmh": 6.3},
            {"timestamp": "Thu Jan 26 14:26:58 UTC 2017"}
        ],
        [
            {"location": [[
                {"latitude": 64.223003},
                {"longitude": 27.66934}
            ]]},
            {"altitude": 134.5},
            {"distance_km": 1.85},
            {"speed_kmh": 6.3},
            {"timestamp": "Thu Jan 26 14:27:04 UTC 2017"}
        ],
        [
            {"location": [[
                {"latitude": 64.222962},
                {"longitude": 27.669539}
            ]]},
            {"altitude": 135.5},
            {"distance_km": 1.86},
            {"speed_kmh": 6.3},
            {"timestamp": "Thu Jan 26 14:27:10 UTC 2017"}
        ],
        [
            {"location": [[
                {"latitude": 64.222918},
                {"longitude": 27.669724}
            ]]},
            {"altitude": 134},
            {"distance_km": 1.87},
            {"speed_kmh": 6.3},
            {"timestamp": "Thu Jan 26 14:27:16 UTC 2017"}
        ],
        [
            {"location": [[
                {"latitude": 64.222869},
                {"longitude": 27.669904}
            ]]},
            {"altitude": 135.5},
            {"distance_km": 1.88},
            {"speed_kmh": 6.3},
            {"timestamp": "Thu Jan 26 14:27:21 UTC 2017"}
        ],
        [
            {"location": [[
                {"latitude": 64.222827},
                {"longitude": 27.670122}
            ]]},
            {"altitude": 138},
            {"distance_km": 1.89},
            {"speed_kmh": 3.6},
            {"timestamp": "Thu Jan 26 14:27:29 UTC 2017"}
        ],
        [
            {"location": [[
                {"latitude": 64.222901},
                {"longitude": 27.67024}
            ]]},
            {"altitude": 138},
            {"distance_km": 1.9},
            {"speed_kmh": 4.5},
            {"timestamp": "Thu Jan 26 14:27:35 UTC 2017"}
        ],
        [
            {"location": [[
                {"latitude": 64.22301},
                {"longitude": 27.670321}
            ]]},
            {"altitude": 139.5},
            {"distance_km": 1.92},
            {"speed_kmh": 4.5},
            {"timestamp": "Thu Jan 26 14:27:41 UTC 2017"}
        ],
        [
            {"location": [[
                {"latitude": 64.223123},
                {"longitude": 27.670431}
            ]]},
            {"altitude": 141.5},
            {"distance_km": 1.93},
            {"speed_kmh": 6.3},
            {"timestamp": "Thu Jan 26 14:27:47 UTC 2017"}
        ],
        [
            {"location": [[
                {"latitude": 64.223233},
                {"longitude": 27.670525}
            ]]},
            {"altitude": 146},
            {"distance_km": 1.94},
            {"speed_kmh": 6.3},
            {"timestamp": "Thu Jan 26 14:27:53 UTC 2017"}
        ],
        [
            {"location": [[
                {"latitude": 64.223332},
                {"longitude": 27.670597}
            ]]},
            {"altitude": 145},
            {"distance_km": 1.96},
            {"speed_kmh": 6.3},
            {"timestamp": "Thu Jan 26 14:27:59 UTC 2017"}
        ],
        [
            {"location": [[
                {"latitude": 64.223419},
                {"longitude": 27.670705}
            ]]},
            {"altitude": 143},
            {"distance_km": 1.97},
            {"speed_kmh": 6.3},
            {"timestamp": "Thu Jan 26 14:28:05 UTC 2017"}
        ],
        [
            {"location": [[
                {"latitude": 64.22351},
                {"longitude": 27.670768}
            ]]},
            {"altitude": 143},
            {"distance_km": 1.98},
            {"speed_kmh": 6.3},
            {"timestamp": "Thu Jan 26 14:28:11 UTC 2017"}
        ],
        [
            {"location": [[
                {"latitude": 64.223584},
                {"longitude": 27.670921}
            ]]},
            {"altitude": 144.5},
            {"distance_km": 1.99},
            {"speed_kmh": 6.3},
            {"timestamp": "Thu Jan 26 14:28:17 UTC 2017"}
        ],
        [
            {"location": [[
                {"latitude": 64.223662},
                {"longitude": 27.671051}
            ]]},
            {"altitude": 145.5},
            {"distance_km": 2},
            {"speed_kmh": 6.3},
            {"timestamp": "Thu Jan 26 14:28:23 UTC 2017"}
        ],
        [
            {"location": [[
                {"latitude": 64.223756},
                {"longitude": 27.671117}
            ]]},
            {"altitude": 143.5},
            {"distance_km": 2.01},
            {"speed_kmh": 6.3},
            {"timestamp": "Thu Jan 26 14:28:29 UTC 2017"}
        ],
        [
            {"location": [[
                {"latitude": 64.223864},
                {"longitude": 27.671204}
            ]]},
            {"altitude": 144},
            {"distance_km": 2.02},
            {"speed_kmh": 6.3},
            {"timestamp": "Thu Jan 26 14:28:38 UTC 2017"}
        ],
        [
            {"location": [[
                {"latitude": 64.223948},
                {"longitude": 27.671297}
            ]]},
            {"altitude": 144.5},
            {"distance_km": 2.03},
            {"speed_kmh": 6.3},
            {"timestamp": "Thu Jan 26 14:28:44 UTC 2017"}
        ],
        [
            {"location": [[
                {"latitude": 64.224038},
                {"longitude": 27.671391}
            ]]},
            {"altitude": 144.5},
            {"distance_km": 2.04},
            {"speed_kmh": 6.3},
            {"timestamp": "Thu Jan 26 14:28:50 UTC 2017"}
        ],
        [
            {"location": [[
                {"latitude": 64.224115},
                {"longitude": 27.671511}
            ]]},
            {"altitude": 142.5},
            {"distance_km": 2.05},
            {"speed_kmh": 6.3},
            {"timestamp": "Thu Jan 26 14:28:56 UTC 2017"}
        ],
        [
            {"location": [[
                {"latitude": 64.224221},
                {"longitude": 27.671631}
            ]]},
            {"altitude": 144.5},
            {"distance_km": 2.07},
            {"speed_kmh": 5.4},
            {"timestamp": "Thu Jan 26 14:29:04 UTC 2017"}
        ],
        [
            {"location": [[
                {"latitude": 64.224305},
                {"longitude": 27.671736}
            ]]},
            {"altitude": 145},
            {"distance_km": 2.08},
            {"speed_kmh": 6.3},
            {"timestamp": "Thu Jan 26 14:29:10 UTC 2017"}
        ],
        [
            {"location": [[
                {"latitude": 64.224381},
                {"longitude": 27.671861}
            ]]},
            {"altitude": 145},
            {"distance_km": 2.09},
            {"speed_kmh": 6.3},
            {"timestamp": "Thu Jan 26 14:29:16 UTC 2017"}
        ],
        [
            {"location": [[
                {"latitude": 64.224473},
                {"longitude": 27.671982}
            ]]},
            {"altitude": 143},
            {"distance_km": 2.1},
            {"speed_kmh": 5.4},
            {"timestamp": "Thu Jan 26 14:29:24 UTC 2017"}
        ],
        [
            {"location": [[
                {"latitude": 64.224557},
                {"longitude": 27.672089}
            ]]},
            {"altitude": 142.5},
            {"distance_km": 2.11},
            {"speed_kmh": 5.4},
            {"timestamp": "Thu Jan 26 14:29:31 UTC 2017"}
        ],
        [
            {"location": [[
                {"latitude": 64.224631},
                {"longitude": 27.672268}
            ]]},
            {"altitude": 140},
            {"distance_km": 2.12},
            {"speed_kmh": 5.4},
            {"timestamp": "Thu Jan 26 14:29:39 UTC 2017"}
        ],
        [
            {"location": [[
                {"latitude": 64.224596},
                {"longitude": 27.672475}
            ]]},
            {"altitude": 140.5},
            {"distance_km": 2.13},
            {"speed_kmh": 5.4},
            {"timestamp": "Thu Jan 26 14:29:45 UTC 2017"}
        ],
        [
            {"location": [[
                {"latitude": 64.224544},
                {"longitude": 27.67267}
            ]]},
            {"altitude": 140.5},
            {"distance_km": 2.14},
            {"speed_kmh": 5.4},
            {"timestamp": "Thu Jan 26 14:29:51 UTC 2017"}
        ],
        [
            {"location": [[
                {"latitude": 64.22448},
                {"longitude": 27.672838}
            ]]},
            {"altitude": 139.5},
            {"distance_km": 2.16},
            {"speed_kmh": 5.4},
            {"timestamp": "Thu Jan 26 14:29:57 UTC 2017"}
        ],
        [
            {"location": [[
                {"latitude": 64.224412},
                {"longitude": 27.672977}
            ]]},
            {"altitude": 137},
            {"distance_km": 2.17},
            {"speed_kmh": 6.3},
            {"timestamp": "Thu Jan 26 14:30:03 UTC 2017"}
        ],
        [
            {"location": [[
                {"latitude": 64.224321},
                {"longitude": 27.673103}
            ]]},
            {"altitude": 138.5},
            {"distance_km": 2.18},
            {"speed_kmh": 6.3},
            {"timestamp": "Thu Jan 26 14:30:09 UTC 2017"}
        ],
        [
            {"location": [[
                {"latitude": 64.224227},
                {"longitude": 27.673195}
            ]]},
            {"altitude": 140},
            {"distance_km": 2.19},
            {"speed_kmh": 6.3},
            {"timestamp": "Thu Jan 26 14:30:15 UTC 2017"}
        ],
        [
            {"location": [[
                {"latitude": 64.224129},
                {"longitude": 27.673267}
            ]]},
            {"altitude": 141},
            {"distance_km": 2.2},
            {"speed_kmh": 6.3},
            {"timestamp": "Thu Jan 26 14:30:21 UTC 2017"}
        ],
        [
            {"location": [[
                {"latitude": 64.224032},
                {"longitude": 27.673339}
            ]]},
            {"altitude": 140.5},
            {"distance_km": 2.21},
            {"speed_kmh": 6.3},
            {"timestamp": "Thu Jan 26 14:30:29 UTC 2017"}
        ],
        [
            {"location": [[
                {"latitude": 64.223926},
                {"longitude": 27.673381}
            ]]},
            {"altitude": 142.5},
            {"distance_km": 2.22},
            {"speed_kmh": 6.3},
            {"timestamp": "Thu Jan 26 14:30:36 UTC 2017"}
        ],
        [
            {"location": [[
                {"latitude": 64.22384},
                {"longitude": 27.673484}
            ]]},
            {"altitude": 145},
            {"distance_km": 2.23},
            {"speed_kmh": 6.3},
            {"timestamp": "Thu Jan 26 14:30:42 UTC 2017"}
        ],
        [
            {"location": [[
                {"latitude": 64.223752},
                {"longitude": 27.673588}
            ]]},
            {"altitude": 148.5},
            {"distance_km": 2.25},
            {"speed_kmh": 5.4},
            {"timestamp": "Thu Jan 26 14:30:50 UTC 2017"}
        ],
        [
            {"location": [[
                {"latitude": 64.223659},
                {"longitude": 27.673637}
            ]]},
            {"altitude": 146.5},
            {"distance_km": 2.26},
            {"speed_kmh": 5.4},
            {"timestamp": "Thu Jan 26 14:30:57 UTC 2017"}
        ],
        [
            {"location": [[
                {"latitude": 64.223596},
                {"longitude": 27.673788}
            ]]},
            {"altitude": 150},
            {"distance_km": 2.27},
            {"speed_kmh": 5.4},
            {"timestamp": "Thu Jan 26 14:31:03 UTC 2017"}
        ],
        [
            {"location": [[
                {"latitude": 64.223683},
                {"longitude": 27.673903}
            ]]},
            {"altitude": 146},
            {"distance_km": 2.28},
            {"speed_kmh": 1.8},
            {"timestamp": "Thu Jan 26 14:31:21 UTC 2017"}
        ],
        [
            {"location": [[
                {"latitude": 64.223689},
                {"longitude": 27.673872}
            ]]},
            {"altitude": 148.5},
            {"distance_km": 2.28},
            {"speed_kmh": 1.8},
            {"timestamp": "Thu Jan 26 14:31:24 UTC 2017"}
        ],
        [
            {"location": [[
                {"latitude": 64.223685},
                {"longitude": 27.673853}
            ]]},
            {"altitude": 148},
            {"distance_km": 2.28},
            {"speed_kmh": 1.8},
            {"timestamp": "Thu Jan 26 14:31:25 UTC 2017"}
        ]
    ]}
]