[
    {"sport": "WEIGHT_TRAINING"},
    {"source": "INPUT_MANUAL_MOBILE"},
    {"created_date": "2017-01-01 15:02:04.0"},
    {"start_time": "2017-01-01 14:01:00.0"},
    {"end_time": "2017-01-01 14:41:00.0"},
    {"duration_s": 2400},
    {"distance_km": 0},
    {"calories_kcal": 393.333},
    {"speed_avg_kmh": 0},
    {"points": [
        [
            {"distance_km": 0},
            {"timestamp": "Sun Jan 01 14:01:00 UTC 2017"}
        ],
        [
            {"distance_km": 0},
            {"timestamp": "Sun Jan 01 14:41:00 UTC 2017"}
        ]
    ]}
]