[
    {"sport": "BADMINTON"},
    {"source": "INPUT_MANUAL_MOBILE"},
    {"created_date": "2017-03-03 06:44:25.0"},
    {"start_time": "2017-03-02 15:43:00.0"},
    {"end_time": "2017-03-02 16:43:00.0"},
    {"duration_s": 3600},
    {"distance_km": 0},
    {"calories_kcal": 540.833},
    {"speed_avg_kmh": 0},
    {"points": [
        [
            {"distance_km": 0},
            {"timestamp": "Thu Mar 02 15:43:00 UTC 2017"}
        ],
        [
            {"distance_km": 0},
            {"timestamp": "Thu Mar 02 16:43:00 UTC 2017"}
        ]
    ]}
]