[
    {"sport": "WALKING"},
    {"source": "TRACK_MOBILE"},
    {"created_date": "2017-01-11 05:10:37.0"},
    {"start_time": "2017-01-11 05:09:27.0"},
    {"end_time": "2017-01-11 05:50:13.0"},
    {"duration_s": 2445},
    {"distance_km": 1.48},
    {"calories_kcal": 152.486},
    {"altitude_min_m": 0},
    {"altitude_max_m": 166},
    {"speed_avg_kmh": 2.179141104294479},
    {"speed_max_kmh": 8.1},
    {"ascend_m": 906.5},
    {"descend_m": 911.5},
    {"points": [
        [
            {"location": [[
                {"latitude": 64.232386},
                {"longitude": 27.731113}
            ]]},
            {"altitude": 151},
            {"distance_km": 0.01},
            {"speed_kmh": 0},
            {"timestamp": "Wed Jan 11 05:09:27 UTC 2017"}
        ],
        [
            {"location": [[
                {"latitude": 64.232497},
                {"longitude": 27.731147}
            ]]},
            {"altitude": 156},
            {"distance_km": 0.02},
            {"speed_kmh": 4.5},
            {"timestamp": "Wed Jan 11 05:11:10 UTC 2017"}
        ],
        [
            {"location": [[
                {"latitude": 64.232576},
                {"longitude": 27.731335}
            ]]},
            {"altitude": 156.5},
            {"distance_km": 0.04},
            {"speed_kmh": 5.4},
            {"timestamp": "Wed Jan 11 05:11:26 UTC 2017"}
        ],
        [
            {"location": [[
                {"latitude": 64.232701},
                {"longitude": 27.731399}
            ]]},
            {"altitude": 159},
            {"distance_km": 0.05},
            {"speed_kmh": 6.3},
            {"timestamp": "Wed Jan 11 05:11:33 UTC 2017"}
        ],
        [
            {"location": [[
                {"latitude": 64.23279},
                {"longitude": 27.731469}
            ]]},
            {"altitude": 161.5},
            {"distance_km": 0.06},
            {"speed_kmh": 6.3},
            {"timestamp": "Wed Jan 11 05:11:39 UTC 2017"}
        ],
        [
            {"location": [[
                {"latitude": 64.23285},
                {"longitude": 27.731301}
            ]]},
            {"altitude": 161.5},
            {"distance_km": 0.07},
            {"speed_kmh": 6.3},
            {"timestamp": "Wed Jan 11 05:11:45 UTC 2017"}
        ],
        [
            {"location": [[
                {"latitude": 64.232874},
                {"longitude": 27.731085}
            ]]},
            {"altitude": 159.5},
            {"distance_km": 0.08},
            {"speed_kmh": 5.4},
            {"timestamp": "Wed Jan 11 05:11:51 UTC 2017"}
        ],
        [
            {"location": [[
                {"latitude": 64.232891},
                {"longitude": 27.730834}
            ]]},
            {"altitude": 160.5},
            {"distance_km": 0.09},
            {"speed_kmh": 5.4},
            {"timestamp": "Wed Jan 11 05:11:57 UTC 2017"}
        ],
        [
            {"location": [[
                {"latitude": 64.232895},
                {"longitude": 27.730599}
            ]]},
            {"altitude": 161},
            {"distance_km": 0.11},
            {"speed_kmh": 6.3},
            {"timestamp": "Wed Jan 11 05:12:03 UTC 2017"}
        ],
        [
            {"location": [[
                {"latitude": 64.232882},
                {"longitude": 27.730378}
            ]]},
            {"altitude": 161.5},
            {"distance_km": 0.12},
            {"speed_kmh": 6.3},
            {"timestamp": "Wed Jan 11 05:12:09 UTC 2017"}
        ],
        [
            {"location": [[
                {"latitude": 64.232863},
                {"longitude": 27.730157}
            ]]},
            {"altitude": 162.5},
            {"distance_km": 0.13},
            {"speed_kmh": 6.3},
            {"timestamp": "Wed Jan 11 05:12:15 UTC 2017"}
        ],
        [
            {"location": [[
                {"latitude": 64.232855},
                {"longitude": 27.729936}
            ]]},
            {"altitude": 163},
            {"distance_km": 0.14},
            {"speed_kmh": 5.4},
            {"timestamp": "Wed Jan 11 05:12:21 UTC 2017"}
        ],
        [
            {"location": [[
                {"latitude": 64.232845},
                {"longitude": 27.729715}
            ]]},
            {"altitude": 161},
            {"distance_km": 0.15},
            {"speed_kmh": 5.4},
            {"timestamp": "Wed Jan 11 05:12:27 UTC 2017"}
        ],
        [
            {"location": [[
                {"latitude": 64.232845},
                {"longitude": 27.729479}
            ]]},
            {"altitude": 166},
            {"distance_km": 0.16},
            {"speed_kmh": 6.3},
            {"timestamp": "Wed Jan 11 05:12:33 UTC 2017"}
        ],
        [
            {"location": [[
                {"latitude": 64.232863},
                {"longitude": 27.729239}
            ]]},
            {"altitude": 165},
            {"distance_km": 0.17},
            {"speed_kmh": 6.3},
            {"timestamp": "Wed Jan 11 05:12:39 UTC 2017"}
        ],
        [
            {"location": [[
                {"latitude": 64.232867},
                {"longitude": 27.729017}
            ]]},
            {"altitude": 164.5},
            {"distance_km": 0.18},
            {"speed_kmh": 5.4},
            {"timestamp": "Wed Jan 11 05:12:46 UTC 2017"}
        ],
        [
            {"location": [[
                {"latitude": 64.232833},
                {"longitude": 27.72878}
            ]]},
            {"altitude": 161},
            {"distance_km": 0.2},
            {"speed_kmh": 6.3},
            {"timestamp": "Wed Jan 11 05:12:52 UTC 2017"}
        ],
        [
            {"location": [[
                {"latitude": 64.232816},
                {"longitude": 27.728522}
            ]]},
            {"altitude": 158},
            {"distance_km": 0.21},
            {"speed_kmh": 6.3},
            {"timestamp": "Wed Jan 11 05:12:58 UTC 2017"}
        ],
        [
            {"location": [[
                {"latitude": 64.232808},
                {"longitude": 27.728269}
            ]]},
            {"altitude": 160.5},
            {"distance_km": 0.22},
            {"speed_kmh": 6.3},
            {"timestamp": "Wed Jan 11 05:13:04 UTC 2017"}
        ],
        [
            {"location": [[
                {"latitude": 64.232835},
                {"longitude": 27.728034}
            ]]},
            {"altitude": 157.5},
            {"distance_km": 0.23},
            {"speed_kmh": 6.3},
            {"timestamp": "Wed Jan 11 05:13:10 UTC 2017"}
        ],
        [
            {"location": [[
                {"latitude": 64.232877},
                {"longitude": 27.727795}
            ]]},
            {"altitude": 157.5},
            {"distance_km": 0.24},
            {"speed_kmh": 6.3},
            {"timestamp": "Wed Jan 11 05:13:17 UTC 2017"}
        ],
        [
            {"location": [[
                {"latitude": 64.232888},
                {"longitude": 27.727587}
            ]]},
            {"altitude": 160.5},
            {"distance_km": 0.25},
            {"speed_kmh": 6.3},
            {"timestamp": "Wed Jan 11 05:13:23 UTC 2017"}
        ],
        [
            {"location": [[
                {"latitude": 64.232914},
                {"longitude": 27.727359}
            ]]},
            {"altitude": 159.5},
            {"distance_km": 0.27},
            {"speed_kmh": 6.3},
            {"timestamp": "Wed Jan 11 05:13:29 UTC 2017"}
        ],
        [
            {"location": [[
                {"latitude": 64.23292},
                {"longitude": 27.727066}
            ]]},
            {"altitude": 159},
            {"distance_km": 0.28},
            {"speed_kmh": 6.3},
            {"timestamp": "Wed Jan 11 05:13:35 UTC 2017"}
        ],
        [
            {"location": [[
                {"latitude": 64.232911},
                {"longitude": 27.726809}
            ]]},
            {"altitude": 159.5},
            {"distance_km": 0.29},
            {"speed_kmh": 6.3},
            {"timestamp": "Wed Jan 11 05:13:41 UTC 2017"}
        ],
        [
            {"location": [[
                {"latitude": 64.232917},
                {"longitude": 27.726564}
            ]]},
            {"altitude": 160.5},
            {"distance_km": 0.3},
            {"speed_kmh": 6.3},
            {"timestamp": "Wed Jan 11 05:13:47 UTC 2017"}
        ],
        [
            {"location": [[
                {"latitude": 64.232943},
                {"longitude": 27.726344}
            ]]},
            {"altitude": 160.5},
            {"distance_km": 0.32},
            {"speed_kmh": 6.3},
            {"timestamp": "Wed Jan 11 05:13:53 UTC 2017"}
        ],
        [
            {"location": [[
                {"latitude": 64.232985},
                {"longitude": 27.726131}
            ]]},
            {"altitude": 161},
            {"distance_km": 0.33},
            {"speed_kmh": 6.3},
            {"timestamp": "Wed Jan 11 05:13:59 UTC 2017"}
        ],
        [
            {"location": [[
                {"latitude": 64.233008},
                {"longitude": 27.725904}
            ]]},
            {"altitude": 163.5},
            {"distance_km": 0.34},
            {"speed_kmh": 6.3},
            {"timestamp": "Wed Jan 11 05:14:05 UTC 2017"}
        ],
        [
            {"location": [[
                {"latitude": 64.233019},
                {"longitude": 27.725689}
            ]]},
            {"altitude": 164},
            {"distance_km": 0.35},
            {"speed_kmh": 5.4},
            {"timestamp": "Wed Jan 11 05:14:11 UTC 2017"}
        ],
        [
            {"location": [[
                {"latitude": 64.233045},
                {"longitude": 27.725481}
            ]]},
            {"altitude": 165.5},
            {"distance_km": 0.36},
            {"speed_kmh": 5.4},
            {"timestamp": "Wed Jan 11 05:14:17 UTC 2017"}
        ],
        [
            {"location": [[
                {"latitude": 64.233071},
                {"longitude": 27.725259}
            ]]},
            {"altitude": 164},
            {"distance_km": 0.37},
            {"speed_kmh": 5.4},
            {"timestamp": "Wed Jan 11 05:14:23 UTC 2017"}
        ],
        [
            {"location": [[
                {"latitude": 64.233065},
                {"longitude": 27.725037}
            ]]},
            {"altitude": 162},
            {"distance_km": 0.38},
            {"speed_kmh": 5.4},
            {"timestamp": "Wed Jan 11 05:14:29 UTC 2017"}
        ],
        [
            {"location": [[
                {"latitude": 64.233079},
                {"longitude": 27.724826}
            ]]},
            {"altitude": 160.5},
            {"distance_km": 0.39},
            {"speed_kmh": 4.5},
            {"timestamp": "Wed Jan 11 05:14:35 UTC 2017"}
        ],
        [
            {"location": [[
                {"latitude": 64.2331},
                {"longitude": 27.724564}
            ]]},
            {"altitude": 157.5},
            {"distance_km": 0.4},
            {"speed_kmh": 4.5},
            {"timestamp": "Wed Jan 11 05:14:43 UTC 2017"}
        ],
        [
            {"location": [[
                {"latitude": 64.233115},
                {"longitude": 27.724276}
            ]]},
            {"altitude": 156.5},
            {"distance_km": 0.42},
            {"speed_kmh": 7.2},
            {"timestamp": "Wed Jan 11 05:14:52 UTC 2017"}
        ],
        [
            {"location": [[
                {"latitude": 64.233134},
                {"longitude": 27.724037}
            ]]},
            {"altitude": 153.5},
            {"distance_km": 0.43},
            {"speed_kmh": 6.3},
            {"timestamp": "Wed Jan 11 05:14:58 UTC 2017"}
        ],
        [
            {"location": [[
                {"latitude": 64.233201},
                {"longitude": 27.723831}
            ]]},
            {"altitude": 153},
            {"distance_km": 0.44},
            {"speed_kmh": 6.3},
            {"timestamp": "Wed Jan 11 05:15:04 UTC 2017"}
        ],
        [
            {"location": [[
                {"latitude": 64.233229},
                {"longitude": 27.723573}
            ]]},
            {"altitude": 152.5},
            {"distance_km": 0.46},
            {"speed_kmh": 6.3},
            {"timestamp": "Wed Jan 11 05:15:10 UTC 2017"}
        ],
        [
            {"location": [[
                {"latitude": 64.233264},
                {"longitude": 27.72338}
            ]]},
            {"altitude": 153},
            {"distance_km": 0.47},
            {"speed_kmh": 6.3},
            {"timestamp": "Wed Jan 11 05:15:15 UTC 2017"}
        ],
        [
            {"location": [[
                {"latitude": 64.233324},
                {"longitude": 27.723179}
            ]]},
            {"altitude": 148.5},
            {"distance_km": 0.48},
            {"speed_kmh": 6.3},
            {"timestamp": "Wed Jan 11 05:15:21 UTC 2017"}
        ],
        [
            {"location": [[
                {"latitude": 64.233381},
                {"longitude": 27.723001}
            ]]},
            {"altitude": 145.5},
            {"distance_km": 0.49},
            {"speed_kmh": 6.3},
            {"timestamp": "Wed Jan 11 05:15:27 UTC 2017"}
        ],
        [
            {"location": [[
                {"latitude": 64.233439},
                {"longitude": 27.722794}
            ]]},
            {"altitude": 142},
            {"distance_km": 0.5},
            {"speed_kmh": 6.3},
            {"timestamp": "Wed Jan 11 05:15:33 UTC 2017"}
        ],
        [
            {"location": [[
                {"latitude": 64.233512},
                {"longitude": 27.722639}
            ]]},
            {"altitude": 142.5},
            {"distance_km": 0.51},
            {"speed_kmh": 6.3},
            {"timestamp": "Wed Jan 11 05:15:37 UTC 2017"}
        ],
        [
            {"location": [[
                {"latitude": 64.233573},
                {"longitude": 27.722423}
            ]]},
            {"altitude": 144.5},
            {"distance_km": 0.52},
            {"speed_kmh": 6.3},
            {"timestamp": "Wed Jan 11 05:15:43 UTC 2017"}
        ],
        [
            {"location": [[
                {"latitude": 64.233644},
                {"longitude": 27.722263}
            ]]},
            {"altitude": 143.5},
            {"distance_km": 0.53},
            {"speed_kmh": 6.3},
            {"timestamp": "Wed Jan 11 05:15:49 UTC 2017"}
        ],
        [
            {"location": [[
                {"latitude": 64.233722},
                {"longitude": 27.722149}
            ]]},
            {"altitude": 142.5},
            {"distance_km": 0.54},
            {"speed_kmh": 6.3},
            {"timestamp": "Wed Jan 11 05:15:55 UTC 2017"}
        ],
        [
            {"location": [[
                {"latitude": 64.233812},
                {"longitude": 27.722049}
            ]]},
            {"altitude": 142.5},
            {"distance_km": 0.56},
            {"speed_kmh": 6.3},
            {"timestamp": "Wed Jan 11 05:16:01 UTC 2017"}
        ],
        [
            {"location": [[
                {"latitude": 64.23387},
                {"longitude": 27.72186}
            ]]},
            {"altitude": 141.5},
            {"distance_km": 0.57},
            {"speed_kmh": 6.3},
            {"timestamp": "Wed Jan 11 05:16:07 UTC 2017"}
        ],
        [
            {"location": [[
                {"latitude": 64.233848},
                {"longitude": 27.721636}
            ]]},
            {"altitude": 137},
            {"distance_km": 0.58},
            {"speed_kmh": 6.3},
            {"timestamp": "Wed Jan 11 05:16:13 UTC 2017"}
        ],
        [
            {"location": [[
                {"latitude": 64.233778},
                {"longitude": 27.721438}
            ]]},
            {"altitude": 137.5},
            {"distance_km": 0.59},
            {"speed_kmh": 4.5},
            {"timestamp": "Wed Jan 11 05:16:21 UTC 2017"}
        ],
        [
            {"location": [[
                {"latitude": 64.233683},
                {"longitude": 27.721294}
            ]]},
            {"altitude": 140},
            {"distance_km": 0.6},
            {"speed_kmh": 4.5},
            {"timestamp": "Wed Jan 11 05:16:29 UTC 2017"}
        ],
        [
            {"location": [[
                {"latitude": 64.233621},
                {"longitude": 27.721125}
            ]]},
            {"altitude": 139.5},
            {"distance_km": 0.61},
            {"speed_kmh": 8.1},
            {"timestamp": "Wed Jan 11 05:16:33 UTC 2017"}
        ],
        [
            {"location": [[
                {"latitude": 64.233557},
                {"longitude": 27.720972}
            ]]},
            {"altitude": 141},
            {"distance_km": 0.62},
            {"speed_kmh": 7.2},
            {"timestamp": "Wed Jan 11 05:16:37 UTC 2017"}
        ],
        [
            {"location": [[
                {"latitude": 64.233493},
                {"longitude": 27.720813}
            ]]},
            {"altitude": 140},
            {"distance_km": 0.63},
            {"speed_kmh": 3.6},
            {"timestamp": "Wed Jan 11 05:16:44 UTC 2017"}
        ],
        [
            {"location": [[
                {"latitude": 64.233393},
                {"longitude": 27.720838}
            ]]},
            {"altitude": 140.5},
            {"distance_km": 0.65},
            {"speed_kmh": 4.5},
            {"timestamp": "Wed Jan 11 05:17:04 UTC 2017"}
        ],
        [
            {"location": [[
                {"latitude": 64.23331},
                {"longitude": 27.720999}
            ]]},
            {"altitude": 139},
            {"distance_km": 0.66},
            {"speed_kmh": 7.2},
            {"timestamp": "Wed Jan 11 05:17:09 UTC 2017"}
        ],
        [
            {"location": [[
                {"latitude": 64.233239},
                {"longitude": 27.721226}
            ]]},
            {"altitude": 137},
            {"distance_km": 0.67},
            {"speed_kmh": 7.2},
            {"timestamp": "Wed Jan 11 05:17:15 UTC 2017"}
        ],
        [
            {"location": [[
                {"latitude": 64.233172},
                {"longitude": 27.721436}
            ]]},
            {"altitude": 138.5},
            {"distance_km": 0.68},
            {"speed_kmh": 7.2},
            {"timestamp": "Wed Jan 11 05:17:21 UTC 2017"}
        ],
        [
            {"location": [[
                {"latitude": 64.233086},
                {"longitude": 27.721621}
            ]]},
            {"altitude": 137.5},
            {"distance_km": 0.7},
            {"speed_kmh": 6.3},
            {"timestamp": "Wed Jan 11 05:17:27 UTC 2017"}
        ],
        [
            {"location": [[
                {"latitude": 64.232972},
                {"longitude": 27.721677}
            ]]},
            {"altitude": 137.5},
            {"distance_km": 0.71},
            {"speed_kmh": 6.3},
            {"timestamp": "Wed Jan 11 05:17:35 UTC 2017"}
        ],
        [
            {"location": [[
                {"latitude": 64.232872},
                {"longitude": 27.721666}
            ]]},
            {"altitude": 135.5},
            {"distance_km": 0.72},
            {"speed_kmh": 6.3},
            {"timestamp": "Wed Jan 11 05:17:41 UTC 2017"}
        ],
        [
            {"location": [[
                {"latitude": 64.232758},
                {"longitude": 27.721638}
            ]]},
            {"altitude": 138},
            {"distance_km": 0.73},
            {"speed_kmh": 6.3},
            {"timestamp": "Wed Jan 11 05:17:49 UTC 2017"}
        ],
        [
            {"location": [[
                {"latitude": 64.232652},
                {"longitude": 27.721711}
            ]]},
            {"altitude": 140},
            {"distance_km": 0.75},
            {"speed_kmh": 6.3},
            {"timestamp": "Wed Jan 11 05:17:57 UTC 2017"}
        ],
        [
            {"location": [[
                {"latitude": 64.232534},
                {"longitude": 27.721786}
            ]]},
            {"altitude": 139.5},
            {"distance_km": 0.76},
            {"speed_kmh": 6.3},
            {"timestamp": "Wed Jan 11 05:18:05 UTC 2017"}
        ],
        [
            {"location": [[
                {"latitude": 64.232456},
                {"longitude": 27.721925}
            ]]},
            {"altitude": 141},
            {"distance_km": 0.77},
            {"speed_kmh": 6.3},
            {"timestamp": "Wed Jan 11 05:18:11 UTC 2017"}
        ],
        [
            {"location": [[
                {"latitude": 64.232389},
                {"longitude": 27.722096}
            ]]},
            {"altitude": 137.5},
            {"distance_km": 0.78},
            {"speed_kmh": 6.3},
            {"timestamp": "Wed Jan 11 05:18:17 UTC 2017"}
        ],
        [
            {"location": [[
                {"latitude": 64.232325},
                {"longitude": 27.722253}
            ]]},
            {"altitude": 140},
            {"distance_km": 0.79},
            {"speed_kmh": 5.4},
            {"timestamp": "Wed Jan 11 05:18:24 UTC 2017"}
        ],
        [
            {"location": [[
                {"latitude": 64.232272},
                {"longitude": 27.722424}
            ]]},
            {"altitude": 139.5},
            {"distance_km": 0.8},
            {"speed_kmh": 0},
            {"timestamp": "Wed Jan 11 05:18:32 UTC 2017"}
        ],
        [
            {"location": [[
                {"latitude": 64.232226},
                {"longitude": 27.722653}
            ]]},
            {"altitude": 141.5},
            {"distance_km": 0.81},
            {"speed_kmh": 4.5},
            {"timestamp": "Wed Jan 11 05:18:53 UTC 2017"}
        ],
        [
            {"location": [[
                {"latitude": 64.232138},
                {"longitude": 27.722854}
            ]]},
            {"altitude": 138.5},
            {"distance_km": 0.83},
            {"speed_kmh": 7.2},
            {"timestamp": "Wed Jan 11 05:19:03 UTC 2017"}
        ],
        [
            {"location": [[
                {"latitude": 64.232075},
                {"longitude": 27.723036}
            ]]},
            {"altitude": 139},
            {"distance_km": 0.84},
            {"speed_kmh": 6.3},
            {"timestamp": "Wed Jan 11 05:19:07 UTC 2017"}
        ],
        [
            {"location": [[
                {"latitude": 64.232015},
                {"longitude": 27.723207}
            ]]},
            {"altitude": 139.5},
            {"distance_km": 0.85},
            {"speed_kmh": 5.4},
            {"timestamp": "Wed Jan 11 05:19:13 UTC 2017"}
        ],
        [
            {"location": [[
                {"latitude": 64.23196},
                {"longitude": 27.723402}
            ]]},
            {"altitude": 141},
            {"distance_km": 0.86},
            {"speed_kmh": 5.4},
            {"timestamp": "Wed Jan 11 05:19:19 UTC 2017"}
        ],
        [
            {"location": [[
                {"latitude": 64.231906},
                {"longitude": 27.723658}
            ]]},
            {"altitude": 144},
            {"distance_km": 0.88},
            {"speed_kmh": 5.4},
            {"timestamp": "Wed Jan 11 05:19:27 UTC 2017"}
        ],
        [
            {"location": [[
                {"latitude": 64.231855},
                {"longitude": 27.72386}
            ]]},
            {"altitude": 147},
            {"distance_km": 0.89},
            {"speed_kmh": 5.4},
            {"timestamp": "Wed Jan 11 05:19:33 UTC 2017"}
        ],
        [
            {"location": [[
                {"latitude": 64.23181},
                {"longitude": 27.724047}
            ]]},
            {"altitude": 149},
            {"distance_km": 0.9},
            {"speed_kmh": 5.4},
            {"timestamp": "Wed Jan 11 05:19:39 UTC 2017"}
        ],
        [
            {"location": [[
                {"latitude": 64.231762},
                {"longitude": 27.724225}
            ]]},
            {"altitude": 148.5},
            {"distance_km": 0.91},
            {"speed_kmh": 5.4},
            {"timestamp": "Wed Jan 11 05:19:45 UTC 2017"}
        ],
        [
            {"location": [[
                {"latitude": 64.23171},
                {"longitude": 27.724416}
            ]]},
            {"altitude": 149},
            {"distance_km": 0.92},
            {"speed_kmh": 5.4},
            {"timestamp": "Wed Jan 11 05:19:51 UTC 2017"}
        ],
        [
            {"location": [[
                {"latitude": 64.231664},
                {"longitude": 27.724606}
            ]]},
            {"altitude": 150},
            {"distance_km": 0.93},
            {"speed_kmh": 5.4},
            {"timestamp": "Wed Jan 11 05:19:57 UTC 2017"}
        ],
        [
            {"location": [[
                {"latitude": 64.231645},
                {"longitude": 27.724842}
            ]]},
            {"altitude": 150.5},
            {"distance_km": 0.94},
            {"speed_kmh": 5.4},
            {"timestamp": "Wed Jan 11 05:20:03 UTC 2017"}
        ],
        [
            {"location": [[
                {"latitude": 64.231627},
                {"longitude": 27.725064}
            ]]},
            {"altitude": 150.5},
            {"distance_km": 0.95},
            {"speed_kmh": 5.4},
            {"timestamp": "Wed Jan 11 05:20:09 UTC 2017"}
        ],
        [
            {"location": [[
                {"latitude": 64.231638},
                {"longitude": 27.725287}
            ]]},
            {"altitude": 151},
            {"distance_km": 0.96},
            {"speed_kmh": 3.6},
            {"timestamp": "Wed Jan 11 05:20:17 UTC 2017"}
        ],
        [
            {"location": [[
                {"latitude": 64.231627},
                {"longitude": 27.72555}
            ]]},
            {"altitude": 154},
            {"distance_km": 0.97},
            {"speed_kmh": 4.5},
            {"timestamp": "Wed Jan 11 05:20:25 UTC 2017"}
        ],
        [
            {"location": [[
                {"latitude": 64.231643},
                {"longitude": 27.725755}
            ]]},
            {"altitude": 152.5},
            {"distance_km": 0.99},
            {"speed_kmh": 3.6},
            {"timestamp": "Wed Jan 11 05:20:36 UTC 2017"}
        ],
        [
            {"location": [[
                {"latitude": 64.231649},
                {"longitude": 27.726009}
            ]]},
            {"altitude": 152},
            {"distance_km": 1},
            {"speed_kmh": 5.4},
            {"timestamp": "Wed Jan 11 05:20:42 UTC 2017"}
        ],
        [
            {"location": [[
                {"latitude": 64.231652},
                {"longitude": 27.726255}
            ]]},
            {"altitude": 151},
            {"distance_km": 1.01},
            {"speed_kmh": 5.4},
            {"timestamp": "Wed Jan 11 05:20:48 UTC 2017"}
        ],
        [
            {"location": [[
                {"latitude": 64.231653},
                {"longitude": 27.726515}
            ]]},
            {"altitude": 151.5},
            {"distance_km": 1.02},
            {"speed_kmh": 5.4},
            {"timestamp": "Wed Jan 11 05:20:55 UTC 2017"}
        ],
        [
            {"location": [[
                {"latitude": 64.231667},
                {"longitude": 27.726738}
            ]]},
            {"altitude": 148.5},
            {"distance_km": 1.03},
            {"speed_kmh": 5.4},
            {"timestamp": "Wed Jan 11 05:21:01 UTC 2017"}
        ],
        [
            {"location": [[
                {"latitude": 64.231666},
                {"longitude": 27.726959}
            ]]},
            {"altitude": 149.5},
            {"distance_km": 1.04},
            {"speed_kmh": 5.4},
            {"timestamp": "Wed Jan 11 05:21:07 UTC 2017"}
        ],
        [
            {"location": [[
                {"latitude": 64.231651},
                {"longitude": 27.727165}
            ]]},
            {"altitude": 150.5},
            {"distance_km": 1.05},
            {"speed_kmh": 5.4},
            {"timestamp": "Wed Jan 11 05:21:13 UTC 2017"}
        ],
        [
            {"location": [[
                {"latitude": 64.231636},
                {"longitude": 27.727394}
            ]]},
            {"altitude": 149},
            {"distance_km": 1.06},
            {"speed_kmh": 5.4},
            {"timestamp": "Wed Jan 11 05:21:19 UTC 2017"}
        ],
        [
            {"location": [[
                {"latitude": 64.231624},
                {"longitude": 27.727617}
            ]]},
            {"altitude": 152},
            {"distance_km": 1.08},
            {"speed_kmh": 5.4},
            {"timestamp": "Wed Jan 11 05:21:25 UTC 2017"}
        ],
        [
            {"location": [[
                {"latitude": 64.231613},
                {"longitude": 27.727826}
            ]]},
            {"altitude": 152.5},
            {"distance_km": 1.09},
            {"speed_kmh": 5.4},
            {"timestamp": "Wed Jan 11 05:21:31 UTC 2017"}
        ],
        [
            {"location": [[
                {"latitude": 64.231604},
                {"longitude": 27.728049}
            ]]},
            {"altitude": 155},
            {"distance_km": 1.1},
            {"speed_kmh": 6.3},
            {"timestamp": "Wed Jan 11 05:21:37 UTC 2017"}
        ],
        [
            {"location": [[
                {"latitude": 64.231587},
                {"longitude": 27.728272}
            ]]},
            {"altitude": 154.5},
            {"distance_km": 1.11},
            {"speed_kmh": 6.3},
            {"timestamp": "Wed Jan 11 05:21:43 UTC 2017"}
        ],
        [
            {"location": [[
                {"latitude": 64.231585},
                {"longitude": 27.728498}
            ]]},
            {"altitude": 154},
            {"distance_km": 1.12},
            {"speed_kmh": 6.3},
            {"timestamp": "Wed Jan 11 05:21:49 UTC 2017"}
        ],
        [
            {"location": [[
                {"latitude": 64.2316},
                {"longitude": 27.728729}
            ]]},
            {"altitude": 154},
            {"distance_km": 1.13},
            {"speed_kmh": 6.3},
            {"timestamp": "Wed Jan 11 05:21:55 UTC 2017"}
        ],
        [
            {"location": [[
                {"latitude": 64.231598},
                {"longitude": 27.728956}
            ]]},
            {"altitude": 155.5},
            {"distance_km": 1.14},
            {"speed_kmh": 6.3},
            {"timestamp": "Wed Jan 11 05:22:01 UTC 2017"}
        ],
        [
            {"location": [[
                {"latitude": 64.231584},
                {"longitude": 27.729176}
            ]]},
            {"altitude": 157},
            {"distance_km": 1.15},
            {"speed_kmh": 6.3},
            {"timestamp": "Wed Jan 11 05:22:07 UTC 2017"}
        ],
        [
            {"location": [[
                {"latitude": 64.231592},
                {"longitude": 27.729443}
            ]]},
            {"altitude": 154.5},
            {"distance_km": 1.16},
            {"speed_kmh": 5.4},
            {"timestamp": "Wed Jan 11 05:22:15 UTC 2017"}
        ],
        [
            {"location": [[
                {"latitude": 64.231638},
                {"longitude": 27.729676}
            ]]},
            {"altitude": 150},
            {"distance_km": 1.18},
            {"speed_kmh": 4.5},
            {"timestamp": "Wed Jan 11 05:22:32 UTC 2017"}
        ],
        [
            {"location": [[
                {"latitude": 64.231666},
                {"longitude": 27.729873}
            ]]},
            {"altitude": 152.5},
            {"distance_km": 1.19},
            {"speed_kmh": 5.4},
            {"timestamp": "Wed Jan 11 05:22:38 UTC 2017"}
        ],
        [
            {"location": [[
                {"latitude": 64.231737},
                {"longitude": 27.730087}
            ]]},
            {"altitude": 153.5},
            {"distance_km": 1.2},
            {"speed_kmh": 5.4},
            {"timestamp": "Wed Jan 11 05:22:46 UTC 2017"}
        ],
        [
            {"location": [[
                {"latitude": 64.231809},
                {"longitude": 27.730259}
            ]]},
            {"altitude": 156.5},
            {"distance_km": 1.21},
            {"speed_kmh": 5.4},
            {"timestamp": "Wed Jan 11 05:22:53 UTC 2017"}
        ],
        [
            {"location": [[
                {"latitude": 64.231913},
                {"longitude": 27.730385}
            ]]},
            {"altitude": 155},
            {"distance_km": 1.22},
            {"speed_kmh": 5.4},
            {"timestamp": "Wed Jan 11 05:23:01 UTC 2017"}
        ],
        [
            {"location": [[
                {"latitude": 64.232011},
                {"longitude": 27.730431}
            ]]},
            {"altitude": 153.5},
            {"distance_km": 1.24},
            {"speed_kmh": 5.4},
            {"timestamp": "Wed Jan 11 05:23:09 UTC 2017"}
        ],
        [
            {"location": [[
                {"latitude": 64.232072},
                {"longitude": 27.73027}
            ]]},
            {"altitude": 147.5},
            {"distance_km": 1.25},
            {"speed_kmh": 0},
            {"timestamp": "Wed Jan 11 05:23:23 UTC 2017"}
        ],
        [
            {"location": [[
                {"latitude": 64.23207},
                {"longitude": 27.730013}
            ]]},
            {"altitude": 148},
            {"distance_km": 1.26},
            {"speed_kmh": 4.5},
            {"timestamp": "Wed Jan 11 05:23:43 UTC 2017"}
        ],
        [
            {"location": [[
                {"latitude": 64.232053},
                {"longitude": 27.729782}
            ]]},
            {"altitude": 147.5},
            {"distance_km": 1.27},
            {"speed_kmh": 4.5},
            {"timestamp": "Wed Jan 11 05:23:49 UTC 2017"}
        ],
        [
            {"location": [[
                {"latitude": 64.232018},
                {"longitude": 27.729585}
            ]]},
            {"altitude": 151.5},
            {"distance_km": 1.28},
            {"speed_kmh": 0},
            {"timestamp": "Wed Jan 11 05:24:12 UTC 2017"}
        ],
        [
            {"location": [[
                {"latitude": 64.231823},
                {"longitude": 27.729533}
            ]]},
            {"altitude": 0},
            {"distance_km": 1.3},
            {"timestamp": "Wed Jan 11 05:39:52 UTC 2017"}
        ],
        [
            {"location": [[
                {"latitude": 64.231967},
                {"longitude": 27.729477}
            ]]},
            {"altitude": 146},
            {"distance_km": 1.32},
            {"speed_kmh": 0},
            {"timestamp": "Wed Jan 11 05:40:57 UTC 2017"}
        ],
        [
            {"location": [[
                {"latitude": 64.23182},
                {"longitude": 27.729533}
            ]]},
            {"altitude": 0},
            {"distance_km": 1.33},
            {"timestamp": "Wed Jan 11 05:41:03 UTC 2017"}
        ],
        [
            {"location": [[
                {"latitude": 64.231967},
                {"longitude": 27.729477}
            ]]},
            {"altitude": 146},
            {"distance_km": 1.35},
            {"speed_kmh": 0},
            {"timestamp": "Wed Jan 11 05:41:20 UTC 2017"}
        ],
        [
            {"location": [[
                {"latitude": 64.23182},
                {"longitude": 27.729533}
            ]]},
            {"altitude": 0},
            {"distance_km": 1.37},
            {"timestamp": "Wed Jan 11 05:41:22 UTC 2017"}
        ],
        [
            {"location": [[
                {"latitude": 64.231967},
                {"longitude": 27.729476}
            ]]},
            {"altitude": 146},
            {"distance_km": 1.38},
            {"speed_kmh": 0},
            {"timestamp": "Wed Jan 11 05:42:59 UTC 2017"}
        ],
        [
            {"location": [[
                {"latitude": 64.23182},
                {"longitude": 27.729533}
            ]]},
            {"altitude": 0},
            {"distance_km": 1.4},
            {"timestamp": "Wed Jan 11 05:44:12 UTC 2017"}
        ],
        [
            {"location": [[
                {"latitude": 64.231966},
                {"longitude": 27.729468}
            ]]},
            {"altitude": 146},
            {"distance_km": 1.42},
            {"speed_kmh": 0},
            {"timestamp": "Wed Jan 11 05:44:18 UTC 2017"}
        ],
        [
            {"location": [[
                {"latitude": 64.23182},
                {"longitude": 27.729533}
            ]]},
            {"altitude": 0},
            {"distance_km": 1.43},
            {"timestamp": "Wed Jan 11 05:45:31 UTC 2017"}
        ],
        [
            {"location": [[
                {"latitude": 64.231966},
                {"longitude": 27.729471}
            ]]},
            {"altitude": 146},
            {"distance_km": 1.45},
            {"speed_kmh": 0},
            {"timestamp": "Wed Jan 11 05:45:43 UTC 2017"}
        ],
        [
            {"location": [[
                {"latitude": 64.23182},
                {"longitude": 27.729533}
            ]]},
            {"altitude": 0},
            {"distance_km": 1.47},
            {"timestamp": "Wed Jan 11 05:47:57 UTC 2017"}
        ],
        [
            {"location": [[
                {"latitude": 64.231966},
                {"longitude": 27.729471}
            ]]},
            {"altitude": 146},
            {"distance_km": 1.48},
            {"speed_kmh": 0},
            {"timestamp": "Wed Jan 11 05:49:05 UTC 2017"}
        ],
        [
            {"location": [[
                {"latitude": 64.231966},
                {"longitude": 27.729472}
            ]]},
            {"altitude": 145.5},
            {"distance_km": 1.48},
            {"speed_kmh": 0},
            {"timestamp": "Wed Jan 11 05:50:13 UTC 2017"}
        ],
        [
            {"location": [[
                {"latitude": 64.231966},
                {"longitude": 27.729472}
            ]]},
            {"altitude": 145.5},
            {"distance_km": 1.48},
            {"speed_kmh": 0},
            {"timestamp": "Wed Jan 11 05:50:13 UTC 2017"}
        ]
    ]}
]