[
    {"sport": "WALKING"},
    {"source": "TRACK_MOBILE"},
    {"created_date": "2017-05-21 06:04:53.0"},
    {"start_time": "2017-05-21 06:03:23.0"},
    {"end_time": "2017-05-21 06:51:07.0"},
    {"duration_s": 2863},
    {"distance_km": 3.03},
    {"calories_kcal": 239.896},
    {"altitude_min_m": 0},
    {"altitude_max_m": 221.5},
    {"speed_avg_kmh": 3.8099895214809636},
    {"speed_max_kmh": 5.4},
    {"ascend_m": 328.5},
    {"descend_m": 315.5},
    {"points": [
        [
            {"location": [[
                {"latitude": 64.23172},
                {"longitude": 27.72955}
            ]]},
            {"distance_km": 0},
            {"timestamp": "Sun May 21 06:03:23 UTC 2017"}
        ],
        [
            {"location": [[
                {"latitude": 64.23172},
                {"longitude": 27.72955}
            ]]},
            {"altitude": 139},
            {"distance_km": 0},
            {"speed_kmh": 2.7},
            {"timestamp": "Sun May 21 06:03:47 UTC 2017"}
        ],
        [
            {"location": [[
                {"latitude": 64.23162},
                {"longitude": 27.729449}
            ]]},
            {"altitude": 100.5},
            {"distance_km": 0.01},
            {"speed_kmh": 0.9},
            {"timestamp": "Sun May 21 06:03:53 UTC 2017"}
        ],
        [
            {"location": [[
                {"latitude": 64.231691},
                {"longitude": 27.729587}
            ]]},
            {"altitude": 174},
            {"distance_km": 0.02},
            {"speed_kmh": 2.7},
            {"timestamp": "Sun May 21 06:04:05 UTC 2017"}
        ],
        [
            {"location": [[
                {"latitude": 64.231721},
                {"longitude": 27.729793}
            ]]},
            {"altitude": 161},
            {"distance_km": 0.03},
            {"speed_kmh": 3.6},
            {"timestamp": "Sun May 21 06:04:15 UTC 2017"}
        ],
        [
            {"location": [[
                {"latitude": 64.231765},
                {"longitude": 27.729998}
            ]]},
            {"altitude": 158.5},
            {"distance_km": 0.04},
            {"speed_kmh": 2.7},
            {"timestamp": "Sun May 21 06:04:28 UTC 2017"}
        ],
        [
            {"location": [[
                {"latitude": 64.231846},
                {"longitude": 27.730159}
            ]]},
            {"altitude": 152.5},
            {"distance_km": 0.06},
            {"speed_kmh": 3.6},
            {"timestamp": "Sun May 21 06:04:42 UTC 2017"}
        ],
        [
            {"location": [[
                {"latitude": 64.231742},
                {"longitude": 27.730119}
            ]]},
            {"altitude": 154.5},
            {"distance_km": 0.07},
            {"speed_kmh": 4.5},
            {"timestamp": "Sun May 21 06:04:55 UTC 2017"}
        ],
        [
            {"location": [[
                {"latitude": 64.231654},
                {"longitude": 27.730071}
            ]]},
            {"altitude": 152.5},
            {"distance_km": 0.08},
            {"speed_kmh": 1.8},
            {"timestamp": "Sun May 21 06:05:19 UTC 2017"}
        ],
        [
            {"location": [[
                {"latitude": 64.231643},
                {"longitude": 27.729848}
            ]]},
            {"altitude": 150.5},
            {"distance_km": 0.09},
            {"speed_kmh": 5.4},
            {"timestamp": "Sun May 21 06:05:51 UTC 2017"}
        ],
        [
            {"location": [[
                {"latitude": 64.231698},
                {"longitude": 27.729664}
            ]]},
            {"altitude": 145.5},
            {"distance_km": 0.1},
            {"speed_kmh": 4.5},
            {"timestamp": "Sun May 21 06:05:58 UTC 2017"}
        ],
        [
            {"location": [[
                {"latitude": 64.231784},
                {"longitude": 27.729559}
            ]]},
            {"altitude": 146.5},
            {"distance_km": 0.11},
            {"speed_kmh": 2.7},
            {"timestamp": "Sun May 21 06:06:08 UTC 2017"}
        ],
        [
            {"location": [[
                {"latitude": 64.231724},
                {"longitude": 27.729753}
            ]]},
            {"altitude": 152.5},
            {"distance_km": 0.12},
            {"speed_kmh": 4.5},
            {"timestamp": "Sun May 21 06:07:29 UTC 2017"}
        ],
        [
            {"location": [[
                {"latitude": 64.231746},
                {"longitude": 27.729972}
            ]]},
            {"altitude": 155},
            {"distance_km": 0.13},
            {"speed_kmh": 4.5},
            {"timestamp": "Sun May 21 06:07:37 UTC 2017"}
        ],
        [
            {"location": [[
                {"latitude": 64.231817},
                {"longitude": 27.730126}
            ]]},
            {"altitude": 155},
            {"distance_km": 0.14},
            {"speed_kmh": 4.5},
            {"timestamp": "Sun May 21 06:07:51 UTC 2017"}
        ],
        [
            {"location": [[
                {"latitude": 64.231918},
                {"longitude": 27.730235}
            ]]},
            {"altitude": 150.5},
            {"distance_km": 0.16},
            {"speed_kmh": 5.4},
            {"timestamp": "Sun May 21 06:08:02 UTC 2017"}
        ],
        [
            {"location": [[
                {"latitude": 64.23202},
                {"longitude": 27.730325}
            ]]},
            {"altitude": 150},
            {"distance_km": 0.17},
            {"speed_kmh": 4.5},
            {"timestamp": "Sun May 21 06:08:10 UTC 2017"}
        ],
        [
            {"location": [[
                {"latitude": 64.232108},
                {"longitude": 27.730443}
            ]]},
            {"altitude": 148},
            {"distance_km": 0.18},
            {"speed_kmh": 4.5},
            {"timestamp": "Sun May 21 06:08:18 UTC 2017"}
        ],
        [
            {"location": [[
                {"latitude": 64.232188},
                {"longitude": 27.730568}
            ]]},
            {"altitude": 147},
            {"distance_km": 0.19},
            {"speed_kmh": 4.5},
            {"timestamp": "Sun May 21 06:08:26 UTC 2017"}
        ],
        [
            {"location": [[
                {"latitude": 64.232262},
                {"longitude": 27.730693}
            ]]},
            {"altitude": 151.5},
            {"distance_km": 0.2},
            {"speed_kmh": 4.5},
            {"timestamp": "Sun May 21 06:08:33 UTC 2017"}
        ],
        [
            {"location": [[
                {"latitude": 64.232341},
                {"longitude": 27.730841}
            ]]},
            {"altitude": 148},
            {"distance_km": 0.21},
            {"speed_kmh": 4.5},
            {"timestamp": "Sun May 21 06:08:41 UTC 2017"}
        ],
        [
            {"location": [[
                {"latitude": 64.232437},
                {"longitude": 27.730923}
            ]]},
            {"altitude": 148},
            {"distance_km": 0.22},
            {"speed_kmh": 4.5},
            {"timestamp": "Sun May 21 06:08:49 UTC 2017"}
        ],
        [
            {"location": [[
                {"latitude": 64.232534},
                {"longitude": 27.731003}
            ]]},
            {"altitude": 148},
            {"distance_km": 0.23},
            {"speed_kmh": 4.5},
            {"timestamp": "Sun May 21 06:08:57 UTC 2017"}
        ],
        [
            {"location": [[
                {"latitude": 64.232642},
                {"longitude": 27.731057}
            ]]},
            {"altitude": 152},
            {"distance_km": 0.25},
            {"speed_kmh": 4.5},
            {"timestamp": "Sun May 21 06:09:09 UTC 2017"}
        ],
        [
            {"location": [[
                {"latitude": 64.232722},
                {"longitude": 27.731227}
            ]]},
            {"altitude": 154.5},
            {"distance_km": 0.26},
            {"speed_kmh": 4.5},
            {"timestamp": "Sun May 21 06:09:17 UTC 2017"}
        ],
        [
            {"location": [[
                {"latitude": 64.232831},
                {"longitude": 27.731272}
            ]]},
            {"altitude": 156},
            {"distance_km": 0.27},
            {"speed_kmh": 4.5},
            {"timestamp": "Sun May 21 06:09:25 UTC 2017"}
        ],
        [
            {"location": [[
                {"latitude": 64.232933},
                {"longitude": 27.731296}
            ]]},
            {"altitude": 156},
            {"distance_km": 0.28},
            {"speed_kmh": 4.5},
            {"timestamp": "Sun May 21 06:09:33 UTC 2017"}
        ],
        [
            {"location": [[
                {"latitude": 64.233024},
                {"longitude": 27.731404}
            ]]},
            {"altitude": 156},
            {"distance_km": 0.29},
            {"speed_kmh": 4.5},
            {"timestamp": "Sun May 21 06:09:41 UTC 2017"}
        ],
        [
            {"location": [[
                {"latitude": 64.233113},
                {"longitude": 27.731357}
            ]]},
            {"altitude": 159},
            {"distance_km": 0.3},
            {"speed_kmh": 3.6},
            {"timestamp": "Sun May 21 06:09:54 UTC 2017"}
        ],
        [
            {"location": [[
                {"latitude": 64.233205},
                {"longitude": 27.731338}
            ]]},
            {"altitude": 165},
            {"distance_km": 0.31},
            {"speed_kmh": 0},
            {"timestamp": "Sun May 21 06:10:06 UTC 2017"}
        ],
        [
            {"location": [[
                {"latitude": 64.2333},
                {"longitude": 27.731326}
            ]]},
            {"altitude": 166.5},
            {"distance_km": 0.33},
            {"speed_kmh": 0},
            {"timestamp": "Sun May 21 06:10:23 UTC 2017"}
        ],
        [
            {"location": [[
                {"latitude": 64.233409},
                {"longitude": 27.731287}
            ]]},
            {"altitude": 171.5},
            {"distance_km": 0.34},
            {"speed_kmh": 3.6},
            {"timestamp": "Sun May 21 06:10:37 UTC 2017"}
        ],
        [
            {"location": [[
                {"latitude": 64.233497},
                {"longitude": 27.73123}
            ]]},
            {"altitude": 171.5},
            {"distance_km": 0.35},
            {"speed_kmh": 3.6},
            {"timestamp": "Sun May 21 06:10:43 UTC 2017"}
        ],
        [
            {"location": [[
                {"latitude": 64.233602},
                {"longitude": 27.731192}
            ]]},
            {"altitude": 171},
            {"distance_km": 0.36},
            {"speed_kmh": 3.6},
            {"timestamp": "Sun May 21 06:10:51 UTC 2017"}
        ],
        [
            {"location": [[
                {"latitude": 64.233693},
                {"longitude": 27.73107}
            ]]},
            {"altitude": 175},
            {"distance_km": 0.37},
            {"speed_kmh": 3.6},
            {"timestamp": "Sun May 21 06:10:59 UTC 2017"}
        ],
        [
            {"location": [[
                {"latitude": 64.233779},
                {"longitude": 27.731006}
            ]]},
            {"altitude": 178.5},
            {"distance_km": 0.38},
            {"speed_kmh": 3.6},
            {"timestamp": "Sun May 21 06:11:07 UTC 2017"}
        ],
        [
            {"location": [[
                {"latitude": 64.233872},
                {"longitude": 27.730956}
            ]]},
            {"altitude": 178},
            {"distance_km": 0.39},
            {"speed_kmh": 4.5},
            {"timestamp": "Sun May 21 06:11:15 UTC 2017"}
        ],
        [
            {"location": [[
                {"latitude": 64.233931},
                {"longitude": 27.730793}
            ]]},
            {"altitude": 177.5},
            {"distance_km": 0.4},
            {"speed_kmh": 3.6},
            {"timestamp": "Sun May 21 06:11:25 UTC 2017"}
        ],
        [
            {"location": [[
                {"latitude": 64.233939},
                {"longitude": 27.730565}
            ]]},
            {"altitude": 177.5},
            {"distance_km": 0.41},
            {"speed_kmh": 3.6},
            {"timestamp": "Sun May 21 06:11:40 UTC 2017"}
        ],
        [
            {"location": [[
                {"latitude": 64.233859},
                {"longitude": 27.730421}
            ]]},
            {"altitude": 172.5},
            {"distance_km": 0.42},
            {"speed_kmh": 2.7},
            {"timestamp": "Sun May 21 06:12:17 UTC 2017"}
        ],
        [
            {"location": [[
                {"latitude": 64.233814},
                {"longitude": 27.730203}
            ]]},
            {"altitude": 173},
            {"distance_km": 0.44},
            {"speed_kmh": 2.7},
            {"timestamp": "Sun May 21 06:12:25 UTC 2017"}
        ],
        [
            {"location": [[
                {"latitude": 64.233771},
                {"longitude": 27.729998}
            ]]},
            {"altitude": 169},
            {"distance_km": 0.45},
            {"speed_kmh": 3.6},
            {"timestamp": "Sun May 21 06:12:33 UTC 2017"}
        ],
        [
            {"location": [[
                {"latitude": 64.233771},
                {"longitude": 27.729755}
            ]]},
            {"altitude": 171},
            {"distance_km": 0.46},
            {"speed_kmh": 1.8},
            {"timestamp": "Sun May 21 06:12:43 UTC 2017"}
        ],
        [
            {"location": [[
                {"latitude": 64.233811},
                {"longitude": 27.72951}
            ]]},
            {"altitude": 171.5},
            {"distance_km": 0.47},
            {"speed_kmh": 2.7},
            {"timestamp": "Sun May 21 06:12:53 UTC 2017"}
        ],
        [
            {"location": [[
                {"latitude": 64.233836},
                {"longitude": 27.72931}
            ]]},
            {"altitude": 171.5},
            {"distance_km": 0.48},
            {"speed_kmh": 3.6},
            {"timestamp": "Sun May 21 06:12:59 UTC 2017"}
        ],
        [
            {"location": [[
                {"latitude": 64.233869},
                {"longitude": 27.729101}
            ]]},
            {"altitude": 167},
            {"distance_km": 0.49},
            {"speed_kmh": 3.6},
            {"timestamp": "Sun May 21 06:13:07 UTC 2017"}
        ],
        [
            {"location": [[
                {"latitude": 64.233909},
                {"longitude": 27.72889}
            ]]},
            {"altitude": 170},
            {"distance_km": 0.5},
            {"speed_kmh": 3.6},
            {"timestamp": "Sun May 21 06:13:16 UTC 2017"}
        ],
        [
            {"location": [[
                {"latitude": 64.233962},
                {"longitude": 27.728688}
            ]]},
            {"altitude": 171.5},
            {"distance_km": 0.52},
            {"speed_kmh": 3.6},
            {"timestamp": "Sun May 21 06:13:24 UTC 2017"}
        ],
        [
            {"location": [[
                {"latitude": 64.234001},
                {"longitude": 27.728451}
            ]]},
            {"altitude": 170.5},
            {"distance_km": 0.53},
            {"speed_kmh": 3.6},
            {"timestamp": "Sun May 21 06:13:34 UTC 2017"}
        ],
        [
            {"location": [[
                {"latitude": 64.233978},
                {"longitude": 27.728246}
            ]]},
            {"altitude": 173.5},
            {"distance_km": 0.54},
            {"speed_kmh": 3.6},
            {"timestamp": "Sun May 21 06:13:42 UTC 2017"}
        ],
        [
            {"location": [[
                {"latitude": 64.233923},
                {"longitude": 27.728024}
            ]]},
            {"altitude": 173},
            {"distance_km": 0.55},
            {"speed_kmh": 3.6},
            {"timestamp": "Sun May 21 06:13:53 UTC 2017"}
        ],
        [
            {"location": [[
                {"latitude": 64.233862},
                {"longitude": 27.727827}
            ]]},
            {"altitude": 172.5},
            {"distance_km": 0.56},
            {"speed_kmh": 3.6},
            {"timestamp": "Sun May 21 06:14:03 UTC 2017"}
        ],
        [
            {"location": [[
                {"latitude": 64.233806},
                {"longitude": 27.727636}
            ]]},
            {"altitude": 172},
            {"distance_km": 0.57},
            {"speed_kmh": 3.6},
            {"timestamp": "Sun May 21 06:14:13 UTC 2017"}
        ],
        [
            {"location": [[
                {"latitude": 64.233803},
                {"longitude": 27.727421}
            ]]},
            {"altitude": 173.5},
            {"distance_km": 0.58},
            {"speed_kmh": 3.6},
            {"timestamp": "Sun May 21 06:14:21 UTC 2017"}
        ],
        [
            {"location": [[
                {"latitude": 64.233869},
                {"longitude": 27.727233}
            ]]},
            {"altitude": 169.5},
            {"distance_km": 0.59},
            {"speed_kmh": 3.6},
            {"timestamp": "Sun May 21 06:14:29 UTC 2017"}
        ],
        [
            {"location": [[
                {"latitude": 64.233917},
                {"longitude": 27.727029}
            ]]},
            {"altitude": 171},
            {"distance_km": 0.61},
            {"speed_kmh": 3.6},
            {"timestamp": "Sun May 21 06:14:37 UTC 2017"}
        ],
        [
            {"location": [[
                {"latitude": 64.233989},
                {"longitude": 27.726825}
            ]]},
            {"altitude": 175.5},
            {"distance_km": 0.62},
            {"speed_kmh": 3.6},
            {"timestamp": "Sun May 21 06:14:45 UTC 2017"}
        ],
        [
            {"location": [[
                {"latitude": 64.234071},
                {"longitude": 27.726652}
            ]]},
            {"altitude": 178.5},
            {"distance_km": 0.63},
            {"speed_kmh": 3.6},
            {"timestamp": "Sun May 21 06:14:55 UTC 2017"}
        ],
        [
            {"location": [[
                {"latitude": 64.234131},
                {"longitude": 27.726472}
            ]]},
            {"altitude": 178},
            {"distance_km": 0.64},
            {"speed_kmh": 3.6},
            {"timestamp": "Sun May 21 06:15:05 UTC 2017"}
        ],
        [
            {"location": [[
                {"latitude": 64.234177},
                {"longitude": 27.726243}
            ]]},
            {"altitude": 176},
            {"distance_km": 0.65},
            {"speed_kmh": 3.6},
            {"timestamp": "Sun May 21 06:15:16 UTC 2017"}
        ],
        [
            {"location": [[
                {"latitude": 64.234255},
                {"longitude": 27.726054}
            ]]},
            {"altitude": 181},
            {"distance_km": 0.67},
            {"speed_kmh": 3.6},
            {"timestamp": "Sun May 21 06:15:50 UTC 2017"}
        ],
        [
            {"location": [[
                {"latitude": 64.234338},
                {"longitude": 27.725911}
            ]]},
            {"altitude": 178},
            {"distance_km": 0.68},
            {"speed_kmh": 3.6},
            {"timestamp": "Sun May 21 06:15:59 UTC 2017"}
        ],
        [
            {"location": [[
                {"latitude": 64.234414},
                {"longitude": 27.725796}
            ]]},
            {"altitude": 181},
            {"distance_km": 0.69},
            {"speed_kmh": 3.6},
            {"timestamp": "Sun May 21 06:16:07 UTC 2017"}
        ],
        [
            {"location": [[
                {"latitude": 64.234503},
                {"longitude": 27.72564}
            ]]},
            {"altitude": 181.5},
            {"distance_km": 0.7},
            {"speed_kmh": 3.6},
            {"timestamp": "Sun May 21 06:16:17 UTC 2017"}
        ],
        [
            {"location": [[
                {"latitude": 64.234582},
                {"longitude": 27.725521}
            ]]},
            {"altitude": 185},
            {"distance_km": 0.71},
            {"speed_kmh": 3.6},
            {"timestamp": "Sun May 21 06:16:25 UTC 2017"}
        ],
        [
            {"location": [[
                {"latitude": 64.234676},
                {"longitude": 27.725408}
            ]]},
            {"altitude": 183.5},
            {"distance_km": 0.72},
            {"speed_kmh": 3.6},
            {"timestamp": "Sun May 21 06:16:35 UTC 2017"}
        ],
        [
            {"location": [[
                {"latitude": 64.23478},
                {"longitude": 27.725373}
            ]]},
            {"altitude": 181},
            {"distance_km": 0.73},
            {"speed_kmh": 3.6},
            {"timestamp": "Sun May 21 06:16:45 UTC 2017"}
        ],
        [
            {"location": [[
                {"latitude": 64.234873},
                {"longitude": 27.725334}
            ]]},
            {"altitude": 183.5},
            {"distance_km": 0.75},
            {"speed_kmh": 3.6},
            {"timestamp": "Sun May 21 06:16:53 UTC 2017"}
        ],
        [
            {"location": [[
                {"latitude": 64.234976},
                {"longitude": 27.725274}
            ]]},
            {"altitude": 185.5},
            {"distance_km": 0.76},
            {"speed_kmh": 4.5},
            {"timestamp": "Sun May 21 06:17:01 UTC 2017"}
        ],
        [
            {"location": [[
                {"latitude": 64.235085},
                {"longitude": 27.725238}
            ]]},
            {"altitude": 182.5},
            {"distance_km": 0.77},
            {"speed_kmh": 4.5},
            {"timestamp": "Sun May 21 06:17:10 UTC 2017"}
        ],
        [
            {"location": [[
                {"latitude": 64.235195},
                {"longitude": 27.725275}
            ]]},
            {"altitude": 179},
            {"distance_km": 0.78},
            {"speed_kmh": 4.5},
            {"timestamp": "Sun May 21 06:17:18 UTC 2017"}
        ],
        [
            {"location": [[
                {"latitude": 64.235287},
                {"longitude": 27.725185}
            ]]},
            {"altitude": 174},
            {"distance_km": 0.79},
            {"speed_kmh": 4.5},
            {"timestamp": "Sun May 21 06:17:26 UTC 2017"}
        ],
        [
            {"location": [[
                {"latitude": 64.235381},
                {"longitude": 27.725125}
            ]]},
            {"altitude": 173},
            {"distance_km": 0.8},
            {"speed_kmh": 4.5},
            {"timestamp": "Sun May 21 06:17:34 UTC 2017"}
        ],
        [
            {"location": [[
                {"latitude": 64.235472},
                {"longitude": 27.725162}
            ]]},
            {"altitude": 173.5},
            {"distance_km": 0.81},
            {"speed_kmh": 4.5},
            {"timestamp": "Sun May 21 06:17:43 UTC 2017"}
        ],
        [
            {"location": [[
                {"latitude": 64.235579},
                {"longitude": 27.725146}
            ]]},
            {"altitude": 172.5},
            {"distance_km": 0.83},
            {"speed_kmh": 4.5},
            {"timestamp": "Sun May 21 06:17:53 UTC 2017"}
        ],
        [
            {"location": [[
                {"latitude": 64.235682},
                {"longitude": 27.725196}
            ]]},
            {"altitude": 176.5},
            {"distance_km": 0.84},
            {"speed_kmh": 3.6},
            {"timestamp": "Sun May 21 06:18:03 UTC 2017"}
        ],
        [
            {"location": [[
                {"latitude": 64.235778},
                {"longitude": 27.725308}
            ]]},
            {"altitude": 177.5},
            {"distance_km": 0.85},
            {"speed_kmh": 3.6},
            {"timestamp": "Sun May 21 06:18:13 UTC 2017"}
        ],
        [
            {"location": [[
                {"latitude": 64.23586},
                {"longitude": 27.725418}
            ]]},
            {"altitude": 183.5},
            {"distance_km": 0.86},
            {"speed_kmh": 2.7},
            {"timestamp": "Sun May 21 06:18:29 UTC 2017"}
        ],
        [
            {"location": [[
                {"latitude": 64.235931},
                {"longitude": 27.725559}
            ]]},
            {"altitude": 181.5},
            {"distance_km": 0.87},
            {"speed_kmh": 2.7},
            {"timestamp": "Sun May 21 06:18:41 UTC 2017"}
        ],
        [
            {"location": [[
                {"latitude": 64.236022},
                {"longitude": 27.725509}
            ]]},
            {"altitude": 183},
            {"distance_km": 0.88},
            {"speed_kmh": 3.6},
            {"timestamp": "Sun May 21 06:18:50 UTC 2017"}
        ],
        [
            {"location": [[
                {"latitude": 64.236117},
                {"longitude": 27.72542}
            ]]},
            {"altitude": 184},
            {"distance_km": 0.89},
            {"speed_kmh": 3.6},
            {"timestamp": "Sun May 21 06:19:00 UTC 2017"}
        ],
        [
            {"location": [[
                {"latitude": 64.236211},
                {"longitude": 27.725321}
            ]]},
            {"altitude": 184},
            {"distance_km": 0.9},
            {"speed_kmh": 3.6},
            {"timestamp": "Sun May 21 06:19:10 UTC 2017"}
        ],
        [
            {"location": [[
                {"latitude": 64.236305},
                {"longitude": 27.725192}
            ]]},
            {"altitude": 186},
            {"distance_km": 0.92},
            {"speed_kmh": 3.6},
            {"timestamp": "Sun May 21 06:19:21 UTC 2017"}
        ],
        [
            {"location": [[
                {"latitude": 64.236401},
                {"longitude": 27.725078}
            ]]},
            {"altitude": 188.5},
            {"distance_km": 0.93},
            {"speed_kmh": 3.6},
            {"timestamp": "Sun May 21 06:19:31 UTC 2017"}
        ],
        [
            {"location": [[
                {"latitude": 64.236509},
                {"longitude": 27.725085}
            ]]},
            {"altitude": 188},
            {"distance_km": 0.94},
            {"speed_kmh": 4.5},
            {"timestamp": "Sun May 21 06:19:39 UTC 2017"}
        ],
        [
            {"location": [[
                {"latitude": 64.236623},
                {"longitude": 27.725092}
            ]]},
            {"altitude": 185},
            {"distance_km": 0.95},
            {"speed_kmh": 4.5},
            {"timestamp": "Sun May 21 06:19:49 UTC 2017"}
        ],
        [
            {"location": [[
                {"latitude": 64.236714},
                {"longitude": 27.725098}
            ]]},
            {"altitude": 185},
            {"distance_km": 0.96},
            {"speed_kmh": 4.5},
            {"timestamp": "Sun May 21 06:19:57 UTC 2017"}
        ],
        [
            {"location": [[
                {"latitude": 64.236804},
                {"longitude": 27.725123}
            ]]},
            {"altitude": 184},
            {"distance_km": 0.97},
            {"speed_kmh": 3.6},
            {"timestamp": "Sun May 21 06:20:07 UTC 2017"}
        ],
        [
            {"location": [[
                {"latitude": 64.236898},
                {"longitude": 27.725133}
            ]]},
            {"altitude": 184},
            {"distance_km": 0.98},
            {"speed_kmh": 3.6},
            {"timestamp": "Sun May 21 06:20:15 UTC 2017"}
        ],
        [
            {"location": [[
                {"latitude": 64.237002},
                {"longitude": 27.725153}
            ]]},
            {"altitude": 182},
            {"distance_km": 1},
            {"speed_kmh": 4.5},
            {"timestamp": "Sun May 21 06:20:23 UTC 2017"}
        ],
        [
            {"location": [[
                {"latitude": 64.237091},
                {"longitude": 27.725188}
            ]]},
            {"altitude": 182.5},
            {"distance_km": 1.01},
            {"speed_kmh": 4.5},
            {"timestamp": "Sun May 21 06:20:30 UTC 2017"}
        ],
        [
            {"location": [[
                {"latitude": 64.237185},
                {"longitude": 27.725297}
            ]]},
            {"altitude": 183},
            {"distance_km": 1.02},
            {"speed_kmh": 3.6},
            {"timestamp": "Sun May 21 06:20:40 UTC 2017"}
        ],
        [
            {"location": [[
                {"latitude": 64.237261},
                {"longitude": 27.725462}
            ]]},
            {"altitude": 179.5},
            {"distance_km": 1.03},
            {"speed_kmh": 2.7},
            {"timestamp": "Sun May 21 06:20:48 UTC 2017"}
        ],
        [
            {"location": [[
                {"latitude": 64.237342},
                {"longitude": 27.725557}
            ]]},
            {"altitude": 180},
            {"distance_km": 1.04},
            {"speed_kmh": 2.7},
            {"timestamp": "Sun May 21 06:21:00 UTC 2017"}
        ],
        [
            {"location": [[
                {"latitude": 64.237424},
                {"longitude": 27.725769}
            ]]},
            {"altitude": 180.5},
            {"distance_km": 1.05},
            {"speed_kmh": 3.6},
            {"timestamp": "Sun May 21 06:21:13 UTC 2017"}
        ],
        [
            {"location": [[
                {"latitude": 64.237523},
                {"longitude": 27.725887}
            ]]},
            {"altitude": 180.5},
            {"distance_km": 1.07},
            {"speed_kmh": 3.6},
            {"timestamp": "Sun May 21 06:21:21 UTC 2017"}
        ],
        [
            {"location": [[
                {"latitude": 64.237605},
                {"longitude": 27.725987}
            ]]},
            {"altitude": 183.5},
            {"distance_km": 1.08},
            {"speed_kmh": 2.7},
            {"timestamp": "Sun May 21 06:21:33 UTC 2017"}
        ],
        [
            {"location": [[
                {"latitude": 64.237695},
                {"longitude": 27.72612}
            ]]},
            {"altitude": 183},
            {"distance_km": 1.09},
            {"speed_kmh": 1.8},
            {"timestamp": "Sun May 21 06:21:45 UTC 2017"}
        ],
        [
            {"location": [[
                {"latitude": 64.237803},
                {"longitude": 27.726214}
            ]]},
            {"altitude": 183},
            {"distance_km": 1.1},
            {"speed_kmh": 3.6},
            {"timestamp": "Sun May 21 06:21:55 UTC 2017"}
        ],
        [
            {"location": [[
                {"latitude": 64.237877},
                {"longitude": 27.726336}
            ]]},
            {"altitude": 183.5},
            {"distance_km": 1.11},
            {"speed_kmh": 2.7},
            {"timestamp": "Sun May 21 06:22:01 UTC 2017"}
        ],
        [
            {"location": [[
                {"latitude": 64.237995},
                {"longitude": 27.726411}
            ]]},
            {"altitude": 185.5},
            {"distance_km": 1.12},
            {"speed_kmh": 4.5},
            {"timestamp": "Sun May 21 06:22:11 UTC 2017"}
        ],
        [
            {"location": [[
                {"latitude": 64.238089},
                {"longitude": 27.726459}
            ]]},
            {"altitude": 189},
            {"distance_km": 1.13},
            {"speed_kmh": 3.6},
            {"timestamp": "Sun May 21 06:22:19 UTC 2017"}
        ],
        [
            {"location": [[
                {"latitude": 64.238183},
                {"longitude": 27.726559}
            ]]},
            {"altitude": 188.5},
            {"distance_km": 1.15},
            {"speed_kmh": 3.6},
            {"timestamp": "Sun May 21 06:22:28 UTC 2017"}
        ],
        [
            {"location": [[
                {"latitude": 64.238254},
                {"longitude": 27.726703}
            ]]},
            {"altitude": 186},
            {"distance_km": 1.16},
            {"speed_kmh": 3.6},
            {"timestamp": "Sun May 21 06:22:36 UTC 2017"}
        ],
        [
            {"location": [[
                {"latitude": 64.238324},
                {"longitude": 27.726843}
            ]]},
            {"altitude": 186.5},
            {"distance_km": 1.17},
            {"speed_kmh": 3.6},
            {"timestamp": "Sun May 21 06:22:44 UTC 2017"}
        ],
        [
            {"location": [[
                {"latitude": 64.238412},
                {"longitude": 27.726801}
            ]]},
            {"altitude": 187},
            {"distance_km": 1.18},
            {"speed_kmh": 3.6},
            {"timestamp": "Sun May 21 06:22:52 UTC 2017"}
        ],
        [
            {"location": [[
                {"latitude": 64.238509},
                {"longitude": 27.726735}
            ]]},
            {"altitude": 190.5},
            {"distance_km": 1.19},
            {"speed_kmh": 3.6},
            {"timestamp": "Sun May 21 06:23:03 UTC 2017"}
        ],
        [
            {"location": [[
                {"latitude": 64.238613},
                {"longitude": 27.726823}
            ]]},
            {"altitude": 191.5},
            {"distance_km": 1.2},
            {"speed_kmh": 3.6},
            {"timestamp": "Sun May 21 06:23:13 UTC 2017"}
        ],
        [
            {"location": [[
                {"latitude": 64.2387},
                {"longitude": 27.726933}
            ]]},
            {"altitude": 190},
            {"distance_km": 1.21},
            {"speed_kmh": 3.6},
            {"timestamp": "Sun May 21 06:23:21 UTC 2017"}
        ],
        [
            {"location": [[
                {"latitude": 64.238728},
                {"longitude": 27.727142}
            ]]},
            {"altitude": 186.5},
            {"distance_km": 1.22},
            {"speed_kmh": 3.6},
            {"timestamp": "Sun May 21 06:23:29 UTC 2017"}
        ],
        [
            {"location": [[
                {"latitude": 64.238756},
                {"longitude": 27.727376}
            ]]},
            {"altitude": 185.5},
            {"distance_km": 1.23},
            {"speed_kmh": 3.6},
            {"timestamp": "Sun May 21 06:23:37 UTC 2017"}
        ],
        [
            {"location": [[
                {"latitude": 64.238808},
                {"longitude": 27.727608}
            ]]},
            {"altitude": 187.5},
            {"distance_km": 1.25},
            {"speed_kmh": 3.6},
            {"timestamp": "Sun May 21 06:23:45 UTC 2017"}
        ],
        [
            {"location": [[
                {"latitude": 64.238837},
                {"longitude": 27.727807}
            ]]},
            {"altitude": 190},
            {"distance_km": 1.26},
            {"speed_kmh": 3.6},
            {"timestamp": "Sun May 21 06:23:53 UTC 2017"}
        ],
        [
            {"location": [[
                {"latitude": 64.238886},
                {"longitude": 27.728012}
            ]]},
            {"altitude": 191},
            {"distance_km": 1.27},
            {"speed_kmh": 1.8},
            {"timestamp": "Sun May 21 06:24:24 UTC 2017"}
        ],
        [
            {"location": [[
                {"latitude": 64.23893},
                {"longitude": 27.728259}
            ]]},
            {"altitude": 190.5},
            {"distance_km": 1.28},
            {"speed_kmh": 2.7},
            {"timestamp": "Sun May 21 06:24:34 UTC 2017"}
        ],
        [
            {"location": [[
                {"latitude": 64.238969},
                {"longitude": 27.728486}
            ]]},
            {"altitude": 188},
            {"distance_km": 1.29},
            {"speed_kmh": 2.7},
            {"timestamp": "Sun May 21 06:24:42 UTC 2017"}
        ],
        [
            {"location": [[
                {"latitude": 64.239056},
                {"longitude": 27.728619}
            ]]},
            {"altitude": 185.5},
            {"distance_km": 1.3},
            {"speed_kmh": 2.7},
            {"timestamp": "Sun May 21 06:24:52 UTC 2017"}
        ],
        [
            {"location": [[
                {"latitude": 64.239162},
                {"longitude": 27.72861}
            ]]},
            {"altitude": 184},
            {"distance_km": 1.32},
            {"speed_kmh": 2.7},
            {"timestamp": "Sun May 21 06:25:09 UTC 2017"}
        ],
        [
            {"location": [[
                {"latitude": 64.239271},
                {"longitude": 27.728623}
            ]]},
            {"altitude": 184},
            {"distance_km": 1.33},
            {"speed_kmh": 5.4},
            {"timestamp": "Sun May 21 06:25:17 UTC 2017"}
        ],
        [
            {"location": [[
                {"latitude": 64.23937},
                {"longitude": 27.72862}
            ]]},
            {"altitude": 185.5},
            {"distance_km": 1.34},
            {"speed_kmh": 4.5},
            {"timestamp": "Sun May 21 06:25:25 UTC 2017"}
        ],
        [
            {"location": [[
                {"latitude": 64.239464},
                {"longitude": 27.728665}
            ]]},
            {"altitude": 186},
            {"distance_km": 1.35},
            {"speed_kmh": 4.5},
            {"timestamp": "Sun May 21 06:25:33 UTC 2017"}
        ],
        [
            {"location": [[
                {"latitude": 64.239555},
                {"longitude": 27.728696}
            ]]},
            {"altitude": 189.5},
            {"distance_km": 1.36},
            {"speed_kmh": 3.6},
            {"timestamp": "Sun May 21 06:25:43 UTC 2017"}
        ],
        [
            {"location": [[
                {"latitude": 64.239655},
                {"longitude": 27.728668}
            ]]},
            {"altitude": 188},
            {"distance_km": 1.37},
            {"speed_kmh": 3.6},
            {"timestamp": "Sun May 21 06:25:53 UTC 2017"}
        ],
        [
            {"location": [[
                {"latitude": 64.239752},
                {"longitude": 27.72871}
            ]]},
            {"altitude": 187.5},
            {"distance_km": 1.38},
            {"speed_kmh": 3.6},
            {"timestamp": "Sun May 21 06:26:01 UTC 2017"}
        ],
        [
            {"location": [[
                {"latitude": 64.239837},
                {"longitude": 27.728817}
            ]]},
            {"altitude": 185},
            {"distance_km": 1.39},
            {"speed_kmh": 3.6},
            {"timestamp": "Sun May 21 06:26:07 UTC 2017"}
        ],
        [
            {"location": [[
                {"latitude": 64.239923},
                {"longitude": 27.728911}
            ]]},
            {"altitude": 185.5},
            {"distance_km": 1.4},
            {"speed_kmh": 3.6},
            {"timestamp": "Sun May 21 06:26:13 UTC 2017"}
        ],
        [
            {"location": [[
                {"latitude": 64.239995},
                {"longitude": 27.729039}
            ]]},
            {"altitude": 189},
            {"distance_km": 1.41},
            {"speed_kmh": 3.6},
            {"timestamp": "Sun May 21 06:26:20 UTC 2017"}
        ],
        [
            {"location": [[
                {"latitude": 64.240101},
                {"longitude": 27.729168}
            ]]},
            {"altitude": 190},
            {"distance_km": 1.43},
            {"speed_kmh": 4.5},
            {"timestamp": "Sun May 21 06:26:28 UTC 2017"}
        ],
        [
            {"location": [[
                {"latitude": 64.240178},
                {"longitude": 27.729328}
            ]]},
            {"altitude": 187.5},
            {"distance_km": 1.44},
            {"speed_kmh": 4.5},
            {"timestamp": "Sun May 21 06:26:36 UTC 2017"}
        ],
        [
            {"location": [[
                {"latitude": 64.240237},
                {"longitude": 27.729495}
            ]]},
            {"altitude": 186.5},
            {"distance_km": 1.45},
            {"speed_kmh": 3.6},
            {"timestamp": "Sun May 21 06:26:44 UTC 2017"}
        ],
        [
            {"location": [[
                {"latitude": 64.240295},
                {"longitude": 27.729701}
            ]]},
            {"altitude": 185.5},
            {"distance_km": 1.46},
            {"speed_kmh": 3.6},
            {"timestamp": "Sun May 21 06:26:55 UTC 2017"}
        ],
        [
            {"location": [[
                {"latitude": 64.240332},
                {"longitude": 27.729902}
            ]]},
            {"altitude": 184.5},
            {"distance_km": 1.47},
            {"speed_kmh": 3.6},
            {"timestamp": "Sun May 21 06:27:03 UTC 2017"}
        ],
        [
            {"location": [[
                {"latitude": 64.240398},
                {"longitude": 27.730042}
            ]]},
            {"altitude": 188},
            {"distance_km": 1.48},
            {"speed_kmh": 3.6},
            {"timestamp": "Sun May 21 06:27:11 UTC 2017"}
        ],
        [
            {"location": [[
                {"latitude": 64.240441},
                {"longitude": 27.730228}
            ]]},
            {"altitude": 192},
            {"distance_km": 1.49},
            {"speed_kmh": 3.6},
            {"timestamp": "Sun May 21 06:27:21 UTC 2017"}
        ],
        [
            {"location": [[
                {"latitude": 64.240524},
                {"longitude": 27.730342}
            ]]},
            {"altitude": 193.5},
            {"distance_km": 1.5},
            {"speed_kmh": 2.7},
            {"timestamp": "Sun May 21 06:27:33 UTC 2017"}
        ],
        [
            {"location": [[
                {"latitude": 64.24062},
                {"longitude": 27.730448}
            ]]},
            {"altitude": 193.5},
            {"distance_km": 1.51},
            {"speed_kmh": 3.6},
            {"timestamp": "Sun May 21 06:27:47 UTC 2017"}
        ],
        [
            {"location": [[
                {"latitude": 64.240705},
                {"longitude": 27.730582}
            ]]},
            {"altitude": 193},
            {"distance_km": 1.53},
            {"speed_kmh": 3.6},
            {"timestamp": "Sun May 21 06:27:58 UTC 2017"}
        ],
        [
            {"location": [[
                {"latitude": 64.240762},
                {"longitude": 27.730816}
            ]]},
            {"altitude": 190.5},
            {"distance_km": 1.54},
            {"speed_kmh": 3.6},
            {"timestamp": "Sun May 21 06:28:06 UTC 2017"}
        ],
        [
            {"location": [[
                {"latitude": 64.240827},
                {"longitude": 27.731002}
            ]]},
            {"altitude": 187.5},
            {"distance_km": 1.55},
            {"speed_kmh": 3.6},
            {"timestamp": "Sun May 21 06:28:16 UTC 2017"}
        ],
        [
            {"location": [[
                {"latitude": 64.240916},
                {"longitude": 27.73111}
            ]]},
            {"altitude": 190.5},
            {"distance_km": 1.56},
            {"speed_kmh": 2.7},
            {"timestamp": "Sun May 21 06:28:28 UTC 2017"}
        ],
        [
            {"location": [[
                {"latitude": 64.240993},
                {"longitude": 27.731243}
            ]]},
            {"altitude": 189},
            {"distance_km": 1.57},
            {"speed_kmh": 2.7},
            {"timestamp": "Sun May 21 06:28:41 UTC 2017"}
        ],
        [
            {"location": [[
                {"latitude": 64.241065},
                {"longitude": 27.731414}
            ]]},
            {"altitude": 186.5},
            {"distance_km": 1.58},
            {"speed_kmh": 2.7},
            {"timestamp": "Sun May 21 06:28:53 UTC 2017"}
        ],
        [
            {"location": [[
                {"latitude": 64.241154},
                {"longitude": 27.731503}
            ]]},
            {"altitude": 186},
            {"distance_km": 1.59},
            {"speed_kmh": 2.7},
            {"timestamp": "Sun May 21 06:29:01 UTC 2017"}
        ],
        [
            {"location": [[
                {"latitude": 64.24122},
                {"longitude": 27.731652}
            ]]},
            {"altitude": 183.5},
            {"distance_km": 1.6},
            {"speed_kmh": 2.7},
            {"timestamp": "Sun May 21 06:29:09 UTC 2017"}
        ],
        [
            {"location": [[
                {"latitude": 64.241284},
                {"longitude": 27.731821}
            ]]},
            {"altitude": 186.5},
            {"distance_km": 1.62},
            {"speed_kmh": 2.7},
            {"timestamp": "Sun May 21 06:29:17 UTC 2017"}
        ],
        [
            {"location": [[
                {"latitude": 64.241306},
                {"longitude": 27.732059}
            ]]},
            {"altitude": 188.5},
            {"distance_km": 1.63},
            {"speed_kmh": 2.7},
            {"timestamp": "Sun May 21 06:29:27 UTC 2017"}
        ],
        [
            {"location": [[
                {"latitude": 64.241351},
                {"longitude": 27.732271}
            ]]},
            {"altitude": 188.5},
            {"distance_km": 1.64},
            {"speed_kmh": 2.7},
            {"timestamp": "Sun May 21 06:29:37 UTC 2017"}
        ],
        [
            {"location": [[
                {"latitude": 64.241291},
                {"longitude": 27.732428}
            ]]},
            {"altitude": 185.5},
            {"distance_km": 1.65},
            {"speed_kmh": 3.6},
            {"timestamp": "Sun May 21 06:29:46 UTC 2017"}
        ],
        [
            {"location": [[
                {"latitude": 64.241198},
                {"longitude": 27.732542}
            ]]},
            {"altitude": 184.5},
            {"distance_km": 1.66},
            {"speed_kmh": 2.7},
            {"timestamp": "Sun May 21 06:29:56 UTC 2017"}
        ],
        [
            {"location": [[
                {"latitude": 64.241109},
                {"longitude": 27.732655}
            ]]},
            {"altitude": 190.5},
            {"distance_km": 1.67},
            {"speed_kmh": 0},
            {"timestamp": "Sun May 21 06:30:12 UTC 2017"}
        ],
        [
            {"location": [[
                {"latitude": 64.241019},
                {"longitude": 27.73269}
            ]]},
            {"altitude": 192.5},
            {"distance_km": 1.68},
            {"speed_kmh": 3.6},
            {"timestamp": "Sun May 21 06:30:21 UTC 2017"}
        ],
        [
            {"location": [[
                {"latitude": 64.240931},
                {"longitude": 27.73276}
            ]]},
            {"altitude": 192.5},
            {"distance_km": 1.69},
            {"speed_kmh": 0},
            {"timestamp": "Sun May 21 06:30:33 UTC 2017"}
        ],
        [
            {"location": [[
                {"latitude": 64.240828},
                {"longitude": 27.732767}
            ]]},
            {"altitude": 192.5},
            {"distance_km": 1.7},
            {"speed_kmh": 2.7},
            {"timestamp": "Sun May 21 06:30:43 UTC 2017"}
        ],
        [
            {"location": [[
                {"latitude": 64.240741},
                {"longitude": 27.732891}
            ]]},
            {"altitude": 200.5},
            {"distance_km": 1.72},
            {"speed_kmh": 0},
            {"timestamp": "Sun May 21 06:30:53 UTC 2017"}
        ],
        [
            {"location": [[
                {"latitude": 64.240637},
                {"longitude": 27.732889}
            ]]},
            {"altitude": 199.5},
            {"distance_km": 1.73},
            {"speed_kmh": 1.8},
            {"timestamp": "Sun May 21 06:31:15 UTC 2017"}
        ],
        [
            {"location": [[
                {"latitude": 64.240526},
                {"longitude": 27.732877}
            ]]},
            {"altitude": 199},
            {"distance_km": 1.74},
            {"speed_kmh": 3.6},
            {"timestamp": "Sun May 21 06:31:21 UTC 2017"}
        ],
        [
            {"location": [[
                {"latitude": 64.240431},
                {"longitude": 27.732946}
            ]]},
            {"altitude": 201},
            {"distance_km": 1.75},
            {"speed_kmh": 2.7},
            {"timestamp": "Sun May 21 06:31:28 UTC 2017"}
        ],
        [
            {"location": [[
                {"latitude": 64.240332},
                {"longitude": 27.733039}
            ]]},
            {"altitude": 206.5},
            {"distance_km": 1.76},
            {"speed_kmh": 2.7},
            {"timestamp": "Sun May 21 06:31:38 UTC 2017"}
        ],
        [
            {"location": [[
                {"latitude": 64.240217},
                {"longitude": 27.733037}
            ]]},
            {"altitude": 201},
            {"distance_km": 1.78},
            {"speed_kmh": 2.7},
            {"timestamp": "Sun May 21 06:31:48 UTC 2017"}
        ],
        [
            {"location": [[
                {"latitude": 64.240112},
                {"longitude": 27.733097}
            ]]},
            {"altitude": 202.5},
            {"distance_km": 1.79},
            {"speed_kmh": 2.7},
            {"timestamp": "Sun May 21 06:31:56 UTC 2017"}
        ],
        [
            {"location": [[
                {"latitude": 64.240016},
                {"longitude": 27.733141}
            ]]},
            {"altitude": 204},
            {"distance_km": 1.8},
            {"speed_kmh": 2.7},
            {"timestamp": "Sun May 21 06:32:04 UTC 2017"}
        ],
        [
            {"location": [[
                {"latitude": 64.239936},
                {"longitude": 27.733269}
            ]]},
            {"altitude": 202.5},
            {"distance_km": 1.81},
            {"speed_kmh": 2.7},
            {"timestamp": "Sun May 21 06:32:33 UTC 2017"}
        ],
        [
            {"location": [[
                {"latitude": 64.239842},
                {"longitude": 27.733267}
            ]]},
            {"altitude": 201},
            {"distance_km": 1.82},
            {"speed_kmh": 2.7},
            {"timestamp": "Sun May 21 06:32:41 UTC 2017"}
        ],
        [
            {"location": [[
                {"latitude": 64.239737},
                {"longitude": 27.73333}
            ]]},
            {"altitude": 199.5},
            {"distance_km": 1.83},
            {"speed_kmh": 3.6},
            {"timestamp": "Sun May 21 06:32:51 UTC 2017"}
        ],
        [
            {"location": [[
                {"latitude": 64.239648},
                {"longitude": 27.733294}
            ]]},
            {"altitude": 198},
            {"distance_km": 1.84},
            {"speed_kmh": 0},
            {"timestamp": "Sun May 21 06:32:59 UTC 2017"}
        ],
        [
            {"location": [[
                {"latitude": 64.239555},
                {"longitude": 27.733273}
            ]]},
            {"altitude": 196.5},
            {"distance_km": 1.85},
            {"speed_kmh": 2.7},
            {"timestamp": "Sun May 21 06:33:10 UTC 2017"}
        ],
        [
            {"location": [[
                {"latitude": 64.239449},
                {"longitude": 27.733222}
            ]]},
            {"altitude": 199},
            {"distance_km": 1.86},
            {"speed_kmh": 3.6},
            {"timestamp": "Sun May 21 06:33:18 UTC 2017"}
        ],
        [
            {"location": [[
                {"latitude": 64.239354},
                {"longitude": 27.733193}
            ]]},
            {"altitude": 197},
            {"distance_km": 1.87},
            {"speed_kmh": 3.6},
            {"timestamp": "Sun May 21 06:33:26 UTC 2017"}
        ],
        [
            {"location": [[
                {"latitude": 64.239264},
                {"longitude": 27.733144}
            ]]},
            {"altitude": 195},
            {"distance_km": 1.89},
            {"speed_kmh": 3.6},
            {"timestamp": "Sun May 21 06:33:34 UTC 2017"}
        ],
        [
            {"location": [[
                {"latitude": 64.239168},
                {"longitude": 27.733097}
            ]]},
            {"altitude": 201},
            {"distance_km": 1.9},
            {"speed_kmh": 2.7},
            {"timestamp": "Sun May 21 06:33:44 UTC 2017"}
        ],
        [
            {"location": [[
                {"latitude": 64.239073},
                {"longitude": 27.73306}
            ]]},
            {"altitude": 198.5},
            {"distance_km": 1.91},
            {"speed_kmh": 3.6},
            {"timestamp": "Sun May 21 06:33:53 UTC 2017"}
        ],
        [
            {"location": [[
                {"latitude": 64.238983},
                {"longitude": 27.732982}
            ]]},
            {"altitude": 196},
            {"distance_km": 1.92},
            {"speed_kmh": 3.6},
            {"timestamp": "Sun May 21 06:34:01 UTC 2017"}
        ],
        [
            {"location": [[
                {"latitude": 64.238892},
                {"longitude": 27.732954}
            ]]},
            {"altitude": 192.5},
            {"distance_km": 1.93},
            {"speed_kmh": 3.6},
            {"timestamp": "Sun May 21 06:34:11 UTC 2017"}
        ],
        [
            {"location": [[
                {"latitude": 64.238804},
                {"longitude": 27.73304}
            ]]},
            {"altitude": 192},
            {"distance_km": 1.94},
            {"speed_kmh": 2.7},
            {"timestamp": "Sun May 21 06:34:23 UTC 2017"}
        ],
        [
            {"location": [[
                {"latitude": 64.238712},
                {"longitude": 27.733169}
            ]]},
            {"altitude": 192.5},
            {"distance_km": 1.95},
            {"speed_kmh": 3.6},
            {"timestamp": "Sun May 21 06:34:33 UTC 2017"}
        ],
        [
            {"location": [[
                {"latitude": 64.238641},
                {"longitude": 27.733299}
            ]]},
            {"altitude": 192},
            {"distance_km": 1.96},
            {"speed_kmh": 3.6},
            {"timestamp": "Sun May 21 06:34:41 UTC 2017"}
        ],
        [
            {"location": [[
                {"latitude": 64.238574},
                {"longitude": 27.733439}
            ]]},
            {"altitude": 195},
            {"distance_km": 1.97},
            {"speed_kmh": 3.6},
            {"timestamp": "Sun May 21 06:34:52 UTC 2017"}
        ],
        [
            {"location": [[
                {"latitude": 64.238458},
                {"longitude": 27.733441}
            ]]},
            {"altitude": 193.5},
            {"distance_km": 1.98},
            {"speed_kmh": 5.4},
            {"timestamp": "Sun May 21 06:35:02 UTC 2017"}
        ],
        [
            {"location": [[
                {"latitude": 64.238341},
                {"longitude": 27.733448}
            ]]},
            {"altitude": 191.5},
            {"distance_km": 2},
            {"speed_kmh": 5.4},
            {"timestamp": "Sun May 21 06:35:08 UTC 2017"}
        ],
        [
            {"location": [[
                {"latitude": 64.23825},
                {"longitude": 27.733432}
            ]]},
            {"altitude": 190},
            {"distance_km": 2.01},
            {"speed_kmh": 5.4},
            {"timestamp": "Sun May 21 06:35:14 UTC 2017"}
        ],
        [
            {"location": [[
                {"latitude": 64.238141},
                {"longitude": 27.733436}
            ]]},
            {"altitude": 189},
            {"distance_km": 2.02},
            {"speed_kmh": 5.4},
            {"timestamp": "Sun May 21 06:35:22 UTC 2017"}
        ],
        [
            {"location": [[
                {"latitude": 64.23804},
                {"longitude": 27.733397}
            ]]},
            {"altitude": 190.5},
            {"distance_km": 2.03},
            {"speed_kmh": 4.5},
            {"timestamp": "Sun May 21 06:35:31 UTC 2017"}
        ],
        [
            {"location": [[
                {"latitude": 64.237942},
                {"longitude": 27.733517}
            ]]},
            {"altitude": 193},
            {"distance_km": 2.04},
            {"speed_kmh": 3.6},
            {"timestamp": "Sun May 21 06:35:41 UTC 2017"}
        ],
        [
            {"location": [[
                {"latitude": 64.237848},
                {"longitude": 27.733577}
            ]]},
            {"altitude": 195},
            {"distance_km": 2.05},
            {"speed_kmh": 3.6},
            {"timestamp": "Sun May 21 06:35:51 UTC 2017"}
        ],
        [
            {"location": [[
                {"latitude": 64.237729},
                {"longitude": 27.733408}
            ]]},
            {"altitude": 221.5},
            {"distance_km": 2.07},
            {"speed_kmh": 0.9},
            {"timestamp": "Sun May 21 06:36:11 UTC 2017"}
        ],
        [
            {"location": [[
                {"latitude": 64.237834},
                {"longitude": 27.733464}
            ]]},
            {"altitude": 188},
            {"distance_km": 2.08},
            {"speed_kmh": 0},
            {"timestamp": "Sun May 21 06:36:15 UTC 2017"}
        ],
        [
            {"location": [[
                {"latitude": 64.237744},
                {"longitude": 27.733517}
            ]]},
            {"altitude": 190},
            {"distance_km": 2.09},
            {"speed_kmh": 4.5},
            {"timestamp": "Sun May 21 06:36:28 UTC 2017"}
        ],
        [
            {"location": [[
                {"latitude": 64.237627},
                {"longitude": 27.733568}
            ]]},
            {"altitude": 188},
            {"distance_km": 2.1},
            {"speed_kmh": 4.5},
            {"timestamp": "Sun May 21 06:36:36 UTC 2017"}
        ],
        [
            {"location": [[
                {"latitude": 64.237537},
                {"longitude": 27.733678}
            ]]},
            {"altitude": 189.5},
            {"distance_km": 2.12},
            {"speed_kmh": 4.5},
            {"timestamp": "Sun May 21 06:36:44 UTC 2017"}
        ],
        [
            {"location": [[
                {"latitude": 64.237427},
                {"longitude": 27.733746}
            ]]},
            {"altitude": 188.5},
            {"distance_km": 2.13},
            {"speed_kmh": 4.5},
            {"timestamp": "Sun May 21 06:36:52 UTC 2017"}
        ],
        [
            {"location": [[
                {"latitude": 64.23734},
                {"longitude": 27.73384}
            ]]},
            {"altitude": 190.5},
            {"distance_km": 2.14},
            {"speed_kmh": 0},
            {"timestamp": "Sun May 21 06:36:58 UTC 2017"}
        ],
        [
            {"location": [[
                {"latitude": 64.237244},
                {"longitude": 27.733951}
            ]]},
            {"altitude": 193},
            {"distance_km": 2.15},
            {"speed_kmh": 2.7},
            {"timestamp": "Sun May 21 06:37:09 UTC 2017"}
        ],
        [
            {"location": [[
                {"latitude": 64.237143},
                {"longitude": 27.734056}
            ]]},
            {"altitude": 195},
            {"distance_km": 2.16},
            {"speed_kmh": 5.4},
            {"timestamp": "Sun May 21 06:37:15 UTC 2017"}
        ],
        [
            {"location": [[
                {"latitude": 64.237065},
                {"longitude": 27.734204}
            ]]},
            {"altitude": 198.5},
            {"distance_km": 2.17},
            {"speed_kmh": 0},
            {"timestamp": "Sun May 21 06:37:23 UTC 2017"}
        ],
        [
            {"location": [[
                {"latitude": 64.236968},
                {"longitude": 27.734301}
            ]]},
            {"altitude": 195},
            {"distance_km": 2.19},
            {"speed_kmh": 3.6},
            {"timestamp": "Sun May 21 06:37:33 UTC 2017"}
        ],
        [
            {"location": [[
                {"latitude": 64.236879},
                {"longitude": 27.734402}
            ]]},
            {"altitude": 195.5},
            {"distance_km": 2.2},
            {"speed_kmh": 3.6},
            {"timestamp": "Sun May 21 06:37:39 UTC 2017"}
        ],
        [
            {"location": [[
                {"latitude": 64.236775},
                {"longitude": 27.734505}
            ]]},
            {"altitude": 195.5},
            {"distance_km": 2.21},
            {"speed_kmh": 3.6},
            {"timestamp": "Sun May 21 06:37:47 UTC 2017"}
        ],
        [
            {"location": [[
                {"latitude": 64.236698},
                {"longitude": 27.734656}
            ]]},
            {"altitude": 197.5},
            {"distance_km": 2.22},
            {"speed_kmh": 3.6},
            {"timestamp": "Sun May 21 06:37:55 UTC 2017"}
        ],
        [
            {"location": [[
                {"latitude": 64.236606},
                {"longitude": 27.734748}
            ]]},
            {"altitude": 195},
            {"distance_km": 2.23},
            {"speed_kmh": 3.6},
            {"timestamp": "Sun May 21 06:38:01 UTC 2017"}
        ],
        [
            {"location": [[
                {"latitude": 64.236517},
                {"longitude": 27.734924}
            ]]},
            {"altitude": 195.5},
            {"distance_km": 2.25},
            {"speed_kmh": 3.6},
            {"timestamp": "Sun May 21 06:38:12 UTC 2017"}
        ],
        [
            {"location": [[
                {"latitude": 64.236455},
                {"longitude": 27.735107}
            ]]},
            {"altitude": 196.5},
            {"distance_km": 2.26},
            {"speed_kmh": 3.6},
            {"timestamp": "Sun May 21 06:38:18 UTC 2017"}
        ],
        [
            {"location": [[
                {"latitude": 64.236364},
                {"longitude": 27.735274}
            ]]},
            {"altitude": 193},
            {"distance_km": 2.27},
            {"speed_kmh": 3.6},
            {"timestamp": "Sun May 21 06:38:26 UTC 2017"}
        ],
        [
            {"location": [[
                {"latitude": 64.236274},
                {"longitude": 27.73544}
            ]]},
            {"altitude": 189},
            {"distance_km": 2.28},
            {"speed_kmh": 4.5},
            {"timestamp": "Sun May 21 06:38:34 UTC 2017"}
        ],
        [
            {"location": [[
                {"latitude": 64.236209},
                {"longitude": 27.735586}
            ]]},
            {"altitude": 189},
            {"distance_km": 2.29},
            {"speed_kmh": 4.5},
            {"timestamp": "Sun May 21 06:38:40 UTC 2017"}
        ],
        [
            {"location": [[
                {"latitude": 64.236097},
                {"longitude": 27.735666}
            ]]},
            {"altitude": 183},
            {"distance_km": 2.31},
            {"speed_kmh": 5.4},
            {"timestamp": "Sun May 21 06:38:47 UTC 2017"}
        ],
        [
            {"location": [[
                {"latitude": 64.236012},
                {"longitude": 27.735804}
            ]]},
            {"altitude": 182.5},
            {"distance_km": 2.32},
            {"speed_kmh": 5.4},
            {"timestamp": "Sun May 21 06:38:53 UTC 2017"}
        ],
        [
            {"location": [[
                {"latitude": 64.235918},
                {"longitude": 27.735874}
            ]]},
            {"altitude": 176.5},
            {"distance_km": 2.33},
            {"speed_kmh": 5.4},
            {"timestamp": "Sun May 21 06:38:59 UTC 2017"}
        ],
        [
            {"location": [[
                {"latitude": 64.235834},
                {"longitude": 27.73603}
            ]]},
            {"altitude": 173},
            {"distance_km": 2.34},
            {"speed_kmh": 5.4},
            {"timestamp": "Sun May 21 06:39:07 UTC 2017"}
        ],
        [
            {"location": [[
                {"latitude": 64.235739},
                {"longitude": 27.736178}
            ]]},
            {"altitude": 170},
            {"distance_km": 2.35},
            {"speed_kmh": 5.4},
            {"timestamp": "Sun May 21 06:39:15 UTC 2017"}
        ],
        [
            {"location": [[
                {"latitude": 64.235663},
                {"longitude": 27.736356}
            ]]},
            {"altitude": 167},
            {"distance_km": 2.37},
            {"speed_kmh": 5.4},
            {"timestamp": "Sun May 21 06:39:23 UTC 2017"}
        ],
        [
            {"location": [[
                {"latitude": 64.235573},
                {"longitude": 27.736481}
            ]]},
            {"altitude": 167},
            {"distance_km": 2.38},
            {"speed_kmh": 5.4},
            {"timestamp": "Sun May 21 06:39:31 UTC 2017"}
        ],
        [
            {"location": [[
                {"latitude": 64.235474},
                {"longitude": 27.736501}
            ]]},
            {"altitude": 167.5},
            {"distance_km": 2.39},
            {"speed_kmh": 5.4},
            {"timestamp": "Sun May 21 06:39:39 UTC 2017"}
        ],
        [
            {"location": [[
                {"latitude": 64.23539},
                {"longitude": 27.736636}
            ]]},
            {"altitude": 169.5},
            {"distance_km": 2.4},
            {"speed_kmh": 4.5},
            {"timestamp": "Sun May 21 06:39:53 UTC 2017"}
        ],
        [
            {"location": [[
                {"latitude": 64.23533},
                {"longitude": 27.736796}
            ]]},
            {"altitude": 169},
            {"distance_km": 2.41},
            {"speed_kmh": 5.4},
            {"timestamp": "Sun May 21 06:40:00 UTC 2017"}
        ],
        [
            {"location": [[
                {"latitude": 64.235241},
                {"longitude": 27.736887}
            ]]},
            {"altitude": 169.5},
            {"distance_km": 2.42},
            {"speed_kmh": 5.4},
            {"timestamp": "Sun May 21 06:40:08 UTC 2017"}
        ],
        [
            {"location": [[
                {"latitude": 64.235149},
                {"longitude": 27.736799}
            ]]},
            {"altitude": 168.5},
            {"distance_km": 2.43},
            {"speed_kmh": 4.5},
            {"timestamp": "Sun May 21 06:40:16 UTC 2017"}
        ],
        [
            {"location": [[
                {"latitude": 64.235062},
                {"longitude": 27.736676}
            ]]},
            {"altitude": 168},
            {"distance_km": 2.44},
            {"speed_kmh": 5.4},
            {"timestamp": "Sun May 21 06:40:24 UTC 2017"}
        ],
        [
            {"location": [[
                {"latitude": 64.234973},
                {"longitude": 27.736531}
            ]]},
            {"altitude": 168.5},
            {"distance_km": 2.46},
            {"speed_kmh": 5.4},
            {"timestamp": "Sun May 21 06:40:32 UTC 2017"}
        ],
        [
            {"location": [[
                {"latitude": 64.234885},
                {"longitude": 27.736439}
            ]]},
            {"altitude": 166},
            {"distance_km": 2.47},
            {"speed_kmh": 5.4},
            {"timestamp": "Sun May 21 06:40:39 UTC 2017"}
        ],
        [
            {"location": [[
                {"latitude": 64.234797},
                {"longitude": 27.736342}
            ]]},
            {"altitude": 165},
            {"distance_km": 2.48},
            {"speed_kmh": 5.4},
            {"timestamp": "Sun May 21 06:40:47 UTC 2017"}
        ],
        [
            {"location": [[
                {"latitude": 64.234693},
                {"longitude": 27.736245}
            ]]},
            {"altitude": 165.5},
            {"distance_km": 2.49},
            {"speed_kmh": 5.4},
            {"timestamp": "Sun May 21 06:40:55 UTC 2017"}
        ],
        [
            {"location": [[
                {"latitude": 64.234586},
                {"longitude": 27.736144}
            ]]},
            {"altitude": 164},
            {"distance_km": 2.5},
            {"speed_kmh": 5.4},
            {"timestamp": "Sun May 21 06:41:03 UTC 2017"}
        ],
        [
            {"location": [[
                {"latitude": 64.23449},
                {"longitude": 27.735996}
            ]]},
            {"altitude": 163.5},
            {"distance_km": 2.51},
            {"speed_kmh": 5.4},
            {"timestamp": "Sun May 21 06:41:11 UTC 2017"}
        ],
        [
            {"location": [[
                {"latitude": 64.234399},
                {"longitude": 27.735863}
            ]]},
            {"altitude": 161},
            {"distance_km": 2.53},
            {"speed_kmh": 4.5},
            {"timestamp": "Sun May 21 06:41:19 UTC 2017"}
        ],
        [
            {"location": [[
                {"latitude": 64.234306},
                {"longitude": 27.735712}
            ]]},
            {"altitude": 160.5},
            {"distance_km": 2.54},
            {"speed_kmh": 4.5},
            {"timestamp": "Sun May 21 06:41:27 UTC 2017"}
        ],
        [
            {"location": [[
                {"latitude": 64.234224},
                {"longitude": 27.735623}
            ]]},
            {"altitude": 159},
            {"distance_km": 2.55},
            {"speed_kmh": 5.4},
            {"timestamp": "Sun May 21 06:41:34 UTC 2017"}
        ],
        [
            {"location": [[
                {"latitude": 64.234122},
                {"longitude": 27.735508}
            ]]},
            {"altitude": 157.5},
            {"distance_km": 2.56},
            {"speed_kmh": 5.4},
            {"timestamp": "Sun May 21 06:41:42 UTC 2017"}
        ],
        [
            {"location": [[
                {"latitude": 64.234011},
                {"longitude": 27.735402}
            ]]},
            {"altitude": 156},
            {"distance_km": 2.58},
            {"speed_kmh": 5.4},
            {"timestamp": "Sun May 21 06:41:50 UTC 2017"}
        ],
        [
            {"location": [[
                {"latitude": 64.23391},
                {"longitude": 27.735267}
            ]]},
            {"altitude": 158.5},
            {"distance_km": 2.59},
            {"speed_kmh": 5.4},
            {"timestamp": "Sun May 21 06:41:58 UTC 2017"}
        ],
        [
            {"location": [[
                {"latitude": 64.233815},
                {"longitude": 27.735111}
            ]]},
            {"altitude": 162},
            {"distance_km": 2.6},
            {"speed_kmh": 5.4},
            {"timestamp": "Sun May 21 06:42:06 UTC 2017"}
        ],
        [
            {"location": [[
                {"latitude": 64.233741},
                {"longitude": 27.734984}
            ]]},
            {"altitude": 161.5},
            {"distance_km": 2.61},
            {"speed_kmh": 4.5},
            {"timestamp": "Sun May 21 06:42:14 UTC 2017"}
        ],
        [
            {"location": [[
                {"latitude": 64.233637},
                {"longitude": 27.734879}
            ]]},
            {"altitude": 158},
            {"distance_km": 2.62},
            {"speed_kmh": 5.4},
            {"timestamp": "Sun May 21 06:42:23 UTC 2017"}
        ],
        [
            {"location": [[
                {"latitude": 64.233552},
                {"longitude": 27.734764}
            ]]},
            {"altitude": 157},
            {"distance_km": 2.64},
            {"speed_kmh": 4.5},
            {"timestamp": "Sun May 21 06:42:31 UTC 2017"}
        ],
        [
            {"location": [[
                {"latitude": 64.233453},
                {"longitude": 27.73466}
            ]]},
            {"altitude": 156},
            {"distance_km": 2.65},
            {"speed_kmh": 4.5},
            {"timestamp": "Sun May 21 06:42:39 UTC 2017"}
        ],
        [
            {"location": [[
                {"latitude": 64.233407},
                {"longitude": 27.734474}
            ]]},
            {"altitude": 154},
            {"distance_km": 2.66},
            {"speed_kmh": 4.5},
            {"timestamp": "Sun May 21 06:42:47 UTC 2017"}
        ],
        [
            {"location": [[
                {"latitude": 64.233394},
                {"longitude": 27.734208}
            ]]},
            {"altitude": 154},
            {"distance_km": 2.67},
            {"speed_kmh": 5.4},
            {"timestamp": "Sun May 21 06:42:55 UTC 2017"}
        ],
        [
            {"location": [[
                {"latitude": 64.233347},
                {"longitude": 27.734003}
            ]]},
            {"altitude": 153},
            {"distance_km": 2.68},
            {"speed_kmh": 4.5},
            {"timestamp": "Sun May 21 06:43:03 UTC 2017"}
        ],
        [
            {"location": [[
                {"latitude": 64.233265},
                {"longitude": 27.73387}
            ]]},
            {"altitude": 152.5},
            {"distance_km": 2.69},
            {"speed_kmh": 5.4},
            {"timestamp": "Sun May 21 06:43:11 UTC 2017"}
        ],
        [
            {"location": [[
                {"latitude": 64.233166},
                {"longitude": 27.733814}
            ]]},
            {"altitude": 153.5},
            {"distance_km": 2.7},
            {"speed_kmh": 5.4},
            {"timestamp": "Sun May 21 06:43:19 UTC 2017"}
        ],
        [
            {"location": [[
                {"latitude": 64.233075},
                {"longitude": 27.733666}
            ]]},
            {"altitude": 155},
            {"distance_km": 2.72},
            {"speed_kmh": 5.4},
            {"timestamp": "Sun May 21 06:43:28 UTC 2017"}
        ],
        [
            {"location": [[
                {"latitude": 64.232987},
                {"longitude": 27.733534}
            ]]},
            {"altitude": 154.5},
            {"distance_km": 2.73},
            {"speed_kmh": 5.4},
            {"timestamp": "Sun May 21 06:43:36 UTC 2017"}
        ],
        [
            {"location": [[
                {"latitude": 64.23291},
                {"longitude": 27.733377}
            ]]},
            {"altitude": 154.5},
            {"distance_km": 2.74},
            {"speed_kmh": 4.5},
            {"timestamp": "Sun May 21 06:43:44 UTC 2017"}
        ],
        [
            {"location": [[
                {"latitude": 64.232839},
                {"longitude": 27.733248}
            ]]},
            {"altitude": 154},
            {"distance_km": 2.75},
            {"speed_kmh": 4.5},
            {"timestamp": "Sun May 21 06:44:10 UTC 2017"}
        ],
        [
            {"location": [[
                {"latitude": 64.2328},
                {"longitude": 27.733025}
            ]]},
            {"altitude": 156},
            {"distance_km": 2.76},
            {"speed_kmh": 4.5},
            {"timestamp": "Sun May 21 06:44:18 UTC 2017"}
        ],
        [
            {"location": [[
                {"latitude": 64.23274},
                {"longitude": 27.732837}
            ]]},
            {"altitude": 153.5},
            {"distance_km": 2.77},
            {"speed_kmh": 3.6},
            {"timestamp": "Sun May 21 06:44:28 UTC 2017"}
        ],
        [
            {"location": [[
                {"latitude": 64.232706},
                {"longitude": 27.732633}
            ]]},
            {"altitude": 154.5},
            {"distance_km": 2.78},
            {"speed_kmh": 1.8},
            {"timestamp": "Sun May 21 06:44:42 UTC 2017"}
        ],
        [
            {"location": [[
                {"latitude": 64.232723},
                {"longitude": 27.732374}
            ]]},
            {"altitude": 157.5},
            {"distance_km": 2.8},
            {"speed_kmh": 4.5},
            {"timestamp": "Sun May 21 06:44:51 UTC 2017"}
        ],
        [
            {"location": [[
                {"latitude": 64.232753},
                {"longitude": 27.732148}
            ]]},
            {"altitude": 156.5},
            {"distance_km": 2.81},
            {"speed_kmh": 3.6},
            {"timestamp": "Sun May 21 06:44:59 UTC 2017"}
        ],
        [
            {"location": [[
                {"latitude": 64.232783},
                {"longitude": 27.731922}
            ]]},
            {"altitude": 156},
            {"distance_km": 2.82},
            {"speed_kmh": 4.5},
            {"timestamp": "Sun May 21 06:45:07 UTC 2017"}
        ],
        [
            {"location": [[
                {"latitude": 64.232814},
                {"longitude": 27.731686}
            ]]},
            {"altitude": 156.5},
            {"distance_km": 2.83},
            {"speed_kmh": 4.5},
            {"timestamp": "Sun May 21 06:45:15 UTC 2017"}
        ],
        [
            {"location": [[
                {"latitude": 64.232799},
                {"longitude": 27.731464}
            ]]},
            {"altitude": 157},
            {"distance_km": 2.84},
            {"speed_kmh": 4.5},
            {"timestamp": "Sun May 21 06:45:23 UTC 2017"}
        ],
        [
            {"location": [[
                {"latitude": 64.232704},
                {"longitude": 27.731477}
            ]]},
            {"altitude": 158.5},
            {"distance_km": 2.85},
            {"speed_kmh": 0},
            {"timestamp": "Sun May 21 06:45:37 UTC 2017"}
        ],
        [
            {"location": [[
                {"latitude": 64.232618},
                {"longitude": 27.7314}
            ]]},
            {"altitude": 156.5},
            {"distance_km": 2.86},
            {"speed_kmh": 5.4},
            {"timestamp": "Sun May 21 06:45:49 UTC 2017"}
        ],
        [
            {"location": [[
                {"latitude": 64.23253},
                {"longitude": 27.731236}
            ]]},
            {"altitude": 157},
            {"distance_km": 2.88},
            {"speed_kmh": 5.4},
            {"timestamp": "Sun May 21 06:45:58 UTC 2017"}
        ],
        [
            {"location": [[
                {"latitude": 64.232429},
                {"longitude": 27.731165}
            ]]},
            {"altitude": 155.5},
            {"distance_km": 2.89},
            {"speed_kmh": 5.4},
            {"timestamp": "Sun May 21 06:46:06 UTC 2017"}
        ],
        [
            {"location": [[
                {"latitude": 64.232346},
                {"longitude": 27.731034}
            ]]},
            {"altitude": 157},
            {"distance_km": 2.9},
            {"speed_kmh": 5.4},
            {"timestamp": "Sun May 21 06:46:14 UTC 2017"}
        ],
        [
            {"location": [[
                {"latitude": 64.232255},
                {"longitude": 27.730964}
            ]]},
            {"altitude": 156},
            {"distance_km": 2.91},
            {"speed_kmh": 5.4},
            {"timestamp": "Sun May 21 06:46:22 UTC 2017"}
        ],
        [
            {"location": [[
                {"latitude": 64.232163},
                {"longitude": 27.730856}
            ]]},
            {"altitude": 154},
            {"distance_km": 2.92},
            {"speed_kmh": 4.5},
            {"timestamp": "Sun May 21 06:46:30 UTC 2017"}
        ],
        [
            {"location": [[
                {"latitude": 64.232076},
                {"longitude": 27.730726}
            ]]},
            {"altitude": 152},
            {"distance_km": 2.93},
            {"speed_kmh": 4.5},
            {"timestamp": "Sun May 21 06:46:38 UTC 2017"}
        ],
        [
            {"location": [[
                {"latitude": 64.231991},
                {"longitude": 27.730615}
            ]]},
            {"altitude": 151},
            {"distance_km": 2.94},
            {"speed_kmh": 5.4},
            {"timestamp": "Sun May 21 06:46:45 UTC 2017"}
        ],
        [
            {"location": [[
                {"latitude": 64.231896},
                {"longitude": 27.730537}
            ]]},
            {"altitude": 148.5},
            {"distance_km": 2.95},
            {"speed_kmh": 5.4},
            {"timestamp": "Sun May 21 06:46:53 UTC 2017"}
        ],
        [
            {"location": [[
                {"latitude": 64.231808},
                {"longitude": 27.730401}
            ]]},
            {"altitude": 149},
            {"distance_km": 2.97},
            {"speed_kmh": 5.4},
            {"timestamp": "Sun May 21 06:47:01 UTC 2017"}
        ],
        [
            {"location": [[
                {"latitude": 64.231736},
                {"longitude": 27.730256}
            ]]},
            {"altitude": 149.5},
            {"distance_km": 2.98},
            {"speed_kmh": 4.5},
            {"timestamp": "Sun May 21 06:47:09 UTC 2017"}
        ],
        [
            {"location": [[
                {"latitude": 64.231686},
                {"longitude": 27.730079}
            ]]},
            {"altitude": 149.5},
            {"distance_km": 2.99},
            {"speed_kmh": 4.5},
            {"timestamp": "Sun May 21 06:47:17 UTC 2017"}
        ],
        [
            {"location": [[
                {"latitude": 64.231646},
                {"longitude": 27.729865}
            ]]},
            {"altitude": 146.5},
            {"distance_km": 3},
            {"speed_kmh": 4.5},
            {"timestamp": "Sun May 21 06:47:25 UTC 2017"}
        ],
        [
            {"location": [[
                {"latitude": 64.231684},
                {"longitude": 27.729677}
            ]]},
            {"altitude": 144.5},
            {"distance_km": 3.01},
            {"speed_kmh": 4.5},
            {"timestamp": "Sun May 21 06:47:31 UTC 2017"}
        ],
        [
            {"location": [[
                {"latitude": 64.231763},
                {"longitude": 27.729557}
            ]]},
            {"altitude": 146},
            {"distance_km": 3.02},
            {"speed_kmh": 2.7},
            {"timestamp": "Sun May 21 06:47:43 UTC 2017"}
        ],
        [
            {"location": [[
                {"latitude": 64.23186},
                {"longitude": 27.729535}
            ]]},
            {"altitude": 0},
            {"distance_km": 3.03},
            {"timestamp": "Sun May 21 06:49:58 UTC 2017"}
        ],
        [
            {"location": [[
                {"latitude": 64.231817},
                {"longitude": 27.729487}
            ]]},
            {"altitude": 152},
            {"distance_km": 3.03},
            {"speed_kmh": 0},
            {"timestamp": "Sun May 21 06:51:07 UTC 2017"}
        ],
        [
            {"location": [[
                {"latitude": 64.231817},
                {"longitude": 27.729487}
            ]]},
            {"altitude": 152},
            {"distance_km": 3.03},
            {"speed_kmh": 0},
            {"timestamp": "Sun May 21 06:51:08 UTC 2017"}
        ]
    ]}
]