[
    {"sport": "WALKING"},
    {"source": "TRACK_MOBILE"},
    {"created_date": "2017-04-01 15:46:09.0"},
    {"start_time": "2017-04-01 15:44:18.0"},
    {"end_time": "2017-04-01 16:11:49.0"},
    {"duration_s": 1651},
    {"distance_km": 1.27},
    {"calories_kcal": 116.195},
    {"altitude_min_m": 118.5},
    {"altitude_max_m": 170},
    {"speed_avg_kmh": 2.769230769230769},
    {"speed_max_kmh": 6.3},
    {"ascend_m": 61.5},
    {"descend_m": 10.5},
    {"points": [
        [
            {"location": [[
                {"latitude": 64.231929},
                {"longitude": 27.729623}
            ]]},
            {"distance_km": 0},
            {"timestamp": "Sat Apr 01 15:44:18 UTC 2017"}
        ],
        [
            {"location": [[
                {"latitude": 64.231929},
                {"longitude": 27.729623}
            ]]},
            {"altitude": 118.5},
            {"distance_km": 0},
            {"speed_kmh": 0},
            {"timestamp": "Sat Apr 01 15:44:22 UTC 2017"}
        ],
        [
            {"location": [[
                {"latitude": 64.23202},
                {"longitude": 27.729681}
            ]]},
            {"altitude": 133.5},
            {"distance_km": 0.01},
            {"speed_kmh": 0},
            {"timestamp": "Sat Apr 01 15:44:43 UTC 2017"}
        ],
        [
            {"location": [[
                {"latitude": 64.232114},
                {"longitude": 27.729817}
            ]]},
            {"altitude": 148},
            {"distance_km": 0.02},
            {"speed_kmh": 1.8},
            {"timestamp": "Sat Apr 01 15:44:45 UTC 2017"}
        ],
        [
            {"location": [[
                {"latitude": 64.232097},
                {"longitude": 27.73003}
            ]]},
            {"altitude": 144},
            {"distance_km": 0.03},
            {"speed_kmh": 3.6},
            {"timestamp": "Sat Apr 01 15:45:04 UTC 2017"}
        ],
        [
            {"location": [[
                {"latitude": 64.232088},
                {"longitude": 27.730238}
            ]]},
            {"altitude": 148},
            {"distance_km": 0.04},
            {"speed_kmh": 3.6},
            {"timestamp": "Sat Apr 01 15:45:12 UTC 2017"}
        ],
        [
            {"location": [[
                {"latitude": 64.232109},
                {"longitude": 27.730449}
            ]]},
            {"altitude": 149},
            {"distance_km": 0.05},
            {"speed_kmh": 4.5},
            {"timestamp": "Sat Apr 01 15:45:20 UTC 2017"}
        ],
        [
            {"location": [[
                {"latitude": 64.232144},
                {"longitude": 27.730698}
            ]]},
            {"altitude": 151},
            {"distance_km": 0.07},
            {"speed_kmh": 4.5},
            {"timestamp": "Sat Apr 01 15:45:30 UTC 2017"}
        ],
        [
            {"location": [[
                {"latitude": 64.232215},
                {"longitude": 27.730872}
            ]]},
            {"altitude": 154},
            {"distance_km": 0.08},
            {"speed_kmh": 4.5},
            {"timestamp": "Sat Apr 01 15:45:38 UTC 2017"}
        ],
        [
            {"location": [[
                {"latitude": 64.23227},
                {"longitude": 27.731077}
            ]]},
            {"altitude": 155.5},
            {"distance_km": 0.09},
            {"speed_kmh": 2.7},
            {"timestamp": "Sat Apr 01 15:45:50 UTC 2017"}
        ],
        [
            {"location": [[
                {"latitude": 64.232357},
                {"longitude": 27.731213}
            ]]},
            {"altitude": 153.5},
            {"distance_km": 0.1},
            {"speed_kmh": 4.5},
            {"timestamp": "Sat Apr 01 15:45:57 UTC 2017"}
        ],
        [
            {"location": [[
                {"latitude": 64.232459},
                {"longitude": 27.731391}
            ]]},
            {"altitude": 150},
            {"distance_km": 0.12},
            {"speed_kmh": 4.5},
            {"timestamp": "Sat Apr 01 15:46:04 UTC 2017"}
        ],
        [
            {"location": [[
                {"latitude": 64.232556},
                {"longitude": 27.731494}
            ]]},
            {"altitude": 153},
            {"distance_km": 0.13},
            {"speed_kmh": 4.5},
            {"timestamp": "Sat Apr 01 15:46:10 UTC 2017"}
        ],
        [
            {"location": [[
                {"latitude": 64.232652},
                {"longitude": 27.731555}
            ]]},
            {"altitude": 155},
            {"distance_km": 0.14},
            {"speed_kmh": 5.4},
            {"timestamp": "Sat Apr 01 15:46:16 UTC 2017"}
        ],
        [
            {"location": [[
                {"latitude": 64.232767},
                {"longitude": 27.7316}
            ]]},
            {"altitude": 154.5},
            {"distance_km": 0.15},
            {"speed_kmh": 4.5},
            {"timestamp": "Sat Apr 01 15:46:24 UTC 2017"}
        ],
        [
            {"location": [[
                {"latitude": 64.23286},
                {"longitude": 27.731478}
            ]]},
            {"altitude": 150.5},
            {"distance_km": 0.16},
            {"speed_kmh": 4.5},
            {"timestamp": "Sat Apr 01 15:46:32 UTC 2017"}
        ],
        [
            {"location": [[
                {"latitude": 64.232889},
                {"longitude": 27.731256}
            ]]},
            {"altitude": 146},
            {"distance_km": 0.17},
            {"speed_kmh": 4.5},
            {"timestamp": "Sat Apr 01 15:46:40 UTC 2017"}
        ],
        [
            {"location": [[
                {"latitude": 64.232905},
                {"longitude": 27.730996}
            ]]},
            {"altitude": 146},
            {"distance_km": 0.19},
            {"speed_kmh": 4.5},
            {"timestamp": "Sat Apr 01 15:46:48 UTC 2017"}
        ],
        [
            {"location": [[
                {"latitude": 64.232907},
                {"longitude": 27.730741}
            ]]},
            {"altitude": 147},
            {"distance_km": 0.2},
            {"speed_kmh": 4.5},
            {"timestamp": "Sat Apr 01 15:46:56 UTC 2017"}
        ],
        [
            {"location": [[
                {"latitude": 64.23289},
                {"longitude": 27.73049}
            ]]},
            {"altitude": 142},
            {"distance_km": 0.21},
            {"speed_kmh": 3.6},
            {"timestamp": "Sat Apr 01 15:47:10 UTC 2017"}
        ],
        [
            {"location": [[
                {"latitude": 64.232855},
                {"longitude": 27.730259}
            ]]},
            {"altitude": 142},
            {"distance_km": 0.22},
            {"speed_kmh": 4.5},
            {"timestamp": "Sat Apr 01 15:47:18 UTC 2017"}
        ],
        [
            {"location": [[
                {"latitude": 64.232831},
                {"longitude": 27.730036}
            ]]},
            {"altitude": 144},
            {"distance_km": 0.24},
            {"speed_kmh": 3.6},
            {"timestamp": "Sat Apr 01 15:47:26 UTC 2017"}
        ],
        [
            {"location": [[
                {"latitude": 64.232837},
                {"longitude": 27.729815}
            ]]},
            {"altitude": 142.5},
            {"distance_km": 0.25},
            {"speed_kmh": 6.3},
            {"timestamp": "Sat Apr 01 15:47:39 UTC 2017"}
        ],
        [
            {"location": [[
                {"latitude": 64.232834},
                {"longitude": 27.729542}
            ]]},
            {"altitude": 146.5},
            {"distance_km": 0.26},
            {"speed_kmh": 5.4},
            {"timestamp": "Sat Apr 01 15:47:46 UTC 2017"}
        ],
        [
            {"location": [[
                {"latitude": 64.232839},
                {"longitude": 27.72932}
            ]]},
            {"altitude": 146},
            {"distance_km": 0.27},
            {"speed_kmh": 4.5},
            {"timestamp": "Sat Apr 01 15:47:54 UTC 2017"}
        ],
        [
            {"location": [[
                {"latitude": 64.232827},
                {"longitude": 27.729085}
            ]]},
            {"altitude": 145.5},
            {"distance_km": 0.28},
            {"speed_kmh": 4.5},
            {"timestamp": "Sat Apr 01 15:48:02 UTC 2017"}
        ],
        [
            {"location": [[
                {"latitude": 64.232832},
                {"longitude": 27.728869}
            ]]},
            {"altitude": 142},
            {"distance_km": 0.29},
            {"speed_kmh": 4.5},
            {"timestamp": "Sat Apr 01 15:48:10 UTC 2017"}
        ],
        [
            {"location": [[
                {"latitude": 64.232858},
                {"longitude": 27.728611}
            ]]},
            {"altitude": 140},
            {"distance_km": 0.3},
            {"speed_kmh": 4.5},
            {"timestamp": "Sat Apr 01 15:48:18 UTC 2017"}
        ],
        [
            {"location": [[
                {"latitude": 64.232867},
                {"longitude": 27.72837}
            ]]},
            {"altitude": 141.5},
            {"distance_km": 0.32},
            {"speed_kmh": 4.5},
            {"timestamp": "Sat Apr 01 15:48:26 UTC 2017"}
        ],
        [
            {"location": [[
                {"latitude": 64.232882},
                {"longitude": 27.728095}
            ]]},
            {"altitude": 150.5},
            {"distance_km": 0.33},
            {"speed_kmh": 4.5},
            {"timestamp": "Sat Apr 01 15:48:34 UTC 2017"}
        ],
        [
            {"location": [[
                {"latitude": 64.232873},
                {"longitude": 27.727878}
            ]]},
            {"altitude": 154},
            {"distance_km": 0.34},
            {"speed_kmh": 4.5},
            {"timestamp": "Sat Apr 01 15:48:40 UTC 2017"}
        ],
        [
            {"location": [[
                {"latitude": 64.232855},
                {"longitude": 27.727614}
            ]]},
            {"altitude": 157.5},
            {"distance_km": 0.35},
            {"speed_kmh": 3.6},
            {"timestamp": "Sat Apr 01 15:48:48 UTC 2017"}
        ],
        [
            {"location": [[
                {"latitude": 64.232851},
                {"longitude": 27.72737}
            ]]},
            {"altitude": 155.5},
            {"distance_km": 0.36},
            {"speed_kmh": 3.6},
            {"timestamp": "Sat Apr 01 15:48:56 UTC 2017"}
        ],
        [
            {"location": [[
                {"latitude": 64.232874},
                {"longitude": 27.727138}
            ]]},
            {"altitude": 154.5},
            {"distance_km": 0.38},
            {"speed_kmh": 3.6},
            {"timestamp": "Sat Apr 01 15:49:04 UTC 2017"}
        ],
        [
            {"location": [[
                {"latitude": 64.232877},
                {"longitude": 27.726905}
            ]]},
            {"altitude": 158},
            {"distance_km": 0.39},
            {"speed_kmh": 4.5},
            {"timestamp": "Sat Apr 01 15:49:10 UTC 2017"}
        ],
        [
            {"location": [[
                {"latitude": 64.232866},
                {"longitude": 27.726655}
            ]]},
            {"altitude": 159.5},
            {"distance_km": 0.4},
            {"speed_kmh": 4.5},
            {"timestamp": "Sat Apr 01 15:49:16 UTC 2017"}
        ],
        [
            {"location": [[
                {"latitude": 64.232898},
                {"longitude": 27.726443}
            ]]},
            {"altitude": 159},
            {"distance_km": 0.41},
            {"speed_kmh": 4.5},
            {"timestamp": "Sat Apr 01 15:49:23 UTC 2017"}
        ],
        [
            {"location": [[
                {"latitude": 64.23293},
                {"longitude": 27.726209}
            ]]},
            {"altitude": 159.5},
            {"distance_km": 0.42},
            {"speed_kmh": 3.6},
            {"timestamp": "Sat Apr 01 15:49:31 UTC 2017"}
        ],
        [
            {"location": [[
                {"latitude": 64.232954},
                {"longitude": 27.725962}
            ]]},
            {"altitude": 157.5},
            {"distance_km": 0.43},
            {"speed_kmh": 3.6},
            {"timestamp": "Sat Apr 01 15:49:38 UTC 2017"}
        ],
        [
            {"location": [[
                {"latitude": 64.232964},
                {"longitude": 27.72572}
            ]]},
            {"altitude": 159},
            {"distance_km": 0.45},
            {"speed_kmh": 3.6},
            {"timestamp": "Sat Apr 01 15:49:46 UTC 2017"}
        ],
        [
            {"location": [[
                {"latitude": 64.232996},
                {"longitude": 27.725462}
            ]]},
            {"altitude": 160},
            {"distance_km": 0.46},
            {"speed_kmh": 4.5},
            {"timestamp": "Sat Apr 01 15:49:54 UTC 2017"}
        ],
        [
            {"location": [[
                {"latitude": 64.233031},
                {"longitude": 27.725191}
            ]]},
            {"altitude": 163.5},
            {"distance_km": 0.47},
            {"speed_kmh": 4.5},
            {"timestamp": "Sat Apr 01 15:50:02 UTC 2017"}
        ],
        [
            {"location": [[
                {"latitude": 64.233059},
                {"longitude": 27.724985}
            ]]},
            {"altitude": 162},
            {"distance_km": 0.48},
            {"speed_kmh": 4.5},
            {"timestamp": "Sat Apr 01 15:50:08 UTC 2017"}
        ],
        [
            {"location": [[
                {"latitude": 64.233076},
                {"longitude": 27.724726}
            ]]},
            {"altitude": 163.5},
            {"distance_km": 0.5},
            {"speed_kmh": 4.5},
            {"timestamp": "Sat Apr 01 15:50:16 UTC 2017"}
        ],
        [
            {"location": [[
                {"latitude": 64.233104},
                {"longitude": 27.724496}
            ]]},
            {"altitude": 159},
            {"distance_km": 0.51},
            {"speed_kmh": 4.5},
            {"timestamp": "Sat Apr 01 15:50:24 UTC 2017"}
        ],
        [
            {"location": [[
                {"latitude": 64.23312},
                {"longitude": 27.724257}
            ]]},
            {"altitude": 158.5},
            {"distance_km": 0.52},
            {"speed_kmh": 4.5},
            {"timestamp": "Sat Apr 01 15:50:32 UTC 2017"}
        ],
        [
            {"location": [[
                {"latitude": 64.233168},
                {"longitude": 27.724067}
            ]]},
            {"altitude": 160.5},
            {"distance_km": 0.53},
            {"speed_kmh": 4.5},
            {"timestamp": "Sat Apr 01 15:50:38 UTC 2017"}
        ],
        [
            {"location": [[
                {"latitude": 64.233212},
                {"longitude": 27.723874}
            ]]},
            {"altitude": 161},
            {"distance_km": 0.54},
            {"speed_kmh": 4.5},
            {"timestamp": "Sat Apr 01 15:50:44 UTC 2017"}
        ],
        [
            {"location": [[
                {"latitude": 64.233249},
                {"longitude": 27.723676}
            ]]},
            {"altitude": 159.5},
            {"distance_km": 0.55},
            {"speed_kmh": 0},
            {"timestamp": "Sat Apr 01 15:50:54 UTC 2017"}
        ],
        [
            {"location": [[
                {"latitude": 64.233296},
                {"longitude": 27.723463}
            ]]},
            {"altitude": 160},
            {"distance_km": 0.56},
            {"speed_kmh": 3.6},
            {"timestamp": "Sat Apr 01 15:51:16 UTC 2017"}
        ],
        [
            {"location": [[
                {"latitude": 64.233355},
                {"longitude": 27.723235}
            ]]},
            {"altitude": 157},
            {"distance_km": 0.58},
            {"speed_kmh": 3.6},
            {"timestamp": "Sat Apr 01 15:51:24 UTC 2017"}
        ],
        [
            {"location": [[
                {"latitude": 64.233416},
                {"longitude": 27.723056}
            ]]},
            {"altitude": 156.5},
            {"distance_km": 0.59},
            {"speed_kmh": 3.6},
            {"timestamp": "Sat Apr 01 15:51:32 UTC 2017"}
        ],
        [
            {"location": [[
                {"latitude": 64.233486},
                {"longitude": 27.722862}
            ]]},
            {"altitude": 159.5},
            {"distance_km": 0.6},
            {"speed_kmh": 3.6},
            {"timestamp": "Sat Apr 01 15:51:42 UTC 2017"}
        ],
        [
            {"location": [[
                {"latitude": 64.233565},
                {"longitude": 27.722704}
            ]]},
            {"altitude": 161},
            {"distance_km": 0.61},
            {"speed_kmh": 4.5},
            {"timestamp": "Sat Apr 01 15:51:50 UTC 2017"}
        ],
        [
            {"location": [[
                {"latitude": 64.233627},
                {"longitude": 27.722549}
            ]]},
            {"altitude": 161},
            {"distance_km": 0.62},
            {"speed_kmh": 4.5},
            {"timestamp": "Sat Apr 01 15:51:56 UTC 2017"}
        ],
        [
            {"location": [[
                {"latitude": 64.233695},
                {"longitude": 27.722401}
            ]]},
            {"altitude": 161},
            {"distance_km": 0.63},
            {"speed_kmh": 4.5},
            {"timestamp": "Sat Apr 01 15:52:04 UTC 2017"}
        ],
        [
            {"location": [[
                {"latitude": 64.233777},
                {"longitude": 27.722244}
            ]]},
            {"altitude": 162},
            {"distance_km": 0.64},
            {"speed_kmh": 4.5},
            {"timestamp": "Sat Apr 01 15:52:12 UTC 2017"}
        ],
        [
            {"location": [[
                {"latitude": 64.23386},
                {"longitude": 27.722102}
            ]]},
            {"altitude": 157},
            {"distance_km": 0.65},
            {"speed_kmh": 4.5},
            {"timestamp": "Sat Apr 01 15:52:20 UTC 2017"}
        ],
        [
            {"location": [[
                {"latitude": 64.233897},
                {"longitude": 27.721911}
            ]]},
            {"altitude": 150.5},
            {"distance_km": 0.66},
            {"speed_kmh": 3.6},
            {"timestamp": "Sat Apr 01 15:52:30 UTC 2017"}
        ],
        [
            {"location": [[
                {"latitude": 64.233836},
                {"longitude": 27.721724}
            ]]},
            {"altitude": 147.5},
            {"distance_km": 0.68},
            {"speed_kmh": 3.6},
            {"timestamp": "Sat Apr 01 15:52:39 UTC 2017"}
        ],
        [
            {"location": [[
                {"latitude": 64.233764},
                {"longitude": 27.721429}
            ]]},
            {"altitude": 145.5},
            {"distance_km": 0.69},
            {"speed_kmh": 6.3},
            {"timestamp": "Sat Apr 01 15:52:47 UTC 2017"}
        ],
        [
            {"location": [[
                {"latitude": 64.233692},
                {"longitude": 27.721288}
            ]]},
            {"altitude": 148},
            {"distance_km": 0.7},
            {"speed_kmh": 5.4},
            {"timestamp": "Sat Apr 01 15:52:50 UTC 2017"}
        ],
        [
            {"location": [[
                {"latitude": 64.233618},
                {"longitude": 27.721112}
            ]]},
            {"altitude": 146},
            {"distance_km": 0.71},
            {"speed_kmh": 1.8},
            {"timestamp": "Sat Apr 01 15:52:56 UTC 2017"}
        ],
        [
            {"location": [[
                {"latitude": 64.233522},
                {"longitude": 27.720986}
            ]]},
            {"altitude": 146.5},
            {"distance_km": 0.73},
            {"speed_kmh": 3.6},
            {"timestamp": "Sat Apr 01 15:53:06 UTC 2017"}
        ],
        [
            {"location": [[
                {"latitude": 64.23343},
                {"longitude": 27.720854}
            ]]},
            {"altitude": 146},
            {"distance_km": 0.74},
            {"speed_kmh": 3.6},
            {"timestamp": "Sat Apr 01 15:53:14 UTC 2017"}
        ],
        [
            {"location": [[
                {"latitude": 64.233335},
                {"longitude": 27.720948}
            ]]},
            {"altitude": 146.5},
            {"distance_km": 0.75},
            {"speed_kmh": 3.6},
            {"timestamp": "Sat Apr 01 15:53:24 UTC 2017"}
        ],
        [
            {"location": [[
                {"latitude": 64.233294},
                {"longitude": 27.721139}
            ]]},
            {"altitude": 148.5},
            {"distance_km": 0.76},
            {"speed_kmh": 4.5},
            {"timestamp": "Sat Apr 01 15:53:32 UTC 2017"}
        ],
        [
            {"location": [[
                {"latitude": 64.233256},
                {"longitude": 27.721385}
            ]]},
            {"altitude": 144.5},
            {"distance_km": 0.77},
            {"speed_kmh": 4.5},
            {"timestamp": "Sat Apr 01 15:53:40 UTC 2017"}
        ],
        [
            {"location": [[
                {"latitude": 64.233193},
                {"longitude": 27.72154}
            ]]},
            {"altitude": 142.5},
            {"distance_km": 0.78},
            {"speed_kmh": 4.5},
            {"timestamp": "Sat Apr 01 15:53:46 UTC 2017"}
        ],
        [
            {"location": [[
                {"latitude": 64.233106},
                {"longitude": 27.72168}
            ]]},
            {"altitude": 142},
            {"distance_km": 0.8},
            {"speed_kmh": 4.5},
            {"timestamp": "Sat Apr 01 15:53:54 UTC 2017"}
        ],
        [
            {"location": [[
                {"latitude": 64.233022},
                {"longitude": 27.721791}
            ]]},
            {"altitude": 143.5},
            {"distance_km": 0.81},
            {"speed_kmh": 4.5},
            {"timestamp": "Sat Apr 01 15:54:04 UTC 2017"}
        ],
        [
            {"location": [[
                {"latitude": 64.232922},
                {"longitude": 27.72183}
            ]]},
            {"altitude": 142},
            {"distance_km": 0.82},
            {"speed_kmh": 4.5},
            {"timestamp": "Sat Apr 01 15:54:14 UTC 2017"}
        ],
        [
            {"location": [[
                {"latitude": 64.232821},
                {"longitude": 27.721821}
            ]]},
            {"altitude": 142.5},
            {"distance_km": 0.83},
            {"speed_kmh": 4.5},
            {"timestamp": "Sat Apr 01 15:54:22 UTC 2017"}
        ],
        [
            {"location": [[
                {"latitude": 64.232724},
                {"longitude": 27.721853}
            ]]},
            {"altitude": 142.5},
            {"distance_km": 0.84},
            {"speed_kmh": 4.5},
            {"timestamp": "Sat Apr 01 15:54:31 UTC 2017"}
        ],
        [
            {"location": [[
                {"latitude": 64.232614},
                {"longitude": 27.721952}
            ]]},
            {"altitude": 138.5},
            {"distance_km": 0.85},
            {"speed_kmh": 4.5},
            {"timestamp": "Sat Apr 01 15:54:40 UTC 2017"}
        ],
        [
            {"location": [[
                {"latitude": 64.232509},
                {"longitude": 27.721995}
            ]]},
            {"altitude": 141},
            {"distance_km": 0.86},
            {"speed_kmh": 3.6},
            {"timestamp": "Sat Apr 01 15:54:52 UTC 2017"}
        ],
        [
            {"location": [[
                {"latitude": 64.232414},
                {"longitude": 27.72212}
            ]]},
            {"altitude": 144},
            {"distance_km": 0.88},
            {"speed_kmh": 3.6},
            {"timestamp": "Sat Apr 01 15:55:04 UTC 2017"}
        ],
        [
            {"location": [[
                {"latitude": 64.232365},
                {"longitude": 27.722319}
            ]]},
            {"altitude": 142},
            {"distance_km": 0.89},
            {"speed_kmh": 3.6},
            {"timestamp": "Sat Apr 01 15:55:14 UTC 2017"}
        ],
        [
            {"location": [[
                {"latitude": 64.232299},
                {"longitude": 27.722477}
            ]]},
            {"altitude": 144.5},
            {"distance_km": 0.9},
            {"speed_kmh": 3.6},
            {"timestamp": "Sat Apr 01 15:55:22 UTC 2017"}
        ],
        [
            {"location": [[
                {"latitude": 64.232236},
                {"longitude": 27.722642}
            ]]},
            {"altitude": 148.5},
            {"distance_km": 0.91},
            {"speed_kmh": 3.6},
            {"timestamp": "Sat Apr 01 15:55:30 UTC 2017"}
        ],
        [
            {"location": [[
                {"latitude": 64.232184},
                {"longitude": 27.722836}
            ]]},
            {"altitude": 147},
            {"distance_km": 0.92},
            {"speed_kmh": 2.7},
            {"timestamp": "Sat Apr 01 15:55:48 UTC 2017"}
        ],
        [
            {"location": [[
                {"latitude": 64.232127},
                {"longitude": 27.723043}
            ]]},
            {"altitude": 146.5},
            {"distance_km": 0.93},
            {"speed_kmh": 3.6},
            {"timestamp": "Sat Apr 01 15:55:56 UTC 2017"}
        ],
        [
            {"location": [[
                {"latitude": 64.232071},
                {"longitude": 27.723246}
            ]]},
            {"altitude": 146},
            {"distance_km": 0.94},
            {"speed_kmh": 3.6},
            {"timestamp": "Sat Apr 01 15:56:04 UTC 2017"}
        ],
        [
            {"location": [[
                {"latitude": 64.232024},
                {"longitude": 27.723459}
            ]]},
            {"altitude": 145},
            {"distance_km": 0.96},
            {"speed_kmh": 4.5},
            {"timestamp": "Sat Apr 01 15:56:17 UTC 2017"}
        ],
        [
            {"location": [[
                {"latitude": 64.231974},
                {"longitude": 27.723683}
            ]]},
            {"altitude": 144.5},
            {"distance_km": 0.97},
            {"speed_kmh": 4.5},
            {"timestamp": "Sat Apr 01 15:56:27 UTC 2017"}
        ],
        [
            {"location": [[
                {"latitude": 64.231915},
                {"longitude": 27.72386}
            ]]},
            {"altitude": 144.5},
            {"distance_km": 0.98},
            {"speed_kmh": 4.5},
            {"timestamp": "Sat Apr 01 15:56:34 UTC 2017"}
        ],
        [
            {"location": [[
                {"latitude": 64.231859},
                {"longitude": 27.724066}
            ]]},
            {"altitude": 146},
            {"distance_km": 0.99},
            {"speed_kmh": 4.5},
            {"timestamp": "Sat Apr 01 15:56:42 UTC 2017"}
        ],
        [
            {"location": [[
                {"latitude": 64.231801},
                {"longitude": 27.72425}
            ]]},
            {"altitude": 146},
            {"distance_km": 1},
            {"speed_kmh": 4.5},
            {"timestamp": "Sat Apr 01 15:56:50 UTC 2017"}
        ],
        [
            {"location": [[
                {"latitude": 64.231747},
                {"longitude": 27.724474}
            ]]},
            {"altitude": 149.5},
            {"distance_km": 1.01},
            {"speed_kmh": 4.5},
            {"timestamp": "Sat Apr 01 15:57:00 UTC 2017"}
        ],
        [
            {"location": [[
                {"latitude": 64.231732},
                {"longitude": 27.724693}
            ]]},
            {"altitude": 148},
            {"distance_km": 1.02},
            {"speed_kmh": 4.5},
            {"timestamp": "Sat Apr 01 15:57:08 UTC 2017"}
        ],
        [
            {"location": [[
                {"latitude": 64.231706},
                {"longitude": 27.724918}
            ]]},
            {"altitude": 147},
            {"distance_km": 1.04},
            {"speed_kmh": 3.6},
            {"timestamp": "Sat Apr 01 15:57:16 UTC 2017"}
        ],
        [
            {"location": [[
                {"latitude": 64.231675},
                {"longitude": 27.725144}
            ]]},
            {"altitude": 145},
            {"distance_km": 1.05},
            {"speed_kmh": 4.5},
            {"timestamp": "Sat Apr 01 15:57:24 UTC 2017"}
        ],
        [
            {"location": [[
                {"latitude": 64.231622},
                {"longitude": 27.725326}
            ]]},
            {"altitude": 144.5},
            {"distance_km": 1.06},
            {"speed_kmh": 3.6},
            {"timestamp": "Sat Apr 01 15:57:32 UTC 2017"}
        ],
        [
            {"location": [[
                {"latitude": 64.231596},
                {"longitude": 27.725568}
            ]]},
            {"altitude": 147},
            {"distance_km": 1.07},
            {"speed_kmh": 3.6},
            {"timestamp": "Sat Apr 01 15:57:42 UTC 2017"}
        ],
        [
            {"location": [[
                {"latitude": 64.231615},
                {"longitude": 27.725787}
            ]]},
            {"altitude": 146.5},
            {"distance_km": 1.08},
            {"speed_kmh": 3.6},
            {"timestamp": "Sat Apr 01 15:57:50 UTC 2017"}
        ],
        [
            {"location": [[
                {"latitude": 64.231615},
                {"longitude": 27.726066}
            ]]},
            {"altitude": 147.5},
            {"distance_km": 1.09},
            {"speed_kmh": 5.4},
            {"timestamp": "Sat Apr 01 15:58:00 UTC 2017"}
        ],
        [
            {"location": [[
                {"latitude": 64.231627},
                {"longitude": 27.726303}
            ]]},
            {"altitude": 146.5},
            {"distance_km": 1.11},
            {"speed_kmh": 3.6},
            {"timestamp": "Sat Apr 01 15:58:08 UTC 2017"}
        ],
        [
            {"location": [[
                {"latitude": 64.231657},
                {"longitude": 27.726532}
            ]]},
            {"altitude": 145},
            {"distance_km": 1.12},
            {"speed_kmh": 3.6},
            {"timestamp": "Sat Apr 01 15:58:16 UTC 2017"}
        ],
        [
            {"location": [[
                {"latitude": 64.231684},
                {"longitude": 27.726788}
            ]]},
            {"altitude": 142},
            {"distance_km": 1.13},
            {"speed_kmh": 3.6},
            {"timestamp": "Sat Apr 01 15:58:25 UTC 2017"}
        ],
        [
            {"location": [[
                {"latitude": 64.231726},
                {"longitude": 27.726986}
            ]]},
            {"altitude": 141},
            {"distance_km": 1.14},
            {"speed_kmh": 3.6},
            {"timestamp": "Sat Apr 01 15:58:31 UTC 2017"}
        ],
        [
            {"location": [[
                {"latitude": 64.231745},
                {"longitude": 27.727226}
            ]]},
            {"altitude": 143.5},
            {"distance_km": 1.15},
            {"speed_kmh": 3.6},
            {"timestamp": "Sat Apr 01 15:58:38 UTC 2017"}
        ],
        [
            {"location": [[
                {"latitude": 64.231723},
                {"longitude": 27.727457}
            ]]},
            {"altitude": 144.5},
            {"distance_km": 1.16},
            {"speed_kmh": 4.5},
            {"timestamp": "Sat Apr 01 15:58:46 UTC 2017"}
        ],
        [
            {"location": [[
                {"latitude": 64.23172},
                {"longitude": 27.727673}
            ]]},
            {"altitude": 149.5},
            {"distance_km": 1.17},
            {"speed_kmh": 3.6},
            {"timestamp": "Sat Apr 01 15:58:54 UTC 2017"}
        ],
        [
            {"location": [[
                {"latitude": 64.231727},
                {"longitude": 27.727898}
            ]]},
            {"altitude": 146.5},
            {"distance_km": 1.18},
            {"speed_kmh": 4.5},
            {"timestamp": "Sat Apr 01 15:59:02 UTC 2017"}
        ],
        [
            {"location": [[
                {"latitude": 64.231707},
                {"longitude": 27.728137}
            ]]},
            {"altitude": 147.5},
            {"distance_km": 1.2},
            {"speed_kmh": 4.5},
            {"timestamp": "Sat Apr 01 15:59:10 UTC 2017"}
        ],
        [
            {"location": [[
                {"latitude": 64.23168},
                {"longitude": 27.728353}
            ]]},
            {"altitude": 148},
            {"distance_km": 1.21},
            {"speed_kmh": 4.5},
            {"timestamp": "Sat Apr 01 15:59:18 UTC 2017"}
        ],
        [
            {"location": [[
                {"latitude": 64.231663},
                {"longitude": 27.728562}
            ]]},
            {"altitude": 150.5},
            {"distance_km": 1.22},
            {"speed_kmh": 4.5},
            {"timestamp": "Sat Apr 01 15:59:26 UTC 2017"}
        ],
        [
            {"location": [[
                {"latitude": 64.231679},
                {"longitude": 27.728795}
            ]]},
            {"altitude": 147},
            {"distance_km": 1.23},
            {"speed_kmh": 4.5},
            {"timestamp": "Sat Apr 01 15:59:34 UTC 2017"}
        ],
        [
            {"location": [[
                {"latitude": 64.231691},
                {"longitude": 27.729037}
            ]]},
            {"altitude": 149.5},
            {"distance_km": 1.24},
            {"speed_kmh": 4.5},
            {"timestamp": "Sat Apr 01 15:59:42 UTC 2017"}
        ],
        [
            {"location": [[
                {"latitude": 64.231671},
                {"longitude": 27.729257}
            ]]},
            {"altitude": 151},
            {"distance_km": 1.25},
            {"speed_kmh": 4.5},
            {"timestamp": "Sat Apr 01 15:59:50 UTC 2017"}
        ],
        [
            {"location": [[
                {"latitude": 64.231732},
                {"longitude": 27.729436}
            ]]},
            {"altitude": 150.5},
            {"distance_km": 1.26},
            {"speed_kmh": 0.9},
            {"timestamp": "Sat Apr 01 16:00:22 UTC 2017"}
        ],
        [
            {"location": [[
                {"latitude": 64.231813},
                {"longitude": 27.729527}
            ]]},
            {"altitude": 156},
            {"distance_km": 1.27},
            {"speed_kmh": 0},
            {"timestamp": "Sat Apr 01 16:00:54 UTC 2017"}
        ],
        [
            {"location": [[
                {"latitude": 64.23185},
                {"longitude": 27.729526}
            ]]},
            {"altitude": 169.5},
            {"distance_km": 1.27},
            {"speed_kmh": 0},
            {"timestamp": "Sat Apr 01 16:11:49 UTC 2017"}
        ],
        [
            {"location": [[
                {"latitude": 64.231866},
                {"longitude": 27.729516}
            ]]},
            {"altitude": 170},
            {"distance_km": 1.27},
            {"speed_kmh": 0},
            {"timestamp": "Sat Apr 01 16:11:50 UTC 2017"}
        ]
    ]}
]