[
    {"sport": "WALKING"},
    {"source": "TRACK_MOBILE"},
    {"created_date": "2017-01-13 16:50:10.0"},
    {"start_time": "2017-01-13 16:48:49.0"},
    {"end_time": "2017-01-13 17:25:31.0"},
    {"duration_s": 2200},
    {"distance_km": 3.03},
    {"calories_kcal": 222.473},
    {"altitude_min_m": 152.5},
    {"altitude_max_m": 203},
    {"speed_avg_kmh": 4.958181818181818},
    {"speed_max_kmh": 7.2},
    {"ascend_m": 71.5},
    {"descend_m": 70},
    {"points": [
        [
            {"location": [[
                {"latitude": 64.231769},
                {"longitude": 27.729435}
            ]]},
            {"distance_km": 0},
            {"timestamp": "Fri Jan 13 16:48:49 UTC 2017"}
        ],
        [
            {"location": [[
                {"latitude": 64.231769},
                {"longitude": 27.729435}
            ]]},
            {"altitude": 155},
            {"distance_km": 0},
            {"speed_kmh": 1.8},
            {"timestamp": "Fri Jan 13 16:48:50 UTC 2017"}
        ],
        [
            {"location": [[
                {"latitude": 64.231675},
                {"longitude": 27.729274}
            ]]},
            {"altitude": 172},
            {"distance_km": 0.01},
            {"speed_kmh": 2.7},
            {"timestamp": "Fri Jan 13 16:49:09 UTC 2017"}
        ],
        [
            {"location": [[
                {"latitude": 64.231588},
                {"longitude": 27.729445}
            ]]},
            {"altitude": 158},
            {"distance_km": 0.03},
            {"speed_kmh": 5.4},
            {"timestamp": "Fri Jan 13 16:49:11 UTC 2017"}
        ],
        [
            {"location": [[
                {"latitude": 64.231614},
                {"longitude": 27.729765}
            ]]},
            {"altitude": 152.5},
            {"distance_km": 0.04},
            {"speed_kmh": 5.4},
            {"timestamp": "Fri Jan 13 16:49:19 UTC 2017"}
        ],
        [
            {"location": [[
                {"latitude": 64.231719},
                {"longitude": 27.72978}
            ]]},
            {"altitude": 157.5},
            {"distance_km": 0.05},
            {"speed_kmh": 3.6},
            {"timestamp": "Fri Jan 13 16:49:25 UTC 2017"}
        ],
        [
            {"location": [[
                {"latitude": 64.231756},
                {"longitude": 27.729998}
            ]]},
            {"altitude": 159.5},
            {"distance_km": 0.06},
            {"speed_kmh": 5.4},
            {"timestamp": "Fri Jan 13 16:49:30 UTC 2017"}
        ],
        [
            {"location": [[
                {"latitude": 64.231717},
                {"longitude": 27.730301}
            ]]},
            {"altitude": 161.5},
            {"distance_km": 0.08},
            {"speed_kmh": 5.4},
            {"timestamp": "Fri Jan 13 16:49:32 UTC 2017"}
        ],
        [
            {"location": [[
                {"latitude": 64.231789},
                {"longitude": 27.730443}
            ]]},
            {"altitude": 153.5},
            {"distance_km": 0.09},
            {"speed_kmh": 7.2},
            {"timestamp": "Fri Jan 13 16:49:40 UTC 2017"}
        ],
        [
            {"location": [[
                {"latitude": 64.231884},
                {"longitude": 27.730584}
            ]]},
            {"altitude": 156},
            {"distance_km": 0.1},
            {"speed_kmh": 4.5},
            {"timestamp": "Fri Jan 13 16:49:48 UTC 2017"}
        ],
        [
            {"location": [[
                {"latitude": 64.231968},
                {"longitude": 27.730697}
            ]]},
            {"altitude": 157.5},
            {"distance_km": 0.11},
            {"speed_kmh": 4.5},
            {"timestamp": "Fri Jan 13 16:49:56 UTC 2017"}
        ],
        [
            {"location": [[
                {"latitude": 64.232061},
                {"longitude": 27.730817}
            ]]},
            {"altitude": 160},
            {"distance_km": 0.13},
            {"speed_kmh": 5.4},
            {"timestamp": "Fri Jan 13 16:50:04 UTC 2017"}
        ],
        [
            {"location": [[
                {"latitude": 64.232127},
                {"longitude": 27.730961}
            ]]},
            {"altitude": 161.5},
            {"distance_km": 0.14},
            {"speed_kmh": 0},
            {"timestamp": "Fri Jan 13 16:50:12 UTC 2017"}
        ],
        [
            {"location": [[
                {"latitude": 64.232222},
                {"longitude": 27.731043}
            ]]},
            {"altitude": 160.5},
            {"distance_km": 0.15},
            {"speed_kmh": 5.4},
            {"timestamp": "Fri Jan 13 16:50:22 UTC 2017"}
        ],
        [
            {"location": [[
                {"latitude": 64.232299},
                {"longitude": 27.731175}
            ]]},
            {"altitude": 161.5},
            {"distance_km": 0.16},
            {"speed_kmh": 6.3},
            {"timestamp": "Fri Jan 13 16:50:28 UTC 2017"}
        ],
        [
            {"location": [[
                {"latitude": 64.232402},
                {"longitude": 27.731312}
            ]]},
            {"altitude": 161.5},
            {"distance_km": 0.17},
            {"speed_kmh": 5.4},
            {"timestamp": "Fri Jan 13 16:50:36 UTC 2017"}
        ],
        [
            {"location": [[
                {"latitude": 64.232484},
                {"longitude": 27.731426}
            ]]},
            {"altitude": 161.5},
            {"distance_km": 0.18},
            {"speed_kmh": 3.6},
            {"timestamp": "Fri Jan 13 16:50:44 UTC 2017"}
        ],
        [
            {"location": [[
                {"latitude": 64.232519},
                {"longitude": 27.731635}
            ]]},
            {"altitude": 163},
            {"distance_km": 0.19},
            {"speed_kmh": 4.5},
            {"timestamp": "Fri Jan 13 16:50:56 UTC 2017"}
        ],
        [
            {"location": [[
                {"latitude": 64.232488},
                {"longitude": 27.731854}
            ]]},
            {"altitude": 167},
            {"distance_km": 0.2},
            {"speed_kmh": 5.4},
            {"timestamp": "Fri Jan 13 16:51:04 UTC 2017"}
        ],
        [
            {"location": [[
                {"latitude": 64.232447},
                {"longitude": 27.732108}
            ]]},
            {"altitude": 164},
            {"distance_km": 0.22},
            {"speed_kmh": 5.4},
            {"timestamp": "Fri Jan 13 16:51:13 UTC 2017"}
        ],
        [
            {"location": [[
                {"latitude": 64.232411},
                {"longitude": 27.732317}
            ]]},
            {"altitude": 161},
            {"distance_km": 0.23},
            {"speed_kmh": 5.4},
            {"timestamp": "Fri Jan 13 16:51:19 UTC 2017"}
        ],
        [
            {"location": [[
                {"latitude": 64.232379},
                {"longitude": 27.732567}
            ]]},
            {"altitude": 162.5},
            {"distance_km": 0.24},
            {"speed_kmh": 5.4},
            {"timestamp": "Fri Jan 13 16:51:28 UTC 2017"}
        ],
        [
            {"location": [[
                {"latitude": 64.232333},
                {"longitude": 27.732782}
            ]]},
            {"altitude": 162},
            {"distance_km": 0.25},
            {"speed_kmh": 5.4},
            {"timestamp": "Fri Jan 13 16:51:36 UTC 2017"}
        ],
        [
            {"location": [[
                {"latitude": 64.232286},
                {"longitude": 27.732965}
            ]]},
            {"altitude": 162},
            {"distance_km": 0.26},
            {"speed_kmh": 4.5},
            {"timestamp": "Fri Jan 13 16:51:44 UTC 2017"}
        ],
        [
            {"location": [[
                {"latitude": 64.232329},
                {"longitude": 27.733151}
            ]]},
            {"altitude": 158.5},
            {"distance_km": 0.27},
            {"speed_kmh": 5.4},
            {"timestamp": "Fri Jan 13 16:51:58 UTC 2017"}
        ],
        [
            {"location": [[
                {"latitude": 64.232431},
                {"longitude": 27.733204}
            ]]},
            {"altitude": 158.5},
            {"distance_km": 0.28},
            {"speed_kmh": 6.3},
            {"timestamp": "Fri Jan 13 16:52:04 UTC 2017"}
        ],
        [
            {"location": [[
                {"latitude": 64.232532},
                {"longitude": 27.733234}
            ]]},
            {"altitude": 157.5},
            {"distance_km": 0.3},
            {"speed_kmh": 6.3},
            {"timestamp": "Fri Jan 13 16:52:10 UTC 2017"}
        ],
        [
            {"location": [[
                {"latitude": 64.23263},
                {"longitude": 27.733278}
            ]]},
            {"altitude": 157.5},
            {"distance_km": 0.31},
            {"speed_kmh": 6.3},
            {"timestamp": "Fri Jan 13 16:52:16 UTC 2017"}
        ],
        [
            {"location": [[
                {"latitude": 64.232738},
                {"longitude": 27.733297}
            ]]},
            {"altitude": 158.5},
            {"distance_km": 0.32},
            {"speed_kmh": 5.4},
            {"timestamp": "Fri Jan 13 16:52:24 UTC 2017"}
        ],
        [
            {"location": [[
                {"latitude": 64.23284},
                {"longitude": 27.733337}
            ]]},
            {"altitude": 159},
            {"distance_km": 0.33},
            {"speed_kmh": 5.4},
            {"timestamp": "Fri Jan 13 16:52:32 UTC 2017"}
        ],
        [
            {"location": [[
                {"latitude": 64.232942},
                {"longitude": 27.73338}
            ]]},
            {"altitude": 159.5},
            {"distance_km": 0.34},
            {"speed_kmh": 4.5},
            {"timestamp": "Fri Jan 13 16:52:41 UTC 2017"}
        ],
        [
            {"location": [[
                {"latitude": 64.233055},
                {"longitude": 27.733356}
            ]]},
            {"altitude": 160},
            {"distance_km": 0.35},
            {"speed_kmh": 6.3},
            {"timestamp": "Fri Jan 13 16:52:53 UTC 2017"}
        ],
        [
            {"location": [[
                {"latitude": 64.233143},
                {"longitude": 27.733234}
            ]]},
            {"altitude": 158.5},
            {"distance_km": 0.37},
            {"speed_kmh": 6.3},
            {"timestamp": "Fri Jan 13 16:52:59 UTC 2017"}
        ],
        [
            {"location": [[
                {"latitude": 64.233221},
                {"longitude": 27.733122}
            ]]},
            {"altitude": 156},
            {"distance_km": 0.38},
            {"speed_kmh": 6.3},
            {"timestamp": "Fri Jan 13 16:53:06 UTC 2017"}
        ],
        [
            {"location": [[
                {"latitude": 64.23333},
                {"longitude": 27.733005}
            ]]},
            {"altitude": 156.5},
            {"distance_km": 0.39},
            {"speed_kmh": 5.4},
            {"timestamp": "Fri Jan 13 16:53:14 UTC 2017"}
        ],
        [
            {"location": [[
                {"latitude": 64.233424},
                {"longitude": 27.732911}
            ]]},
            {"altitude": 159},
            {"distance_km": 0.4},
            {"speed_kmh": 5.4},
            {"timestamp": "Fri Jan 13 16:53:22 UTC 2017"}
        ],
        [
            {"location": [[
                {"latitude": 64.233525},
                {"longitude": 27.732852}
            ]]},
            {"altitude": 162},
            {"distance_km": 0.41},
            {"speed_kmh": 5.4},
            {"timestamp": "Fri Jan 13 16:53:30 UTC 2017"}
        ],
        [
            {"location": [[
                {"latitude": 64.23363},
                {"longitude": 27.732729}
            ]]},
            {"altitude": 163},
            {"distance_km": 0.43},
            {"speed_kmh": 5.4},
            {"timestamp": "Fri Jan 13 16:53:38 UTC 2017"}
        ],
        [
            {"location": [[
                {"latitude": 64.233723},
                {"longitude": 27.732661}
            ]]},
            {"altitude": 165},
            {"distance_km": 0.44},
            {"speed_kmh": 4.5},
            {"timestamp": "Fri Jan 13 16:53:46 UTC 2017"}
        ],
        [
            {"location": [[
                {"latitude": 64.233807},
                {"longitude": 27.732578}
            ]]},
            {"altitude": 166},
            {"distance_km": 0.45},
            {"speed_kmh": 4.5},
            {"timestamp": "Fri Jan 13 16:53:54 UTC 2017"}
        ],
        [
            {"location": [[
                {"latitude": 64.23389},
                {"longitude": 27.732449}
            ]]},
            {"altitude": 168},
            {"distance_km": 0.46},
            {"speed_kmh": 5.4},
            {"timestamp": "Fri Jan 13 16:54:02 UTC 2017"}
        ],
        [
            {"location": [[
                {"latitude": 64.233981},
                {"longitude": 27.732376}
            ]]},
            {"altitude": 170},
            {"distance_km": 0.47},
            {"speed_kmh": 4.5},
            {"timestamp": "Fri Jan 13 16:54:10 UTC 2017"}
        ],
        [
            {"location": [[
                {"latitude": 64.234081},
                {"longitude": 27.732317}
            ]]},
            {"altitude": 172},
            {"distance_km": 0.48},
            {"speed_kmh": 4.5},
            {"timestamp": "Fri Jan 13 16:54:18 UTC 2017"}
        ],
        [
            {"location": [[
                {"latitude": 64.234199},
                {"longitude": 27.732266}
            ]]},
            {"altitude": 176},
            {"distance_km": 0.49},
            {"speed_kmh": 5.4},
            {"timestamp": "Fri Jan 13 16:54:27 UTC 2017"}
        ],
        [
            {"location": [[
                {"latitude": 64.234293},
                {"longitude": 27.732246}
            ]]},
            {"altitude": 174.5},
            {"distance_km": 0.5},
            {"speed_kmh": 4.5},
            {"timestamp": "Fri Jan 13 16:54:35 UTC 2017"}
        ],
        [
            {"location": [[
                {"latitude": 64.234392},
                {"longitude": 27.732251}
            ]]},
            {"altitude": 174.5},
            {"distance_km": 0.51},
            {"speed_kmh": 4.5},
            {"timestamp": "Fri Jan 13 16:54:43 UTC 2017"}
        ],
        [
            {"location": [[
                {"latitude": 64.234481},
                {"longitude": 27.732312}
            ]]},
            {"altitude": 177},
            {"distance_km": 0.52},
            {"speed_kmh": 4.5},
            {"timestamp": "Fri Jan 13 16:54:51 UTC 2017"}
        ],
        [
            {"location": [[
                {"latitude": 64.234584},
                {"longitude": 27.732232}
            ]]},
            {"altitude": 179},
            {"distance_km": 0.54},
            {"speed_kmh": 4.5},
            {"timestamp": "Fri Jan 13 16:55:22 UTC 2017"}
        ],
        [
            {"location": [[
                {"latitude": 64.234685},
                {"longitude": 27.732266}
            ]]},
            {"altitude": 182},
            {"distance_km": 0.55},
            {"speed_kmh": 3.6},
            {"timestamp": "Fri Jan 13 16:55:30 UTC 2017"}
        ],
        [
            {"location": [[
                {"latitude": 64.234808},
                {"longitude": 27.732268}
            ]]},
            {"altitude": 180.5},
            {"distance_km": 0.56},
            {"speed_kmh": 3.6},
            {"timestamp": "Fri Jan 13 16:55:38 UTC 2017"}
        ],
        [
            {"location": [[
                {"latitude": 64.234902},
                {"longitude": 27.732254}
            ]]},
            {"altitude": 179.5},
            {"distance_km": 0.57},
            {"speed_kmh": 4.5},
            {"timestamp": "Fri Jan 13 16:55:44 UTC 2017"}
        ],
        [
            {"location": [[
                {"latitude": 64.234989},
                {"longitude": 27.732175}
            ]]},
            {"altitude": 181.5},
            {"distance_km": 0.58},
            {"speed_kmh": 4.5},
            {"timestamp": "Fri Jan 13 16:55:50 UTC 2017"}
        ],
        [
            {"location": [[
                {"latitude": 64.235097},
                {"longitude": 27.732118}
            ]]},
            {"altitude": 183},
            {"distance_km": 0.6},
            {"speed_kmh": 4.5},
            {"timestamp": "Fri Jan 13 16:55:58 UTC 2017"}
        ],
        [
            {"location": [[
                {"latitude": 64.235204},
                {"longitude": 27.732114}
            ]]},
            {"altitude": 184.5},
            {"distance_km": 0.61},
            {"speed_kmh": 4.5},
            {"timestamp": "Fri Jan 13 16:56:06 UTC 2017"}
        ],
        [
            {"location": [[
                {"latitude": 64.235305},
                {"longitude": 27.732141}
            ]]},
            {"altitude": 185},
            {"distance_km": 0.62},
            {"speed_kmh": 4.5},
            {"timestamp": "Fri Jan 13 16:56:13 UTC 2017"}
        ],
        [
            {"location": [[
                {"latitude": 64.235415},
                {"longitude": 27.732133}
            ]]},
            {"altitude": 187},
            {"distance_km": 0.63},
            {"speed_kmh": 4.5},
            {"timestamp": "Fri Jan 13 16:56:21 UTC 2017"}
        ],
        [
            {"location": [[
                {"latitude": 64.235506},
                {"longitude": 27.73211}
            ]]},
            {"altitude": 188},
            {"distance_km": 0.64},
            {"speed_kmh": 4.5},
            {"timestamp": "Fri Jan 13 16:56:29 UTC 2017"}
        ],
        [
            {"location": [[
                {"latitude": 64.235614},
                {"longitude": 27.732097}
            ]]},
            {"altitude": 188.5},
            {"distance_km": 0.65},
            {"speed_kmh": 4.5},
            {"timestamp": "Fri Jan 13 16:56:37 UTC 2017"}
        ],
        [
            {"location": [[
                {"latitude": 64.23572},
                {"longitude": 27.732134}
            ]]},
            {"altitude": 188},
            {"distance_km": 0.66},
            {"speed_kmh": 4.5},
            {"timestamp": "Fri Jan 13 16:56:48 UTC 2017"}
        ],
        [
            {"location": [[
                {"latitude": 64.235818},
                {"longitude": 27.732157}
            ]]},
            {"altitude": 188.5},
            {"distance_km": 0.68},
            {"speed_kmh": 4.5},
            {"timestamp": "Fri Jan 13 16:56:56 UTC 2017"}
        ],
        [
            {"location": [[
                {"latitude": 64.23592},
                {"longitude": 27.73218}
            ]]},
            {"altitude": 186.5},
            {"distance_km": 0.69},
            {"speed_kmh": 4.5},
            {"timestamp": "Fri Jan 13 16:57:04 UTC 2017"}
        ],
        [
            {"location": [[
                {"latitude": 64.23603},
                {"longitude": 27.732129}
            ]]},
            {"altitude": 188.5},
            {"distance_km": 0.7},
            {"speed_kmh": 4.5},
            {"timestamp": "Fri Jan 13 16:57:12 UTC 2017"}
        ],
        [
            {"location": [[
                {"latitude": 64.236135},
                {"longitude": 27.732074}
            ]]},
            {"altitude": 191.5},
            {"distance_km": 0.71},
            {"speed_kmh": 4.5},
            {"timestamp": "Fri Jan 13 16:57:20 UTC 2017"}
        ],
        [
            {"location": [[
                {"latitude": 64.236237},
                {"longitude": 27.73207}
            ]]},
            {"altitude": 189.5},
            {"distance_km": 0.72},
            {"speed_kmh": 4.5},
            {"timestamp": "Fri Jan 13 16:57:28 UTC 2017"}
        ],
        [
            {"location": [[
                {"latitude": 64.236331},
                {"longitude": 27.732058}
            ]]},
            {"altitude": 190.5},
            {"distance_km": 0.73},
            {"speed_kmh": 4.5},
            {"timestamp": "Fri Jan 13 16:57:38 UTC 2017"}
        ],
        [
            {"location": [[
                {"latitude": 64.236423},
                {"longitude": 27.73198}
            ]]},
            {"altitude": 190},
            {"distance_km": 0.74},
            {"speed_kmh": 4.5},
            {"timestamp": "Fri Jan 13 16:57:46 UTC 2017"}
        ],
        [
            {"location": [[
                {"latitude": 64.236534},
                {"longitude": 27.731981}
            ]]},
            {"altitude": 190.5},
            {"distance_km": 0.76},
            {"speed_kmh": 4.5},
            {"timestamp": "Fri Jan 13 16:57:56 UTC 2017"}
        ],
        [
            {"location": [[
                {"latitude": 64.236639},
                {"longitude": 27.731994}
            ]]},
            {"altitude": 190},
            {"distance_km": 0.77},
            {"speed_kmh": 4.5},
            {"timestamp": "Fri Jan 13 16:58:04 UTC 2017"}
        ],
        [
            {"location": [[
                {"latitude": 64.236738},
                {"longitude": 27.732054}
            ]]},
            {"altitude": 190.5},
            {"distance_km": 0.78},
            {"speed_kmh": 4.5},
            {"timestamp": "Fri Jan 13 16:58:12 UTC 2017"}
        ],
        [
            {"location": [[
                {"latitude": 64.236828},
                {"longitude": 27.732084}
            ]]},
            {"altitude": 187},
            {"distance_km": 0.79},
            {"speed_kmh": 3.6},
            {"timestamp": "Fri Jan 13 16:58:20 UTC 2017"}
        ],
        [
            {"location": [[
                {"latitude": 64.236935},
                {"longitude": 27.732156}
            ]]},
            {"altitude": 189.5},
            {"distance_km": 0.8},
            {"speed_kmh": 4.5},
            {"timestamp": "Fri Jan 13 16:58:29 UTC 2017"}
        ],
        [
            {"location": [[
                {"latitude": 64.237037},
                {"longitude": 27.732183}
            ]]},
            {"altitude": 190},
            {"distance_km": 0.81},
            {"speed_kmh": 4.5},
            {"timestamp": "Fri Jan 13 16:58:37 UTC 2017"}
        ],
        [
            {"location": [[
                {"latitude": 64.237127},
                {"longitude": 27.732249}
            ]]},
            {"altitude": 192},
            {"distance_km": 0.82},
            {"speed_kmh": 4.5},
            {"timestamp": "Fri Jan 13 16:58:45 UTC 2017"}
        ],
        [
            {"location": [[
                {"latitude": 64.237249},
                {"longitude": 27.732302}
            ]]},
            {"altitude": 193.5},
            {"distance_km": 0.84},
            {"speed_kmh": 4.5},
            {"timestamp": "Fri Jan 13 16:58:56 UTC 2017"}
        ],
        [
            {"location": [[
                {"latitude": 64.237334},
                {"longitude": 27.732447}
            ]]},
            {"altitude": 196},
            {"distance_km": 0.85},
            {"speed_kmh": 4.5},
            {"timestamp": "Fri Jan 13 16:59:04 UTC 2017"}
        ],
        [
            {"location": [[
                {"latitude": 64.237435},
                {"longitude": 27.732506}
            ]]},
            {"altitude": 193.5},
            {"distance_km": 0.86},
            {"speed_kmh": 4.5},
            {"timestamp": "Fri Jan 13 16:59:12 UTC 2017"}
        ],
        [
            {"location": [[
                {"latitude": 64.237541},
                {"longitude": 27.732566}
            ]]},
            {"altitude": 193},
            {"distance_km": 0.87},
            {"speed_kmh": 4.5},
            {"timestamp": "Fri Jan 13 16:59:20 UTC 2017"}
        ],
        [
            {"location": [[
                {"latitude": 64.237634},
                {"longitude": 27.732665}
            ]]},
            {"altitude": 193},
            {"distance_km": 0.89},
            {"speed_kmh": 4.5},
            {"timestamp": "Fri Jan 13 16:59:28 UTC 2017"}
        ],
        [
            {"location": [[
                {"latitude": 64.237731},
                {"longitude": 27.732751}
            ]]},
            {"altitude": 191.5},
            {"distance_km": 0.9},
            {"speed_kmh": 4.5},
            {"timestamp": "Fri Jan 13 16:59:36 UTC 2017"}
        ],
        [
            {"location": [[
                {"latitude": 64.237841},
                {"longitude": 27.732805}
            ]]},
            {"altitude": 190.5},
            {"distance_km": 0.91},
            {"speed_kmh": 4.5},
            {"timestamp": "Fri Jan 13 16:59:44 UTC 2017"}
        ],
        [
            {"location": [[
                {"latitude": 64.237941},
                {"longitude": 27.732836}
            ]]},
            {"altitude": 192},
            {"distance_km": 0.92},
            {"speed_kmh": 5.4},
            {"timestamp": "Fri Jan 13 17:00:25 UTC 2017"}
        ],
        [
            {"location": [[
                {"latitude": 64.238044},
                {"longitude": 27.73293}
            ]]},
            {"altitude": 190},
            {"distance_km": 0.93},
            {"speed_kmh": 5.4},
            {"timestamp": "Fri Jan 13 17:00:33 UTC 2017"}
        ],
        [
            {"location": [[
                {"latitude": 64.238154},
                {"longitude": 27.733007}
            ]]},
            {"altitude": 189.5},
            {"distance_km": 0.95},
            {"speed_kmh": 5.4},
            {"timestamp": "Fri Jan 13 17:00:42 UTC 2017"}
        ],
        [
            {"location": [[
                {"latitude": 64.23827},
                {"longitude": 27.733126}
            ]]},
            {"altitude": 187.5},
            {"distance_km": 0.96},
            {"speed_kmh": 5.4},
            {"timestamp": "Fri Jan 13 17:00:50 UTC 2017"}
        ],
        [
            {"location": [[
                {"latitude": 64.238307},
                {"longitude": 27.733337}
            ]]},
            {"altitude": 188.5},
            {"distance_km": 0.97},
            {"speed_kmh": 4.5},
            {"timestamp": "Fri Jan 13 17:00:58 UTC 2017"}
        ],
        [
            {"location": [[
                {"latitude": 64.238404},
                {"longitude": 27.733378}
            ]]},
            {"altitude": 190},
            {"distance_km": 0.98},
            {"speed_kmh": 4.5},
            {"timestamp": "Fri Jan 13 17:01:06 UTC 2017"}
        ],
        [
            {"location": [[
                {"latitude": 64.2385},
                {"longitude": 27.733367}
            ]]},
            {"altitude": 189},
            {"distance_km": 0.99},
            {"speed_kmh": 3.6},
            {"timestamp": "Fri Jan 13 17:01:20 UTC 2017"}
        ],
        [
            {"location": [[
                {"latitude": 64.238605},
                {"longitude": 27.733473}
            ]]},
            {"altitude": 189},
            {"distance_km": 1.01},
            {"speed_kmh": 4.5},
            {"timestamp": "Fri Jan 13 17:01:30 UTC 2017"}
        ],
        [
            {"location": [[
                {"latitude": 64.238694},
                {"longitude": 27.733507}
            ]]},
            {"altitude": 189.5},
            {"distance_km": 1.02},
            {"speed_kmh": 4.5},
            {"timestamp": "Fri Jan 13 17:01:36 UTC 2017"}
        ],
        [
            {"location": [[
                {"latitude": 64.238805},
                {"longitude": 27.733586}
            ]]},
            {"altitude": 190},
            {"distance_km": 1.03},
            {"speed_kmh": 4.5},
            {"timestamp": "Fri Jan 13 17:01:44 UTC 2017"}
        ],
        [
            {"location": [[
                {"latitude": 64.238914},
                {"longitude": 27.733655}
            ]]},
            {"altitude": 192},
            {"distance_km": 1.04},
            {"speed_kmh": 5.4},
            {"timestamp": "Fri Jan 13 17:01:52 UTC 2017"}
        ],
        [
            {"location": [[
                {"latitude": 64.239034},
                {"longitude": 27.733652}
            ]]},
            {"altitude": 192},
            {"distance_km": 1.05},
            {"speed_kmh": 6.3},
            {"timestamp": "Fri Jan 13 17:02:02 UTC 2017"}
        ],
        [
            {"location": [[
                {"latitude": 64.239136},
                {"longitude": 27.733707}
            ]]},
            {"altitude": 190},
            {"distance_km": 1.07},
            {"speed_kmh": 6.3},
            {"timestamp": "Fri Jan 13 17:02:08 UTC 2017"}
        ],
        [
            {"location": [[
                {"latitude": 64.23923},
                {"longitude": 27.733732}
            ]]},
            {"altitude": 192},
            {"distance_km": 1.08},
            {"speed_kmh": 6.3},
            {"timestamp": "Fri Jan 13 17:02:14 UTC 2017"}
        ],
        [
            {"location": [[
                {"latitude": 64.239346},
                {"longitude": 27.73373}
            ]]},
            {"altitude": 189.5},
            {"distance_km": 1.09},
            {"speed_kmh": 6.3},
            {"timestamp": "Fri Jan 13 17:02:21 UTC 2017"}
        ],
        [
            {"location": [[
                {"latitude": 64.239437},
                {"longitude": 27.733729}
            ]]},
            {"altitude": 189},
            {"distance_km": 1.1},
            {"speed_kmh": 6.3},
            {"timestamp": "Fri Jan 13 17:02:27 UTC 2017"}
        ],
        [
            {"location": [[
                {"latitude": 64.239557},
                {"longitude": 27.733726}
            ]]},
            {"altitude": 188.5},
            {"distance_km": 1.11},
            {"speed_kmh": 5.4},
            {"timestamp": "Fri Jan 13 17:02:35 UTC 2017"}
        ],
        [
            {"location": [[
                {"latitude": 64.239648},
                {"longitude": 27.73373}
            ]]},
            {"altitude": 189},
            {"distance_km": 1.12},
            {"speed_kmh": 5.4},
            {"timestamp": "Fri Jan 13 17:02:41 UTC 2017"}
        ],
        [
            {"location": [[
                {"latitude": 64.239758},
                {"longitude": 27.733692}
            ]]},
            {"altitude": 189},
            {"distance_km": 1.14},
            {"speed_kmh": 5.4},
            {"timestamp": "Fri Jan 13 17:02:50 UTC 2017"}
        ],
        [
            {"location": [[
                {"latitude": 64.23988},
                {"longitude": 27.733682}
            ]]},
            {"altitude": 191.5},
            {"distance_km": 1.15},
            {"speed_kmh": 5.4},
            {"timestamp": "Fri Jan 13 17:02:58 UTC 2017"}
        ],
        [
            {"location": [[
                {"latitude": 64.239976},
                {"longitude": 27.733736}
            ]]},
            {"altitude": 193.5},
            {"distance_km": 1.16},
            {"speed_kmh": 5.4},
            {"timestamp": "Fri Jan 13 17:03:06 UTC 2017"}
        ],
        [
            {"location": [[
                {"latitude": 64.240085},
                {"longitude": 27.733763}
            ]]},
            {"altitude": 194},
            {"distance_km": 1.17},
            {"speed_kmh": 5.4},
            {"timestamp": "Fri Jan 13 17:03:14 UTC 2017"}
        ],
        [
            {"location": [[
                {"latitude": 64.240176},
                {"longitude": 27.733757}
            ]]},
            {"altitude": 193},
            {"distance_km": 1.18},
            {"speed_kmh": 5.4},
            {"timestamp": "Fri Jan 13 17:03:20 UTC 2017"}
        ],
        [
            {"location": [[
                {"latitude": 64.240273},
                {"longitude": 27.733743}
            ]]},
            {"altitude": 195},
            {"distance_km": 1.19},
            {"speed_kmh": 5.4},
            {"timestamp": "Fri Jan 13 17:03:26 UTC 2017"}
        ],
        [
            {"location": [[
                {"latitude": 64.240367},
                {"longitude": 27.733731}
            ]]},
            {"altitude": 195.5},
            {"distance_km": 1.2},
            {"speed_kmh": 5.4},
            {"timestamp": "Fri Jan 13 17:03:32 UTC 2017"}
        ],
        [
            {"location": [[
                {"latitude": 64.240488},
                {"longitude": 27.733723}
            ]]},
            {"altitude": 195.5},
            {"distance_km": 1.22},
            {"speed_kmh": 6.3},
            {"timestamp": "Fri Jan 13 17:03:40 UTC 2017"}
        ],
        [
            {"location": [[
                {"latitude": 64.240604},
                {"longitude": 27.733747}
            ]]},
            {"altitude": 197},
            {"distance_km": 1.23},
            {"speed_kmh": 5.4},
            {"timestamp": "Fri Jan 13 17:03:48 UTC 2017"}
        ],
        [
            {"location": [[
                {"latitude": 64.240706},
                {"longitude": 27.733782}
            ]]},
            {"altitude": 199},
            {"distance_km": 1.24},
            {"speed_kmh": 5.4},
            {"timestamp": "Fri Jan 13 17:03:56 UTC 2017"}
        ],
        [
            {"location": [[
                {"latitude": 64.240812},
                {"longitude": 27.733836}
            ]]},
            {"altitude": 199},
            {"distance_km": 1.25},
            {"speed_kmh": 5.4},
            {"timestamp": "Fri Jan 13 17:04:04 UTC 2017"}
        ],
        [
            {"location": [[
                {"latitude": 64.240919},
                {"longitude": 27.733928}
            ]]},
            {"altitude": 198.5},
            {"distance_km": 1.27},
            {"speed_kmh": 5.4},
            {"timestamp": "Fri Jan 13 17:04:12 UTC 2017"}
        ],
        [
            {"location": [[
                {"latitude": 64.24102},
                {"longitude": 27.733963}
            ]]},
            {"altitude": 200},
            {"distance_km": 1.28},
            {"speed_kmh": 5.4},
            {"timestamp": "Fri Jan 13 17:04:20 UTC 2017"}
        ],
        [
            {"location": [[
                {"latitude": 64.241123},
                {"longitude": 27.734057}
            ]]},
            {"altitude": 200},
            {"distance_km": 1.29},
            {"speed_kmh": 5.4},
            {"timestamp": "Fri Jan 13 17:04:28 UTC 2017"}
        ],
        [
            {"location": [[
                {"latitude": 64.241209},
                {"longitude": 27.734178}
            ]]},
            {"altitude": 200},
            {"distance_km": 1.3},
            {"speed_kmh": 5.4},
            {"timestamp": "Fri Jan 13 17:04:35 UTC 2017"}
        ],
        [
            {"location": [[
                {"latitude": 64.241302},
                {"longitude": 27.734338}
            ]]},
            {"altitude": 199.5},
            {"distance_km": 1.31},
            {"speed_kmh": 5.4},
            {"timestamp": "Fri Jan 13 17:04:43 UTC 2017"}
        ],
        [
            {"location": [[
                {"latitude": 64.241397},
                {"longitude": 27.73446}
            ]]},
            {"altitude": 198},
            {"distance_km": 1.33},
            {"speed_kmh": 5.4},
            {"timestamp": "Fri Jan 13 17:04:51 UTC 2017"}
        ],
        [
            {"location": [[
                {"latitude": 64.241483},
                {"longitude": 27.734525}
            ]]},
            {"altitude": 196.5},
            {"distance_km": 1.34},
            {"speed_kmh": 5.4},
            {"timestamp": "Fri Jan 13 17:04:57 UTC 2017"}
        ],
        [
            {"location": [[
                {"latitude": 64.241589},
                {"longitude": 27.734594}
            ]]},
            {"altitude": 193.5},
            {"distance_km": 1.35},
            {"speed_kmh": 5.4},
            {"timestamp": "Fri Jan 13 17:05:06 UTC 2017"}
        ],
        [
            {"location": [[
                {"latitude": 64.241679},
                {"longitude": 27.734607}
            ]]},
            {"altitude": 190.5},
            {"distance_km": 1.36},
            {"speed_kmh": 0},
            {"timestamp": "Fri Jan 13 17:05:22 UTC 2017"}
        ],
        [
            {"location": [[
                {"latitude": 64.241736},
                {"longitude": 27.734787}
            ]]},
            {"altitude": 191.5},
            {"distance_km": 1.37},
            {"speed_kmh": 3.6},
            {"timestamp": "Fri Jan 13 17:05:36 UTC 2017"}
        ],
        [
            {"location": [[
                {"latitude": 64.241821},
                {"longitude": 27.734899}
            ]]},
            {"altitude": 194},
            {"distance_km": 1.38},
            {"speed_kmh": 4.5},
            {"timestamp": "Fri Jan 13 17:05:44 UTC 2017"}
        ],
        [
            {"location": [[
                {"latitude": 64.241872},
                {"longitude": 27.735075}
            ]]},
            {"altitude": 196.5},
            {"distance_km": 1.39},
            {"speed_kmh": 2.7},
            {"timestamp": "Fri Jan 13 17:05:52 UTC 2017"}
        ],
        [
            {"location": [[
                {"latitude": 64.241779},
                {"longitude": 27.735108}
            ]]},
            {"altitude": 195},
            {"distance_km": 1.4},
            {"speed_kmh": 5.4},
            {"timestamp": "Fri Jan 13 17:06:06 UTC 2017"}
        ],
        [
            {"location": [[
                {"latitude": 64.241673},
                {"longitude": 27.735095}
            ]]},
            {"altitude": 199},
            {"distance_km": 1.41},
            {"speed_kmh": 3.6},
            {"timestamp": "Fri Jan 13 17:06:16 UTC 2017"}
        ],
        [
            {"location": [[
                {"latitude": 64.241561},
                {"longitude": 27.735096}
            ]]},
            {"altitude": 198.5},
            {"distance_km": 1.43},
            {"speed_kmh": 4.5},
            {"timestamp": "Fri Jan 13 17:06:26 UTC 2017"}
        ],
        [
            {"location": [[
                {"latitude": 64.24146},
                {"longitude": 27.735128}
            ]]},
            {"altitude": 196},
            {"distance_km": 1.44},
            {"speed_kmh": 4.5},
            {"timestamp": "Fri Jan 13 17:06:35 UTC 2017"}
        ],
        [
            {"location": [[
                {"latitude": 64.241366},
                {"longitude": 27.735205}
            ]]},
            {"altitude": 198},
            {"distance_km": 1.45},
            {"speed_kmh": 3.6},
            {"timestamp": "Fri Jan 13 17:06:49 UTC 2017"}
        ],
        [
            {"location": [[
                {"latitude": 64.24126},
                {"longitude": 27.735211}
            ]]},
            {"altitude": 196.5},
            {"distance_km": 1.46},
            {"speed_kmh": 5.4},
            {"timestamp": "Fri Jan 13 17:06:57 UTC 2017"}
        ],
        [
            {"location": [[
                {"latitude": 64.24117},
                {"longitude": 27.735269}
            ]]},
            {"altitude": 195.5},
            {"distance_km": 1.47},
            {"speed_kmh": 4.5},
            {"timestamp": "Fri Jan 13 17:07:06 UTC 2017"}
        ],
        [
            {"location": [[
                {"latitude": 64.241152},
                {"longitude": 27.735479}
            ]]},
            {"altitude": 195.5},
            {"distance_km": 1.48},
            {"speed_kmh": 4.5},
            {"timestamp": "Fri Jan 13 17:07:12 UTC 2017"}
        ],
        [
            {"location": [[
                {"latitude": 64.241164},
                {"longitude": 27.735737}
            ]]},
            {"altitude": 195.5},
            {"distance_km": 1.49},
            {"speed_kmh": 4.5},
            {"timestamp": "Fri Jan 13 17:07:22 UTC 2017"}
        ],
        [
            {"location": [[
                {"latitude": 64.241185},
                {"longitude": 27.735965}
            ]]},
            {"altitude": 196.5},
            {"distance_km": 1.5},
            {"speed_kmh": 4.5},
            {"timestamp": "Fri Jan 13 17:07:30 UTC 2017"}
        ],
        [
            {"location": [[
                {"latitude": 64.241203},
                {"longitude": 27.736212}
            ]]},
            {"altitude": 196.5},
            {"distance_km": 1.52},
            {"speed_kmh": 4.5},
            {"timestamp": "Fri Jan 13 17:07:38 UTC 2017"}
        ],
        [
            {"location": [[
                {"latitude": 64.241249},
                {"longitude": 27.736442}
            ]]},
            {"altitude": 199},
            {"distance_km": 1.53},
            {"speed_kmh": 5.4},
            {"timestamp": "Fri Jan 13 17:07:46 UTC 2017"}
        ],
        [
            {"location": [[
                {"latitude": 64.241301},
                {"longitude": 27.736622}
            ]]},
            {"altitude": 199},
            {"distance_km": 1.54},
            {"speed_kmh": 5.4},
            {"timestamp": "Fri Jan 13 17:07:52 UTC 2017"}
        ],
        [
            {"location": [[
                {"latitude": 64.241338},
                {"longitude": 27.736864}
            ]]},
            {"altitude": 202.5},
            {"distance_km": 1.55},
            {"speed_kmh": 5.4},
            {"timestamp": "Fri Jan 13 17:08:00 UTC 2017"}
        ],
        [
            {"location": [[
                {"latitude": 64.241375},
                {"longitude": 27.737052}
            ]]},
            {"altitude": 203},
            {"distance_km": 1.56},
            {"speed_kmh": 5.4},
            {"timestamp": "Fri Jan 13 17:08:06 UTC 2017"}
        ],
        [
            {"location": [[
                {"latitude": 64.24142},
                {"longitude": 27.737293}
            ]]},
            {"altitude": 203},
            {"distance_km": 1.57},
            {"speed_kmh": 5.4},
            {"timestamp": "Fri Jan 13 17:08:14 UTC 2017"}
        ],
        [
            {"location": [[
                {"latitude": 64.241385},
                {"longitude": 27.737505}
            ]]},
            {"altitude": 201.5},
            {"distance_km": 1.58},
            {"speed_kmh": 5.4},
            {"timestamp": "Fri Jan 13 17:08:23 UTC 2017"}
        ],
        [
            {"location": [[
                {"latitude": 64.24135},
                {"longitude": 27.737704}
            ]]},
            {"altitude": 200},
            {"distance_km": 1.6},
            {"speed_kmh": 5.4},
            {"timestamp": "Fri Jan 13 17:08:31 UTC 2017"}
        ],
        [
            {"location": [[
                {"latitude": 64.241313},
                {"longitude": 27.737923}
            ]]},
            {"altitude": 198.5},
            {"distance_km": 1.61},
            {"speed_kmh": 5.4},
            {"timestamp": "Fri Jan 13 17:08:39 UTC 2017"}
        ],
        [
            {"location": [[
                {"latitude": 64.241276},
                {"longitude": 27.738135}
            ]]},
            {"altitude": 196},
            {"distance_km": 1.62},
            {"speed_kmh": 5.4},
            {"timestamp": "Fri Jan 13 17:08:48 UTC 2017"}
        ],
        [
            {"location": [[
                {"latitude": 64.241258},
                {"longitude": 27.73837}
            ]]},
            {"altitude": 195.5},
            {"distance_km": 1.63},
            {"speed_kmh": 5.4},
            {"timestamp": "Fri Jan 13 17:08:56 UTC 2017"}
        ],
        [
            {"location": [[
                {"latitude": 64.241206},
                {"longitude": 27.738579}
            ]]},
            {"altitude": 196},
            {"distance_km": 1.64},
            {"speed_kmh": 5.4},
            {"timestamp": "Fri Jan 13 17:09:04 UTC 2017"}
        ],
        [
            {"location": [[
                {"latitude": 64.241136},
                {"longitude": 27.738713}
            ]]},
            {"altitude": 195},
            {"distance_km": 1.65},
            {"speed_kmh": 5.4},
            {"timestamp": "Fri Jan 13 17:09:12 UTC 2017"}
        ],
        [
            {"location": [[
                {"latitude": 64.241028},
                {"longitude": 27.738727}
            ]]},
            {"altitude": 195.5},
            {"distance_km": 1.66},
            {"speed_kmh": 5.4},
            {"timestamp": "Fri Jan 13 17:09:20 UTC 2017"}
        ],
        [
            {"location": [[
                {"latitude": 64.240949},
                {"longitude": 27.738831}
            ]]},
            {"altitude": 193},
            {"distance_km": 1.67},
            {"speed_kmh": 5.4},
            {"timestamp": "Fri Jan 13 17:09:26 UTC 2017"}
        ],
        [
            {"location": [[
                {"latitude": 64.240856},
                {"longitude": 27.738981}
            ]]},
            {"altitude": 191.5},
            {"distance_km": 1.69},
            {"speed_kmh": 5.4},
            {"timestamp": "Fri Jan 13 17:09:34 UTC 2017"}
        ],
        [
            {"location": [[
                {"latitude": 64.240752},
                {"longitude": 27.739099}
            ]]},
            {"altitude": 192},
            {"distance_km": 1.7},
            {"speed_kmh": 5.4},
            {"timestamp": "Fri Jan 13 17:09:42 UTC 2017"}
        ],
        [
            {"location": [[
                {"latitude": 64.240651},
                {"longitude": 27.73922}
            ]]},
            {"altitude": 190},
            {"distance_km": 1.71},
            {"speed_kmh": 5.4},
            {"timestamp": "Fri Jan 13 17:09:50 UTC 2017"}
        ],
        [
            {"location": [[
                {"latitude": 64.240556},
                {"longitude": 27.739371}
            ]]},
            {"altitude": 189},
            {"distance_km": 1.72},
            {"speed_kmh": 5.4},
            {"timestamp": "Fri Jan 13 17:09:58 UTC 2017"}
        ],
        [
            {"location": [[
                {"latitude": 64.240485},
                {"longitude": 27.739508}
            ]]},
            {"altitude": 189},
            {"distance_km": 1.73},
            {"speed_kmh": 5.4},
            {"timestamp": "Fri Jan 13 17:10:04 UTC 2017"}
        ],
        [
            {"location": [[
                {"latitude": 64.240414},
                {"longitude": 27.739635}
            ]]},
            {"altitude": 186},
            {"distance_km": 1.74},
            {"speed_kmh": 5.4},
            {"timestamp": "Fri Jan 13 17:10:10 UTC 2017"}
        ],
        [
            {"location": [[
                {"latitude": 64.240319},
                {"longitude": 27.739789}
            ]]},
            {"altitude": 187},
            {"distance_km": 1.76},
            {"speed_kmh": 5.4},
            {"timestamp": "Fri Jan 13 17:10:18 UTC 2017"}
        ],
        [
            {"location": [[
                {"latitude": 64.240217},
                {"longitude": 27.739926}
            ]]},
            {"altitude": 184.5},
            {"distance_km": 1.77},
            {"speed_kmh": 5.4},
            {"timestamp": "Fri Jan 13 17:10:26 UTC 2017"}
        ],
        [
            {"location": [[
                {"latitude": 64.240118},
                {"longitude": 27.740011}
            ]]},
            {"altitude": 183.5},
            {"distance_km": 1.78},
            {"speed_kmh": 5.4},
            {"timestamp": "Fri Jan 13 17:10:33 UTC 2017"}
        ],
        [
            {"location": [[
                {"latitude": 64.240021},
                {"longitude": 27.740101}
            ]]},
            {"altitude": 181.5},
            {"distance_km": 1.79},
            {"speed_kmh": 5.4},
            {"timestamp": "Fri Jan 13 17:10:41 UTC 2017"}
        ],
        [
            {"location": [[
                {"latitude": 64.239914},
                {"longitude": 27.740092}
            ]]},
            {"altitude": 181.5},
            {"distance_km": 1.81},
            {"speed_kmh": 5.4},
            {"timestamp": "Fri Jan 13 17:10:49 UTC 2017"}
        ],
        [
            {"location": [[
                {"latitude": 64.239819},
                {"longitude": 27.74008}
            ]]},
            {"altitude": 183.5},
            {"distance_km": 1.82},
            {"speed_kmh": 5.4},
            {"timestamp": "Fri Jan 13 17:10:58 UTC 2017"}
        ],
        [
            {"location": [[
                {"latitude": 64.239707},
                {"longitude": 27.740136}
            ]]},
            {"altitude": 184},
            {"distance_km": 1.83},
            {"speed_kmh": 5.4},
            {"timestamp": "Fri Jan 13 17:11:06 UTC 2017"}
        ],
        [
            {"location": [[
                {"latitude": 64.239612},
                {"longitude": 27.740087}
            ]]},
            {"altitude": 184},
            {"distance_km": 1.84},
            {"speed_kmh": 5.4},
            {"timestamp": "Fri Jan 13 17:11:14 UTC 2017"}
        ],
        [
            {"location": [[
                {"latitude": 64.239513},
                {"longitude": 27.740049}
            ]]},
            {"altitude": 185.5},
            {"distance_km": 1.85},
            {"speed_kmh": 5.4},
            {"timestamp": "Fri Jan 13 17:11:22 UTC 2017"}
        ],
        [
            {"location": [[
                {"latitude": 64.239415},
                {"longitude": 27.740037}
            ]]},
            {"altitude": 186},
            {"distance_km": 1.86},
            {"speed_kmh": 4.5},
            {"timestamp": "Fri Jan 13 17:11:30 UTC 2017"}
        ],
        [
            {"location": [[
                {"latitude": 64.23931},
                {"longitude": 27.740019}
            ]]},
            {"altitude": 185},
            {"distance_km": 1.87},
            {"speed_kmh": 5.4},
            {"timestamp": "Fri Jan 13 17:11:38 UTC 2017"}
        ],
        [
            {"location": [[
                {"latitude": 64.239206},
                {"longitude": 27.739993}
            ]]},
            {"altitude": 184.5},
            {"distance_km": 1.89},
            {"speed_kmh": 4.5},
            {"timestamp": "Fri Jan 13 17:11:46 UTC 2017"}
        ],
        [
            {"location": [[
                {"latitude": 64.239099},
                {"longitude": 27.739969}
            ]]},
            {"altitude": 184.5},
            {"distance_km": 1.9},
            {"speed_kmh": 4.5},
            {"timestamp": "Fri Jan 13 17:11:54 UTC 2017"}
        ],
        [
            {"location": [[
                {"latitude": 64.238988},
                {"longitude": 27.739982}
            ]]},
            {"altitude": 185},
            {"distance_km": 1.91},
            {"speed_kmh": 4.5},
            {"timestamp": "Fri Jan 13 17:12:02 UTC 2017"}
        ],
        [
            {"location": [[
                {"latitude": 64.238872},
                {"longitude": 27.739991}
            ]]},
            {"altitude": 188},
            {"distance_km": 1.92},
            {"speed_kmh": 5.4},
            {"timestamp": "Fri Jan 13 17:12:10 UTC 2017"}
        ],
        [
            {"location": [[
                {"latitude": 64.238779},
                {"longitude": 27.739936}
            ]]},
            {"altitude": 186},
            {"distance_km": 1.93},
            {"speed_kmh": 5.4},
            {"timestamp": "Fri Jan 13 17:12:16 UTC 2017"}
        ],
        [
            {"location": [[
                {"latitude": 64.238666},
                {"longitude": 27.739982}
            ]]},
            {"altitude": 185},
            {"distance_km": 1.95},
            {"speed_kmh": 5.4},
            {"timestamp": "Fri Jan 13 17:12:24 UTC 2017"}
        ],
        [
            {"location": [[
                {"latitude": 64.238543},
                {"longitude": 27.73998}
            ]]},
            {"altitude": 182},
            {"distance_km": 1.96},
            {"speed_kmh": 5.4},
            {"timestamp": "Fri Jan 13 17:12:32 UTC 2017"}
        ],
        [
            {"location": [[
                {"latitude": 64.238437},
                {"longitude": 27.739936}
            ]]},
            {"altitude": 178.5},
            {"distance_km": 1.97},
            {"speed_kmh": 3.6},
            {"timestamp": "Fri Jan 13 17:12:39 UTC 2017"}
        ],
        [
            {"location": [[
                {"latitude": 64.23833},
                {"longitude": 27.739904}
            ]]},
            {"altitude": 177.5},
            {"distance_km": 1.98},
            {"speed_kmh": 4.5},
            {"timestamp": "Fri Jan 13 17:12:47 UTC 2017"}
        ],
        [
            {"location": [[
                {"latitude": 64.238226},
                {"longitude": 27.739891}
            ]]},
            {"altitude": 178},
            {"distance_km": 2},
            {"speed_kmh": 4.5},
            {"timestamp": "Fri Jan 13 17:12:55 UTC 2017"}
        ],
        [
            {"location": [[
                {"latitude": 64.23813},
                {"longitude": 27.739957}
            ]]},
            {"altitude": 183},
            {"distance_km": 2.01},
            {"speed_kmh": 5.4},
            {"timestamp": "Fri Jan 13 17:13:01 UTC 2017"}
        ],
        [
            {"location": [[
                {"latitude": 64.238035},
                {"longitude": 27.740018}
            ]]},
            {"altitude": 180},
            {"distance_km": 2.02},
            {"speed_kmh": 5.4},
            {"timestamp": "Fri Jan 13 17:13:08 UTC 2017"}
        ],
        [
            {"location": [[
                {"latitude": 64.237939},
                {"longitude": 27.740097}
            ]]},
            {"altitude": 178},
            {"distance_km": 2.03},
            {"speed_kmh": 5.4},
            {"timestamp": "Fri Jan 13 17:13:14 UTC 2017"}
        ],
        [
            {"location": [[
                {"latitude": 64.237841},
                {"longitude": 27.740202}
            ]]},
            {"altitude": 179.5},
            {"distance_km": 2.04},
            {"speed_kmh": 5.4},
            {"timestamp": "Fri Jan 13 17:13:22 UTC 2017"}
        ],
        [
            {"location": [[
                {"latitude": 64.237738},
                {"longitude": 27.740295}
            ]]},
            {"altitude": 179},
            {"distance_km": 2.05},
            {"speed_kmh": 5.4},
            {"timestamp": "Fri Jan 13 17:13:30 UTC 2017"}
        ],
        [
            {"location": [[
                {"latitude": 64.237647},
                {"longitude": 27.740362}
            ]]},
            {"altitude": 178},
            {"distance_km": 2.06},
            {"speed_kmh": 5.4},
            {"timestamp": "Fri Jan 13 17:13:36 UTC 2017"}
        ],
        [
            {"location": [[
                {"latitude": 64.237552},
                {"longitude": 27.740408}
            ]]},
            {"altitude": 176.5},
            {"distance_km": 2.07},
            {"speed_kmh": 5.4},
            {"timestamp": "Fri Jan 13 17:13:42 UTC 2017"}
        ],
        [
            {"location": [[
                {"latitude": 64.23746},
                {"longitude": 27.740471}
            ]]},
            {"altitude": 176.5},
            {"distance_km": 2.09},
            {"speed_kmh": 5.4},
            {"timestamp": "Fri Jan 13 17:13:48 UTC 2017"}
        ],
        [
            {"location": [[
                {"latitude": 64.237361},
                {"longitude": 27.740588}
            ]]},
            {"altitude": 175.5},
            {"distance_km": 2.1},
            {"speed_kmh": 5.4},
            {"timestamp": "Fri Jan 13 17:13:56 UTC 2017"}
        ],
        [
            {"location": [[
                {"latitude": 64.23727},
                {"longitude": 27.740721}
            ]]},
            {"altitude": 176.5},
            {"distance_km": 2.11},
            {"speed_kmh": 5.4},
            {"timestamp": "Fri Jan 13 17:14:04 UTC 2017"}
        ],
        [
            {"location": [[
                {"latitude": 64.237197},
                {"longitude": 27.74054}
            ]]},
            {"altitude": 176},
            {"distance_km": 2.12},
            {"speed_kmh": 5.4},
            {"timestamp": "Fri Jan 13 17:14:18 UTC 2017"}
        ],
        [
            {"location": [[
                {"latitude": 64.237156},
                {"longitude": 27.740324}
            ]]},
            {"altitude": 178.5},
            {"distance_km": 2.13},
            {"speed_kmh": 5.4},
            {"timestamp": "Fri Jan 13 17:14:26 UTC 2017"}
        ],
        [
            {"location": [[
                {"latitude": 64.237109},
                {"longitude": 27.740105}
            ]]},
            {"altitude": 176},
            {"distance_km": 2.15},
            {"speed_kmh": 5.4},
            {"timestamp": "Fri Jan 13 17:14:34 UTC 2017"}
        ],
        [
            {"location": [[
                {"latitude": 64.237035},
                {"longitude": 27.739929}
            ]]},
            {"altitude": 177.5},
            {"distance_km": 2.16},
            {"speed_kmh": 5.4},
            {"timestamp": "Fri Jan 13 17:14:42 UTC 2017"}
        ],
        [
            {"location": [[
                {"latitude": 64.236976},
                {"longitude": 27.739742}
            ]]},
            {"altitude": 174.5},
            {"distance_km": 2.17},
            {"speed_kmh": 5.4},
            {"timestamp": "Fri Jan 13 17:14:50 UTC 2017"}
        ],
        [
            {"location": [[
                {"latitude": 64.236893},
                {"longitude": 27.73957}
            ]]},
            {"altitude": 172},
            {"distance_km": 2.18},
            {"speed_kmh": 6.3},
            {"timestamp": "Fri Jan 13 17:14:57 UTC 2017"}
        ],
        [
            {"location": [[
                {"latitude": 64.236832},
                {"longitude": 27.739406}
            ]]},
            {"altitude": 171.5},
            {"distance_km": 2.19},
            {"speed_kmh": 5.4},
            {"timestamp": "Fri Jan 13 17:15:03 UTC 2017"}
        ],
        [
            {"location": [[
                {"latitude": 64.236778},
                {"longitude": 27.739223}
            ]]},
            {"altitude": 170.5},
            {"distance_km": 2.2},
            {"speed_kmh": 5.4},
            {"timestamp": "Fri Jan 13 17:15:11 UTC 2017"}
        ],
        [
            {"location": [[
                {"latitude": 64.236706},
                {"longitude": 27.739085}
            ]]},
            {"altitude": 169},
            {"distance_km": 2.21},
            {"speed_kmh": 5.4},
            {"timestamp": "Fri Jan 13 17:15:18 UTC 2017"}
        ],
        [
            {"location": [[
                {"latitude": 64.236634},
                {"longitude": 27.738903}
            ]]},
            {"altitude": 169.5},
            {"distance_km": 2.22},
            {"speed_kmh": 5.4},
            {"timestamp": "Fri Jan 13 17:15:24 UTC 2017"}
        ],
        [
            {"location": [[
                {"latitude": 64.236557},
                {"longitude": 27.738755}
            ]]},
            {"altitude": 168},
            {"distance_km": 2.24},
            {"speed_kmh": 6.3},
            {"timestamp": "Fri Jan 13 17:15:30 UTC 2017"}
        ],
        [
            {"location": [[
                {"latitude": 64.236491},
                {"longitude": 27.738607}
            ]]},
            {"altitude": 169.5},
            {"distance_km": 2.25},
            {"speed_kmh": 5.4},
            {"timestamp": "Fri Jan 13 17:15:36 UTC 2017"}
        ],
        [
            {"location": [[
                {"latitude": 64.2364},
                {"longitude": 27.738448}
            ]]},
            {"altitude": 168},
            {"distance_km": 2.26},
            {"speed_kmh": 5.4},
            {"timestamp": "Fri Jan 13 17:15:44 UTC 2017"}
        ],
        [
            {"location": [[
                {"latitude": 64.236335},
                {"longitude": 27.738303}
            ]]},
            {"altitude": 169},
            {"distance_km": 2.27},
            {"speed_kmh": 5.4},
            {"timestamp": "Fri Jan 13 17:15:50 UTC 2017"}
        ],
        [
            {"location": [[
                {"latitude": 64.236262},
                {"longitude": 27.738182}
            ]]},
            {"altitude": 169.5},
            {"distance_km": 2.28},
            {"speed_kmh": 5.4},
            {"timestamp": "Fri Jan 13 17:15:56 UTC 2017"}
        ],
        [
            {"location": [[
                {"latitude": 64.236181},
                {"longitude": 27.738061}
            ]]},
            {"altitude": 170.5},
            {"distance_km": 2.29},
            {"speed_kmh": 6.3},
            {"timestamp": "Fri Jan 13 17:16:02 UTC 2017"}
        ],
        [
            {"location": [[
                {"latitude": 64.236085},
                {"longitude": 27.73792}
            ]]},
            {"altitude": 171},
            {"distance_km": 2.3},
            {"speed_kmh": 5.4},
            {"timestamp": "Fri Jan 13 17:16:10 UTC 2017"}
        ],
        [
            {"location": [[
                {"latitude": 64.236},
                {"longitude": 27.737775}
            ]]},
            {"altitude": 173.5},
            {"distance_km": 2.31},
            {"speed_kmh": 5.4},
            {"timestamp": "Fri Jan 13 17:16:18 UTC 2017"}
        ],
        [
            {"location": [[
                {"latitude": 64.235911},
                {"longitude": 27.737635}
            ]]},
            {"altitude": 174.5},
            {"distance_km": 2.33},
            {"speed_kmh": 5.4},
            {"timestamp": "Fri Jan 13 17:16:26 UTC 2017"}
        ],
        [
            {"location": [[
                {"latitude": 64.235821},
                {"longitude": 27.737488}
            ]]},
            {"altitude": 176},
            {"distance_km": 2.34},
            {"speed_kmh": 5.4},
            {"timestamp": "Fri Jan 13 17:16:34 UTC 2017"}
        ],
        [
            {"location": [[
                {"latitude": 64.235748},
                {"longitude": 27.737354}
            ]]},
            {"altitude": 177.5},
            {"distance_km": 2.35},
            {"speed_kmh": 5.4},
            {"timestamp": "Fri Jan 13 17:16:40 UTC 2017"}
        ],
        [
            {"location": [[
                {"latitude": 64.235664},
                {"longitude": 27.737222}
            ]]},
            {"altitude": 175},
            {"distance_km": 2.36},
            {"speed_kmh": 5.4},
            {"timestamp": "Fri Jan 13 17:16:47 UTC 2017"}
        ],
        [
            {"location": [[
                {"latitude": 64.235559},
                {"longitude": 27.737093}
            ]]},
            {"altitude": 174.5},
            {"distance_km": 2.37},
            {"speed_kmh": 5.4},
            {"timestamp": "Fri Jan 13 17:16:55 UTC 2017"}
        ],
        [
            {"location": [[
                {"latitude": 64.235459},
                {"longitude": 27.736994}
            ]]},
            {"altitude": 173.5},
            {"distance_km": 2.38},
            {"speed_kmh": 5.4},
            {"timestamp": "Fri Jan 13 17:17:03 UTC 2017"}
        ],
        [
            {"location": [[
                {"latitude": 64.235363},
                {"longitude": 27.73687}
            ]]},
            {"altitude": 172},
            {"distance_km": 2.4},
            {"speed_kmh": 5.4},
            {"timestamp": "Fri Jan 13 17:17:11 UTC 2017"}
        ],
        [
            {"location": [[
                {"latitude": 64.235276},
                {"longitude": 27.736729}
            ]]},
            {"altitude": 174},
            {"distance_km": 2.41},
            {"speed_kmh": 4.5},
            {"timestamp": "Fri Jan 13 17:17:20 UTC 2017"}
        ],
        [
            {"location": [[
                {"latitude": 64.235179},
                {"longitude": 27.73662}
            ]]},
            {"altitude": 173.5},
            {"distance_km": 2.42},
            {"speed_kmh": 4.5},
            {"timestamp": "Fri Jan 13 17:17:30 UTC 2017"}
        ],
        [
            {"location": [[
                {"latitude": 64.235084},
                {"longitude": 27.736476}
            ]]},
            {"altitude": 175},
            {"distance_km": 2.43},
            {"speed_kmh": 5.4},
            {"timestamp": "Fri Jan 13 17:17:38 UTC 2017"}
        ],
        [
            {"location": [[
                {"latitude": 64.234989},
                {"longitude": 27.736342}
            ]]},
            {"altitude": 172.5},
            {"distance_km": 2.45},
            {"speed_kmh": 5.4},
            {"timestamp": "Fri Jan 13 17:17:46 UTC 2017"}
        ],
        [
            {"location": [[
                {"latitude": 64.234897},
                {"longitude": 27.736274}
            ]]},
            {"altitude": 169},
            {"distance_km": 2.46},
            {"speed_kmh": 5.4},
            {"timestamp": "Fri Jan 13 17:17:52 UTC 2017"}
        ],
        [
            {"location": [[
                {"latitude": 64.234804},
                {"longitude": 27.736146}
            ]]},
            {"altitude": 172},
            {"distance_km": 2.47},
            {"speed_kmh": 5.4},
            {"timestamp": "Fri Jan 13 17:18:00 UTC 2017"}
        ],
        [
            {"location": [[
                {"latitude": 64.234701},
                {"longitude": 27.736011}
            ]]},
            {"altitude": 171},
            {"distance_km": 2.48},
            {"speed_kmh": 5.4},
            {"timestamp": "Fri Jan 13 17:18:08 UTC 2017"}
        ],
        [
            {"location": [[
                {"latitude": 64.234625},
                {"longitude": 27.735879}
            ]]},
            {"altitude": 173.5},
            {"distance_km": 2.49},
            {"speed_kmh": 2.7},
            {"timestamp": "Fri Jan 13 17:18:18 UTC 2017"}
        ],
        [
            {"location": [[
                {"latitude": 64.234547},
                {"longitude": 27.735769}
            ]]},
            {"altitude": 178.5},
            {"distance_km": 2.5},
            {"speed_kmh": 5.4},
            {"timestamp": "Fri Jan 13 17:18:26 UTC 2017"}
        ],
        [
            {"location": [[
                {"latitude": 64.234462},
                {"longitude": 27.735591}
            ]]},
            {"altitude": 179.5},
            {"distance_km": 2.52},
            {"speed_kmh": 5.4},
            {"timestamp": "Fri Jan 13 17:18:34 UTC 2017"}
        ],
        [
            {"location": [[
                {"latitude": 64.234357},
                {"longitude": 27.735451}
            ]]},
            {"altitude": 176.5},
            {"distance_km": 2.53},
            {"speed_kmh": 5.4},
            {"timestamp": "Fri Jan 13 17:18:42 UTC 2017"}
        ],
        [
            {"location": [[
                {"latitude": 64.234268},
                {"longitude": 27.735354}
            ]]},
            {"altitude": 173.5},
            {"distance_km": 2.54},
            {"speed_kmh": 5.4},
            {"timestamp": "Fri Jan 13 17:18:48 UTC 2017"}
        ],
        [
            {"location": [[
                {"latitude": 64.234163},
                {"longitude": 27.735216}
            ]]},
            {"altitude": 169},
            {"distance_km": 2.55},
            {"speed_kmh": 5.4},
            {"timestamp": "Fri Jan 13 17:18:55 UTC 2017"}
        ],
        [
            {"location": [[
                {"latitude": 64.234076},
                {"longitude": 27.735104}
            ]]},
            {"altitude": 168},
            {"distance_km": 2.56},
            {"speed_kmh": 6.3},
            {"timestamp": "Fri Jan 13 17:19:01 UTC 2017"}
        ],
        [
            {"location": [[
                {"latitude": 64.233993},
                {"longitude": 27.735024}
            ]]},
            {"altitude": 169.5},
            {"distance_km": 2.57},
            {"speed_kmh": 5.4},
            {"timestamp": "Fri Jan 13 17:19:07 UTC 2017"}
        ],
        [
            {"location": [[
                {"latitude": 64.233915},
                {"longitude": 27.734891}
            ]]},
            {"altitude": 169},
            {"distance_km": 2.59},
            {"speed_kmh": 5.4},
            {"timestamp": "Fri Jan 13 17:19:16 UTC 2017"}
        ],
        [
            {"location": [[
                {"latitude": 64.233826},
                {"longitude": 27.734762}
            ]]},
            {"altitude": 167.5},
            {"distance_km": 2.6},
            {"speed_kmh": 5.4},
            {"timestamp": "Fri Jan 13 17:19:22 UTC 2017"}
        ],
        [
            {"location": [[
                {"latitude": 64.233734},
                {"longitude": 27.734691}
            ]]},
            {"altitude": 165},
            {"distance_km": 2.61},
            {"speed_kmh": 5.4},
            {"timestamp": "Fri Jan 13 17:19:28 UTC 2017"}
        ],
        [
            {"location": [[
                {"latitude": 64.23364},
                {"longitude": 27.734604}
            ]]},
            {"altitude": 166.5},
            {"distance_km": 2.62},
            {"speed_kmh": 5.4},
            {"timestamp": "Fri Jan 13 17:19:34 UTC 2017"}
        ],
        [
            {"location": [[
                {"latitude": 64.23355},
                {"longitude": 27.734464}
            ]]},
            {"altitude": 165.5},
            {"distance_km": 2.63},
            {"speed_kmh": 3.6},
            {"timestamp": "Fri Jan 13 17:19:42 UTC 2017"}
        ],
        [
            {"location": [[
                {"latitude": 64.233449},
                {"longitude": 27.734362}
            ]]},
            {"altitude": 167},
            {"distance_km": 2.64},
            {"speed_kmh": 4.5},
            {"timestamp": "Fri Jan 13 17:19:52 UTC 2017"}
        ],
        [
            {"location": [[
                {"latitude": 64.233349},
                {"longitude": 27.734299}
            ]]},
            {"altitude": 167},
            {"distance_km": 2.65},
            {"speed_kmh": 4.5},
            {"timestamp": "Fri Jan 13 17:20:00 UTC 2017"}
        ],
        [
            {"location": [[
                {"latitude": 64.233248},
                {"longitude": 27.734225}
            ]]},
            {"altitude": 166.5},
            {"distance_km": 2.67},
            {"speed_kmh": 4.5},
            {"timestamp": "Fri Jan 13 17:20:08 UTC 2017"}
        ],
        [
            {"location": [[
                {"latitude": 64.233146},
                {"longitude": 27.734158}
            ]]},
            {"altitude": 163.5},
            {"distance_km": 2.68},
            {"speed_kmh": 4.5},
            {"timestamp": "Fri Jan 13 17:20:16 UTC 2017"}
        ],
        [
            {"location": [[
                {"latitude": 64.233047},
                {"longitude": 27.734156}
            ]]},
            {"altitude": 162},
            {"distance_km": 2.69},
            {"speed_kmh": 5.4},
            {"timestamp": "Fri Jan 13 17:20:22 UTC 2017"}
        ],
        [
            {"location": [[
                {"latitude": 64.232948},
                {"longitude": 27.734152}
            ]]},
            {"altitude": 160},
            {"distance_km": 2.7},
            {"speed_kmh": 5.4},
            {"timestamp": "Fri Jan 13 17:20:51 UTC 2017"}
        ],
        [
            {"location": [[
                {"latitude": 64.232839},
                {"longitude": 27.734107}
            ]]},
            {"altitude": 158.5},
            {"distance_km": 2.71},
            {"speed_kmh": 5.4},
            {"timestamp": "Fri Jan 13 17:20:57 UTC 2017"}
        ],
        [
            {"location": [[
                {"latitude": 64.232737},
                {"longitude": 27.734111}
            ]]},
            {"altitude": 155.5},
            {"distance_km": 2.72},
            {"speed_kmh": 5.4},
            {"timestamp": "Fri Jan 13 17:21:03 UTC 2017"}
        ],
        [
            {"location": [[
                {"latitude": 64.232673},
                {"longitude": 27.733891}
            ]]},
            {"altitude": 154.5},
            {"distance_km": 2.74},
            {"speed_kmh": 5.4},
            {"timestamp": "Fri Jan 13 17:21:12 UTC 2017"}
        ],
        [
            {"location": [[
                {"latitude": 64.232694},
                {"longitude": 27.733649}
            ]]},
            {"altitude": 156.5},
            {"distance_km": 2.75},
            {"speed_kmh": 5.4},
            {"timestamp": "Fri Jan 13 17:21:20 UTC 2017"}
        ],
        [
            {"location": [[
                {"latitude": 64.2327},
                {"longitude": 27.733389}
            ]]},
            {"altitude": 158},
            {"distance_km": 2.76},
            {"speed_kmh": 5.4},
            {"timestamp": "Fri Jan 13 17:21:28 UTC 2017"}
        ],
        [
            {"location": [[
                {"latitude": 64.232713},
                {"longitude": 27.733168}
            ]]},
            {"altitude": 159},
            {"distance_km": 2.77},
            {"speed_kmh": 5.4},
            {"timestamp": "Fri Jan 13 17:21:36 UTC 2017"}
        ],
        [
            {"location": [[
                {"latitude": 64.232743},
                {"longitude": 27.73297}
            ]]},
            {"altitude": 158.5},
            {"distance_km": 2.78},
            {"speed_kmh": 4.5},
            {"timestamp": "Fri Jan 13 17:21:44 UTC 2017"}
        ],
        [
            {"location": [[
                {"latitude": 64.232754},
                {"longitude": 27.732735}
            ]]},
            {"altitude": 158},
            {"distance_km": 2.79},
            {"speed_kmh": 4.5},
            {"timestamp": "Fri Jan 13 17:21:52 UTC 2017"}
        ],
        [
            {"location": [[
                {"latitude": 64.232778},
                {"longitude": 27.732525}
            ]]},
            {"altitude": 157.5},
            {"distance_km": 2.8},
            {"speed_kmh": 4.5},
            {"timestamp": "Fri Jan 13 17:22:00 UTC 2017"}
        ],
        [
            {"location": [[
                {"latitude": 64.232814},
                {"longitude": 27.732313}
            ]]},
            {"altitude": 158},
            {"distance_km": 2.82},
            {"speed_kmh": 4.5},
            {"timestamp": "Fri Jan 13 17:22:08 UTC 2017"}
        ],
        [
            {"location": [[
                {"latitude": 64.232832},
                {"longitude": 27.732052}
            ]]},
            {"altitude": 160},
            {"distance_km": 2.83},
            {"speed_kmh": 5.4},
            {"timestamp": "Fri Jan 13 17:22:16 UTC 2017"}
        ],
        [
            {"location": [[
                {"latitude": 64.232867},
                {"longitude": 27.731817}
            ]]},
            {"altitude": 161},
            {"distance_km": 2.84},
            {"speed_kmh": 5.4},
            {"timestamp": "Fri Jan 13 17:22:24 UTC 2017"}
        ],
        [
            {"location": [[
                {"latitude": 64.232904},
                {"longitude": 27.731566}
            ]]},
            {"altitude": 162},
            {"distance_km": 2.85},
            {"speed_kmh": 5.4},
            {"timestamp": "Fri Jan 13 17:22:32 UTC 2017"}
        ],
        [
            {"location": [[
                {"latitude": 64.232829},
                {"longitude": 27.731393}
            ]]},
            {"altitude": 165},
            {"distance_km": 2.86},
            {"speed_kmh": 5.4},
            {"timestamp": "Fri Jan 13 17:22:41 UTC 2017"}
        ],
        [
            {"location": [[
                {"latitude": 64.232739},
                {"longitude": 27.731361}
            ]]},
            {"altitude": 170},
            {"distance_km": 2.88},
            {"speed_kmh": 0},
            {"timestamp": "Fri Jan 13 17:23:01 UTC 2017"}
        ],
        [
            {"location": [[
                {"latitude": 64.232657},
                {"longitude": 27.731261}
            ]]},
            {"altitude": 164.5},
            {"distance_km": 2.89},
            {"speed_kmh": 5.4},
            {"timestamp": "Fri Jan 13 17:23:38 UTC 2017"}
        ],
        [
            {"location": [[
                {"latitude": 64.232565},
                {"longitude": 27.731215}
            ]]},
            {"altitude": 162},
            {"distance_km": 2.9},
            {"speed_kmh": 5.4},
            {"timestamp": "Fri Jan 13 17:23:44 UTC 2017"}
        ],
        [
            {"location": [[
                {"latitude": 64.232462},
                {"longitude": 27.73112}
            ]]},
            {"altitude": 156.5},
            {"distance_km": 2.91},
            {"speed_kmh": 5.4},
            {"timestamp": "Fri Jan 13 17:23:54 UTC 2017"}
        ],
        [
            {"location": [[
                {"latitude": 64.232366},
                {"longitude": 27.73098}
            ]]},
            {"altitude": 157.5},
            {"distance_km": 2.92},
            {"speed_kmh": 5.4},
            {"timestamp": "Fri Jan 13 17:24:02 UTC 2017"}
        ],
        [
            {"location": [[
                {"latitude": 64.232273},
                {"longitude": 27.730823}
            ]]},
            {"altitude": 158},
            {"distance_km": 2.93},
            {"speed_kmh": 5.4},
            {"timestamp": "Fri Jan 13 17:24:12 UTC 2017"}
        ],
        [
            {"location": [[
                {"latitude": 64.232178},
                {"longitude": 27.730684}
            ]]},
            {"altitude": 157},
            {"distance_km": 2.95},
            {"speed_kmh": 5.4},
            {"timestamp": "Fri Jan 13 17:24:20 UTC 2017"}
        ],
        [
            {"location": [[
                {"latitude": 64.232089},
                {"longitude": 27.730575}
            ]]},
            {"altitude": 156},
            {"distance_km": 2.96},
            {"speed_kmh": 5.4},
            {"timestamp": "Fri Jan 13 17:24:28 UTC 2017"}
        ],
        [
            {"location": [[
                {"latitude": 64.232027},
                {"longitude": 27.730419}
            ]]},
            {"altitude": 155.5},
            {"distance_km": 2.97},
            {"speed_kmh": 5.4},
            {"timestamp": "Fri Jan 13 17:24:34 UTC 2017"}
        ],
        [
            {"location": [[
                {"latitude": 64.231927},
                {"longitude": 27.730293}
            ]]},
            {"altitude": 156},
            {"distance_km": 2.98},
            {"speed_kmh": 5.4},
            {"timestamp": "Fri Jan 13 17:24:42 UTC 2017"}
        ],
        [
            {"location": [[
                {"latitude": 64.231846},
                {"longitude": 27.730203}
            ]]},
            {"altitude": 156},
            {"distance_km": 2.99},
            {"speed_kmh": 5.4},
            {"timestamp": "Fri Jan 13 17:24:50 UTC 2017"}
        ],
        [
            {"location": [[
                {"latitude": 64.231774},
                {"longitude": 27.730017}
            ]]},
            {"altitude": 157.5},
            {"distance_km": 3},
            {"speed_kmh": 5.4},
            {"timestamp": "Fri Jan 13 17:24:59 UTC 2017"}
        ],
        [
            {"location": [[
                {"latitude": 64.231722},
                {"longitude": 27.729819}
            ]]},
            {"altitude": 154},
            {"distance_km": 3.01},
            {"speed_kmh": 5.4},
            {"timestamp": "Fri Jan 13 17:25:07 UTC 2017"}
        ],
        [
            {"location": [[
                {"latitude": 64.23175},
                {"longitude": 27.729575}
            ]]},
            {"altitude": 155.5},
            {"distance_km": 3.03},
            {"speed_kmh": 5.4},
            {"timestamp": "Fri Jan 13 17:25:16 UTC 2017"}
        ],
        [
            {"location": [[
                {"latitude": 64.231822},
                {"longitude": 27.729583}
            ]]},
            {"altitude": 153},
            {"distance_km": 3.03},
            {"speed_kmh": 0},
            {"timestamp": "Fri Jan 13 17:25:31 UTC 2017"}
        ],
        [
            {"location": [[
                {"latitude": 64.231822},
                {"longitude": 27.729583}
            ]]},
            {"altitude": 153},
            {"distance_km": 3.03},
            {"speed_kmh": 0},
            {"timestamp": "Fri Jan 13 17:25:31 UTC 2017"}
        ]
    ]}
]