[
    {"sport": "WALKING"},
    {"source": "TRACK_MOBILE"},
    {"created_date": "2017-04-30 06:57:35.0"},
    {"start_time": "2017-04-30 06:56:25.0"},
    {"end_time": "2017-04-30 07:40:16.0"},
    {"duration_s": 2630},
    {"distance_km": 3.49},
    {"calories_kcal": 250.697},
    {"altitude_min_m": 237},
    {"altitude_max_m": 390},
    {"speed_avg_kmh": 4.777186311787072},
    {"speed_max_kmh": 6.3},
    {"ascend_m": 155},
    {"descend_m": 172},
    {"points": [
        [
            {"location": [[
                {"latitude": 66.211578},
                {"longitude": 29.18733}
            ]]},
            {"altitude": 266},
            {"distance_km": 0},
            {"speed_kmh": 0},
            {"timestamp": "Sun Apr 30 06:56:25 UTC 2017"}
        ],
        [
            {"location": [[
                {"latitude": 66.211576},
                {"longitude": 29.18757}
            ]]},
            {"altitude": 259},
            {"distance_km": 0.01},
            {"speed_kmh": 4.5},
            {"timestamp": "Sun Apr 30 06:56:51 UTC 2017"}
        ],
        [
            {"location": [[
                {"latitude": 66.211553},
                {"longitude": 29.187828}
            ]]},
            {"altitude": 252},
            {"distance_km": 0.02},
            {"speed_kmh": 4.5},
            {"timestamp": "Sun Apr 30 06:56:59 UTC 2017"}
        ],
        [
            {"location": [[
                {"latitude": 66.211558},
                {"longitude": 29.188104}
            ]]},
            {"altitude": 251},
            {"distance_km": 0.04},
            {"speed_kmh": 4.5},
            {"timestamp": "Sun Apr 30 06:57:07 UTC 2017"}
        ],
        [
            {"location": [[
                {"latitude": 66.211572},
                {"longitude": 29.188332}
            ]]},
            {"altitude": 250.5},
            {"distance_km": 0.05},
            {"speed_kmh": 4.5},
            {"timestamp": "Sun Apr 30 06:57:15 UTC 2017"}
        ],
        [
            {"location": [[
                {"latitude": 66.211584},
                {"longitude": 29.188602}
            ]]},
            {"altitude": 252},
            {"distance_km": 0.06},
            {"speed_kmh": 4.5},
            {"timestamp": "Sun Apr 30 06:57:25 UTC 2017"}
        ],
        [
            {"location": [[
                {"latitude": 66.211566},
                {"longitude": 29.188824}
            ]]},
            {"altitude": 251},
            {"distance_km": 0.07},
            {"speed_kmh": 4.5},
            {"timestamp": "Sun Apr 30 06:57:34 UTC 2017"}
        ],
        [
            {"location": [[
                {"latitude": 66.21156},
                {"longitude": 29.189082}
            ]]},
            {"altitude": 254},
            {"distance_km": 0.08},
            {"speed_kmh": 4.5},
            {"timestamp": "Sun Apr 30 06:57:42 UTC 2017"}
        ],
        [
            {"location": [[
                {"latitude": 66.211505},
                {"longitude": 29.189288}
            ]]},
            {"altitude": 251.5},
            {"distance_km": 0.09},
            {"speed_kmh": 4.5},
            {"timestamp": "Sun Apr 30 06:57:50 UTC 2017"}
        ],
        [
            {"location": [[
                {"latitude": 66.211464},
                {"longitude": 29.189544}
            ]]},
            {"altitude": 251.5},
            {"distance_km": 0.1},
            {"speed_kmh": 5.4},
            {"timestamp": "Sun Apr 30 06:57:58 UTC 2017"}
        ],
        [
            {"location": [[
                {"latitude": 66.211405},
                {"longitude": 29.189751}
            ]]},
            {"altitude": 253.5},
            {"distance_km": 0.11},
            {"speed_kmh": 4.5},
            {"timestamp": "Sun Apr 30 06:58:06 UTC 2017"}
        ],
        [
            {"location": [[
                {"latitude": 66.21135},
                {"longitude": 29.189968}
            ]]},
            {"altitude": 252},
            {"distance_km": 0.13},
            {"speed_kmh": 4.5},
            {"timestamp": "Sun Apr 30 06:58:14 UTC 2017"}
        ],
        [
            {"location": [[
                {"latitude": 66.211291},
                {"longitude": 29.190182}
            ]]},
            {"altitude": 252},
            {"distance_km": 0.14},
            {"speed_kmh": 4.5},
            {"timestamp": "Sun Apr 30 06:58:21 UTC 2017"}
        ],
        [
            {"location": [[
                {"latitude": 66.211336},
                {"longitude": 29.190431}
            ]]},
            {"altitude": 251.5},
            {"distance_km": 0.15},
            {"speed_kmh": 4.5},
            {"timestamp": "Sun Apr 30 06:58:31 UTC 2017"}
        ],
        [
            {"location": [[
                {"latitude": 66.211418},
                {"longitude": 29.190563}
            ]]},
            {"altitude": 252},
            {"distance_km": 0.16},
            {"speed_kmh": 4.5},
            {"timestamp": "Sun Apr 30 06:58:39 UTC 2017"}
        ],
        [
            {"location": [[
                {"latitude": 66.211516},
                {"longitude": 29.190699}
            ]]},
            {"altitude": 255.5},
            {"distance_km": 0.17},
            {"speed_kmh": 4.5},
            {"timestamp": "Sun Apr 30 06:58:47 UTC 2017"}
        ],
        [
            {"location": [[
                {"latitude": 66.211594},
                {"longitude": 29.190863}
            ]]},
            {"altitude": 259},
            {"distance_km": 0.18},
            {"speed_kmh": 4.5},
            {"timestamp": "Sun Apr 30 06:58:55 UTC 2017"}
        ],
        [
            {"location": [[
                {"latitude": 66.211678},
                {"longitude": 29.191024}
            ]]},
            {"altitude": 260},
            {"distance_km": 0.2},
            {"speed_kmh": 4.5},
            {"timestamp": "Sun Apr 30 06:59:03 UTC 2017"}
        ],
        [
            {"location": [[
                {"latitude": 66.211724},
                {"longitude": 29.191242}
            ]]},
            {"altitude": 255.5},
            {"distance_km": 0.21},
            {"speed_kmh": 4.5},
            {"timestamp": "Sun Apr 30 06:59:11 UTC 2017"}
        ],
        [
            {"location": [[
                {"latitude": 66.211757},
                {"longitude": 29.191489}
            ]]},
            {"altitude": 254},
            {"distance_km": 0.22},
            {"speed_kmh": 4.5},
            {"timestamp": "Sun Apr 30 06:59:20 UTC 2017"}
        ],
        [
            {"location": [[
                {"latitude": 66.211776},
                {"longitude": 29.191752}
            ]]},
            {"altitude": 250},
            {"distance_km": 0.23},
            {"speed_kmh": 4.5},
            {"timestamp": "Sun Apr 30 06:59:28 UTC 2017"}
        ],
        [
            {"location": [[
                {"latitude": 66.2118},
                {"longitude": 29.192002}
            ]]},
            {"altitude": 251},
            {"distance_km": 0.24},
            {"speed_kmh": 4.5},
            {"timestamp": "Sun Apr 30 06:59:36 UTC 2017"}
        ],
        [
            {"location": [[
                {"latitude": 66.211832},
                {"longitude": 29.192239}
            ]]},
            {"altitude": 250.5},
            {"distance_km": 0.25},
            {"speed_kmh": 4.5},
            {"timestamp": "Sun Apr 30 06:59:44 UTC 2017"}
        ],
        [
            {"location": [[
                {"latitude": 66.211844},
                {"longitude": 29.192488}
            ]]},
            {"altitude": 249},
            {"distance_km": 0.26},
            {"speed_kmh": 4.5},
            {"timestamp": "Sun Apr 30 06:59:52 UTC 2017"}
        ],
        [
            {"location": [[
                {"latitude": 66.211876},
                {"longitude": 29.192734}
            ]]},
            {"altitude": 253.5},
            {"distance_km": 0.28},
            {"speed_kmh": 4.5},
            {"timestamp": "Sun Apr 30 06:59:59 UTC 2017"}
        ],
        [
            {"location": [[
                {"latitude": 66.211911},
                {"longitude": 29.192972}
            ]]},
            {"altitude": 256},
            {"distance_km": 0.29},
            {"speed_kmh": 4.5},
            {"timestamp": "Sun Apr 30 07:00:07 UTC 2017"}
        ],
        [
            {"location": [[
                {"latitude": 66.211924},
                {"longitude": 29.193209}
            ]]},
            {"altitude": 256},
            {"distance_km": 0.3},
            {"speed_kmh": 4.5},
            {"timestamp": "Sun Apr 30 07:00:15 UTC 2017"}
        ],
        [
            {"location": [[
                {"latitude": 66.211964},
                {"longitude": 29.19347}
            ]]},
            {"altitude": 258},
            {"distance_km": 0.31},
            {"speed_kmh": 5.4},
            {"timestamp": "Sun Apr 30 07:00:23 UTC 2017"}
        ],
        [
            {"location": [[
                {"latitude": 66.211995},
                {"longitude": 29.193725}
            ]]},
            {"altitude": 260},
            {"distance_km": 0.32},
            {"speed_kmh": 4.5},
            {"timestamp": "Sun Apr 30 07:00:31 UTC 2017"}
        ],
        [
            {"location": [[
                {"latitude": 66.211999},
                {"longitude": 29.193958}
            ]]},
            {"altitude": 258.5},
            {"distance_km": 0.33},
            {"speed_kmh": 4.5},
            {"timestamp": "Sun Apr 30 07:00:39 UTC 2017"}
        ],
        [
            {"location": [[
                {"latitude": 66.212029},
                {"longitude": 29.194207}
            ]]},
            {"altitude": 266},
            {"distance_km": 0.35},
            {"speed_kmh": 4.5},
            {"timestamp": "Sun Apr 30 07:00:47 UTC 2017"}
        ],
        [
            {"location": [[
                {"latitude": 66.212034},
                {"longitude": 29.194434}
            ]]},
            {"altitude": 268},
            {"distance_km": 0.36},
            {"speed_kmh": 4.5},
            {"timestamp": "Sun Apr 30 07:00:58 UTC 2017"}
        ],
        [
            {"location": [[
                {"latitude": 66.21205},
                {"longitude": 29.194669}
            ]]},
            {"altitude": 268.5},
            {"distance_km": 0.37},
            {"speed_kmh": 5.4},
            {"timestamp": "Sun Apr 30 07:01:04 UTC 2017"}
        ],
        [
            {"location": [[
                {"latitude": 66.212067},
                {"longitude": 29.194912}
            ]]},
            {"altitude": 271.5},
            {"distance_km": 0.38},
            {"speed_kmh": 5.4},
            {"timestamp": "Sun Apr 30 07:01:10 UTC 2017"}
        ],
        [
            {"location": [[
                {"latitude": 66.212079},
                {"longitude": 29.195191}
            ]]},
            {"altitude": 269.5},
            {"distance_km": 0.39},
            {"speed_kmh": 5.4},
            {"timestamp": "Sun Apr 30 07:01:18 UTC 2017"}
        ],
        [
            {"location": [[
                {"latitude": 66.212067},
                {"longitude": 29.19546}
            ]]},
            {"altitude": 269.5},
            {"distance_km": 0.4},
            {"speed_kmh": 5.4},
            {"timestamp": "Sun Apr 30 07:01:26 UTC 2017"}
        ],
        [
            {"location": [[
                {"latitude": 66.212065},
                {"longitude": 29.195692}
            ]]},
            {"altitude": 271},
            {"distance_km": 0.41},
            {"speed_kmh": 5.4},
            {"timestamp": "Sun Apr 30 07:01:33 UTC 2017"}
        ],
        [
            {"location": [[
                {"latitude": 66.212063},
                {"longitude": 29.19592}
            ]]},
            {"altitude": 271.5},
            {"distance_km": 0.42},
            {"speed_kmh": 5.4},
            {"timestamp": "Sun Apr 30 07:01:39 UTC 2017"}
        ],
        [
            {"location": [[
                {"latitude": 66.212044},
                {"longitude": 29.196177}
            ]]},
            {"altitude": 273},
            {"distance_km": 0.43},
            {"speed_kmh": 5.4},
            {"timestamp": "Sun Apr 30 07:01:47 UTC 2017"}
        ],
        [
            {"location": [[
                {"latitude": 66.212016},
                {"longitude": 29.19642}
            ]]},
            {"altitude": 275},
            {"distance_km": 0.45},
            {"speed_kmh": 4.5},
            {"timestamp": "Sun Apr 30 07:01:55 UTC 2017"}
        ],
        [
            {"location": [[
                {"latitude": 66.211994},
                {"longitude": 29.196662}
            ]]},
            {"altitude": 275.5},
            {"distance_km": 0.46},
            {"speed_kmh": 5.4},
            {"timestamp": "Sun Apr 30 07:02:03 UTC 2017"}
        ],
        [
            {"location": [[
                {"latitude": 66.211966},
                {"longitude": 29.196913}
            ]]},
            {"altitude": 275},
            {"distance_km": 0.47},
            {"speed_kmh": 5.4},
            {"timestamp": "Sun Apr 30 07:02:11 UTC 2017"}
        ],
        [
            {"location": [[
                {"latitude": 66.211937},
                {"longitude": 29.19717}
            ]]},
            {"altitude": 275},
            {"distance_km": 0.48},
            {"speed_kmh": 5.4},
            {"timestamp": "Sun Apr 30 07:02:19 UTC 2017"}
        ],
        [
            {"location": [[
                {"latitude": 66.211907},
                {"longitude": 29.197411}
            ]]},
            {"altitude": 275},
            {"distance_km": 0.49},
            {"speed_kmh": 4.5},
            {"timestamp": "Sun Apr 30 07:02:29 UTC 2017"}
        ],
        [
            {"location": [[
                {"latitude": 66.211874},
                {"longitude": 29.197631}
            ]]},
            {"altitude": 275.5},
            {"distance_km": 0.5},
            {"speed_kmh": 4.5},
            {"timestamp": "Sun Apr 30 07:02:37 UTC 2017"}
        ],
        [
            {"location": [[
                {"latitude": 66.211837},
                {"longitude": 29.19786}
            ]]},
            {"altitude": 276},
            {"distance_km": 0.51},
            {"speed_kmh": 5.4},
            {"timestamp": "Sun Apr 30 07:02:45 UTC 2017"}
        ],
        [
            {"location": [[
                {"latitude": 66.211796},
                {"longitude": 29.198101}
            ]]},
            {"altitude": 275.5},
            {"distance_km": 0.53},
            {"speed_kmh": 5.4},
            {"timestamp": "Sun Apr 30 07:02:53 UTC 2017"}
        ],
        [
            {"location": [[
                {"latitude": 66.211753},
                {"longitude": 29.19833}
            ]]},
            {"altitude": 275.5},
            {"distance_km": 0.54},
            {"speed_kmh": 5.4},
            {"timestamp": "Sun Apr 30 07:03:01 UTC 2017"}
        ],
        [
            {"location": [[
                {"latitude": 66.21172},
                {"longitude": 29.19859}
            ]]},
            {"altitude": 275},
            {"distance_km": 0.55},
            {"speed_kmh": 5.4},
            {"timestamp": "Sun Apr 30 07:03:09 UTC 2017"}
        ],
        [
            {"location": [[
                {"latitude": 66.211684},
                {"longitude": 29.198862}
            ]]},
            {"altitude": 275},
            {"distance_km": 0.56},
            {"speed_kmh": 5.4},
            {"timestamp": "Sun Apr 30 07:03:17 UTC 2017"}
        ],
        [
            {"location": [[
                {"latitude": 66.211644},
                {"longitude": 29.19911}
            ]]},
            {"altitude": 275.5},
            {"distance_km": 0.57},
            {"speed_kmh": 5.4},
            {"timestamp": "Sun Apr 30 07:03:25 UTC 2017"}
        ],
        [
            {"location": [[
                {"latitude": 66.211601},
                {"longitude": 29.199367}
            ]]},
            {"altitude": 276},
            {"distance_km": 0.59},
            {"speed_kmh": 5.4},
            {"timestamp": "Sun Apr 30 07:03:33 UTC 2017"}
        ],
        [
            {"location": [[
                {"latitude": 66.211568},
                {"longitude": 29.199625}
            ]]},
            {"altitude": 276},
            {"distance_km": 0.6},
            {"speed_kmh": 5.4},
            {"timestamp": "Sun Apr 30 07:03:42 UTC 2017"}
        ],
        [
            {"location": [[
                {"latitude": 66.211531},
                {"longitude": 29.19987}
            ]]},
            {"altitude": 276},
            {"distance_km": 0.61},
            {"speed_kmh": 5.4},
            {"timestamp": "Sun Apr 30 07:03:50 UTC 2017"}
        ],
        [
            {"location": [[
                {"latitude": 66.211492},
                {"longitude": 29.200116}
            ]]},
            {"altitude": 277},
            {"distance_km": 0.62},
            {"speed_kmh": 5.4},
            {"timestamp": "Sun Apr 30 07:03:58 UTC 2017"}
        ],
        [
            {"location": [[
                {"latitude": 66.211456},
                {"longitude": 29.200374}
            ]]},
            {"altitude": 278},
            {"distance_km": 0.63},
            {"speed_kmh": 5.4},
            {"timestamp": "Sun Apr 30 07:04:06 UTC 2017"}
        ],
        [
            {"location": [[
                {"latitude": 66.211415},
                {"longitude": 29.200605}
            ]]},
            {"altitude": 278},
            {"distance_km": 0.65},
            {"speed_kmh": 5.4},
            {"timestamp": "Sun Apr 30 07:04:14 UTC 2017"}
        ],
        [
            {"location": [[
                {"latitude": 66.21138},
                {"longitude": 29.200854}
            ]]},
            {"altitude": 279},
            {"distance_km": 0.66},
            {"speed_kmh": 5.4},
            {"timestamp": "Sun Apr 30 07:04:22 UTC 2017"}
        ],
        [
            {"location": [[
                {"latitude": 66.211342},
                {"longitude": 29.201112}
            ]]},
            {"altitude": 279.5},
            {"distance_km": 0.67},
            {"speed_kmh": 5.4},
            {"timestamp": "Sun Apr 30 07:04:30 UTC 2017"}
        ],
        [
            {"location": [[
                {"latitude": 66.21131},
                {"longitude": 29.201359}
            ]]},
            {"altitude": 279.5},
            {"distance_km": 0.68},
            {"speed_kmh": 5.4},
            {"timestamp": "Sun Apr 30 07:04:38 UTC 2017"}
        ],
        [
            {"location": [[
                {"latitude": 66.211271},
                {"longitude": 29.201599}
            ]]},
            {"altitude": 278.5},
            {"distance_km": 0.69},
            {"speed_kmh": 5.4},
            {"timestamp": "Sun Apr 30 07:04:46 UTC 2017"}
        ],
        [
            {"location": [[
                {"latitude": 66.211231},
                {"longitude": 29.201846}
            ]]},
            {"altitude": 278.5},
            {"distance_km": 0.7},
            {"speed_kmh": 5.4},
            {"timestamp": "Sun Apr 30 07:04:54 UTC 2017"}
        ],
        [
            {"location": [[
                {"latitude": 66.211193},
                {"longitude": 29.202099}
            ]]},
            {"altitude": 277.5},
            {"distance_km": 0.72},
            {"speed_kmh": 5.4},
            {"timestamp": "Sun Apr 30 07:05:01 UTC 2017"}
        ],
        [
            {"location": [[
                {"latitude": 66.211153},
                {"longitude": 29.202363}
            ]]},
            {"altitude": 278},
            {"distance_km": 0.73},
            {"speed_kmh": 5.4},
            {"timestamp": "Sun Apr 30 07:05:09 UTC 2017"}
        ],
        [
            {"location": [[
                {"latitude": 66.211116},
                {"longitude": 29.202626}
            ]]},
            {"altitude": 278.5},
            {"distance_km": 0.74},
            {"speed_kmh": 5.4},
            {"timestamp": "Sun Apr 30 07:05:17 UTC 2017"}
        ],
        [
            {"location": [[
                {"latitude": 66.21108},
                {"longitude": 29.202882}
            ]]},
            {"altitude": 277.5},
            {"distance_km": 0.75},
            {"speed_kmh": 5.4},
            {"timestamp": "Sun Apr 30 07:05:25 UTC 2017"}
        ],
        [
            {"location": [[
                {"latitude": 66.211035},
                {"longitude": 29.203113}
            ]]},
            {"altitude": 278.5},
            {"distance_km": 0.77},
            {"speed_kmh": 5.4},
            {"timestamp": "Sun Apr 30 07:05:33 UTC 2017"}
        ],
        [
            {"location": [[
                {"latitude": 66.211},
                {"longitude": 29.203357}
            ]]},
            {"altitude": 279},
            {"distance_km": 0.78},
            {"speed_kmh": 5.4},
            {"timestamp": "Sun Apr 30 07:05:41 UTC 2017"}
        ],
        [
            {"location": [[
                {"latitude": 66.210967},
                {"longitude": 29.203608}
            ]]},
            {"altitude": 278.5},
            {"distance_km": 0.79},
            {"speed_kmh": 5.4},
            {"timestamp": "Sun Apr 30 07:05:49 UTC 2017"}
        ],
        [
            {"location": [[
                {"latitude": 66.210934},
                {"longitude": 29.203856}
            ]]},
            {"altitude": 278.5},
            {"distance_km": 0.8},
            {"speed_kmh": 5.4},
            {"timestamp": "Sun Apr 30 07:05:57 UTC 2017"}
        ],
        [
            {"location": [[
                {"latitude": 66.210893},
                {"longitude": 29.204098}
            ]]},
            {"altitude": 278},
            {"distance_km": 0.81},
            {"speed_kmh": 5.4},
            {"timestamp": "Sun Apr 30 07:06:05 UTC 2017"}
        ],
        [
            {"location": [[
                {"latitude": 66.210859},
                {"longitude": 29.204353}
            ]]},
            {"altitude": 278.5},
            {"distance_km": 0.82},
            {"speed_kmh": 5.4},
            {"timestamp": "Sun Apr 30 07:06:13 UTC 2017"}
        ],
        [
            {"location": [[
                {"latitude": 66.210809},
                {"longitude": 29.204584}
            ]]},
            {"altitude": 279},
            {"distance_km": 0.84},
            {"speed_kmh": 5.4},
            {"timestamp": "Sun Apr 30 07:06:21 UTC 2017"}
        ],
        [
            {"location": [[
                {"latitude": 66.210759},
                {"longitude": 29.204826}
            ]]},
            {"altitude": 279},
            {"distance_km": 0.85},
            {"speed_kmh": 5.4},
            {"timestamp": "Sun Apr 30 07:06:29 UTC 2017"}
        ],
        [
            {"location": [[
                {"latitude": 66.210726},
                {"longitude": 29.205058}
            ]]},
            {"altitude": 279.5},
            {"distance_km": 0.86},
            {"speed_kmh": 5.4},
            {"timestamp": "Sun Apr 30 07:06:37 UTC 2017"}
        ],
        [
            {"location": [[
                {"latitude": 66.210681},
                {"longitude": 29.205269}
            ]]},
            {"altitude": 279.5},
            {"distance_km": 0.87},
            {"speed_kmh": 5.4},
            {"timestamp": "Sun Apr 30 07:06:45 UTC 2017"}
        ],
        [
            {"location": [[
                {"latitude": 66.21063},
                {"longitude": 29.205478}
            ]]},
            {"altitude": 282.5},
            {"distance_km": 0.88},
            {"speed_kmh": 5.4},
            {"timestamp": "Sun Apr 30 07:06:53 UTC 2017"}
        ],
        [
            {"location": [[
                {"latitude": 66.210574},
                {"longitude": 29.20568}
            ]]},
            {"altitude": 284},
            {"distance_km": 0.89},
            {"speed_kmh": 4.5},
            {"timestamp": "Sun Apr 30 07:07:01 UTC 2017"}
        ],
        [
            {"location": [[
                {"latitude": 66.210523},
                {"longitude": 29.205873}
            ]]},
            {"altitude": 285},
            {"distance_km": 0.9},
            {"speed_kmh": 4.5},
            {"timestamp": "Sun Apr 30 07:07:09 UTC 2017"}
        ],
        [
            {"location": [[
                {"latitude": 66.21049},
                {"longitude": 29.206095}
            ]]},
            {"altitude": 283.5},
            {"distance_km": 0.91},
            {"speed_kmh": 3.6},
            {"timestamp": "Sun Apr 30 07:07:25 UTC 2017"}
        ],
        [
            {"location": [[
                {"latitude": 66.210416},
                {"longitude": 29.206305}
            ]]},
            {"altitude": 284.5},
            {"distance_km": 0.93},
            {"speed_kmh": 4.5},
            {"timestamp": "Sun Apr 30 07:07:35 UTC 2017"}
        ],
        [
            {"location": [[
                {"latitude": 66.210365},
                {"longitude": 29.206513}
            ]]},
            {"altitude": 284},
            {"distance_km": 0.94},
            {"speed_kmh": 4.5},
            {"timestamp": "Sun Apr 30 07:07:43 UTC 2017"}
        ],
        [
            {"location": [[
                {"latitude": 66.210305},
                {"longitude": 29.206705}
            ]]},
            {"altitude": 280.5},
            {"distance_km": 0.95},
            {"speed_kmh": 4.5},
            {"timestamp": "Sun Apr 30 07:07:51 UTC 2017"}
        ],
        [
            {"location": [[
                {"latitude": 66.210245},
                {"longitude": 29.206896}
            ]]},
            {"altitude": 283},
            {"distance_km": 0.96},
            {"speed_kmh": 4.5},
            {"timestamp": "Sun Apr 30 07:08:00 UTC 2017"}
        ],
        [
            {"location": [[
                {"latitude": 66.210176},
                {"longitude": 29.207077}
            ]]},
            {"altitude": 283.5},
            {"distance_km": 0.97},
            {"speed_kmh": 4.5},
            {"timestamp": "Sun Apr 30 07:08:08 UTC 2017"}
        ],
        [
            {"location": [[
                {"latitude": 66.210113},
                {"longitude": 29.207261}
            ]]},
            {"altitude": 285.5},
            {"distance_km": 0.98},
            {"speed_kmh": 4.5},
            {"timestamp": "Sun Apr 30 07:08:16 UTC 2017"}
        ],
        [
            {"location": [[
                {"latitude": 66.210045},
                {"longitude": 29.207453}
            ]]},
            {"altitude": 287.5},
            {"distance_km": 0.99},
            {"speed_kmh": 4.5},
            {"timestamp": "Sun Apr 30 07:08:24 UTC 2017"}
        ],
        [
            {"location": [[
                {"latitude": 66.209988},
                {"longitude": 29.207647}
            ]]},
            {"altitude": 286},
            {"distance_km": 1},
            {"speed_kmh": 4.5},
            {"timestamp": "Sun Apr 30 07:08:32 UTC 2017"}
        ],
        [
            {"location": [[
                {"latitude": 66.209876},
                {"longitude": 29.207852}
            ]]},
            {"altitude": 288},
            {"distance_km": 1.02},
            {"speed_kmh": 3.6},
            {"timestamp": "Sun Apr 30 07:08:43 UTC 2017"}
        ],
        [
            {"location": [[
                {"latitude": 66.209775},
                {"longitude": 29.207971}
            ]]},
            {"altitude": 289},
            {"distance_km": 1.03},
            {"speed_kmh": 4.5},
            {"timestamp": "Sun Apr 30 07:08:51 UTC 2017"}
        ],
        [
            {"location": [[
                {"latitude": 66.209695},
                {"longitude": 29.208101}
            ]]},
            {"altitude": 287.5},
            {"distance_km": 1.04},
            {"speed_kmh": 4.5},
            {"timestamp": "Sun Apr 30 07:08:57 UTC 2017"}
        ],
        [
            {"location": [[
                {"latitude": 66.209605},
                {"longitude": 29.208265}
            ]]},
            {"altitude": 290.5},
            {"distance_km": 1.05},
            {"speed_kmh": 4.5},
            {"timestamp": "Sun Apr 30 07:09:05 UTC 2017"}
        ],
        [
            {"location": [[
                {"latitude": 66.209516},
                {"longitude": 29.208396}
            ]]},
            {"altitude": 291.5},
            {"distance_km": 1.07},
            {"speed_kmh": 4.5},
            {"timestamp": "Sun Apr 30 07:09:13 UTC 2017"}
        ],
        [
            {"location": [[
                {"latitude": 66.209438},
                {"longitude": 29.208604}
            ]]},
            {"altitude": 291},
            {"distance_km": 1.08},
            {"speed_kmh": 4.5},
            {"timestamp": "Sun Apr 30 07:09:23 UTC 2017"}
        ],
        [
            {"location": [[
                {"latitude": 66.209351},
                {"longitude": 29.208785}
            ]]},
            {"altitude": 293.5},
            {"distance_km": 1.09},
            {"speed_kmh": 4.5},
            {"timestamp": "Sun Apr 30 07:09:31 UTC 2017"}
        ],
        [
            {"location": [[
                {"latitude": 66.209279},
                {"longitude": 29.208965}
            ]]},
            {"altitude": 297},
            {"distance_km": 1.1},
            {"speed_kmh": 4.5},
            {"timestamp": "Sun Apr 30 07:09:40 UTC 2017"}
        ],
        [
            {"location": [[
                {"latitude": 66.209207},
                {"longitude": 29.209159}
            ]]},
            {"altitude": 298},
            {"distance_km": 1.11},
            {"speed_kmh": 4.5},
            {"timestamp": "Sun Apr 30 07:09:48 UTC 2017"}
        ],
        [
            {"location": [[
                {"latitude": 66.209149},
                {"longitude": 29.209387}
            ]]},
            {"altitude": 298.5},
            {"distance_km": 1.13},
            {"speed_kmh": 3.6},
            {"timestamp": "Sun Apr 30 07:10:00 UTC 2017"}
        ],
        [
            {"location": [[
                {"latitude": 66.209088},
                {"longitude": 29.209615}
            ]]},
            {"altitude": 300},
            {"distance_km": 1.14},
            {"speed_kmh": 4.5},
            {"timestamp": "Sun Apr 30 07:10:08 UTC 2017"}
        ],
        [
            {"location": [[
                {"latitude": 66.209025},
                {"longitude": 29.209819}
            ]]},
            {"altitude": 300.5},
            {"distance_km": 1.15},
            {"speed_kmh": 0},
            {"timestamp": "Sun Apr 30 07:10:16 UTC 2017"}
        ],
        [
            {"location": [[
                {"latitude": 66.20897},
                {"longitude": 29.210002}
            ]]},
            {"altitude": 301},
            {"distance_km": 1.16},
            {"speed_kmh": 3.6},
            {"timestamp": "Sun Apr 30 07:10:25 UTC 2017"}
        ],
        [
            {"location": [[
                {"latitude": 66.208936},
                {"longitude": 29.210208}
            ]]},
            {"altitude": 304.5},
            {"distance_km": 1.17},
            {"speed_kmh": 6.3},
            {"timestamp": "Sun Apr 30 07:10:31 UTC 2017"}
        ],
        [
            {"location": [[
                {"latitude": 66.208902},
                {"longitude": 29.210419}
            ]]},
            {"altitude": 307.5},
            {"distance_km": 1.18},
            {"speed_kmh": 5.4},
            {"timestamp": "Sun Apr 30 07:10:37 UTC 2017"}
        ],
        [
            {"location": [[
                {"latitude": 66.208886},
                {"longitude": 29.210679}
            ]]},
            {"altitude": 308.5},
            {"distance_km": 1.19},
            {"speed_kmh": 3.6},
            {"timestamp": "Sun Apr 30 07:10:47 UTC 2017"}
        ],
        [
            {"location": [[
                {"latitude": 66.208832},
                {"longitude": 29.210898}
            ]]},
            {"altitude": 310.5},
            {"distance_km": 1.2},
            {"speed_kmh": 4.5},
            {"timestamp": "Sun Apr 30 07:10:55 UTC 2017"}
        ],
        [
            {"location": [[
                {"latitude": 66.208777},
                {"longitude": 29.211124}
            ]]},
            {"altitude": 312.5},
            {"distance_km": 1.22},
            {"speed_kmh": 4.5},
            {"timestamp": "Sun Apr 30 07:11:03 UTC 2017"}
        ],
        [
            {"location": [[
                {"latitude": 66.208718},
                {"longitude": 29.211352}
            ]]},
            {"altitude": 310.5},
            {"distance_km": 1.23},
            {"speed_kmh": 4.5},
            {"timestamp": "Sun Apr 30 07:11:11 UTC 2017"}
        ],
        [
            {"location": [[
                {"latitude": 66.208674},
                {"longitude": 29.211569}
            ]]},
            {"altitude": 312},
            {"distance_km": 1.24},
            {"speed_kmh": 4.5},
            {"timestamp": "Sun Apr 30 07:11:19 UTC 2017"}
        ],
        [
            {"location": [[
                {"latitude": 66.208686},
                {"longitude": 29.211795}
            ]]},
            {"altitude": 314},
            {"distance_km": 1.25},
            {"speed_kmh": 3.6},
            {"timestamp": "Sun Apr 30 07:11:29 UTC 2017"}
        ],
        [
            {"location": [[
                {"latitude": 66.208688},
                {"longitude": 29.212042}
            ]]},
            {"altitude": 321.5},
            {"distance_km": 1.26},
            {"speed_kmh": 3.6},
            {"timestamp": "Sun Apr 30 07:11:38 UTC 2017"}
        ],
        [
            {"location": [[
                {"latitude": 66.208669},
                {"longitude": 29.212281}
            ]]},
            {"altitude": 318.5},
            {"distance_km": 1.27},
            {"speed_kmh": 4.5},
            {"timestamp": "Sun Apr 30 07:11:46 UTC 2017"}
        ],
        [
            {"location": [[
                {"latitude": 66.208643},
                {"longitude": 29.212528}
            ]]},
            {"altitude": 316.5},
            {"distance_km": 1.28},
            {"speed_kmh": 4.5},
            {"timestamp": "Sun Apr 30 07:11:54 UTC 2017"}
        ],
        [
            {"location": [[
                {"latitude": 66.208621},
                {"longitude": 29.212772}
            ]]},
            {"altitude": 312},
            {"distance_km": 1.29},
            {"speed_kmh": 4.5},
            {"timestamp": "Sun Apr 30 07:12:02 UTC 2017"}
        ],
        [
            {"location": [[
                {"latitude": 66.208592},
                {"longitude": 29.213016}
            ]]},
            {"altitude": 310.5},
            {"distance_km": 1.31},
            {"speed_kmh": 4.5},
            {"timestamp": "Sun Apr 30 07:12:10 UTC 2017"}
        ],
        [
            {"location": [[
                {"latitude": 66.208589},
                {"longitude": 29.213266}
            ]]},
            {"altitude": 308},
            {"distance_km": 1.32},
            {"speed_kmh": 4.5},
            {"timestamp": "Sun Apr 30 07:12:17 UTC 2017"}
        ],
        [
            {"location": [[
                {"latitude": 66.208593},
                {"longitude": 29.213545}
            ]]},
            {"altitude": 305},
            {"distance_km": 1.33},
            {"speed_kmh": 4.5},
            {"timestamp": "Sun Apr 30 07:12:25 UTC 2017"}
        ],
        [
            {"location": [[
                {"latitude": 66.208572},
                {"longitude": 29.213776}
            ]]},
            {"altitude": 303.5},
            {"distance_km": 1.34},
            {"speed_kmh": 4.5},
            {"timestamp": "Sun Apr 30 07:12:33 UTC 2017"}
        ],
        [
            {"location": [[
                {"latitude": 66.20857},
                {"longitude": 29.214044}
            ]]},
            {"altitude": 304},
            {"distance_km": 1.35},
            {"speed_kmh": 4.5},
            {"timestamp": "Sun Apr 30 07:12:43 UTC 2017"}
        ],
        [
            {"location": [[
                {"latitude": 66.208557},
                {"longitude": 29.214312}
            ]]},
            {"altitude": 304},
            {"distance_km": 1.36},
            {"speed_kmh": 4.5},
            {"timestamp": "Sun Apr 30 07:12:51 UTC 2017"}
        ],
        [
            {"location": [[
                {"latitude": 66.208548},
                {"longitude": 29.214537}
            ]]},
            {"altitude": 306},
            {"distance_km": 1.37},
            {"speed_kmh": 4.5},
            {"timestamp": "Sun Apr 30 07:12:57 UTC 2017"}
        ],
        [
            {"location": [[
                {"latitude": 66.208547},
                {"longitude": 29.214769}
            ]]},
            {"altitude": 308.5},
            {"distance_km": 1.38},
            {"speed_kmh": 4.5},
            {"timestamp": "Sun Apr 30 07:13:03 UTC 2017"}
        ],
        [
            {"location": [[
                {"latitude": 66.20854},
                {"longitude": 29.215015}
            ]]},
            {"altitude": 313.5},
            {"distance_km": 1.4},
            {"speed_kmh": 4.5},
            {"timestamp": "Sun Apr 30 07:13:09 UTC 2017"}
        ],
        [
            {"location": [[
                {"latitude": 66.208551},
                {"longitude": 29.215271}
            ]]},
            {"altitude": 315},
            {"distance_km": 1.41},
            {"speed_kmh": 4.5},
            {"timestamp": "Sun Apr 30 07:13:18 UTC 2017"}
        ],
        [
            {"location": [[
                {"latitude": 66.20854},
                {"longitude": 29.215516}
            ]]},
            {"altitude": 314.5},
            {"distance_km": 1.42},
            {"speed_kmh": 4.5},
            {"timestamp": "Sun Apr 30 07:13:26 UTC 2017"}
        ],
        [
            {"location": [[
                {"latitude": 66.208524},
                {"longitude": 29.215747}
            ]]},
            {"altitude": 316},
            {"distance_km": 1.43},
            {"speed_kmh": 4.5},
            {"timestamp": "Sun Apr 30 07:13:34 UTC 2017"}
        ],
        [
            {"location": [[
                {"latitude": 66.208514},
                {"longitude": 29.215995}
            ]]},
            {"altitude": 319},
            {"distance_km": 1.44},
            {"speed_kmh": 4.5},
            {"timestamp": "Sun Apr 30 07:13:46 UTC 2017"}
        ],
        [
            {"location": [[
                {"latitude": 66.208497},
                {"longitude": 29.216287}
            ]]},
            {"altitude": 319},
            {"distance_km": 1.45},
            {"speed_kmh": 4.5},
            {"timestamp": "Sun Apr 30 07:13:54 UTC 2017"}
        ],
        [
            {"location": [[
                {"latitude": 66.208499},
                {"longitude": 29.216546}
            ]]},
            {"altitude": 323},
            {"distance_km": 1.46},
            {"speed_kmh": 4.5},
            {"timestamp": "Sun Apr 30 07:14:01 UTC 2017"}
        ],
        [
            {"location": [[
                {"latitude": 66.208495},
                {"longitude": 29.216786}
            ]]},
            {"altitude": 323},
            {"distance_km": 1.48},
            {"speed_kmh": 4.5},
            {"timestamp": "Sun Apr 30 07:14:09 UTC 2017"}
        ],
        [
            {"location": [[
                {"latitude": 66.208487},
                {"longitude": 29.217068}
            ]]},
            {"altitude": 320.5},
            {"distance_km": 1.49},
            {"speed_kmh": 4.5},
            {"timestamp": "Sun Apr 30 07:14:17 UTC 2017"}
        ],
        [
            {"location": [[
                {"latitude": 66.20851},
                {"longitude": 29.217287}
            ]]},
            {"altitude": 328},
            {"distance_km": 1.5},
            {"speed_kmh": 0.9},
            {"timestamp": "Sun Apr 30 07:14:27 UTC 2017"}
        ],
        [
            {"location": [[
                {"latitude": 66.208557},
                {"longitude": 29.217506}
            ]]},
            {"altitude": 323.5},
            {"distance_km": 1.51},
            {"speed_kmh": 3.6},
            {"timestamp": "Sun Apr 30 07:14:37 UTC 2017"}
        ],
        [
            {"location": [[
                {"latitude": 66.208596},
                {"longitude": 29.217735}
            ]]},
            {"altitude": 325},
            {"distance_km": 1.52},
            {"speed_kmh": 3.6},
            {"timestamp": "Sun Apr 30 07:14:45 UTC 2017"}
        ],
        [
            {"location": [[
                {"latitude": 66.208623},
                {"longitude": 29.217966}
            ]]},
            {"altitude": 324},
            {"distance_km": 1.53},
            {"speed_kmh": 4.5},
            {"timestamp": "Sun Apr 30 07:14:53 UTC 2017"}
        ],
        [
            {"location": [[
                {"latitude": 66.208702},
                {"longitude": 29.218123}
            ]]},
            {"altitude": 329},
            {"distance_km": 1.54},
            {"speed_kmh": 3.6},
            {"timestamp": "Sun Apr 30 07:15:12 UTC 2017"}
        ],
        [
            {"location": [[
                {"latitude": 66.208792},
                {"longitude": 29.218052}
            ]]},
            {"altitude": 334.5},
            {"distance_km": 1.55},
            {"speed_kmh": 2.7},
            {"timestamp": "Sun Apr 30 07:15:22 UTC 2017"}
        ],
        [
            {"location": [[
                {"latitude": 66.208884},
                {"longitude": 29.218045}
            ]]},
            {"altitude": 341},
            {"distance_km": 1.56},
            {"speed_kmh": 1.8},
            {"timestamp": "Sun Apr 30 07:15:38 UTC 2017"}
        ],
        [
            {"location": [[
                {"latitude": 66.208981},
                {"longitude": 29.217985}
            ]]},
            {"altitude": 343.5},
            {"distance_km": 1.57},
            {"speed_kmh": 2.7},
            {"timestamp": "Sun Apr 30 07:15:49 UTC 2017"}
        ],
        [
            {"location": [[
                {"latitude": 66.209067},
                {"longitude": 29.217882}
            ]]},
            {"altitude": 345.5},
            {"distance_km": 1.58},
            {"speed_kmh": 2.7},
            {"timestamp": "Sun Apr 30 07:15:59 UTC 2017"}
        ],
        [
            {"location": [[
                {"latitude": 66.20914},
                {"longitude": 29.217721}
            ]]},
            {"altitude": 348},
            {"distance_km": 1.6},
            {"speed_kmh": 3.6},
            {"timestamp": "Sun Apr 30 07:16:09 UTC 2017"}
        ],
        [
            {"location": [[
                {"latitude": 66.20922},
                {"longitude": 29.217574}
            ]]},
            {"altitude": 351},
            {"distance_km": 1.61},
            {"speed_kmh": 3.6},
            {"timestamp": "Sun Apr 30 07:16:19 UTC 2017"}
        ],
        [
            {"location": [[
                {"latitude": 66.209293},
                {"longitude": 29.217426}
            ]]},
            {"altitude": 353},
            {"distance_km": 1.62},
            {"speed_kmh": 3.6},
            {"timestamp": "Sun Apr 30 07:16:29 UTC 2017"}
        ],
        [
            {"location": [[
                {"latitude": 66.209375},
                {"longitude": 29.217333}
            ]]},
            {"altitude": 354},
            {"distance_km": 1.63},
            {"speed_kmh": 2.7},
            {"timestamp": "Sun Apr 30 07:16:41 UTC 2017"}
        ],
        [
            {"location": [[
                {"latitude": 66.209429},
                {"longitude": 29.217136}
            ]]},
            {"altitude": 358.5},
            {"distance_km": 1.64},
            {"speed_kmh": 2.7},
            {"timestamp": "Sun Apr 30 07:16:56 UTC 2017"}
        ],
        [
            {"location": [[
                {"latitude": 66.20951},
                {"longitude": 29.217007}
            ]]},
            {"altitude": 361},
            {"distance_km": 1.65},
            {"speed_kmh": 2.7},
            {"timestamp": "Sun Apr 30 07:17:06 UTC 2017"}
        ],
        [
            {"location": [[
                {"latitude": 66.209589},
                {"longitude": 29.216858}
            ]]},
            {"altitude": 362.5},
            {"distance_km": 1.66},
            {"speed_kmh": 2.7},
            {"timestamp": "Sun Apr 30 07:17:16 UTC 2017"}
        ],
        [
            {"location": [[
                {"latitude": 66.209647},
                {"longitude": 29.21668}
            ]]},
            {"altitude": 366},
            {"distance_km": 1.67},
            {"speed_kmh": 2.7},
            {"timestamp": "Sun Apr 30 07:17:28 UTC 2017"}
        ],
        [
            {"location": [[
                {"latitude": 66.209718},
                {"longitude": 29.216521}
            ]]},
            {"altitude": 367.5},
            {"distance_km": 1.68},
            {"speed_kmh": 1.8},
            {"timestamp": "Sun Apr 30 07:17:43 UTC 2017"}
        ],
        [
            {"location": [[
                {"latitude": 66.209809},
                {"longitude": 29.216561}
            ]]},
            {"altitude": 370.5},
            {"distance_km": 1.69},
            {"speed_kmh": 0},
            {"timestamp": "Sun Apr 30 07:18:01 UTC 2017"}
        ],
        [
            {"location": [[
                {"latitude": 66.2099},
                {"longitude": 29.216503}
            ]]},
            {"altitude": 376},
            {"distance_km": 1.7},
            {"speed_kmh": 1.8},
            {"timestamp": "Sun Apr 30 07:18:36 UTC 2017"}
        ],
        [
            {"location": [[
                {"latitude": 66.209992},
                {"longitude": 29.216462}
            ]]},
            {"altitude": 375.5},
            {"distance_km": 1.71},
            {"speed_kmh": 1.8},
            {"timestamp": "Sun Apr 30 07:19:00 UTC 2017"}
        ],
        [
            {"location": [[
                {"latitude": 66.210086},
                {"longitude": 29.216322}
            ]]},
            {"altitude": 384},
            {"distance_km": 1.72},
            {"speed_kmh": 4.5},
            {"timestamp": "Sun Apr 30 07:19:17 UTC 2017"}
        ],
        [
            {"location": [[
                {"latitude": 66.210154},
                {"longitude": 29.216159}
            ]]},
            {"altitude": 390},
            {"distance_km": 1.73},
            {"speed_kmh": 1.8},
            {"timestamp": "Sun Apr 30 07:19:49 UTC 2017"}
        ],
        [
            {"location": [[
                {"latitude": 66.210241},
                {"longitude": 29.216104}
            ]]},
            {"altitude": 388.5},
            {"distance_km": 1.74},
            {"speed_kmh": 1.8},
            {"timestamp": "Sun Apr 30 07:20:08 UTC 2017"}
        ],
        [
            {"location": [[
                {"latitude": 66.210168},
                {"longitude": 29.21628}
            ]]},
            {"altitude": 377},
            {"distance_km": 1.76},
            {"speed_kmh": 4.5},
            {"timestamp": "Sun Apr 30 07:20:32 UTC 2017"}
        ],
        [
            {"location": [[
                {"latitude": 66.210088},
                {"longitude": 29.216432}
            ]]},
            {"altitude": 377},
            {"distance_km": 1.77},
            {"speed_kmh": 3.6},
            {"timestamp": "Sun Apr 30 07:20:40 UTC 2017"}
        ],
        [
            {"location": [[
                {"latitude": 66.210021},
                {"longitude": 29.216622}
            ]]},
            {"altitude": 373.5},
            {"distance_km": 1.78},
            {"speed_kmh": 3.6},
            {"timestamp": "Sun Apr 30 07:20:49 UTC 2017"}
        ],
        [
            {"location": [[
                {"latitude": 66.20993},
                {"longitude": 29.216682}
            ]]},
            {"altitude": 369},
            {"distance_km": 1.79},
            {"speed_kmh": 3.6},
            {"timestamp": "Sun Apr 30 07:21:01 UTC 2017"}
        ],
        [
            {"location": [[
                {"latitude": 66.20984},
                {"longitude": 29.21677}
            ]]},
            {"altitude": 367.5},
            {"distance_km": 1.8},
            {"speed_kmh": 0},
            {"timestamp": "Sun Apr 30 07:21:13 UTC 2017"}
        ],
        [
            {"location": [[
                {"latitude": 66.209749},
                {"longitude": 29.21674}
            ]]},
            {"altitude": 362},
            {"distance_km": 1.81},
            {"speed_kmh": 2.7},
            {"timestamp": "Sun Apr 30 07:21:25 UTC 2017"}
        ],
        [
            {"location": [[
                {"latitude": 66.209676},
                {"longitude": 29.216899}
            ]]},
            {"altitude": 358},
            {"distance_km": 1.82},
            {"speed_kmh": 2.7},
            {"timestamp": "Sun Apr 30 07:21:39 UTC 2017"}
        ],
        [
            {"location": [[
                {"latitude": 66.2096},
                {"longitude": 29.217044}
            ]]},
            {"altitude": 355},
            {"distance_km": 1.83},
            {"speed_kmh": 2.7},
            {"timestamp": "Sun Apr 30 07:21:51 UTC 2017"}
        ],
        [
            {"location": [[
                {"latitude": 66.209534},
                {"longitude": 29.217283}
            ]]},
            {"altitude": 353},
            {"distance_km": 1.84},
            {"speed_kmh": 3.6},
            {"timestamp": "Sun Apr 30 07:22:08 UTC 2017"}
        ],
        [
            {"location": [[
                {"latitude": 66.209447},
                {"longitude": 29.217457}
            ]]},
            {"altitude": 349.5},
            {"distance_km": 1.86},
            {"speed_kmh": 1.8},
            {"timestamp": "Sun Apr 30 07:22:16 UTC 2017"}
        ],
        [
            {"location": [[
                {"latitude": 66.209357},
                {"longitude": 29.21759}
            ]]},
            {"altitude": 349.5},
            {"distance_km": 1.87},
            {"speed_kmh": 2.7},
            {"timestamp": "Sun Apr 30 07:22:24 UTC 2017"}
        ],
        [
            {"location": [[
                {"latitude": 66.209275},
                {"longitude": 29.217737}
            ]]},
            {"altitude": 345.5},
            {"distance_km": 1.88},
            {"speed_kmh": 2.7},
            {"timestamp": "Sun Apr 30 07:22:32 UTC 2017"}
        ],
        [
            {"location": [[
                {"latitude": 66.209205},
                {"longitude": 29.217896}
            ]]},
            {"altitude": 345.5},
            {"distance_km": 1.89},
            {"speed_kmh": 2.7},
            {"timestamp": "Sun Apr 30 07:22:41 UTC 2017"}
        ],
        [
            {"location": [[
                {"latitude": 66.209125},
                {"longitude": 29.218031}
            ]]},
            {"altitude": 343},
            {"distance_km": 1.9},
            {"speed_kmh": 4.5},
            {"timestamp": "Sun Apr 30 07:22:49 UTC 2017"}
        ],
        [
            {"location": [[
                {"latitude": 66.209038},
                {"longitude": 29.218141}
            ]]},
            {"altitude": 342.5},
            {"distance_km": 1.91},
            {"speed_kmh": 1.8},
            {"timestamp": "Sun Apr 30 07:22:57 UTC 2017"}
        ],
        [
            {"location": [[
                {"latitude": 66.20894},
                {"longitude": 29.21814}
            ]]},
            {"altitude": 337},
            {"distance_km": 1.92},
            {"speed_kmh": 2.7},
            {"timestamp": "Sun Apr 30 07:23:09 UTC 2017"}
        ],
        [
            {"location": [[
                {"latitude": 66.208846},
                {"longitude": 29.218092}
            ]]},
            {"altitude": 334.5},
            {"distance_km": 1.93},
            {"speed_kmh": 2.7},
            {"timestamp": "Sun Apr 30 07:23:17 UTC 2017"}
        ],
        [
            {"location": [[
                {"latitude": 66.208748},
                {"longitude": 29.218135}
            ]]},
            {"altitude": 335},
            {"distance_km": 1.94},
            {"speed_kmh": 3.6},
            {"timestamp": "Sun Apr 30 07:23:25 UTC 2017"}
        ],
        [
            {"location": [[
                {"latitude": 66.208661},
                {"longitude": 29.218053}
            ]]},
            {"altitude": 331},
            {"distance_km": 1.95},
            {"speed_kmh": 4.5},
            {"timestamp": "Sun Apr 30 07:23:37 UTC 2017"}
        ],
        [
            {"location": [[
                {"latitude": 66.208664},
                {"longitude": 29.217804}
            ]]},
            {"altitude": 325.5},
            {"distance_km": 1.97},
            {"speed_kmh": 4.5},
            {"timestamp": "Sun Apr 30 07:23:46 UTC 2017"}
        ],
        [
            {"location": [[
                {"latitude": 66.208609},
                {"longitude": 29.217569}
            ]]},
            {"altitude": 326},
            {"distance_km": 1.98},
            {"speed_kmh": 4.5},
            {"timestamp": "Sun Apr 30 07:23:54 UTC 2017"}
        ],
        [
            {"location": [[
                {"latitude": 66.20855},
                {"longitude": 29.217332}
            ]]},
            {"altitude": 327},
            {"distance_km": 1.99},
            {"speed_kmh": 4.5},
            {"timestamp": "Sun Apr 30 07:24:02 UTC 2017"}
        ],
        [
            {"location": [[
                {"latitude": 66.20852},
                {"longitude": 29.217088}
            ]]},
            {"altitude": 328.5},
            {"distance_km": 2},
            {"speed_kmh": 4.5},
            {"timestamp": "Sun Apr 30 07:24:10 UTC 2017"}
        ],
        [
            {"location": [[
                {"latitude": 66.208518},
                {"longitude": 29.216827}
            ]]},
            {"altitude": 325.5},
            {"distance_km": 2.01},
            {"speed_kmh": 5.4},
            {"timestamp": "Sun Apr 30 07:24:18 UTC 2017"}
        ],
        [
            {"location": [[
                {"latitude": 66.208527},
                {"longitude": 29.21657}
            ]]},
            {"altitude": 322.5},
            {"distance_km": 2.03},
            {"speed_kmh": 5.4},
            {"timestamp": "Sun Apr 30 07:24:25 UTC 2017"}
        ],
        [
            {"location": [[
                {"latitude": 66.208521},
                {"longitude": 29.216295}
            ]]},
            {"altitude": 322.5},
            {"distance_km": 2.04},
            {"speed_kmh": 5.4},
            {"timestamp": "Sun Apr 30 07:24:33 UTC 2017"}
        ],
        [
            {"location": [[
                {"latitude": 66.208534},
                {"longitude": 29.216004}
            ]]},
            {"altitude": 322.5},
            {"distance_km": 2.05},
            {"speed_kmh": 5.4},
            {"timestamp": "Sun Apr 30 07:24:41 UTC 2017"}
        ],
        [
            {"location": [[
                {"latitude": 66.208531},
                {"longitude": 29.215745}
            ]]},
            {"altitude": 324},
            {"distance_km": 2.06},
            {"speed_kmh": 2.7},
            {"timestamp": "Sun Apr 30 07:24:49 UTC 2017"}
        ],
        [
            {"location": [[
                {"latitude": 66.208544},
                {"longitude": 29.215444}
            ]]},
            {"altitude": 324},
            {"distance_km": 2.08},
            {"speed_kmh": 5.4},
            {"timestamp": "Sun Apr 30 07:24:57 UTC 2017"}
        ],
        [
            {"location": [[
                {"latitude": 66.208549},
                {"longitude": 29.215198}
            ]]},
            {"altitude": 324},
            {"distance_km": 2.09},
            {"speed_kmh": 5.4},
            {"timestamp": "Sun Apr 30 07:25:03 UTC 2017"}
        ],
        [
            {"location": [[
                {"latitude": 66.208552},
                {"longitude": 29.214962}
            ]]},
            {"altitude": 324.5},
            {"distance_km": 2.1},
            {"speed_kmh": 5.4},
            {"timestamp": "Sun Apr 30 07:25:09 UTC 2017"}
        ],
        [
            {"location": [[
                {"latitude": 66.20855},
                {"longitude": 29.214727}
            ]]},
            {"altitude": 325.5},
            {"distance_km": 2.11},
            {"speed_kmh": 5.4},
            {"timestamp": "Sun Apr 30 07:25:15 UTC 2017"}
        ],
        [
            {"location": [[
                {"latitude": 66.208554},
                {"longitude": 29.214484}
            ]]},
            {"altitude": 326},
            {"distance_km": 2.12},
            {"speed_kmh": 5.4},
            {"timestamp": "Sun Apr 30 07:25:21 UTC 2017"}
        ],
        [
            {"location": [[
                {"latitude": 66.208562},
                {"longitude": 29.214239}
            ]]},
            {"altitude": 325.5},
            {"distance_km": 2.13},
            {"speed_kmh": 5.4},
            {"timestamp": "Sun Apr 30 07:25:28 UTC 2017"}
        ],
        [
            {"location": [[
                {"latitude": 66.208565},
                {"longitude": 29.213986}
            ]]},
            {"altitude": 323},
            {"distance_km": 2.14},
            {"speed_kmh": 5.4},
            {"timestamp": "Sun Apr 30 07:25:34 UTC 2017"}
        ],
        [
            {"location": [[
                {"latitude": 66.208581},
                {"longitude": 29.213682}
            ]]},
            {"altitude": 321},
            {"distance_km": 2.16},
            {"speed_kmh": 5.4},
            {"timestamp": "Sun Apr 30 07:25:42 UTC 2017"}
        ],
        [
            {"location": [[
                {"latitude": 66.208609},
                {"longitude": 29.213421}
            ]]},
            {"altitude": 320},
            {"distance_km": 2.17},
            {"speed_kmh": 6.3},
            {"timestamp": "Sun Apr 30 07:25:48 UTC 2017"}
        ],
        [
            {"location": [[
                {"latitude": 66.208607},
                {"longitude": 29.213162}
            ]]},
            {"altitude": 319.5},
            {"distance_km": 2.18},
            {"speed_kmh": 5.4},
            {"timestamp": "Sun Apr 30 07:25:56 UTC 2017"}
        ],
        [
            {"location": [[
                {"latitude": 66.208613},
                {"longitude": 29.212935}
            ]]},
            {"altitude": 321},
            {"distance_km": 2.19},
            {"speed_kmh": 5.4},
            {"timestamp": "Sun Apr 30 07:26:02 UTC 2017"}
        ],
        [
            {"location": [[
                {"latitude": 66.208621},
                {"longitude": 29.21267}
            ]]},
            {"altitude": 319.5},
            {"distance_km": 2.2},
            {"speed_kmh": 5.4},
            {"timestamp": "Sun Apr 30 07:26:08 UTC 2017"}
        ],
        [
            {"location": [[
                {"latitude": 66.208646},
                {"longitude": 29.212416}
            ]]},
            {"altitude": 319.5},
            {"distance_km": 2.21},
            {"speed_kmh": 5.4},
            {"timestamp": "Sun Apr 30 07:26:15 UTC 2017"}
        ],
        [
            {"location": [[
                {"latitude": 66.208651},
                {"longitude": 29.212163}
            ]]},
            {"altitude": 314},
            {"distance_km": 2.22},
            {"speed_kmh": 5.4},
            {"timestamp": "Sun Apr 30 07:26:23 UTC 2017"}
        ],
        [
            {"location": [[
                {"latitude": 66.208663},
                {"longitude": 29.211939}
            ]]},
            {"altitude": 311},
            {"distance_km": 2.23},
            {"speed_kmh": 5.4},
            {"timestamp": "Sun Apr 30 07:26:29 UTC 2017"}
        ],
        [
            {"location": [[
                {"latitude": 66.208681},
                {"longitude": 29.211715}
            ]]},
            {"altitude": 307.5},
            {"distance_km": 2.25},
            {"speed_kmh": 5.4},
            {"timestamp": "Sun Apr 30 07:26:35 UTC 2017"}
        ],
        [
            {"location": [[
                {"latitude": 66.208688},
                {"longitude": 29.211491}
            ]]},
            {"altitude": 309},
            {"distance_km": 2.26},
            {"speed_kmh": 5.4},
            {"timestamp": "Sun Apr 30 07:26:41 UTC 2017"}
        ],
        [
            {"location": [[
                {"latitude": 66.208706},
                {"longitude": 29.211203}
            ]]},
            {"altitude": 312},
            {"distance_km": 2.27},
            {"speed_kmh": 5.4},
            {"timestamp": "Sun Apr 30 07:26:49 UTC 2017"}
        ],
        [
            {"location": [[
                {"latitude": 66.208719},
                {"longitude": 29.210954}
            ]]},
            {"altitude": 304.5},
            {"distance_km": 2.28},
            {"speed_kmh": 5.4},
            {"timestamp": "Sun Apr 30 07:26:57 UTC 2017"}
        ],
        [
            {"location": [[
                {"latitude": 66.208766},
                {"longitude": 29.210697}
            ]]},
            {"altitude": 305},
            {"distance_km": 2.29},
            {"speed_kmh": 5.4},
            {"timestamp": "Sun Apr 30 07:27:05 UTC 2017"}
        ],
        [
            {"location": [[
                {"latitude": 66.208816},
                {"longitude": 29.210443}
            ]]},
            {"altitude": 302},
            {"distance_km": 2.3},
            {"speed_kmh": 5.4},
            {"timestamp": "Sun Apr 30 07:27:14 UTC 2017"}
        ],
        [
            {"location": [[
                {"latitude": 66.208856},
                {"longitude": 29.210242}
            ]]},
            {"altitude": 302.5},
            {"distance_km": 2.31},
            {"speed_kmh": 5.4},
            {"timestamp": "Sun Apr 30 07:27:20 UTC 2017"}
        ],
        [
            {"location": [[
                {"latitude": 66.208897},
                {"longitude": 29.210025}
            ]]},
            {"altitude": 301.5},
            {"distance_km": 2.33},
            {"speed_kmh": 5.4},
            {"timestamp": "Sun Apr 30 07:27:26 UTC 2017"}
        ],
        [
            {"location": [[
                {"latitude": 66.208939},
                {"longitude": 29.209759}
            ]]},
            {"altitude": 302.5},
            {"distance_km": 2.34},
            {"speed_kmh": 6.3},
            {"timestamp": "Sun Apr 30 07:27:32 UTC 2017"}
        ],
        [
            {"location": [[
                {"latitude": 66.208983},
                {"longitude": 29.209553}
            ]]},
            {"altitude": 301},
            {"distance_km": 2.35},
            {"speed_kmh": 6.3},
            {"timestamp": "Sun Apr 30 07:27:38 UTC 2017"}
        ],
        [
            {"location": [[
                {"latitude": 66.209042},
                {"longitude": 29.209325}
            ]]},
            {"altitude": 299},
            {"distance_km": 2.36},
            {"speed_kmh": 6.3},
            {"timestamp": "Sun Apr 30 07:27:44 UTC 2017"}
        ],
        [
            {"location": [[
                {"latitude": 66.209112},
                {"longitude": 29.209132}
            ]]},
            {"altitude": 298.5},
            {"distance_km": 2.37},
            {"speed_kmh": 5.4},
            {"timestamp": "Sun Apr 30 07:27:51 UTC 2017"}
        ],
        [
            {"location": [[
                {"latitude": 66.209165},
                {"longitude": 29.208948}
            ]]},
            {"altitude": 297},
            {"distance_km": 2.38},
            {"speed_kmh": 6.3},
            {"timestamp": "Sun Apr 30 07:27:57 UTC 2017"}
        ],
        [
            {"location": [[
                {"latitude": 66.209227},
                {"longitude": 29.208763}
            ]]},
            {"altitude": 294.5},
            {"distance_km": 2.39},
            {"speed_kmh": 6.3},
            {"timestamp": "Sun Apr 30 07:28:03 UTC 2017"}
        ],
        [
            {"location": [[
                {"latitude": 66.209301},
                {"longitude": 29.208619}
            ]]},
            {"altitude": 294.5},
            {"distance_km": 2.4},
            {"speed_kmh": 5.4},
            {"timestamp": "Sun Apr 30 07:28:09 UTC 2017"}
        ],
        [
            {"location": [[
                {"latitude": 66.209374},
                {"longitude": 29.208447}
            ]]},
            {"altitude": 294.5},
            {"distance_km": 2.42},
            {"speed_kmh": 6.3},
            {"timestamp": "Sun Apr 30 07:28:15 UTC 2017"}
        ],
        [
            {"location": [[
                {"latitude": 66.209462},
                {"longitude": 29.208257}
            ]]},
            {"altitude": 294},
            {"distance_km": 2.43},
            {"speed_kmh": 5.4},
            {"timestamp": "Sun Apr 30 07:28:23 UTC 2017"}
        ],
        [
            {"location": [[
                {"latitude": 66.209542},
                {"longitude": 29.208147}
            ]]},
            {"altitude": 292},
            {"distance_km": 2.44},
            {"speed_kmh": 6.3},
            {"timestamp": "Sun Apr 30 07:28:29 UTC 2017"}
        ],
        [
            {"location": [[
                {"latitude": 66.209643},
                {"longitude": 29.208002}
            ]]},
            {"altitude": 292.5},
            {"distance_km": 2.45},
            {"speed_kmh": 5.4},
            {"timestamp": "Sun Apr 30 07:28:37 UTC 2017"}
        ],
        [
            {"location": [[
                {"latitude": 66.209739},
                {"longitude": 29.207871}
            ]]},
            {"altitude": 290.5},
            {"distance_km": 2.46},
            {"speed_kmh": 5.4},
            {"timestamp": "Sun Apr 30 07:28:45 UTC 2017"}
        ],
        [
            {"location": [[
                {"latitude": 66.209834},
                {"longitude": 29.20772}
            ]]},
            {"altitude": 289},
            {"distance_km": 2.48},
            {"speed_kmh": 5.4},
            {"timestamp": "Sun Apr 30 07:28:53 UTC 2017"}
        ],
        [
            {"location": [[
                {"latitude": 66.20991},
                {"longitude": 29.207597}
            ]]},
            {"altitude": 289},
            {"distance_km": 2.49},
            {"speed_kmh": 5.4},
            {"timestamp": "Sun Apr 30 07:29:00 UTC 2017"}
        ],
        [
            {"location": [[
                {"latitude": 66.209987},
                {"longitude": 29.207427}
            ]]},
            {"altitude": 289.5},
            {"distance_km": 2.5},
            {"speed_kmh": 6.3},
            {"timestamp": "Sun Apr 30 07:29:06 UTC 2017"}
        ],
        [
            {"location": [[
                {"latitude": 66.210055},
                {"longitude": 29.207236}
            ]]},
            {"altitude": 287.5},
            {"distance_km": 2.51},
            {"speed_kmh": 6.3},
            {"timestamp": "Sun Apr 30 07:29:12 UTC 2017"}
        ],
        [
            {"location": [[
                {"latitude": 66.210124},
                {"longitude": 29.206997}
            ]]},
            {"altitude": 285},
            {"distance_km": 2.52},
            {"speed_kmh": 5.4},
            {"timestamp": "Sun Apr 30 07:29:20 UTC 2017"}
        ],
        [
            {"location": [[
                {"latitude": 66.210203},
                {"longitude": 29.206806}
            ]]},
            {"altitude": 284},
            {"distance_km": 2.53},
            {"speed_kmh": 5.4},
            {"timestamp": "Sun Apr 30 07:29:28 UTC 2017"}
        ],
        [
            {"location": [[
                {"latitude": 66.21028},
                {"longitude": 29.20663}
            ]]},
            {"altitude": 284},
            {"distance_km": 2.55},
            {"speed_kmh": 5.4},
            {"timestamp": "Sun Apr 30 07:29:34 UTC 2017"}
        ],
        [
            {"location": [[
                {"latitude": 66.210347},
                {"longitude": 29.20645}
            ]]},
            {"altitude": 281.5},
            {"distance_km": 2.56},
            {"speed_kmh": 5.4},
            {"timestamp": "Sun Apr 30 07:29:41 UTC 2017"}
        ],
        [
            {"location": [[
                {"latitude": 66.2104},
                {"longitude": 29.206244}
            ]]},
            {"altitude": 281.5},
            {"distance_km": 2.57},
            {"speed_kmh": 5.4},
            {"timestamp": "Sun Apr 30 07:29:47 UTC 2017"}
        ],
        [
            {"location": [[
                {"latitude": 66.210462},
                {"longitude": 29.206072}
            ]]},
            {"altitude": 282},
            {"distance_km": 2.58},
            {"speed_kmh": 5.4},
            {"timestamp": "Sun Apr 30 07:29:53 UTC 2017"}
        ],
        [
            {"location": [[
                {"latitude": 66.210512},
                {"longitude": 29.205882}
            ]]},
            {"altitude": 279},
            {"distance_km": 2.59},
            {"speed_kmh": 5.4},
            {"timestamp": "Sun Apr 30 07:29:59 UTC 2017"}
        ],
        [
            {"location": [[
                {"latitude": 66.210572},
                {"longitude": 29.205649}
            ]]},
            {"altitude": 276},
            {"distance_km": 2.6},
            {"speed_kmh": 5.4},
            {"timestamp": "Sun Apr 30 07:30:07 UTC 2017"}
        ],
        [
            {"location": [[
                {"latitude": 66.21063},
                {"longitude": 29.205396}
            ]]},
            {"altitude": 270.5},
            {"distance_km": 2.61},
            {"speed_kmh": 5.4},
            {"timestamp": "Sun Apr 30 07:30:15 UTC 2017"}
        ],
        [
            {"location": [[
                {"latitude": 66.210675},
                {"longitude": 29.205203}
            ]]},
            {"altitude": 272},
            {"distance_km": 2.62},
            {"speed_kmh": 5.4},
            {"timestamp": "Sun Apr 30 07:30:21 UTC 2017"}
        ],
        [
            {"location": [[
                {"latitude": 66.210713},
                {"longitude": 29.204971}
            ]]},
            {"altitude": 271.5},
            {"distance_km": 2.64},
            {"speed_kmh": 5.4},
            {"timestamp": "Sun Apr 30 07:30:27 UTC 2017"}
        ],
        [
            {"location": [[
                {"latitude": 66.210758},
                {"longitude": 29.204703}
            ]]},
            {"altitude": 271.5},
            {"distance_km": 2.65},
            {"speed_kmh": 5.4},
            {"timestamp": "Sun Apr 30 07:30:35 UTC 2017"}
        ],
        [
            {"location": [[
                {"latitude": 66.210818},
                {"longitude": 29.204446}
            ]]},
            {"altitude": 272},
            {"distance_km": 2.66},
            {"speed_kmh": 5.4},
            {"timestamp": "Sun Apr 30 07:30:43 UTC 2017"}
        ],
        [
            {"location": [[
                {"latitude": 66.210861},
                {"longitude": 29.204233}
            ]]},
            {"altitude": 273.5},
            {"distance_km": 2.67},
            {"speed_kmh": 5.4},
            {"timestamp": "Sun Apr 30 07:30:49 UTC 2017"}
        ],
        [
            {"location": [[
                {"latitude": 66.210902},
                {"longitude": 29.204021}
            ]]},
            {"altitude": 273.5},
            {"distance_km": 2.68},
            {"speed_kmh": 5.4},
            {"timestamp": "Sun Apr 30 07:30:56 UTC 2017"}
        ],
        [
            {"location": [[
                {"latitude": 66.210941},
                {"longitude": 29.203754}
            ]]},
            {"altitude": 271.5},
            {"distance_km": 2.7},
            {"speed_kmh": 5.4},
            {"timestamp": "Sun Apr 30 07:31:04 UTC 2017"}
        ],
        [
            {"location": [[
                {"latitude": 66.210992},
                {"longitude": 29.203526}
            ]]},
            {"altitude": 269.5},
            {"distance_km": 2.71},
            {"speed_kmh": 5.4},
            {"timestamp": "Sun Apr 30 07:31:12 UTC 2017"}
        ],
        [
            {"location": [[
                {"latitude": 66.21103},
                {"longitude": 29.203247}
            ]]},
            {"altitude": 271},
            {"distance_km": 2.72},
            {"speed_kmh": 5.4},
            {"timestamp": "Sun Apr 30 07:31:20 UTC 2017"}
        ],
        [
            {"location": [[
                {"latitude": 66.211078},
                {"longitude": 29.203018}
            ]]},
            {"altitude": 270},
            {"distance_km": 2.73},
            {"speed_kmh": 5.4},
            {"timestamp": "Sun Apr 30 07:31:28 UTC 2017"}
        ],
        [
            {"location": [[
                {"latitude": 66.211104},
                {"longitude": 29.2028}
            ]]},
            {"altitude": 269.5},
            {"distance_km": 2.74},
            {"speed_kmh": 5.4},
            {"timestamp": "Sun Apr 30 07:31:34 UTC 2017"}
        ],
        [
            {"location": [[
                {"latitude": 66.21113},
                {"longitude": 29.202581}
            ]]},
            {"altitude": 268},
            {"distance_km": 2.75},
            {"speed_kmh": 5.4},
            {"timestamp": "Sun Apr 30 07:31:39 UTC 2017"}
        ],
        [
            {"location": [[
                {"latitude": 66.21117},
                {"longitude": 29.202311}
            ]]},
            {"altitude": 269},
            {"distance_km": 2.77},
            {"speed_kmh": 5.4},
            {"timestamp": "Sun Apr 30 07:31:47 UTC 2017"}
        ],
        [
            {"location": [[
                {"latitude": 66.211203},
                {"longitude": 29.202091}
            ]]},
            {"altitude": 268},
            {"distance_km": 2.78},
            {"speed_kmh": 5.4},
            {"timestamp": "Sun Apr 30 07:31:53 UTC 2017"}
        ],
        [
            {"location": [[
                {"latitude": 66.211246},
                {"longitude": 29.201885}
            ]]},
            {"altitude": 267.5},
            {"distance_km": 2.79},
            {"speed_kmh": 5.4},
            {"timestamp": "Sun Apr 30 07:31:59 UTC 2017"}
        ],
        [
            {"location": [[
                {"latitude": 66.211268},
                {"longitude": 29.201668}
            ]]},
            {"altitude": 266},
            {"distance_km": 2.8},
            {"speed_kmh": 5.4},
            {"timestamp": "Sun Apr 30 07:32:05 UTC 2017"}
        ],
        [
            {"location": [[
                {"latitude": 66.211296},
                {"longitude": 29.201398}
            ]]},
            {"altitude": 266.5},
            {"distance_km": 2.81},
            {"speed_kmh": 5.4},
            {"timestamp": "Sun Apr 30 07:32:13 UTC 2017"}
        ],
        [
            {"location": [[
                {"latitude": 66.211348},
                {"longitude": 29.20113}
            ]]},
            {"altitude": 269},
            {"distance_km": 2.82},
            {"speed_kmh": 5.4},
            {"timestamp": "Sun Apr 30 07:32:21 UTC 2017"}
        ],
        [
            {"location": [[
                {"latitude": 66.211383},
                {"longitude": 29.200909}
            ]]},
            {"altitude": 268.5},
            {"distance_km": 2.83},
            {"speed_kmh": 5.4},
            {"timestamp": "Sun Apr 30 07:32:27 UTC 2017"}
        ],
        [
            {"location": [[
                {"latitude": 66.211424},
                {"longitude": 29.200652}
            ]]},
            {"altitude": 267.5},
            {"distance_km": 2.85},
            {"speed_kmh": 5.4},
            {"timestamp": "Sun Apr 30 07:32:36 UTC 2017"}
        ],
        [
            {"location": [[
                {"latitude": 66.211446},
                {"longitude": 29.20042}
            ]]},
            {"altitude": 268},
            {"distance_km": 2.86},
            {"speed_kmh": 5.4},
            {"timestamp": "Sun Apr 30 07:32:42 UTC 2017"}
        ],
        [
            {"location": [[
                {"latitude": 66.211483},
                {"longitude": 29.20021}
            ]]},
            {"altitude": 267.5},
            {"distance_km": 2.87},
            {"speed_kmh": 5.4},
            {"timestamp": "Sun Apr 30 07:32:48 UTC 2017"}
        ],
        [
            {"location": [[
                {"latitude": 66.211517},
                {"longitude": 29.199969}
            ]]},
            {"altitude": 266.5},
            {"distance_km": 2.88},
            {"speed_kmh": 5.4},
            {"timestamp": "Sun Apr 30 07:32:54 UTC 2017"}
        ],
        [
            {"location": [[
                {"latitude": 66.211542},
                {"longitude": 29.199755}
            ]]},
            {"altitude": 266.5},
            {"distance_km": 2.89},
            {"speed_kmh": 5.4},
            {"timestamp": "Sun Apr 30 07:33:00 UTC 2017"}
        ],
        [
            {"location": [[
                {"latitude": 66.211581},
                {"longitude": 29.199542}
            ]]},
            {"altitude": 268},
            {"distance_km": 2.9},
            {"speed_kmh": 5.4},
            {"timestamp": "Sun Apr 30 07:33:06 UTC 2017"}
        ],
        [
            {"location": [[
                {"latitude": 66.211607},
                {"longitude": 29.199319}
            ]]},
            {"altitude": 266.5},
            {"distance_km": 2.91},
            {"speed_kmh": 5.4},
            {"timestamp": "Sun Apr 30 07:33:13 UTC 2017"}
        ],
        [
            {"location": [[
                {"latitude": 66.211649},
                {"longitude": 29.199077}
            ]]},
            {"altitude": 268.5},
            {"distance_km": 2.92},
            {"speed_kmh": 5.4},
            {"timestamp": "Sun Apr 30 07:33:21 UTC 2017"}
        ],
        [
            {"location": [[
                {"latitude": 66.21169},
                {"longitude": 29.198837}
            ]]},
            {"altitude": 268.5},
            {"distance_km": 2.93},
            {"speed_kmh": 5.4},
            {"timestamp": "Sun Apr 30 07:33:29 UTC 2017"}
        ],
        [
            {"location": [[
                {"latitude": 66.21173},
                {"longitude": 29.198614}
            ]]},
            {"altitude": 268.5},
            {"distance_km": 2.94},
            {"speed_kmh": 5.4},
            {"timestamp": "Sun Apr 30 07:33:35 UTC 2017"}
        ],
        [
            {"location": [[
                {"latitude": 66.211763},
                {"longitude": 29.198349}
            ]]},
            {"altitude": 269.5},
            {"distance_km": 2.96},
            {"speed_kmh": 5.4},
            {"timestamp": "Sun Apr 30 07:33:43 UTC 2017"}
        ],
        [
            {"location": [[
                {"latitude": 66.211801},
                {"longitude": 29.198068}
            ]]},
            {"altitude": 271.5},
            {"distance_km": 2.97},
            {"speed_kmh": 5.4},
            {"timestamp": "Sun Apr 30 07:33:51 UTC 2017"}
        ],
        [
            {"location": [[
                {"latitude": 66.211827},
                {"longitude": 29.197846}
            ]]},
            {"altitude": 273.5},
            {"distance_km": 2.98},
            {"speed_kmh": 5.4},
            {"timestamp": "Sun Apr 30 07:33:57 UTC 2017"}
        ],
        [
            {"location": [[
                {"latitude": 66.211862},
                {"longitude": 29.19759}
            ]]},
            {"altitude": 275},
            {"distance_km": 2.99},
            {"speed_kmh": 5.4},
            {"timestamp": "Sun Apr 30 07:34:05 UTC 2017"}
        ],
        [
            {"location": [[
                {"latitude": 66.211921},
                {"longitude": 29.197378}
            ]]},
            {"altitude": 271},
            {"distance_km": 3},
            {"speed_kmh": 5.4},
            {"timestamp": "Sun Apr 30 07:34:14 UTC 2017"}
        ],
        [
            {"location": [[
                {"latitude": 66.211925},
                {"longitude": 29.197134}
            ]]},
            {"altitude": 269.5},
            {"distance_km": 3.01},
            {"speed_kmh": 4.5},
            {"timestamp": "Sun Apr 30 07:34:22 UTC 2017"}
        ],
        [
            {"location": [[
                {"latitude": 66.211963},
                {"longitude": 29.196848}
            ]]},
            {"altitude": 267},
            {"distance_km": 3.03},
            {"speed_kmh": 5.4},
            {"timestamp": "Sun Apr 30 07:34:28 UTC 2017"}
        ],
        [
            {"location": [[
                {"latitude": 66.211972},
                {"longitude": 29.196604}
            ]]},
            {"altitude": 267},
            {"distance_km": 3.04},
            {"speed_kmh": 5.4},
            {"timestamp": "Sun Apr 30 07:34:36 UTC 2017"}
        ],
        [
            {"location": [[
                {"latitude": 66.211971},
                {"longitude": 29.196367}
            ]]},
            {"altitude": 268},
            {"distance_km": 3.05},
            {"speed_kmh": 5.4},
            {"timestamp": "Sun Apr 30 07:34:44 UTC 2017"}
        ],
        [
            {"location": [[
                {"latitude": 66.211992},
                {"longitude": 29.196114}
            ]]},
            {"altitude": 269},
            {"distance_km": 3.06},
            {"speed_kmh": 5.4},
            {"timestamp": "Sun Apr 30 07:34:50 UTC 2017"}
        ],
        [
            {"location": [[
                {"latitude": 66.212008},
                {"longitude": 29.195832}
            ]]},
            {"altitude": 266.5},
            {"distance_km": 3.07},
            {"speed_kmh": 5.4},
            {"timestamp": "Sun Apr 30 07:34:57 UTC 2017"}
        ],
        [
            {"location": [[
                {"latitude": 66.212009},
                {"longitude": 29.195606}
            ]]},
            {"altitude": 268},
            {"distance_km": 3.08},
            {"speed_kmh": 3.6},
            {"timestamp": "Sun Apr 30 07:35:03 UTC 2017"}
        ],
        [
            {"location": [[
                {"latitude": 66.212002},
                {"longitude": 29.195319}
            ]]},
            {"altitude": 268.5},
            {"distance_km": 3.1},
            {"speed_kmh": 4.5},
            {"timestamp": "Sun Apr 30 07:35:13 UTC 2017"}
        ],
        [
            {"location": [[
                {"latitude": 66.212},
                {"longitude": 29.195075}
            ]]},
            {"altitude": 264},
            {"distance_km": 3.11},
            {"speed_kmh": 4.5},
            {"timestamp": "Sun Apr 30 07:35:19 UTC 2017"}
        ],
        [
            {"location": [[
                {"latitude": 66.212002},
                {"longitude": 29.194783}
            ]]},
            {"altitude": 266.5},
            {"distance_km": 3.12},
            {"speed_kmh": 5.4},
            {"timestamp": "Sun Apr 30 07:35:25 UTC 2017"}
        ],
        [
            {"location": [[
                {"latitude": 66.211988},
                {"longitude": 29.194552}
            ]]},
            {"altitude": 269},
            {"distance_km": 3.13},
            {"speed_kmh": 5.4},
            {"timestamp": "Sun Apr 30 07:35:31 UTC 2017"}
        ],
        [
            {"location": [[
                {"latitude": 66.21198},
                {"longitude": 29.194276}
            ]]},
            {"altitude": 265.5},
            {"distance_km": 3.14},
            {"speed_kmh": 4.5},
            {"timestamp": "Sun Apr 30 07:35:39 UTC 2017"}
        ],
        [
            {"location": [[
                {"latitude": 66.211928},
                {"longitude": 29.194016}
            ]]},
            {"altitude": 270},
            {"distance_km": 3.16},
            {"speed_kmh": 4.5},
            {"timestamp": "Sun Apr 30 07:35:47 UTC 2017"}
        ],
        [
            {"location": [[
                {"latitude": 66.211912},
                {"longitude": 29.193738}
            ]]},
            {"altitude": 265},
            {"distance_km": 3.17},
            {"speed_kmh": 5.4},
            {"timestamp": "Sun Apr 30 07:35:56 UTC 2017"}
        ],
        [
            {"location": [[
                {"latitude": 66.211905},
                {"longitude": 29.193454}
            ]]},
            {"altitude": 263},
            {"distance_km": 3.18},
            {"speed_kmh": 4.5},
            {"timestamp": "Sun Apr 30 07:36:04 UTC 2017"}
        ],
        [
            {"location": [[
                {"latitude": 66.211909},
                {"longitude": 29.193192}
            ]]},
            {"altitude": 259},
            {"distance_km": 3.19},
            {"speed_kmh": 4.5},
            {"timestamp": "Sun Apr 30 07:36:12 UTC 2017"}
        ],
        [
            {"location": [[
                {"latitude": 66.211863},
                {"longitude": 29.19292}
            ]]},
            {"altitude": 262},
            {"distance_km": 3.21},
            {"speed_kmh": 4.5},
            {"timestamp": "Sun Apr 30 07:36:20 UTC 2017"}
        ],
        [
            {"location": [[
                {"latitude": 66.211826},
                {"longitude": 29.192697}
            ]]},
            {"altitude": 258},
            {"distance_km": 3.22},
            {"speed_kmh": 4.5},
            {"timestamp": "Sun Apr 30 07:36:26 UTC 2017"}
        ],
        [
            {"location": [[
                {"latitude": 66.211811},
                {"longitude": 29.192468}
            ]]},
            {"altitude": 257},
            {"distance_km": 3.23},
            {"speed_kmh": 4.5},
            {"timestamp": "Sun Apr 30 07:36:32 UTC 2017"}
        ],
        [
            {"location": [[
                {"latitude": 66.211783},
                {"longitude": 29.192207}
            ]]},
            {"altitude": 255},
            {"distance_km": 3.24},
            {"speed_kmh": 4.5},
            {"timestamp": "Sun Apr 30 07:36:38 UTC 2017"}
        ],
        [
            {"location": [[
                {"latitude": 66.211722},
                {"longitude": 29.191972}
            ]]},
            {"altitude": 247.5},
            {"distance_km": 3.25},
            {"speed_kmh": 4.5},
            {"timestamp": "Sun Apr 30 07:36:47 UTC 2017"}
        ],
        [
            {"location": [[
                {"latitude": 66.211705},
                {"longitude": 29.191713}
            ]]},
            {"altitude": 242.5},
            {"distance_km": 3.27},
            {"speed_kmh": 4.5},
            {"timestamp": "Sun Apr 30 07:36:55 UTC 2017"}
        ],
        [
            {"location": [[
                {"latitude": 66.211637},
                {"longitude": 29.191478}
            ]]},
            {"altitude": 242},
            {"distance_km": 3.28},
            {"speed_kmh": 4.5},
            {"timestamp": "Sun Apr 30 07:37:03 UTC 2017"}
        ],
        [
            {"location": [[
                {"latitude": 66.21156},
                {"longitude": 29.191272}
            ]]},
            {"altitude": 244},
            {"distance_km": 3.29},
            {"speed_kmh": 5.4},
            {"timestamp": "Sun Apr 30 07:37:09 UTC 2017"}
        ],
        [
            {"location": [[
                {"latitude": 66.211483},
                {"longitude": 29.191104}
            ]]},
            {"altitude": 242},
            {"distance_km": 3.3},
            {"speed_kmh": 5.4},
            {"timestamp": "Sun Apr 30 07:37:15 UTC 2017"}
        ],
        [
            {"location": [[
                {"latitude": 66.211421},
                {"longitude": 29.190934}
            ]]},
            {"altitude": 241},
            {"distance_km": 3.31},
            {"speed_kmh": 5.4},
            {"timestamp": "Sun Apr 30 07:37:21 UTC 2017"}
        ],
        [
            {"location": [[
                {"latitude": 66.211336},
                {"longitude": 29.190763}
            ]]},
            {"altitude": 243},
            {"distance_km": 3.32},
            {"speed_kmh": 5.4},
            {"timestamp": "Sun Apr 30 07:37:29 UTC 2017"}
        ],
        [
            {"location": [[
                {"latitude": 66.211274},
                {"longitude": 29.190586}
            ]]},
            {"altitude": 239.5},
            {"distance_km": 3.34},
            {"speed_kmh": 4.5},
            {"timestamp": "Sun Apr 30 07:37:37 UTC 2017"}
        ],
        [
            {"location": [[
                {"latitude": 66.211274},
                {"longitude": 29.190351}
            ]]},
            {"altitude": 241.5},
            {"distance_km": 3.35},
            {"speed_kmh": 2.7},
            {"timestamp": "Sun Apr 30 07:37:47 UTC 2017"}
        ],
        [
            {"location": [[
                {"latitude": 66.211342},
                {"longitude": 29.190191}
            ]]},
            {"altitude": 240},
            {"distance_km": 3.36},
            {"speed_kmh": 3.6},
            {"timestamp": "Sun Apr 30 07:37:56 UTC 2017"}
        ],
        [
            {"location": [[
                {"latitude": 66.211395},
                {"longitude": 29.189986}
            ]]},
            {"altitude": 237},
            {"distance_km": 3.37},
            {"speed_kmh": 3.6},
            {"timestamp": "Sun Apr 30 07:38:04 UTC 2017"}
        ],
        [
            {"location": [[
                {"latitude": 66.211445},
                {"longitude": 29.189797}
            ]]},
            {"altitude": 237},
            {"distance_km": 3.38},
            {"speed_kmh": 1.8},
            {"timestamp": "Sun Apr 30 07:38:14 UTC 2017"}
        ],
        [
            {"location": [[
                {"latitude": 66.211455},
                {"longitude": 29.189554}
            ]]},
            {"altitude": 242.5},
            {"distance_km": 3.39},
            {"speed_kmh": 2.7},
            {"timestamp": "Sun Apr 30 07:39:03 UTC 2017"}
        ],
        [
            {"location": [[
                {"latitude": 66.211519},
                {"longitude": 29.189327}
            ]]},
            {"altitude": 243.5},
            {"distance_km": 3.4},
            {"speed_kmh": 4.5},
            {"timestamp": "Sun Apr 30 07:39:11 UTC 2017"}
        ],
        [
            {"location": [[
                {"latitude": 66.211557},
                {"longitude": 29.189065}
            ]]},
            {"altitude": 242.5},
            {"distance_km": 3.41},
            {"speed_kmh": 3.6},
            {"timestamp": "Sun Apr 30 07:39:19 UTC 2017"}
        ],
        [
            {"location": [[
                {"latitude": 66.211557},
                {"longitude": 29.188811}
            ]]},
            {"altitude": 241.5},
            {"distance_km": 3.42},
            {"speed_kmh": 4.5},
            {"timestamp": "Sun Apr 30 07:39:27 UTC 2017"}
        ],
        [
            {"location": [[
                {"latitude": 66.211548},
                {"longitude": 29.188583}
            ]]},
            {"altitude": 245},
            {"distance_km": 3.43},
            {"speed_kmh": 4.5},
            {"timestamp": "Sun Apr 30 07:39:33 UTC 2017"}
        ],
        [
            {"location": [[
                {"latitude": 66.211556},
                {"longitude": 29.18834}
            ]]},
            {"altitude": 241.5},
            {"distance_km": 3.45},
            {"speed_kmh": 4.5},
            {"timestamp": "Sun Apr 30 07:39:41 UTC 2017"}
        ],
        [
            {"location": [[
                {"latitude": 66.21157},
                {"longitude": 29.188078}
            ]]},
            {"altitude": 244.5},
            {"distance_km": 3.46},
            {"speed_kmh": 4.5},
            {"timestamp": "Sun Apr 30 07:39:49 UTC 2017"}
        ],
        [
            {"location": [[
                {"latitude": 66.211608},
                {"longitude": 29.187854}
            ]]},
            {"altitude": 242.5},
            {"distance_km": 3.47},
            {"speed_kmh": 4.5},
            {"timestamp": "Sun Apr 30 07:39:58 UTC 2017"}
        ],
        [
            {"location": [[
                {"latitude": 66.211617},
                {"longitude": 29.187588}
            ]]},
            {"altitude": 246.5},
            {"distance_km": 3.48},
            {"speed_kmh": 3.6},
            {"timestamp": "Sun Apr 30 07:40:06 UTC 2017"}
        ],
        [
            {"location": [[
                {"latitude": 66.211556},
                {"longitude": 29.187391}
            ]]},
            {"altitude": 249},
            {"distance_km": 3.49},
            {"speed_kmh": 3.6},
            {"timestamp": "Sun Apr 30 07:40:14 UTC 2017"}
        ],
        [
            {"location": [[
                {"latitude": 66.211559},
                {"longitude": 29.18732}
            ]]},
            {"altitude": 250.5},
            {"distance_km": 3.49},
            {"speed_kmh": 3.6},
            {"timestamp": "Sun Apr 30 07:40:16 UTC 2017"}
        ],
        [
            {"location": [[
                {"latitude": 66.211565},
                {"longitude": 29.187302}
            ]]},
            {"altitude": 250},
            {"distance_km": 3.49},
            {"speed_kmh": 3.6},
            {"timestamp": "Sun Apr 30 07:40:17 UTC 2017"}
        ]
    ]}
]