[
    {"sport": "WALKING"},
    {"source": "TRACK_MOBILE"},
    {"created_date": "2017-02-22 08:46:02.0"},
    {"start_time": "2017-02-22 08:15:38.0"},
    {"end_time": "2017-02-22 08:46:01.0"},
    {"duration_s": 1822},
    {"distance_km": 2.25},
    {"calories_kcal": 165.909},
    {"altitude_min_m": 146.5},
    {"altitude_max_m": 196},
    {"speed_avg_kmh": 4.445664105378705},
    {"speed_max_kmh": 12.6},
    {"ascend_m": 64.5},
    {"descend_m": 76},
    {"points": [
        [
            {"location": [[
                {"latitude": 64.231985},
                {"longitude": 27.729397}
            ]]},
            {"distance_km": 0},
            {"timestamp": "Wed Feb 22 08:15:38 UTC 2017"}
        ],
        [
            {"location": [[
                {"latitude": 64.231985},
                {"longitude": 27.729397}
            ]]},
            {"altitude": 163.5},
            {"distance_km": 0},
            {"speed_kmh": 12.6},
            {"timestamp": "Wed Feb 22 08:15:46 UTC 2017"}
        ],
        [
            {"location": [[
                {"latitude": 64.231878},
                {"longitude": 27.729404}
            ]]},
            {"altitude": 174},
            {"distance_km": 0.01},
            {"speed_kmh": 0},
            {"timestamp": "Wed Feb 22 08:16:10 UTC 2017"}
        ],
        [
            {"location": [[
                {"latitude": 64.231788},
                {"longitude": 27.729444}
            ]]},
            {"altitude": 170},
            {"distance_km": 0.02},
            {"speed_kmh": 2.7},
            {"timestamp": "Wed Feb 22 08:16:16 UTC 2017"}
        ],
        [
            {"location": [[
                {"latitude": 64.231698},
                {"longitude": 27.729655}
            ]]},
            {"altitude": 166.5},
            {"distance_km": 0.04},
            {"speed_kmh": 6.3},
            {"timestamp": "Wed Feb 22 08:16:22 UTC 2017"}
        ],
        [
            {"location": [[
                {"latitude": 64.231698},
                {"longitude": 27.729904}
            ]]},
            {"altitude": 166},
            {"distance_km": 0.05},
            {"speed_kmh": 5.4},
            {"timestamp": "Wed Feb 22 08:16:28 UTC 2017"}
        ],
        [
            {"location": [[
                {"latitude": 64.231752},
                {"longitude": 27.730119}
            ]]},
            {"altitude": 166.5},
            {"distance_km": 0.06},
            {"speed_kmh": 5.4},
            {"timestamp": "Wed Feb 22 08:16:36 UTC 2017"}
        ],
        [
            {"location": [[
                {"latitude": 64.231836},
                {"longitude": 27.730274}
            ]]},
            {"altitude": 164},
            {"distance_km": 0.07},
            {"speed_kmh": 5.4},
            {"timestamp": "Wed Feb 22 08:16:44 UTC 2017"}
        ],
        [
            {"location": [[
                {"latitude": 64.231925},
                {"longitude": 27.730385}
            ]]},
            {"altitude": 162.5},
            {"distance_km": 0.08},
            {"speed_kmh": 5.4},
            {"timestamp": "Wed Feb 22 08:16:52 UTC 2017"}
        ],
        [
            {"location": [[
                {"latitude": 64.232013},
                {"longitude": 27.730537}
            ]]},
            {"altitude": 163.5},
            {"distance_km": 0.1},
            {"speed_kmh": 5.4},
            {"timestamp": "Wed Feb 22 08:17:00 UTC 2017"}
        ],
        [
            {"location": [[
                {"latitude": 64.232089},
                {"longitude": 27.730668}
            ]]},
            {"altitude": 165},
            {"distance_km": 0.11},
            {"speed_kmh": 5.4},
            {"timestamp": "Wed Feb 22 08:17:06 UTC 2017"}
        ],
        [
            {"location": [[
                {"latitude": 64.232175},
                {"longitude": 27.730788}
            ]]},
            {"altitude": 166},
            {"distance_km": 0.12},
            {"speed_kmh": 5.4},
            {"timestamp": "Wed Feb 22 08:17:12 UTC 2017"}
        ],
        [
            {"location": [[
                {"latitude": 64.232274},
                {"longitude": 27.730941}
            ]]},
            {"altitude": 166.5},
            {"distance_km": 0.13},
            {"speed_kmh": 6.3},
            {"timestamp": "Wed Feb 22 08:17:19 UTC 2017"}
        ],
        [
            {"location": [[
                {"latitude": 64.232371},
                {"longitude": 27.731068}
            ]]},
            {"altitude": 165.5},
            {"distance_km": 0.14},
            {"speed_kmh": 5.4},
            {"timestamp": "Wed Feb 22 08:17:26 UTC 2017"}
        ],
        [
            {"location": [[
                {"latitude": 64.232467},
                {"longitude": 27.731217}
            ]]},
            {"altitude": 164.5},
            {"distance_km": 0.16},
            {"speed_kmh": 5.4},
            {"timestamp": "Wed Feb 22 08:17:34 UTC 2017"}
        ],
        [
            {"location": [[
                {"latitude": 64.232554},
                {"longitude": 27.731281}
            ]]},
            {"altitude": 167.5},
            {"distance_km": 0.17},
            {"speed_kmh": 4.5},
            {"timestamp": "Wed Feb 22 08:17:48 UTC 2017"}
        ],
        [
            {"location": [[
                {"latitude": 64.232648},
                {"longitude": 27.731328}
            ]]},
            {"altitude": 170},
            {"distance_km": 0.18},
            {"speed_kmh": 5.4},
            {"timestamp": "Wed Feb 22 08:17:54 UTC 2017"}
        ],
        [
            {"location": [[
                {"latitude": 64.232737},
                {"longitude": 27.731389}
            ]]},
            {"altitude": 172},
            {"distance_km": 0.19},
            {"speed_kmh": 5.4},
            {"timestamp": "Wed Feb 22 08:18:00 UTC 2017"}
        ],
        [
            {"location": [[
                {"latitude": 64.23284},
                {"longitude": 27.731386}
            ]]},
            {"altitude": 174.5},
            {"distance_km": 0.2},
            {"speed_kmh": 5.4},
            {"timestamp": "Wed Feb 22 08:18:06 UTC 2017"}
        ],
        [
            {"location": [[
                {"latitude": 64.232948},
                {"longitude": 27.731394}
            ]]},
            {"altitude": 175},
            {"distance_km": 0.21},
            {"speed_kmh": 5.4},
            {"timestamp": "Wed Feb 22 08:18:14 UTC 2017"}
        ],
        [
            {"location": [[
                {"latitude": 64.23303},
                {"longitude": 27.731505}
            ]]},
            {"altitude": 176.5},
            {"distance_km": 0.22},
            {"speed_kmh": 5.4},
            {"timestamp": "Wed Feb 22 08:18:22 UTC 2017"}
        ],
        [
            {"location": [[
                {"latitude": 64.233126},
                {"longitude": 27.731529}
            ]]},
            {"altitude": 176.5},
            {"distance_km": 0.23},
            {"speed_kmh": 4.5},
            {"timestamp": "Wed Feb 22 08:18:30 UTC 2017"}
        ],
        [
            {"location": [[
                {"latitude": 64.233231},
                {"longitude": 27.731493}
            ]]},
            {"altitude": 174.5},
            {"distance_km": 0.24},
            {"speed_kmh": 3.6},
            {"timestamp": "Wed Feb 22 08:18:41 UTC 2017"}
        ],
        [
            {"location": [[
                {"latitude": 64.23333},
                {"longitude": 27.731575}
            ]]},
            {"altitude": 168},
            {"distance_km": 0.26},
            {"speed_kmh": 3.6},
            {"timestamp": "Wed Feb 22 08:18:52 UTC 2017"}
        ],
        [
            {"location": [[
                {"latitude": 64.233436},
                {"longitude": 27.731549}
            ]]},
            {"altitude": 168.5},
            {"distance_km": 0.27},
            {"speed_kmh": 3.6},
            {"timestamp": "Wed Feb 22 08:19:02 UTC 2017"}
        ],
        [
            {"location": [[
                {"latitude": 64.23352},
                {"longitude": 27.731394}
            ]]},
            {"altitude": 172.5},
            {"distance_km": 0.28},
            {"speed_kmh": 3.6},
            {"timestamp": "Wed Feb 22 08:19:20 UTC 2017"}
        ],
        [
            {"location": [[
                {"latitude": 64.233625},
                {"longitude": 27.731388}
            ]]},
            {"altitude": 176},
            {"distance_km": 0.29},
            {"speed_kmh": 2.7},
            {"timestamp": "Wed Feb 22 08:19:36 UTC 2017"}
        ],
        [
            {"location": [[
                {"latitude": 64.233707},
                {"longitude": 27.731264}
            ]]},
            {"altitude": 178.5},
            {"distance_km": 0.3},
            {"speed_kmh": 0.9},
            {"timestamp": "Wed Feb 22 08:19:44 UTC 2017"}
        ],
        [
            {"location": [[
                {"latitude": 64.233782},
                {"longitude": 27.731149}
            ]]},
            {"altitude": 176},
            {"distance_km": 0.31},
            {"speed_kmh": 2.7},
            {"timestamp": "Wed Feb 22 08:19:52 UTC 2017"}
        ],
        [
            {"location": [[
                {"latitude": 64.233865},
                {"longitude": 27.731007}
            ]]},
            {"altitude": 176},
            {"distance_km": 0.32},
            {"speed_kmh": 2.7},
            {"timestamp": "Wed Feb 22 08:20:02 UTC 2017"}
        ],
        [
            {"location": [[
                {"latitude": 64.233957},
                {"longitude": 27.730954}
            ]]},
            {"altitude": 175},
            {"distance_km": 0.33},
            {"speed_kmh": 0},
            {"timestamp": "Wed Feb 22 08:20:16 UTC 2017"}
        ],
        [
            {"location": [[
                {"latitude": 64.234027},
                {"longitude": 27.730821}
            ]]},
            {"altitude": 177},
            {"distance_km": 0.34},
            {"speed_kmh": 1.8},
            {"timestamp": "Wed Feb 22 08:21:18 UTC 2017"}
        ],
        [
            {"location": [[
                {"latitude": 64.234105},
                {"longitude": 27.730647}
            ]]},
            {"altitude": 178.5},
            {"distance_km": 0.36},
            {"speed_kmh": 3.6},
            {"timestamp": "Wed Feb 22 08:21:28 UTC 2017"}
        ],
        [
            {"location": [[
                {"latitude": 64.234155},
                {"longitude": 27.73045}
            ]]},
            {"altitude": 179},
            {"distance_km": 0.37},
            {"speed_kmh": 3.6},
            {"timestamp": "Wed Feb 22 08:21:38 UTC 2017"}
        ],
        [
            {"location": [[
                {"latitude": 64.234215},
                {"longitude": 27.73029}
            ]]},
            {"altitude": 173.5},
            {"distance_km": 0.38},
            {"speed_kmh": 3.6},
            {"timestamp": "Wed Feb 22 08:21:48 UTC 2017"}
        ],
        [
            {"location": [[
                {"latitude": 64.234297},
                {"longitude": 27.730198}
            ]]},
            {"altitude": 171.5},
            {"distance_km": 0.39},
            {"speed_kmh": 3.6},
            {"timestamp": "Wed Feb 22 08:21:58 UTC 2017"}
        ],
        [
            {"location": [[
                {"latitude": 64.234359},
                {"longitude": 27.729994}
            ]]},
            {"altitude": 175.5},
            {"distance_km": 0.4},
            {"speed_kmh": 2.7},
            {"timestamp": "Wed Feb 22 08:22:08 UTC 2017"}
        ],
        [
            {"location": [[
                {"latitude": 64.234424},
                {"longitude": 27.729808}
            ]]},
            {"altitude": 183.5},
            {"distance_km": 0.41},
            {"speed_kmh": 2.7},
            {"timestamp": "Wed Feb 22 08:22:18 UTC 2017"}
        ],
        [
            {"location": [[
                {"latitude": 64.234507},
                {"longitude": 27.729727}
            ]]},
            {"altitude": 182.5},
            {"distance_km": 0.42},
            {"speed_kmh": 2.7},
            {"timestamp": "Wed Feb 22 08:22:28 UTC 2017"}
        ],
        [
            {"location": [[
                {"latitude": 64.23458},
                {"longitude": 27.729572}
            ]]},
            {"altitude": 185},
            {"distance_km": 0.43},
            {"speed_kmh": 2.7},
            {"timestamp": "Wed Feb 22 08:22:39 UTC 2017"}
        ],
        [
            {"location": [[
                {"latitude": 64.234647},
                {"longitude": 27.729426}
            ]]},
            {"altitude": 183.5},
            {"distance_km": 0.44},
            {"speed_kmh": 3.6},
            {"timestamp": "Wed Feb 22 08:22:48 UTC 2017"}
        ],
        [
            {"location": [[
                {"latitude": 64.234744},
                {"longitude": 27.729319}
            ]]},
            {"altitude": 186.5},
            {"distance_km": 0.45},
            {"speed_kmh": 3.6},
            {"timestamp": "Wed Feb 22 08:22:58 UTC 2017"}
        ],
        [
            {"location": [[
                {"latitude": 64.234802},
                {"longitude": 27.729141}
            ]]},
            {"altitude": 188},
            {"distance_km": 0.47},
            {"speed_kmh": 2.7},
            {"timestamp": "Wed Feb 22 08:23:12 UTC 2017"}
        ],
        [
            {"location": [[
                {"latitude": 64.234891},
                {"longitude": 27.729086}
            ]]},
            {"altitude": 188},
            {"distance_km": 0.48},
            {"speed_kmh": 2.7},
            {"timestamp": "Wed Feb 22 08:23:34 UTC 2017"}
        ],
        [
            {"location": [[
                {"latitude": 64.234972},
                {"longitude": 27.728947}
            ]]},
            {"altitude": 186.5},
            {"distance_km": 0.49},
            {"speed_kmh": 2.7},
            {"timestamp": "Wed Feb 22 08:23:46 UTC 2017"}
        ],
        [
            {"location": [[
                {"latitude": 64.235048},
                {"longitude": 27.728827}
            ]]},
            {"altitude": 185},
            {"distance_km": 0.5},
            {"speed_kmh": 2.7},
            {"timestamp": "Wed Feb 22 08:24:00 UTC 2017"}
        ],
        [
            {"location": [[
                {"latitude": 64.235138},
                {"longitude": 27.728846}
            ]]},
            {"altitude": 188},
            {"distance_km": 0.51},
            {"speed_kmh": 0},
            {"timestamp": "Wed Feb 22 08:24:49 UTC 2017"}
        ],
        [
            {"location": [[
                {"latitude": 64.235271},
                {"longitude": 27.728904}
            ]]},
            {"altitude": 189.5},
            {"distance_km": 0.52},
            {"speed_kmh": 5.4},
            {"timestamp": "Wed Feb 22 08:25:12 UTC 2017"}
        ],
        [
            {"location": [[
                {"latitude": 64.23536},
                {"longitude": 27.729058}
            ]]},
            {"altitude": 190},
            {"distance_km": 0.54},
            {"speed_kmh": 3.6},
            {"timestamp": "Wed Feb 22 08:25:22 UTC 2017"}
        ],
        [
            {"location": [[
                {"latitude": 64.235456},
                {"longitude": 27.729089}
            ]]},
            {"altitude": 192},
            {"distance_km": 0.55},
            {"speed_kmh": 3.6},
            {"timestamp": "Wed Feb 22 08:25:30 UTC 2017"}
        ],
        [
            {"location": [[
                {"latitude": 64.235559},
                {"longitude": 27.729017}
            ]]},
            {"altitude": 191},
            {"distance_km": 0.56},
            {"speed_kmh": 3.6},
            {"timestamp": "Wed Feb 22 08:25:40 UTC 2017"}
        ],
        [
            {"location": [[
                {"latitude": 64.235647},
                {"longitude": 27.728971}
            ]]},
            {"altitude": 190.5},
            {"distance_km": 0.57},
            {"speed_kmh": 3.6},
            {"timestamp": "Wed Feb 22 08:25:48 UTC 2017"}
        ],
        [
            {"location": [[
                {"latitude": 64.235748},
                {"longitude": 27.729008}
            ]]},
            {"altitude": 190},
            {"distance_km": 0.58},
            {"speed_kmh": 3.6},
            {"timestamp": "Wed Feb 22 08:25:56 UTC 2017"}
        ],
        [
            {"location": [[
                {"latitude": 64.235845},
                {"longitude": 27.728925}
            ]]},
            {"altitude": 191},
            {"distance_km": 0.59},
            {"speed_kmh": 3.6},
            {"timestamp": "Wed Feb 22 08:26:04 UTC 2017"}
        ],
        [
            {"location": [[
                {"latitude": 64.235926},
                {"longitude": 27.728785}
            ]]},
            {"altitude": 193.5},
            {"distance_km": 0.6},
            {"speed_kmh": 2.7},
            {"timestamp": "Wed Feb 22 08:26:22 UTC 2017"}
        ],
        [
            {"location": [[
                {"latitude": 64.236031},
                {"longitude": 27.728697}
            ]]},
            {"altitude": 193},
            {"distance_km": 0.61},
            {"speed_kmh": 3.6},
            {"timestamp": "Wed Feb 22 08:26:32 UTC 2017"}
        ],
        [
            {"location": [[
                {"latitude": 64.236124},
                {"longitude": 27.728596}
            ]]},
            {"altitude": 192.5},
            {"distance_km": 0.63},
            {"speed_kmh": 3.6},
            {"timestamp": "Wed Feb 22 08:26:40 UTC 2017"}
        ],
        [
            {"location": [[
                {"latitude": 64.236232},
                {"longitude": 27.728509}
            ]]},
            {"altitude": 195},
            {"distance_km": 0.64},
            {"speed_kmh": 3.6},
            {"timestamp": "Wed Feb 22 08:26:49 UTC 2017"}
        ],
        [
            {"location": [[
                {"latitude": 64.236335},
                {"longitude": 27.728423}
            ]]},
            {"altitude": 193},
            {"distance_km": 0.65},
            {"speed_kmh": 3.6},
            {"timestamp": "Wed Feb 22 08:26:58 UTC 2017"}
        ],
        [
            {"location": [[
                {"latitude": 64.236433},
                {"longitude": 27.728344}
            ]]},
            {"altitude": 195.5},
            {"distance_km": 0.66},
            {"speed_kmh": 3.6},
            {"timestamp": "Wed Feb 22 08:27:06 UTC 2017"}
        ],
        [
            {"location": [[
                {"latitude": 64.236537},
                {"longitude": 27.728272}
            ]]},
            {"altitude": 195.5},
            {"distance_km": 0.67},
            {"speed_kmh": 3.6},
            {"timestamp": "Wed Feb 22 08:27:16 UTC 2017"}
        ],
        [
            {"location": [[
                {"latitude": 64.23663},
                {"longitude": 27.728313}
            ]]},
            {"altitude": 196},
            {"distance_km": 0.69},
            {"speed_kmh": 3.6},
            {"timestamp": "Wed Feb 22 08:27:24 UTC 2017"}
        ],
        [
            {"location": [[
                {"latitude": 64.23673},
                {"longitude": 27.728348}
            ]]},
            {"altitude": 193.5},
            {"distance_km": 0.7},
            {"speed_kmh": 4.5},
            {"timestamp": "Wed Feb 22 08:27:32 UTC 2017"}
        ],
        [
            {"location": [[
                {"latitude": 64.236829},
                {"longitude": 27.7284}
            ]]},
            {"altitude": 193},
            {"distance_km": 0.71},
            {"speed_kmh": 4.5},
            {"timestamp": "Wed Feb 22 08:27:40 UTC 2017"}
        ],
        [
            {"location": [[
                {"latitude": 64.236912},
                {"longitude": 27.72855}
            ]]},
            {"altitude": 193.5},
            {"distance_km": 0.72},
            {"speed_kmh": 3.6},
            {"timestamp": "Wed Feb 22 08:27:52 UTC 2017"}
        ],
        [
            {"location": [[
                {"latitude": 64.236986},
                {"longitude": 27.72868}
            ]]},
            {"altitude": 192},
            {"distance_km": 0.73},
            {"speed_kmh": 3.6},
            {"timestamp": "Wed Feb 22 08:28:00 UTC 2017"}
        ],
        [
            {"location": [[
                {"latitude": 64.237065},
                {"longitude": 27.728872}
            ]]},
            {"altitude": 190},
            {"distance_km": 0.74},
            {"speed_kmh": 4.5},
            {"timestamp": "Wed Feb 22 08:28:10 UTC 2017"}
        ],
        [
            {"location": [[
                {"latitude": 64.237162},
                {"longitude": 27.728954}
            ]]},
            {"altitude": 188},
            {"distance_km": 0.75},
            {"speed_kmh": 3.6},
            {"timestamp": "Wed Feb 22 08:28:18 UTC 2017"}
        ],
        [
            {"location": [[
                {"latitude": 64.237264},
                {"longitude": 27.728984}
            ]]},
            {"altitude": 191.5},
            {"distance_km": 0.77},
            {"speed_kmh": 3.6},
            {"timestamp": "Wed Feb 22 08:28:27 UTC 2017"}
        ],
        [
            {"location": [[
                {"latitude": 64.237357},
                {"longitude": 27.728956}
            ]]},
            {"altitude": 191.5},
            {"distance_km": 0.78},
            {"speed_kmh": 3.6},
            {"timestamp": "Wed Feb 22 08:28:34 UTC 2017"}
        ],
        [
            {"location": [[
                {"latitude": 64.237469},
                {"longitude": 27.728882}
            ]]},
            {"altitude": 192.5},
            {"distance_km": 0.79},
            {"speed_kmh": 4.5},
            {"timestamp": "Wed Feb 22 08:28:42 UTC 2017"}
        ],
        [
            {"location": [[
                {"latitude": 64.237566},
                {"longitude": 27.728795}
            ]]},
            {"altitude": 192},
            {"distance_km": 0.8},
            {"speed_kmh": 4.5},
            {"timestamp": "Wed Feb 22 08:28:50 UTC 2017"}
        ],
        [
            {"location": [[
                {"latitude": 64.237662},
                {"longitude": 27.728846}
            ]]},
            {"altitude": 191.5},
            {"distance_km": 0.81},
            {"speed_kmh": 4.5},
            {"timestamp": "Wed Feb 22 08:28:58 UTC 2017"}
        ],
        [
            {"location": [[
                {"latitude": 64.237758},
                {"longitude": 27.728907}
            ]]},
            {"altitude": 190.5},
            {"distance_km": 0.82},
            {"speed_kmh": 4.5},
            {"timestamp": "Wed Feb 22 08:29:06 UTC 2017"}
        ],
        [
            {"location": [[
                {"latitude": 64.23785},
                {"longitude": 27.728915}
            ]]},
            {"altitude": 190},
            {"distance_km": 0.83},
            {"speed_kmh": 4.5},
            {"timestamp": "Wed Feb 22 08:29:14 UTC 2017"}
        ],
        [
            {"location": [[
                {"latitude": 64.237935},
                {"longitude": 27.728823}
            ]]},
            {"altitude": 189.5},
            {"distance_km": 0.84},
            {"speed_kmh": 4.5},
            {"timestamp": "Wed Feb 22 08:29:22 UTC 2017"}
        ],
        [
            {"location": [[
                {"latitude": 64.238002},
                {"longitude": 27.728623}
            ]]},
            {"altitude": 188},
            {"distance_km": 0.86},
            {"speed_kmh": 5.4},
            {"timestamp": "Wed Feb 22 08:29:32 UTC 2017"}
        ],
        [
            {"location": [[
                {"latitude": 64.238085},
                {"longitude": 27.728472}
            ]]},
            {"altitude": 186},
            {"distance_km": 0.87},
            {"speed_kmh": 4.5},
            {"timestamp": "Wed Feb 22 08:29:40 UTC 2017"}
        ],
        [
            {"location": [[
                {"latitude": 64.238195},
                {"longitude": 27.728516}
            ]]},
            {"altitude": 184.5},
            {"distance_km": 0.88},
            {"speed_kmh": 4.5},
            {"timestamp": "Wed Feb 22 08:29:50 UTC 2017"}
        ],
        [
            {"location": [[
                {"latitude": 64.238306},
                {"longitude": 27.728571}
            ]]},
            {"altitude": 186.5},
            {"distance_km": 0.89},
            {"speed_kmh": 4.5},
            {"timestamp": "Wed Feb 22 08:29:58 UTC 2017"}
        ],
        [
            {"location": [[
                {"latitude": 64.238409},
                {"longitude": 27.728626}
            ]]},
            {"altitude": 186},
            {"distance_km": 0.9},
            {"speed_kmh": 4.5},
            {"timestamp": "Wed Feb 22 08:30:06 UTC 2017"}
        ],
        [
            {"location": [[
                {"latitude": 64.238511},
                {"longitude": 27.728692}
            ]]},
            {"altitude": 184.5},
            {"distance_km": 0.92},
            {"speed_kmh": 4.5},
            {"timestamp": "Wed Feb 22 08:30:14 UTC 2017"}
        ],
        [
            {"location": [[
                {"latitude": 64.238604},
                {"longitude": 27.728713}
            ]]},
            {"altitude": 183.5},
            {"distance_km": 0.93},
            {"speed_kmh": 4.5},
            {"timestamp": "Wed Feb 22 08:30:23 UTC 2017"}
        ],
        [
            {"location": [[
                {"latitude": 64.238695},
                {"longitude": 27.728686}
            ]]},
            {"altitude": 183.5},
            {"distance_km": 0.94},
            {"speed_kmh": 4.5},
            {"timestamp": "Wed Feb 22 08:30:30 UTC 2017"}
        ],
        [
            {"location": [[
                {"latitude": 64.238791},
                {"longitude": 27.728719}
            ]]},
            {"altitude": 185.5},
            {"distance_km": 0.95},
            {"speed_kmh": 4.5},
            {"timestamp": "Wed Feb 22 08:30:38 UTC 2017"}
        ],
        [
            {"location": [[
                {"latitude": 64.238882},
                {"longitude": 27.728694}
            ]]},
            {"altitude": 185.5},
            {"distance_km": 0.96},
            {"speed_kmh": 4.5},
            {"timestamp": "Wed Feb 22 08:30:46 UTC 2017"}
        ],
        [
            {"location": [[
                {"latitude": 64.238932},
                {"longitude": 27.728874}
            ]]},
            {"altitude": 183},
            {"distance_km": 0.97},
            {"speed_kmh": 3.6},
            {"timestamp": "Wed Feb 22 08:31:00 UTC 2017"}
        ],
        [
            {"location": [[
                {"latitude": 64.238939},
                {"longitude": 27.729094}
            ]]},
            {"altitude": 177.5},
            {"distance_km": 0.98},
            {"speed_kmh": 2.7},
            {"timestamp": "Wed Feb 22 08:31:10 UTC 2017"}
        ],
        [
            {"location": [[
                {"latitude": 64.238967},
                {"longitude": 27.729345}
            ]]},
            {"altitude": 175},
            {"distance_km": 0.99},
            {"speed_kmh": 3.6},
            {"timestamp": "Wed Feb 22 08:31:20 UTC 2017"}
        ],
        [
            {"location": [[
                {"latitude": 64.238945},
                {"longitude": 27.729555}
            ]]},
            {"altitude": 170},
            {"distance_km": 1},
            {"speed_kmh": 2.7},
            {"timestamp": "Wed Feb 22 08:31:34 UTC 2017"}
        ],
        [
            {"location": [[
                {"latitude": 64.238936},
                {"longitude": 27.729791}
            ]]},
            {"altitude": 175},
            {"distance_km": 1.01},
            {"speed_kmh": 1.8},
            {"timestamp": "Wed Feb 22 08:31:48 UTC 2017"}
        ],
        [
            {"location": [[
                {"latitude": 64.238941},
                {"longitude": 27.730046}
            ]]},
            {"altitude": 182},
            {"distance_km": 1.03},
            {"speed_kmh": 3.6},
            {"timestamp": "Wed Feb 22 08:31:56 UTC 2017"}
        ],
        [
            {"location": [[
                {"latitude": 64.238906},
                {"longitude": 27.73026}
            ]]},
            {"altitude": 179.5},
            {"distance_km": 1.04},
            {"speed_kmh": 0},
            {"timestamp": "Wed Feb 22 08:32:06 UTC 2017"}
        ],
        [
            {"location": [[
                {"latitude": 64.23888},
                {"longitude": 27.730475}
            ]]},
            {"altitude": 179.5},
            {"distance_km": 1.05},
            {"speed_kmh": 3.6},
            {"timestamp": "Wed Feb 22 08:32:19 UTC 2017"}
        ],
        [
            {"location": [[
                {"latitude": 64.238857},
                {"longitude": 27.730694}
            ]]},
            {"altitude": 177.5},
            {"distance_km": 1.06},
            {"speed_kmh": 2.7},
            {"timestamp": "Wed Feb 22 08:32:32 UTC 2017"}
        ],
        [
            {"location": [[
                {"latitude": 64.238854},
                {"longitude": 27.730955}
            ]]},
            {"altitude": 171.5},
            {"distance_km": 1.07},
            {"speed_kmh": 3.6},
            {"timestamp": "Wed Feb 22 08:32:42 UTC 2017"}
        ],
        [
            {"location": [[
                {"latitude": 64.238847},
                {"longitude": 27.731194}
            ]]},
            {"altitude": 171},
            {"distance_km": 1.08},
            {"speed_kmh": 3.6},
            {"timestamp": "Wed Feb 22 08:32:50 UTC 2017"}
        ],
        [
            {"location": [[
                {"latitude": 64.238841},
                {"longitude": 27.731418}
            ]]},
            {"altitude": 175},
            {"distance_km": 1.09},
            {"speed_kmh": 3.6},
            {"timestamp": "Wed Feb 22 08:32:56 UTC 2017"}
        ],
        [
            {"location": [[
                {"latitude": 64.238863},
                {"longitude": 27.731633}
            ]]},
            {"altitude": 178},
            {"distance_km": 1.1},
            {"speed_kmh": 3.6},
            {"timestamp": "Wed Feb 22 08:33:02 UTC 2017"}
        ],
        [
            {"location": [[
                {"latitude": 64.238878},
                {"longitude": 27.731877}
            ]]},
            {"altitude": 177.5},
            {"distance_km": 1.12},
            {"speed_kmh": 3.6},
            {"timestamp": "Wed Feb 22 08:33:10 UTC 2017"}
        ],
        [
            {"location": [[
                {"latitude": 64.238878},
                {"longitude": 27.732097}
            ]]},
            {"altitude": 174},
            {"distance_km": 1.13},
            {"speed_kmh": 5.4},
            {"timestamp": "Wed Feb 22 08:33:16 UTC 2017"}
        ],
        [
            {"location": [[
                {"latitude": 64.238866},
                {"longitude": 27.732337}
            ]]},
            {"altitude": 182.5},
            {"distance_km": 1.14},
            {"speed_kmh": 3.6},
            {"timestamp": "Wed Feb 22 08:33:24 UTC 2017"}
        ],
        [
            {"location": [[
                {"latitude": 64.238819},
                {"longitude": 27.732615}
            ]]},
            {"altitude": 186.5},
            {"distance_km": 1.15},
            {"speed_kmh": 0},
            {"timestamp": "Wed Feb 22 08:33:32 UTC 2017"}
        ],
        [
            {"location": [[
                {"latitude": 64.238773},
                {"longitude": 27.732814}
            ]]},
            {"altitude": 186.5},
            {"distance_km": 1.16},
            {"speed_kmh": 2.7},
            {"timestamp": "Wed Feb 22 08:33:46 UTC 2017"}
        ],
        [
            {"location": [[
                {"latitude": 64.238662},
                {"longitude": 27.732853}
            ]]},
            {"altitude": 185},
            {"distance_km": 1.18},
            {"speed_kmh": 5.4},
            {"timestamp": "Wed Feb 22 08:33:54 UTC 2017"}
        ],
        [
            {"location": [[
                {"latitude": 64.238552},
                {"longitude": 27.732933}
            ]]},
            {"altitude": 186.5},
            {"distance_km": 1.19},
            {"speed_kmh": 5.4},
            {"timestamp": "Wed Feb 22 08:34:00 UTC 2017"}
        ],
        [
            {"location": [[
                {"latitude": 64.23847},
                {"longitude": 27.733017}
            ]]},
            {"altitude": 188},
            {"distance_km": 1.2},
            {"speed_kmh": 4.5},
            {"timestamp": "Wed Feb 22 08:34:06 UTC 2017"}
        ],
        [
            {"location": [[
                {"latitude": 64.23838},
                {"longitude": 27.733034}
            ]]},
            {"altitude": 187.5},
            {"distance_km": 1.21},
            {"speed_kmh": 4.5},
            {"timestamp": "Wed Feb 22 08:34:12 UTC 2017"}
        ],
        [
            {"location": [[
                {"latitude": 64.238314},
                {"longitude": 27.73324}
            ]]},
            {"altitude": 186.5},
            {"distance_km": 1.22},
            {"speed_kmh": 3.6},
            {"timestamp": "Wed Feb 22 08:34:27 UTC 2017"}
        ],
        [
            {"location": [[
                {"latitude": 64.238195},
                {"longitude": 27.733287}
            ]]},
            {"altitude": 186.5},
            {"distance_km": 1.23},
            {"speed_kmh": 5.4},
            {"timestamp": "Wed Feb 22 08:34:35 UTC 2017"}
        ],
        [
            {"location": [[
                {"latitude": 64.238104},
                {"longitude": 27.733298}
            ]]},
            {"altitude": 186.5},
            {"distance_km": 1.24},
            {"speed_kmh": 5.4},
            {"timestamp": "Wed Feb 22 08:34:41 UTC 2017"}
        ],
        [
            {"location": [[
                {"latitude": 64.238},
                {"longitude": 27.733355}
            ]]},
            {"altitude": 185.5},
            {"distance_km": 1.26},
            {"speed_kmh": 5.4},
            {"timestamp": "Wed Feb 22 08:34:48 UTC 2017"}
        ],
        [
            {"location": [[
                {"latitude": 64.237913},
                {"longitude": 27.733406}
            ]]},
            {"altitude": 184.5},
            {"distance_km": 1.27},
            {"speed_kmh": 6.3},
            {"timestamp": "Wed Feb 22 08:34:54 UTC 2017"}
        ],
        [
            {"location": [[
                {"latitude": 64.237822},
                {"longitude": 27.733451}
            ]]},
            {"altitude": 184},
            {"distance_km": 1.28},
            {"speed_kmh": 6.3},
            {"timestamp": "Wed Feb 22 08:35:00 UTC 2017"}
        ],
        [
            {"location": [[
                {"latitude": 64.237705},
                {"longitude": 27.733515}
            ]]},
            {"altitude": 184},
            {"distance_km": 1.29},
            {"speed_kmh": 5.4},
            {"timestamp": "Wed Feb 22 08:35:08 UTC 2017"}
        ],
        [
            {"location": [[
                {"latitude": 64.237588},
                {"longitude": 27.733572}
            ]]},
            {"altitude": 183.5},
            {"distance_km": 1.3},
            {"speed_kmh": 5.4},
            {"timestamp": "Wed Feb 22 08:35:16 UTC 2017"}
        ],
        [
            {"location": [[
                {"latitude": 64.237501},
                {"longitude": 27.733631}
            ]]},
            {"altitude": 183.5},
            {"distance_km": 1.31},
            {"speed_kmh": 5.4},
            {"timestamp": "Wed Feb 22 08:35:22 UTC 2017"}
        ],
        [
            {"location": [[
                {"latitude": 64.237417},
                {"longitude": 27.733706}
            ]]},
            {"altitude": 183},
            {"distance_km": 1.32},
            {"speed_kmh": 5.4},
            {"timestamp": "Wed Feb 22 08:35:28 UTC 2017"}
        ],
        [
            {"location": [[
                {"latitude": 64.237299},
                {"longitude": 27.733748}
            ]]},
            {"altitude": 182},
            {"distance_km": 1.34},
            {"speed_kmh": 5.4},
            {"timestamp": "Wed Feb 22 08:35:36 UTC 2017"}
        ],
        [
            {"location": [[
                {"latitude": 64.237206},
                {"longitude": 27.733806}
            ]]},
            {"altitude": 181},
            {"distance_km": 1.35},
            {"speed_kmh": 6.3},
            {"timestamp": "Wed Feb 22 08:35:42 UTC 2017"}
        ],
        [
            {"location": [[
                {"latitude": 64.237118},
                {"longitude": 27.733877}
            ]]},
            {"altitude": 178},
            {"distance_km": 1.36},
            {"speed_kmh": 5.4},
            {"timestamp": "Wed Feb 22 08:35:48 UTC 2017"}
        ],
        [
            {"location": [[
                {"latitude": 64.237005},
                {"longitude": 27.733967}
            ]]},
            {"altitude": 176},
            {"distance_km": 1.37},
            {"speed_kmh": 5.4},
            {"timestamp": "Wed Feb 22 08:35:56 UTC 2017"}
        ],
        [
            {"location": [[
                {"latitude": 64.236882},
                {"longitude": 27.734101}
            ]]},
            {"altitude": 176},
            {"distance_km": 1.39},
            {"speed_kmh": 5.4},
            {"timestamp": "Wed Feb 22 08:36:04 UTC 2017"}
        ],
        [
            {"location": [[
                {"latitude": 64.236805},
                {"longitude": 27.734211}
            ]]},
            {"altitude": 174},
            {"distance_km": 1.4},
            {"speed_kmh": 5.4},
            {"timestamp": "Wed Feb 22 08:36:10 UTC 2017"}
        ],
        [
            {"location": [[
                {"latitude": 64.236706},
                {"longitude": 27.734366}
            ]]},
            {"altitude": 176.5},
            {"distance_km": 1.41},
            {"speed_kmh": 5.4},
            {"timestamp": "Wed Feb 22 08:36:19 UTC 2017"}
        ],
        [
            {"location": [[
                {"latitude": 64.236605},
                {"longitude": 27.73448}
            ]]},
            {"altitude": 174},
            {"distance_km": 1.42},
            {"speed_kmh": 5.4},
            {"timestamp": "Wed Feb 22 08:36:26 UTC 2017"}
        ],
        [
            {"location": [[
                {"latitude": 64.236513},
                {"longitude": 27.734535}
            ]]},
            {"altitude": 172},
            {"distance_km": 1.43},
            {"speed_kmh": 5.4},
            {"timestamp": "Wed Feb 22 08:36:32 UTC 2017"}
        ],
        [
            {"location": [[
                {"latitude": 64.236442},
                {"longitude": 27.734696}
            ]]},
            {"altitude": 174},
            {"distance_km": 1.44},
            {"speed_kmh": 5.4},
            {"timestamp": "Wed Feb 22 08:36:40 UTC 2017"}
        ],
        [
            {"location": [[
                {"latitude": 64.23636},
                {"longitude": 27.734883}
            ]]},
            {"altitude": 176},
            {"distance_km": 1.46},
            {"speed_kmh": 5.4},
            {"timestamp": "Wed Feb 22 08:36:46 UTC 2017"}
        ],
        [
            {"location": [[
                {"latitude": 64.236265},
                {"longitude": 27.735017}
            ]]},
            {"altitude": 177},
            {"distance_km": 1.47},
            {"speed_kmh": 5.4},
            {"timestamp": "Wed Feb 22 08:36:52 UTC 2017"}
        ],
        [
            {"location": [[
                {"latitude": 64.2362},
                {"longitude": 27.735239}
            ]]},
            {"altitude": 176.5},
            {"distance_km": 1.48},
            {"speed_kmh": 5.4},
            {"timestamp": "Wed Feb 22 08:37:00 UTC 2017"}
        ],
        [
            {"location": [[
                {"latitude": 64.236129},
                {"longitude": 27.735451}
            ]]},
            {"altitude": 173},
            {"distance_km": 1.5},
            {"speed_kmh": 5.4},
            {"timestamp": "Wed Feb 22 08:37:08 UTC 2017"}
        ],
        [
            {"location": [[
                {"latitude": 64.236042},
                {"longitude": 27.735598}
            ]]},
            {"altitude": 175},
            {"distance_km": 1.51},
            {"speed_kmh": 5.4},
            {"timestamp": "Wed Feb 22 08:37:14 UTC 2017"}
        ],
        [
            {"location": [[
                {"latitude": 64.235945},
                {"longitude": 27.735756}
            ]]},
            {"altitude": 174.5},
            {"distance_km": 1.52},
            {"speed_kmh": 5.4},
            {"timestamp": "Wed Feb 22 08:37:20 UTC 2017"}
        ],
        [
            {"location": [[
                {"latitude": 64.235872},
                {"longitude": 27.735947}
            ]]},
            {"altitude": 176.5},
            {"distance_km": 1.53},
            {"speed_kmh": 5.4},
            {"timestamp": "Wed Feb 22 08:37:26 UTC 2017"}
        ],
        [
            {"location": [[
                {"latitude": 64.23581},
                {"longitude": 27.736105}
            ]]},
            {"altitude": 176},
            {"distance_km": 1.54},
            {"speed_kmh": 5.4},
            {"timestamp": "Wed Feb 22 08:37:32 UTC 2017"}
        ],
        [
            {"location": [[
                {"latitude": 64.235729},
                {"longitude": 27.736252}
            ]]},
            {"altitude": 175},
            {"distance_km": 1.55},
            {"speed_kmh": 6.3},
            {"timestamp": "Wed Feb 22 08:37:38 UTC 2017"}
        ],
        [
            {"location": [[
                {"latitude": 64.235641},
                {"longitude": 27.736417}
            ]]},
            {"altitude": 172},
            {"distance_km": 1.57},
            {"speed_kmh": 6.3},
            {"timestamp": "Wed Feb 22 08:37:46 UTC 2017"}
        ],
        [
            {"location": [[
                {"latitude": 64.235535},
                {"longitude": 27.736455}
            ]]},
            {"altitude": 173.5},
            {"distance_km": 1.58},
            {"speed_kmh": 6.3},
            {"timestamp": "Wed Feb 22 08:37:52 UTC 2017"}
        ],
        [
            {"location": [[
                {"latitude": 64.235443},
                {"longitude": 27.736455}
            ]]},
            {"altitude": 171.5},
            {"distance_km": 1.59},
            {"speed_kmh": 5.4},
            {"timestamp": "Wed Feb 22 08:38:00 UTC 2017"}
        ],
        [
            {"location": [[
                {"latitude": 64.235391},
                {"longitude": 27.736626}
            ]]},
            {"altitude": 172},
            {"distance_km": 1.6},
            {"speed_kmh": 5.4},
            {"timestamp": "Wed Feb 22 08:38:14 UTC 2017"}
        ],
        [
            {"location": [[
                {"latitude": 64.235323},
                {"longitude": 27.736815}
            ]]},
            {"altitude": 174},
            {"distance_km": 1.61},
            {"speed_kmh": 4.5},
            {"timestamp": "Wed Feb 22 08:38:22 UTC 2017"}
        ],
        [
            {"location": [[
                {"latitude": 64.235225},
                {"longitude": 27.736786}
            ]]},
            {"altitude": 172.5},
            {"distance_km": 1.62},
            {"speed_kmh": 5.4},
            {"timestamp": "Wed Feb 22 08:38:28 UTC 2017"}
        ],
        [
            {"location": [[
                {"latitude": 64.235116},
                {"longitude": 27.736679}
            ]]},
            {"altitude": 171.5},
            {"distance_km": 1.64},
            {"speed_kmh": 5.4},
            {"timestamp": "Wed Feb 22 08:38:36 UTC 2017"}
        ],
        [
            {"location": [[
                {"latitude": 64.235036},
                {"longitude": 27.736556}
            ]]},
            {"altitude": 170.5},
            {"distance_km": 1.65},
            {"speed_kmh": 5.4},
            {"timestamp": "Wed Feb 22 08:38:42 UTC 2017"}
        ],
        [
            {"location": [[
                {"latitude": 64.234934},
                {"longitude": 27.736448}
            ]]},
            {"altitude": 167.5},
            {"distance_km": 1.66},
            {"speed_kmh": 5.4},
            {"timestamp": "Wed Feb 22 08:38:50 UTC 2017"}
        ],
        [
            {"location": [[
                {"latitude": 64.234851},
                {"longitude": 27.736339}
            ]]},
            {"altitude": 167.5},
            {"distance_km": 1.67},
            {"speed_kmh": 5.4},
            {"timestamp": "Wed Feb 22 08:38:56 UTC 2017"}
        ],
        [
            {"location": [[
                {"latitude": 64.234767},
                {"longitude": 27.736223}
            ]]},
            {"altitude": 167},
            {"distance_km": 1.68},
            {"speed_kmh": 5.4},
            {"timestamp": "Wed Feb 22 08:39:02 UTC 2017"}
        ],
        [
            {"location": [[
                {"latitude": 64.234664},
                {"longitude": 27.736091}
            ]]},
            {"altitude": 167.5},
            {"distance_km": 1.69},
            {"speed_kmh": 5.4},
            {"timestamp": "Wed Feb 22 08:39:10 UTC 2017"}
        ],
        [
            {"location": [[
                {"latitude": 64.234575},
                {"longitude": 27.736065}
            ]]},
            {"altitude": 170.5},
            {"distance_km": 1.7},
            {"speed_kmh": 0},
            {"timestamp": "Wed Feb 22 08:39:28 UTC 2017"}
        ],
        [
            {"location": [[
                {"latitude": 64.234492},
                {"longitude": 27.735933}
            ]]},
            {"altitude": 171.5},
            {"distance_km": 1.71},
            {"speed_kmh": 6.3},
            {"timestamp": "Wed Feb 22 08:39:40 UTC 2017"}
        ],
        [
            {"location": [[
                {"latitude": 64.234411},
                {"longitude": 27.735817}
            ]]},
            {"altitude": 169.5},
            {"distance_km": 1.73},
            {"speed_kmh": 6.3},
            {"timestamp": "Wed Feb 22 08:39:47 UTC 2017"}
        ],
        [
            {"location": [[
                {"latitude": 64.234326},
                {"longitude": 27.735673}
            ]]},
            {"altitude": 170},
            {"distance_km": 1.74},
            {"speed_kmh": 6.3},
            {"timestamp": "Wed Feb 22 08:39:53 UTC 2017"}
        ],
        [
            {"location": [[
                {"latitude": 64.234218},
                {"longitude": 27.735506}
            ]]},
            {"altitude": 169.5},
            {"distance_km": 1.75},
            {"speed_kmh": 6.3},
            {"timestamp": "Wed Feb 22 08:40:00 UTC 2017"}
        ],
        [
            {"location": [[
                {"latitude": 64.234129},
                {"longitude": 27.735408}
            ]]},
            {"altitude": 173},
            {"distance_km": 1.76},
            {"speed_kmh": 6.3},
            {"timestamp": "Wed Feb 22 08:40:06 UTC 2017"}
        ],
        [
            {"location": [[
                {"latitude": 64.234045},
                {"longitude": 27.735289}
            ]]},
            {"altitude": 169.5},
            {"distance_km": 1.77},
            {"speed_kmh": 6.3},
            {"timestamp": "Wed Feb 22 08:40:12 UTC 2017"}
        ],
        [
            {"location": [[
                {"latitude": 64.233959},
                {"longitude": 27.735154}
            ]]},
            {"altitude": 169.5},
            {"distance_km": 1.78},
            {"speed_kmh": 6.3},
            {"timestamp": "Wed Feb 22 08:40:18 UTC 2017"}
        ],
        [
            {"location": [[
                {"latitude": 64.233878},
                {"longitude": 27.735042}
            ]]},
            {"altitude": 170.5},
            {"distance_km": 1.8},
            {"speed_kmh": 6.3},
            {"timestamp": "Wed Feb 22 08:40:24 UTC 2017"}
        ],
        [
            {"location": [[
                {"latitude": 64.233791},
                {"longitude": 27.734905}
            ]]},
            {"altitude": 170},
            {"distance_km": 1.81},
            {"speed_kmh": 6.3},
            {"timestamp": "Wed Feb 22 08:40:32 UTC 2017"}
        ],
        [
            {"location": [[
                {"latitude": 64.233684},
                {"longitude": 27.734767}
            ]]},
            {"altitude": 170},
            {"distance_km": 1.82},
            {"speed_kmh": 5.4},
            {"timestamp": "Wed Feb 22 08:40:42 UTC 2017"}
        ],
        [
            {"location": [[
                {"latitude": 64.233579},
                {"longitude": 27.734666}
            ]]},
            {"altitude": 169},
            {"distance_km": 1.83},
            {"speed_kmh": 6.3},
            {"timestamp": "Wed Feb 22 08:40:48 UTC 2017"}
        ],
        [
            {"location": [[
                {"latitude": 64.233466},
                {"longitude": 27.734587}
            ]]},
            {"altitude": 168},
            {"distance_km": 1.85},
            {"speed_kmh": 6.3},
            {"timestamp": "Wed Feb 22 08:40:56 UTC 2017"}
        ],
        [
            {"location": [[
                {"latitude": 64.23338},
                {"longitude": 27.734524}
            ]]},
            {"altitude": 166},
            {"distance_km": 1.86},
            {"speed_kmh": 6.3},
            {"timestamp": "Wed Feb 22 08:41:02 UTC 2017"}
        ],
        [
            {"location": [[
                {"latitude": 64.233285},
                {"longitude": 27.734442}
            ]]},
            {"altitude": 166},
            {"distance_km": 1.87},
            {"speed_kmh": 6.3},
            {"timestamp": "Wed Feb 22 08:41:08 UTC 2017"}
        ],
        [
            {"location": [[
                {"latitude": 64.23318},
                {"longitude": 27.734395}
            ]]},
            {"altitude": 165.5},
            {"distance_km": 1.88},
            {"speed_kmh": 5.4},
            {"timestamp": "Wed Feb 22 08:41:16 UTC 2017"}
        ],
        [
            {"location": [[
                {"latitude": 64.233073},
                {"longitude": 27.734359}
            ]]},
            {"altitude": 163.5},
            {"distance_km": 1.89},
            {"speed_kmh": 5.4},
            {"timestamp": "Wed Feb 22 08:41:25 UTC 2017"}
        ],
        [
            {"location": [[
                {"latitude": 64.232977},
                {"longitude": 27.73432}
            ]]},
            {"altitude": 162},
            {"distance_km": 1.9},
            {"speed_kmh": 6.3},
            {"timestamp": "Wed Feb 22 08:41:31 UTC 2017"}
        ],
        [
            {"location": [[
                {"latitude": 64.232863},
                {"longitude": 27.734262}
            ]]},
            {"altitude": 160},
            {"distance_km": 1.92},
            {"speed_kmh": 5.4},
            {"timestamp": "Wed Feb 22 08:41:38 UTC 2017"}
        ],
        [
            {"location": [[
                {"latitude": 64.232744},
                {"longitude": 27.734173}
            ]]},
            {"altitude": 157.5},
            {"distance_km": 1.93},
            {"speed_kmh": 4.5},
            {"timestamp": "Wed Feb 22 08:41:48 UTC 2017"}
        ],
        [
            {"location": [[
                {"latitude": 64.23266},
                {"longitude": 27.734017}
            ]]},
            {"altitude": 155},
            {"distance_km": 1.94},
            {"speed_kmh": 5.4},
            {"timestamp": "Wed Feb 22 08:41:56 UTC 2017"}
        ],
        [
            {"location": [[
                {"latitude": 64.232656},
                {"longitude": 27.7338}
            ]]},
            {"altitude": 153.5},
            {"distance_km": 1.95},
            {"speed_kmh": 5.4},
            {"timestamp": "Wed Feb 22 08:42:02 UTC 2017"}
        ],
        [
            {"location": [[
                {"latitude": 64.232663},
                {"longitude": 27.733591}
            ]]},
            {"altitude": 152.5},
            {"distance_km": 1.96},
            {"speed_kmh": 5.4},
            {"timestamp": "Wed Feb 22 08:42:08 UTC 2017"}
        ],
        [
            {"location": [[
                {"latitude": 64.232652},
                {"longitude": 27.733357}
            ]]},
            {"altitude": 153.5},
            {"distance_km": 1.97},
            {"speed_kmh": 3.6},
            {"timestamp": "Wed Feb 22 08:42:18 UTC 2017"}
        ],
        [
            {"location": [[
                {"latitude": 64.232596},
                {"longitude": 27.733171}
            ]]},
            {"altitude": 153.5},
            {"distance_km": 1.98},
            {"speed_kmh": 4.5},
            {"timestamp": "Wed Feb 22 08:42:26 UTC 2017"}
        ],
        [
            {"location": [[
                {"latitude": 64.232495},
                {"longitude": 27.733178}
            ]]},
            {"altitude": 153.5},
            {"distance_km": 2},
            {"speed_kmh": 6.3},
            {"timestamp": "Wed Feb 22 08:42:32 UTC 2017"}
        ],
        [
            {"location": [[
                {"latitude": 64.232389},
                {"longitude": 27.733154}
            ]]},
            {"altitude": 152.5},
            {"distance_km": 2.01},
            {"speed_kmh": 5.4},
            {"timestamp": "Wed Feb 22 08:42:40 UTC 2017"}
        ],
        [
            {"location": [[
                {"latitude": 64.23237},
                {"longitude": 27.732909}
            ]]},
            {"altitude": 156},
            {"distance_km": 2.02},
            {"speed_kmh": 5.4},
            {"timestamp": "Wed Feb 22 08:42:52 UTC 2017"}
        ],
        [
            {"location": [[
                {"latitude": 64.232412},
                {"longitude": 27.732658}
            ]]},
            {"altitude": 157.5},
            {"distance_km": 2.03},
            {"speed_kmh": 5.4},
            {"timestamp": "Wed Feb 22 08:43:00 UTC 2017"}
        ],
        [
            {"location": [[
                {"latitude": 64.232446},
                {"longitude": 27.732417}
            ]]},
            {"altitude": 157.5},
            {"distance_km": 2.04},
            {"speed_kmh": 5.4},
            {"timestamp": "Wed Feb 22 08:43:08 UTC 2017"}
        ],
        [
            {"location": [[
                {"latitude": 64.232476},
                {"longitude": 27.732149}
            ]]},
            {"altitude": 161},
            {"distance_km": 2.06},
            {"speed_kmh": 5.4},
            {"timestamp": "Wed Feb 22 08:43:16 UTC 2017"}
        ],
        [
            {"location": [[
                {"latitude": 64.232495},
                {"longitude": 27.73194}
            ]]},
            {"altitude": 160},
            {"distance_km": 2.07},
            {"speed_kmh": 5.4},
            {"timestamp": "Wed Feb 22 08:43:23 UTC 2017"}
        ],
        [
            {"location": [[
                {"latitude": 64.232513},
                {"longitude": 27.731683}
            ]]},
            {"altitude": 156.5},
            {"distance_km": 2.08},
            {"speed_kmh": 5.4},
            {"timestamp": "Wed Feb 22 08:43:31 UTC 2017"}
        ],
        [
            {"location": [[
                {"latitude": 64.232542},
                {"longitude": 27.731432}
            ]]},
            {"altitude": 155.5},
            {"distance_km": 2.09},
            {"speed_kmh": 5.4},
            {"timestamp": "Wed Feb 22 08:43:39 UTC 2017"}
        ],
        [
            {"location": [[
                {"latitude": 64.232497},
                {"longitude": 27.731253}
            ]]},
            {"altitude": 154},
            {"distance_km": 2.1},
            {"speed_kmh": 5.4},
            {"timestamp": "Wed Feb 22 08:43:46 UTC 2017"}
        ],
        [
            {"location": [[
                {"latitude": 64.232413},
                {"longitude": 27.731117}
            ]]},
            {"altitude": 154.5},
            {"distance_km": 2.12},
            {"speed_kmh": 5.4},
            {"timestamp": "Wed Feb 22 08:43:54 UTC 2017"}
        ],
        [
            {"location": [[
                {"latitude": 64.232324},
                {"longitude": 27.730942}
            ]]},
            {"altitude": 153.5},
            {"distance_km": 2.13},
            {"speed_kmh": 5.4},
            {"timestamp": "Wed Feb 22 08:44:02 UTC 2017"}
        ],
        [
            {"location": [[
                {"latitude": 64.232248},
                {"longitude": 27.730813}
            ]]},
            {"altitude": 153},
            {"distance_km": 2.14},
            {"speed_kmh": 5.4},
            {"timestamp": "Wed Feb 22 08:44:08 UTC 2017"}
        ],
        [
            {"location": [[
                {"latitude": 64.232175},
                {"longitude": 27.73069}
            ]]},
            {"altitude": 153.5},
            {"distance_km": 2.15},
            {"speed_kmh": 5.4},
            {"timestamp": "Wed Feb 22 08:44:14 UTC 2017"}
        ],
        [
            {"location": [[
                {"latitude": 64.232089},
                {"longitude": 27.730587}
            ]]},
            {"altitude": 153.5},
            {"distance_km": 2.16},
            {"speed_kmh": 5.4},
            {"timestamp": "Wed Feb 22 08:44:20 UTC 2017"}
        ],
        [
            {"location": [[
                {"latitude": 64.23201},
                {"longitude": 27.730457}
            ]]},
            {"altitude": 152.5},
            {"distance_km": 2.17},
            {"speed_kmh": 6.3},
            {"timestamp": "Wed Feb 22 08:44:26 UTC 2017"}
        ],
        [
            {"location": [[
                {"latitude": 64.231899},
                {"longitude": 27.730354}
            ]]},
            {"altitude": 152},
            {"distance_km": 2.18},
            {"speed_kmh": 6.3},
            {"timestamp": "Wed Feb 22 08:44:34 UTC 2017"}
        ],
        [
            {"location": [[
                {"latitude": 64.231821},
                {"longitude": 27.730239}
            ]]},
            {"altitude": 152},
            {"distance_km": 2.19},
            {"speed_kmh": 6.3},
            {"timestamp": "Wed Feb 22 08:44:40 UTC 2017"}
        ],
        [
            {"location": [[
                {"latitude": 64.231735},
                {"longitude": 27.730079}
            ]]},
            {"altitude": 146.5},
            {"distance_km": 2.21},
            {"speed_kmh": 6.3},
            {"timestamp": "Wed Feb 22 08:44:48 UTC 2017"}
        ],
        [
            {"location": [[
                {"latitude": 64.231662},
                {"longitude": 27.729916}
            ]]},
            {"altitude": 149},
            {"distance_km": 2.22},
            {"speed_kmh": 6.3},
            {"timestamp": "Wed Feb 22 08:44:56 UTC 2017"}
        ],
        [
            {"location": [[
                {"latitude": 64.231632},
                {"longitude": 27.729679}
            ]]},
            {"altitude": 149.5},
            {"distance_km": 2.23},
            {"speed_kmh": 4.5},
            {"timestamp": "Wed Feb 22 08:45:08 UTC 2017"}
        ],
        [
            {"location": [[
                {"latitude": 64.231675},
                {"longitude": 27.729459}
            ]]},
            {"altitude": 148.5},
            {"distance_km": 2.24},
            {"speed_kmh": 6.3},
            {"timestamp": "Wed Feb 22 08:45:14 UTC 2017"}
        ],
        [
            {"location": [[
                {"latitude": 64.23177},
                {"longitude": 27.729503}
            ]]},
            {"altitude": 148},
            {"distance_km": 2.25},
            {"speed_kmh": 0.9},
            {"timestamp": "Wed Feb 22 08:45:28 UTC 2017"}
        ],
        [
            {"location": [[
                {"latitude": 64.231792},
                {"longitude": 27.729527}
            ]]},
            {"altitude": 149.5},
            {"distance_km": 2.25},
            {"speed_kmh": 0},
            {"timestamp": "Wed Feb 22 08:46:01 UTC 2017"}
        ],
        [
            {"location": [[
                {"latitude": 64.231792},
                {"longitude": 27.729527}
            ]]},
            {"altitude": 149.5},
            {"distance_km": 2.25},
            {"speed_kmh": 0},
            {"timestamp": "Wed Feb 22 08:46:01 UTC 2017"}
        ]
    ]}
]