[
    {"sport": "WALKING"},
    {"source": "TRACK_MOBILE"},
    {"created_date": "2017-05-10 14:07:31.0"},
    {"start_time": "2017-05-10 14:04:38.0"},
    {"end_time": "2017-05-10 14:28:30.0"},
    {"duration_s": 1431},
    {"distance_km": 1.92},
    {"calories_kcal": 137.405},
    {"altitude_min_m": 103.5},
    {"altitude_max_m": 187},
    {"speed_avg_kmh": 4.830188679245283},
    {"speed_max_kmh": 6.3},
    {"ascend_m": 153},
    {"descend_m": 139.5},
    {"points": [
        [
            {"location": [[
                {"latitude": 64.231857},
                {"longitude": 27.72941}
            ]]},
            {"distance_km": 0},
            {"timestamp": "Wed May 10 14:04:38 UTC 2017"}
        ],
        [
            {"location": [[
                {"latitude": 64.231857},
                {"longitude": 27.72941}
            ]]},
            {"altitude": 136},
            {"distance_km": 0},
            {"speed_kmh": 0.9},
            {"timestamp": "Wed May 10 14:04:55 UTC 2017"}
        ],
        [
            {"location": [[
                {"latitude": 64.231774},
                {"longitude": 27.729505}
            ]]},
            {"altitude": 104},
            {"distance_km": 0.01},
            {"speed_kmh": 4.5},
            {"timestamp": "Wed May 10 14:05:15 UTC 2017"}
        ],
        [
            {"location": [[
                {"latitude": 64.231719},
                {"longitude": 27.729678}
            ]]},
            {"altitude": 103.5},
            {"distance_km": 0.02},
            {"speed_kmh": 3.6},
            {"timestamp": "Wed May 10 14:05:19 UTC 2017"}
        ],
        [
            {"location": [[
                {"latitude": 64.231755},
                {"longitude": 27.72987}
            ]]},
            {"altitude": 107},
            {"distance_km": 0.03},
            {"speed_kmh": 4.5},
            {"timestamp": "Wed May 10 14:05:27 UTC 2017"}
        ],
        [
            {"location": [[
                {"latitude": 64.231828},
                {"longitude": 27.730063}
            ]]},
            {"altitude": 104.5},
            {"distance_km": 0.04},
            {"speed_kmh": 4.5},
            {"timestamp": "Wed May 10 14:05:37 UTC 2017"}
        ],
        [
            {"location": [[
                {"latitude": 64.231923},
                {"longitude": 27.730208}
            ]]},
            {"altitude": 108.5},
            {"distance_km": 0.06},
            {"speed_kmh": 5.4},
            {"timestamp": "Wed May 10 14:05:45 UTC 2017"}
        ],
        [
            {"location": [[
                {"latitude": 64.232009},
                {"longitude": 27.730386}
            ]]},
            {"altitude": 116},
            {"distance_km": 0.07},
            {"speed_kmh": 4.5},
            {"timestamp": "Wed May 10 14:05:54 UTC 2017"}
        ],
        [
            {"location": [[
                {"latitude": 64.232091},
                {"longitude": 27.730533}
            ]]},
            {"altitude": 121},
            {"distance_km": 0.08},
            {"speed_kmh": 4.5},
            {"timestamp": "Wed May 10 14:06:02 UTC 2017"}
        ],
        [
            {"location": [[
                {"latitude": 64.232183},
                {"longitude": 27.730646}
            ]]},
            {"altitude": 125},
            {"distance_km": 0.09},
            {"speed_kmh": 4.5},
            {"timestamp": "Wed May 10 14:06:11 UTC 2017"}
        ],
        [
            {"location": [[
                {"latitude": 64.232289},
                {"longitude": 27.730757}
            ]]},
            {"altitude": 129},
            {"distance_km": 0.1},
            {"speed_kmh": 4.5},
            {"timestamp": "Wed May 10 14:06:19 UTC 2017"}
        ],
        [
            {"location": [[
                {"latitude": 64.232387},
                {"longitude": 27.730874}
            ]]},
            {"altitude": 129},
            {"distance_km": 0.12},
            {"speed_kmh": 5.4},
            {"timestamp": "Wed May 10 14:06:25 UTC 2017"}
        ],
        [
            {"location": [[
                {"latitude": 64.232467},
                {"longitude": 27.730981}
            ]]},
            {"altitude": 127},
            {"distance_km": 0.13},
            {"speed_kmh": 5.4},
            {"timestamp": "Wed May 10 14:06:31 UTC 2017"}
        ],
        [
            {"location": [[
                {"latitude": 64.232569},
                {"longitude": 27.731084}
            ]]},
            {"altitude": 130},
            {"distance_km": 0.14},
            {"speed_kmh": 5.4},
            {"timestamp": "Wed May 10 14:06:39 UTC 2017"}
        ],
        [
            {"location": [[
                {"latitude": 64.232662},
                {"longitude": 27.731104}
            ]]},
            {"altitude": 118.5},
            {"distance_km": 0.15},
            {"speed_kmh": 6.3},
            {"timestamp": "Wed May 10 14:07:01 UTC 2017"}
        ],
        [
            {"location": [[
                {"latitude": 64.232745},
                {"longitude": 27.731193}
            ]]},
            {"altitude": 113},
            {"distance_km": 0.16},
            {"speed_kmh": 6.3},
            {"timestamp": "Wed May 10 14:07:07 UTC 2017"}
        ],
        [
            {"location": [[
                {"latitude": 64.232847},
                {"longitude": 27.731257}
            ]]},
            {"altitude": 123},
            {"distance_km": 0.17},
            {"speed_kmh": 6.3},
            {"timestamp": "Wed May 10 14:07:13 UTC 2017"}
        ],
        [
            {"location": [[
                {"latitude": 64.232965},
                {"longitude": 27.731275}
            ]]},
            {"altitude": 125.5},
            {"distance_km": 0.19},
            {"speed_kmh": 6.3},
            {"timestamp": "Wed May 10 14:07:20 UTC 2017"}
        ],
        [
            {"location": [[
                {"latitude": 64.23307},
                {"longitude": 27.731366}
            ]]},
            {"altitude": 128.5},
            {"distance_km": 0.2},
            {"speed_kmh": 6.3},
            {"timestamp": "Wed May 10 14:07:28 UTC 2017"}
        ],
        [
            {"location": [[
                {"latitude": 64.233169},
                {"longitude": 27.731269}
            ]]},
            {"altitude": 137.5},
            {"distance_km": 0.21},
            {"speed_kmh": 3.6},
            {"timestamp": "Wed May 10 14:07:49 UTC 2017"}
        ],
        [
            {"location": [[
                {"latitude": 64.233275},
                {"longitude": 27.731267}
            ]]},
            {"altitude": 134},
            {"distance_km": 0.22},
            {"speed_kmh": 3.6},
            {"timestamp": "Wed May 10 14:07:57 UTC 2017"}
        ],
        [
            {"location": [[
                {"latitude": 64.233384},
                {"longitude": 27.731346}
            ]]},
            {"altitude": 134.5},
            {"distance_km": 0.23},
            {"speed_kmh": 4.5},
            {"timestamp": "Wed May 10 14:08:05 UTC 2017"}
        ],
        [
            {"location": [[
                {"latitude": 64.233485},
                {"longitude": 27.731278}
            ]]},
            {"altitude": 133},
            {"distance_km": 0.25},
            {"speed_kmh": 4.5},
            {"timestamp": "Wed May 10 14:08:13 UTC 2017"}
        ],
        [
            {"location": [[
                {"latitude": 64.233571},
                {"longitude": 27.731205}
            ]]},
            {"altitude": 135.5},
            {"distance_km": 0.26},
            {"speed_kmh": 4.5},
            {"timestamp": "Wed May 10 14:08:21 UTC 2017"}
        ],
        [
            {"location": [[
                {"latitude": 64.233665},
                {"longitude": 27.731219}
            ]]},
            {"altitude": 136.5},
            {"distance_km": 0.27},
            {"speed_kmh": 3.6},
            {"timestamp": "Wed May 10 14:08:27 UTC 2017"}
        ],
        [
            {"location": [[
                {"latitude": 64.233764},
                {"longitude": 27.731112}
            ]]},
            {"altitude": 142.5},
            {"distance_km": 0.28},
            {"speed_kmh": 3.6},
            {"timestamp": "Wed May 10 14:08:35 UTC 2017"}
        ],
        [
            {"location": [[
                {"latitude": 64.233845},
                {"longitude": 27.730994}
            ]]},
            {"altitude": 146},
            {"distance_km": 0.29},
            {"speed_kmh": 3.6},
            {"timestamp": "Wed May 10 14:08:43 UTC 2017"}
        ],
        [
            {"location": [[
                {"latitude": 64.23394},
                {"longitude": 27.730885}
            ]]},
            {"altitude": 141},
            {"distance_km": 0.3},
            {"speed_kmh": 2.7},
            {"timestamp": "Wed May 10 14:09:08 UTC 2017"}
        ],
        [
            {"location": [[
                {"latitude": 64.233971},
                {"longitude": 27.730648}
            ]]},
            {"altitude": 140},
            {"distance_km": 0.31},
            {"speed_kmh": 3.6},
            {"timestamp": "Wed May 10 14:09:17 UTC 2017"}
        ],
        [
            {"location": [[
                {"latitude": 64.234029},
                {"longitude": 27.730426}
            ]]},
            {"altitude": 138.5},
            {"distance_km": 0.33},
            {"speed_kmh": 5.4},
            {"timestamp": "Wed May 10 14:09:25 UTC 2017"}
        ],
        [
            {"location": [[
                {"latitude": 64.234052},
                {"longitude": 27.730173}
            ]]},
            {"altitude": 131.5},
            {"distance_km": 0.34},
            {"speed_kmh": 5.4},
            {"timestamp": "Wed May 10 14:09:31 UTC 2017"}
        ],
        [
            {"location": [[
                {"latitude": 64.234091},
                {"longitude": 27.729967}
            ]]},
            {"altitude": 133},
            {"distance_km": 0.35},
            {"speed_kmh": 5.4},
            {"timestamp": "Wed May 10 14:09:37 UTC 2017"}
        ],
        [
            {"location": [[
                {"latitude": 64.234156},
                {"longitude": 27.729813}
            ]]},
            {"altitude": 133.5},
            {"distance_km": 0.36},
            {"speed_kmh": 3.6},
            {"timestamp": "Wed May 10 14:09:45 UTC 2017"}
        ],
        [
            {"location": [[
                {"latitude": 64.234216},
                {"longitude": 27.729643}
            ]]},
            {"altitude": 135},
            {"distance_km": 0.37},
            {"speed_kmh": 2.7},
            {"timestamp": "Wed May 10 14:09:57 UTC 2017"}
        ],
        [
            {"location": [[
                {"latitude": 64.234289},
                {"longitude": 27.729519}
            ]]},
            {"altitude": 131},
            {"distance_km": 0.38},
            {"speed_kmh": 2.7},
            {"timestamp": "Wed May 10 14:10:05 UTC 2017"}
        ],
        [
            {"location": [[
                {"latitude": 64.234384},
                {"longitude": 27.729456}
            ]]},
            {"altitude": 131.5},
            {"distance_km": 0.39},
            {"speed_kmh": 3.6},
            {"timestamp": "Wed May 10 14:10:15 UTC 2017"}
        ],
        [
            {"location": [[
                {"latitude": 64.234434},
                {"longitude": 27.729271}
            ]]},
            {"altitude": 131},
            {"distance_km": 0.4},
            {"speed_kmh": 3.6},
            {"timestamp": "Wed May 10 14:10:23 UTC 2017"}
        ],
        [
            {"location": [[
                {"latitude": 64.234505},
                {"longitude": 27.729127}
            ]]},
            {"altitude": 131.5},
            {"distance_km": 0.41},
            {"speed_kmh": 3.6},
            {"timestamp": "Wed May 10 14:10:31 UTC 2017"}
        ],
        [
            {"location": [[
                {"latitude": 64.234584},
                {"longitude": 27.728994}
            ]]},
            {"altitude": 132},
            {"distance_km": 0.42},
            {"speed_kmh": 2.7},
            {"timestamp": "Wed May 10 14:10:41 UTC 2017"}
        ],
        [
            {"location": [[
                {"latitude": 64.234673},
                {"longitude": 27.728933}
            ]]},
            {"altitude": 133.5},
            {"distance_km": 0.43},
            {"speed_kmh": 2.7},
            {"timestamp": "Wed May 10 14:10:51 UTC 2017"}
        ],
        [
            {"location": [[
                {"latitude": 64.234762},
                {"longitude": 27.72886}
            ]]},
            {"altitude": 130.5},
            {"distance_km": 0.44},
            {"speed_kmh": 3.6},
            {"timestamp": "Wed May 10 14:10:58 UTC 2017"}
        ],
        [
            {"location": [[
                {"latitude": 64.234848},
                {"longitude": 27.72871}
            ]]},
            {"altitude": 139},
            {"distance_km": 0.46},
            {"speed_kmh": 2.7},
            {"timestamp": "Wed May 10 14:11:08 UTC 2017"}
        ],
        [
            {"location": [[
                {"latitude": 64.234942},
                {"longitude": 27.728673}
            ]]},
            {"altitude": 138},
            {"distance_km": 0.47},
            {"speed_kmh": 5.4},
            {"timestamp": "Wed May 10 14:11:17 UTC 2017"}
        ],
        [
            {"location": [[
                {"latitude": 64.235034},
                {"longitude": 27.728795}
            ]]},
            {"altitude": 135},
            {"distance_km": 0.48},
            {"speed_kmh": 4.5},
            {"timestamp": "Wed May 10 14:11:23 UTC 2017"}
        ],
        [
            {"location": [[
                {"latitude": 64.235147},
                {"longitude": 27.72877}
            ]]},
            {"altitude": 135.5},
            {"distance_km": 0.49},
            {"speed_kmh": 2.7},
            {"timestamp": "Wed May 10 14:11:33 UTC 2017"}
        ],
        [
            {"location": [[
                {"latitude": 64.235242},
                {"longitude": 27.728661}
            ]]},
            {"altitude": 146},
            {"distance_km": 0.5},
            {"speed_kmh": 5.4},
            {"timestamp": "Wed May 10 14:11:39 UTC 2017"}
        ],
        [
            {"location": [[
                {"latitude": 64.235215},
                {"longitude": 27.728445}
            ]]},
            {"altitude": 151},
            {"distance_km": 0.51},
            {"speed_kmh": 4.5},
            {"timestamp": "Wed May 10 14:11:51 UTC 2017"}
        ],
        [
            {"location": [[
                {"latitude": 64.235306},
                {"longitude": 27.728344}
            ]]},
            {"altitude": 143},
            {"distance_km": 0.53},
            {"speed_kmh": 3.6},
            {"timestamp": "Wed May 10 14:12:01 UTC 2017"}
        ],
        [
            {"location": [[
                {"latitude": 64.235396},
                {"longitude": 27.728356}
            ]]},
            {"altitude": 137.5},
            {"distance_km": 0.54},
            {"speed_kmh": 6.3},
            {"timestamp": "Wed May 10 14:12:07 UTC 2017"}
        ],
        [
            {"location": [[
                {"latitude": 64.235475},
                {"longitude": 27.72819}
            ]]},
            {"altitude": 133.5},
            {"distance_km": 0.55},
            {"speed_kmh": 5.4},
            {"timestamp": "Wed May 10 14:12:15 UTC 2017"}
        ],
        [
            {"location": [[
                {"latitude": 64.235541},
                {"longitude": 27.727982}
            ]]},
            {"altitude": 134.5},
            {"distance_km": 0.56},
            {"speed_kmh": 4.5},
            {"timestamp": "Wed May 10 14:12:23 UTC 2017"}
        ],
        [
            {"location": [[
                {"latitude": 64.235644},
                {"longitude": 27.727869}
            ]]},
            {"altitude": 132.5},
            {"distance_km": 0.57},
            {"speed_kmh": 4.5},
            {"timestamp": "Wed May 10 14:12:31 UTC 2017"}
        ],
        [
            {"location": [[
                {"latitude": 64.235733},
                {"longitude": 27.727743}
            ]]},
            {"altitude": 137.5},
            {"distance_km": 0.58},
            {"speed_kmh": 4.5},
            {"timestamp": "Wed May 10 14:12:37 UTC 2017"}
        ],
        [
            {"location": [[
                {"latitude": 64.2358},
                {"longitude": 27.727561}
            ]]},
            {"altitude": 140.5},
            {"distance_km": 0.6},
            {"speed_kmh": 4.5},
            {"timestamp": "Wed May 10 14:12:45 UTC 2017"}
        ],
        [
            {"location": [[
                {"latitude": 64.235878},
                {"longitude": 27.727387}
            ]]},
            {"altitude": 141},
            {"distance_km": 0.61},
            {"speed_kmh": 4.5},
            {"timestamp": "Wed May 10 14:12:53 UTC 2017"}
        ],
        [
            {"location": [[
                {"latitude": 64.23597},
                {"longitude": 27.727245}
            ]]},
            {"altitude": 148},
            {"distance_km": 0.62},
            {"speed_kmh": 5.4},
            {"timestamp": "Wed May 10 14:13:05 UTC 2017"}
        ],
        [
            {"location": [[
                {"latitude": 64.236067},
                {"longitude": 27.727145}
            ]]},
            {"altitude": 152.5},
            {"distance_km": 0.63},
            {"speed_kmh": 4.5},
            {"timestamp": "Wed May 10 14:13:10 UTC 2017"}
        ],
        [
            {"location": [[
                {"latitude": 64.236169},
                {"longitude": 27.727079}
            ]]},
            {"altitude": 155.5},
            {"distance_km": 0.64},
            {"speed_kmh": 5.4},
            {"timestamp": "Wed May 10 14:13:16 UTC 2017"}
        ],
        [
            {"location": [[
                {"latitude": 64.236268},
                {"longitude": 27.727064}
            ]]},
            {"altitude": 159},
            {"distance_km": 0.65},
            {"speed_kmh": 4.5},
            {"timestamp": "Wed May 10 14:13:23 UTC 2017"}
        ],
        [
            {"location": [[
                {"latitude": 64.236376},
                {"longitude": 27.727092}
            ]]},
            {"altitude": 161},
            {"distance_km": 0.67},
            {"speed_kmh": 4.5},
            {"timestamp": "Wed May 10 14:13:29 UTC 2017"}
        ],
        [
            {"location": [[
                {"latitude": 64.236462},
                {"longitude": 27.727148}
            ]]},
            {"altitude": 162.5},
            {"distance_km": 0.68},
            {"speed_kmh": 2.7},
            {"timestamp": "Wed May 10 14:13:35 UTC 2017"}
        ],
        [
            {"location": [[
                {"latitude": 64.236557},
                {"longitude": 27.727153}
            ]]},
            {"altitude": 167},
            {"distance_km": 0.69},
            {"speed_kmh": 3.6},
            {"timestamp": "Wed May 10 14:13:41 UTC 2017"}
        ],
        [
            {"location": [[
                {"latitude": 64.236676},
                {"longitude": 27.727165}
            ]]},
            {"altitude": 171},
            {"distance_km": 0.7},
            {"speed_kmh": 6.3},
            {"timestamp": "Wed May 10 14:13:47 UTC 2017"}
        ],
        [
            {"location": [[
                {"latitude": 64.236786},
                {"longitude": 27.727237}
            ]]},
            {"altitude": 172},
            {"distance_km": 0.71},
            {"speed_kmh": 5.4},
            {"timestamp": "Wed May 10 14:13:53 UTC 2017"}
        ],
        [
            {"location": [[
                {"latitude": 64.236912},
                {"longitude": 27.727312}
            ]]},
            {"altitude": 174.5},
            {"distance_km": 0.73},
            {"speed_kmh": 5.4},
            {"timestamp": "Wed May 10 14:14:01 UTC 2017"}
        ],
        [
            {"location": [[
                {"latitude": 64.237023},
                {"longitude": 27.727395}
            ]]},
            {"altitude": 179.5},
            {"distance_km": 0.74},
            {"speed_kmh": 5.4},
            {"timestamp": "Wed May 10 14:14:07 UTC 2017"}
        ],
        [
            {"location": [[
                {"latitude": 64.237125},
                {"longitude": 27.727495}
            ]]},
            {"altitude": 177},
            {"distance_km": 0.75},
            {"speed_kmh": 4.5},
            {"timestamp": "Wed May 10 14:14:15 UTC 2017"}
        ],
        [
            {"location": [[
                {"latitude": 64.237233},
                {"longitude": 27.727603}
            ]]},
            {"altitude": 179.5},
            {"distance_km": 0.77},
            {"speed_kmh": 4.5},
            {"timestamp": "Wed May 10 14:14:23 UTC 2017"}
        ],
        [
            {"location": [[
                {"latitude": 64.237343},
                {"longitude": 27.727688}
            ]]},
            {"altitude": 185},
            {"distance_km": 0.78},
            {"speed_kmh": 4.5},
            {"timestamp": "Wed May 10 14:14:31 UTC 2017"}
        ],
        [
            {"location": [[
                {"latitude": 64.237455},
                {"longitude": 27.727774}
            ]]},
            {"altitude": 180.5},
            {"distance_km": 0.79},
            {"speed_kmh": 4.5},
            {"timestamp": "Wed May 10 14:14:40 UTC 2017"}
        ],
        [
            {"location": [[
                {"latitude": 64.237552},
                {"longitude": 27.72787}
            ]]},
            {"altitude": 182.5},
            {"distance_km": 0.8},
            {"speed_kmh": 4.5},
            {"timestamp": "Wed May 10 14:14:48 UTC 2017"}
        ],
        [
            {"location": [[
                {"latitude": 64.237654},
                {"longitude": 27.727908}
            ]]},
            {"altitude": 182.5},
            {"distance_km": 0.82},
            {"speed_kmh": 4.5},
            {"timestamp": "Wed May 10 14:14:59 UTC 2017"}
        ],
        [
            {"location": [[
                {"latitude": 64.237748},
                {"longitude": 27.728011}
            ]]},
            {"altitude": 184.5},
            {"distance_km": 0.83},
            {"speed_kmh": 6.3},
            {"timestamp": "Wed May 10 14:15:05 UTC 2017"}
        ],
        [
            {"location": [[
                {"latitude": 64.237845},
                {"longitude": 27.728146}
            ]]},
            {"altitude": 186},
            {"distance_km": 0.84},
            {"speed_kmh": 6.3},
            {"timestamp": "Wed May 10 14:15:11 UTC 2017"}
        ],
        [
            {"location": [[
                {"latitude": 64.237945},
                {"longitude": 27.72819}
            ]]},
            {"altitude": 184},
            {"distance_km": 0.85},
            {"speed_kmh": 6.3},
            {"timestamp": "Wed May 10 14:15:15 UTC 2017"}
        ],
        [
            {"location": [[
                {"latitude": 64.238035},
                {"longitude": 27.728257}
            ]]},
            {"altitude": 182.5},
            {"distance_km": 0.86},
            {"speed_kmh": 5.4},
            {"timestamp": "Wed May 10 14:15:21 UTC 2017"}
        ],
        [
            {"location": [[
                {"latitude": 64.238123},
                {"longitude": 27.728354}
            ]]},
            {"altitude": 180},
            {"distance_km": 0.87},
            {"speed_kmh": 5.4},
            {"timestamp": "Wed May 10 14:15:27 UTC 2017"}
        ],
        [
            {"location": [[
                {"latitude": 64.238029},
                {"longitude": 27.728477}
            ]]},
            {"altitude": 166},
            {"distance_km": 0.88},
            {"speed_kmh": 4.5},
            {"timestamp": "Wed May 10 14:15:33 UTC 2017"}
        ],
        [
            {"location": [[
                {"latitude": 64.237939},
                {"longitude": 27.728576}
            ]]},
            {"altitude": 159},
            {"distance_km": 0.9},
            {"speed_kmh": 4.5},
            {"timestamp": "Wed May 10 14:15:39 UTC 2017"}
        ],
        [
            {"location": [[
                {"latitude": 64.237875},
                {"longitude": 27.728741}
            ]]},
            {"altitude": 155},
            {"distance_km": 0.91},
            {"speed_kmh": 4.5},
            {"timestamp": "Wed May 10 14:15:45 UTC 2017"}
        ],
        [
            {"location": [[
                {"latitude": 64.237796},
                {"longitude": 27.728858}
            ]]},
            {"altitude": 154},
            {"distance_km": 0.92},
            {"speed_kmh": 1.8},
            {"timestamp": "Wed May 10 14:16:03 UTC 2017"}
        ],
        [
            {"location": [[
                {"latitude": 64.237696},
                {"longitude": 27.728894}
            ]]},
            {"altitude": 158.5},
            {"distance_km": 0.93},
            {"speed_kmh": 2.7},
            {"timestamp": "Wed May 10 14:16:19 UTC 2017"}
        ],
        [
            {"location": [[
                {"latitude": 64.237601},
                {"longitude": 27.728869}
            ]]},
            {"altitude": 161.5},
            {"distance_km": 0.94},
            {"speed_kmh": 3.6},
            {"timestamp": "Wed May 10 14:16:25 UTC 2017"}
        ],
        [
            {"location": [[
                {"latitude": 64.237511},
                {"longitude": 27.728921}
            ]]},
            {"altitude": 164.5},
            {"distance_km": 0.95},
            {"speed_kmh": 3.6},
            {"timestamp": "Wed May 10 14:16:31 UTC 2017"}
        ],
        [
            {"location": [[
                {"latitude": 64.237418},
                {"longitude": 27.72896}
            ]]},
            {"altitude": 164},
            {"distance_km": 0.96},
            {"speed_kmh": 3.6},
            {"timestamp": "Wed May 10 14:16:38 UTC 2017"}
        ],
        [
            {"location": [[
                {"latitude": 64.237323},
                {"longitude": 27.729017}
            ]]},
            {"altitude": 164},
            {"distance_km": 0.97},
            {"speed_kmh": 3.6},
            {"timestamp": "Wed May 10 14:16:46 UTC 2017"}
        ],
        [
            {"location": [[
                {"latitude": 64.237217},
                {"longitude": 27.729011}
            ]]},
            {"altitude": 161},
            {"distance_km": 0.98},
            {"speed_kmh": 3.6},
            {"timestamp": "Wed May 10 14:16:55 UTC 2017"}
        ],
        [
            {"location": [[
                {"latitude": 64.237113},
                {"longitude": 27.728975}
            ]]},
            {"altitude": 160.5},
            {"distance_km": 0.99},
            {"speed_kmh": 3.6},
            {"timestamp": "Wed May 10 14:17:03 UTC 2017"}
        ],
        [
            {"location": [[
                {"latitude": 64.237004},
                {"longitude": 27.728852}
            ]]},
            {"altitude": 170},
            {"distance_km": 1.01},
            {"speed_kmh": 3.6},
            {"timestamp": "Wed May 10 14:17:09 UTC 2017"}
        ],
        [
            {"location": [[
                {"latitude": 64.236914},
                {"longitude": 27.728781}
            ]]},
            {"altitude": 171.5},
            {"distance_km": 1.02},
            {"speed_kmh": 3.6},
            {"timestamp": "Wed May 10 14:17:15 UTC 2017"}
        ],
        [
            {"location": [[
                {"latitude": 64.236809},
                {"longitude": 27.728697}
            ]]},
            {"altitude": 172.5},
            {"distance_km": 1.03},
            {"speed_kmh": 3.6},
            {"timestamp": "Wed May 10 14:17:23 UTC 2017"}
        ],
        [
            {"location": [[
                {"latitude": 64.236712},
                {"longitude": 27.72862}
            ]]},
            {"altitude": 175},
            {"distance_km": 1.04},
            {"speed_kmh": 3.6},
            {"timestamp": "Wed May 10 14:17:31 UTC 2017"}
        ],
        [
            {"location": [[
                {"latitude": 64.236609},
                {"longitude": 27.728595}
            ]]},
            {"altitude": 173.5},
            {"distance_km": 1.05},
            {"speed_kmh": 4.5},
            {"timestamp": "Wed May 10 14:17:39 UTC 2017"}
        ],
        [
            {"location": [[
                {"latitude": 64.236518},
                {"longitude": 27.728554}
            ]]},
            {"altitude": 173.5},
            {"distance_km": 1.06},
            {"speed_kmh": 4.5},
            {"timestamp": "Wed May 10 14:17:45 UTC 2017"}
        ],
        [
            {"location": [[
                {"latitude": 64.236415},
                {"longitude": 27.728545}
            ]]},
            {"altitude": 171.5},
            {"distance_km": 1.08},
            {"speed_kmh": 4.5},
            {"timestamp": "Wed May 10 14:17:53 UTC 2017"}
        ],
        [
            {"location": [[
                {"latitude": 64.236311},
                {"longitude": 27.728535}
            ]]},
            {"altitude": 169},
            {"distance_km": 1.09},
            {"speed_kmh": 4.5},
            {"timestamp": "Wed May 10 14:18:03 UTC 2017"}
        ],
        [
            {"location": [[
                {"latitude": 64.236217},
                {"longitude": 27.728583}
            ]]},
            {"altitude": 172.5},
            {"distance_km": 1.1},
            {"speed_kmh": 1.8},
            {"timestamp": "Wed May 10 14:18:15 UTC 2017"}
        ],
        [
            {"location": [[
                {"latitude": 64.236121},
                {"longitude": 27.72869}
            ]]},
            {"altitude": 170},
            {"distance_km": 1.11},
            {"speed_kmh": 3.6},
            {"timestamp": "Wed May 10 14:18:23 UTC 2017"}
        ],
        [
            {"location": [[
                {"latitude": 64.236026},
                {"longitude": 27.728734}
            ]]},
            {"altitude": 173},
            {"distance_km": 1.12},
            {"speed_kmh": 3.6},
            {"timestamp": "Wed May 10 14:18:29 UTC 2017"}
        ],
        [
            {"location": [[
                {"latitude": 64.235934},
                {"longitude": 27.728811}
            ]]},
            {"altitude": 174.5},
            {"distance_km": 1.13},
            {"speed_kmh": 3.6},
            {"timestamp": "Wed May 10 14:18:35 UTC 2017"}
        ],
        [
            {"location": [[
                {"latitude": 64.235837},
                {"longitude": 27.7289}
            ]]},
            {"altitude": 170},
            {"distance_km": 1.14},
            {"speed_kmh": 3.6},
            {"timestamp": "Wed May 10 14:18:43 UTC 2017"}
        ],
        [
            {"location": [[
                {"latitude": 64.235742},
                {"longitude": 27.729}
            ]]},
            {"altitude": 171},
            {"distance_km": 1.15},
            {"speed_kmh": 3.6},
            {"timestamp": "Wed May 10 14:18:54 UTC 2017"}
        ],
        [
            {"location": [[
                {"latitude": 64.23564},
                {"longitude": 27.728947}
            ]]},
            {"altitude": 169.5},
            {"distance_km": 1.17},
            {"speed_kmh": 5.4},
            {"timestamp": "Wed May 10 14:19:00 UTC 2017"}
        ],
        [
            {"location": [[
                {"latitude": 64.235556},
                {"longitude": 27.729025}
            ]]},
            {"altitude": 168.5},
            {"distance_km": 1.18},
            {"speed_kmh": 2.7},
            {"timestamp": "Wed May 10 14:19:09 UTC 2017"}
        ],
        [
            {"location": [[
                {"latitude": 64.235451},
                {"longitude": 27.729075}
            ]]},
            {"altitude": 166.5},
            {"distance_km": 1.19},
            {"speed_kmh": 4.5},
            {"timestamp": "Wed May 10 14:19:17 UTC 2017"}
        ],
        [
            {"location": [[
                {"latitude": 64.23536},
                {"longitude": 27.729151}
            ]]},
            {"altitude": 167},
            {"distance_km": 1.2},
            {"speed_kmh": 3.6},
            {"timestamp": "Wed May 10 14:19:27 UTC 2017"}
        ],
        [
            {"location": [[
                {"latitude": 64.235332},
                {"longitude": 27.729369}
            ]]},
            {"altitude": 167.5},
            {"distance_km": 1.21},
            {"speed_kmh": 4.5},
            {"timestamp": "Wed May 10 14:19:35 UTC 2017"}
        ],
        [
            {"location": [[
                {"latitude": 64.235361},
                {"longitude": 27.7296}
            ]]},
            {"altitude": 167.5},
            {"distance_km": 1.22},
            {"speed_kmh": 3.6},
            {"timestamp": "Wed May 10 14:19:45 UTC 2017"}
        ],
        [
            {"location": [[
                {"latitude": 64.23539},
                {"longitude": 27.729842}
            ]]},
            {"altitude": 166.5},
            {"distance_km": 1.23},
            {"speed_kmh": 4.5},
            {"timestamp": "Wed May 10 14:19:53 UTC 2017"}
        ],
        [
            {"location": [[
                {"latitude": 64.235435},
                {"longitude": 27.730041}
            ]]},
            {"altitude": 170.5},
            {"distance_km": 1.24},
            {"speed_kmh": 4.5},
            {"timestamp": "Wed May 10 14:19:59 UTC 2017"}
        ],
        [
            {"location": [[
                {"latitude": 64.235463},
                {"longitude": 27.730261}
            ]]},
            {"altitude": 173.5},
            {"distance_km": 1.26},
            {"speed_kmh": 4.5},
            {"timestamp": "Wed May 10 14:20:05 UTC 2017"}
        ],
        [
            {"location": [[
                {"latitude": 64.23549},
                {"longitude": 27.730504}
            ]]},
            {"altitude": 174.5},
            {"distance_km": 1.27},
            {"speed_kmh": 4.5},
            {"timestamp": "Wed May 10 14:20:13 UTC 2017"}
        ],
        [
            {"location": [[
                {"latitude": 64.235525},
                {"longitude": 27.730701}
            ]]},
            {"altitude": 178.5},
            {"distance_km": 1.28},
            {"speed_kmh": 4.5},
            {"timestamp": "Wed May 10 14:20:19 UTC 2017"}
        ],
        [
            {"location": [[
                {"latitude": 64.235554},
                {"longitude": 27.730968}
            ]]},
            {"altitude": 182},
            {"distance_km": 1.29},
            {"speed_kmh": 4.5},
            {"timestamp": "Wed May 10 14:20:27 UTC 2017"}
        ],
        [
            {"location": [[
                {"latitude": 64.235572},
                {"longitude": 27.731184}
            ]]},
            {"altitude": 182.5},
            {"distance_km": 1.3},
            {"speed_kmh": 4.5},
            {"timestamp": "Wed May 10 14:20:33 UTC 2017"}
        ],
        [
            {"location": [[
                {"latitude": 64.235589},
                {"longitude": 27.731445}
            ]]},
            {"altitude": 181.5},
            {"distance_km": 1.31},
            {"speed_kmh": 4.5},
            {"timestamp": "Wed May 10 14:20:41 UTC 2017"}
        ],
        [
            {"location": [[
                {"latitude": 64.235601},
                {"longitude": 27.731678}
            ]]},
            {"altitude": 187},
            {"distance_km": 1.33},
            {"speed_kmh": 5.4},
            {"timestamp": "Wed May 10 14:20:48 UTC 2017"}
        ],
        [
            {"location": [[
                {"latitude": 64.235502},
                {"longitude": 27.731854}
            ]]},
            {"altitude": 179},
            {"distance_km": 1.34},
            {"speed_kmh": 4.5},
            {"timestamp": "Wed May 10 14:20:56 UTC 2017"}
        ],
        [
            {"location": [[
                {"latitude": 64.235393},
                {"longitude": 27.73191}
            ]]},
            {"altitude": 173},
            {"distance_km": 1.35},
            {"speed_kmh": 5.4},
            {"timestamp": "Wed May 10 14:21:03 UTC 2017"}
        ],
        [
            {"location": [[
                {"latitude": 64.235303},
                {"longitude": 27.731945}
            ]]},
            {"altitude": 174},
            {"distance_km": 1.36},
            {"speed_kmh": 5.4},
            {"timestamp": "Wed May 10 14:21:09 UTC 2017"}
        ],
        [
            {"location": [[
                {"latitude": 64.235208},
                {"longitude": 27.731985}
            ]]},
            {"altitude": 172},
            {"distance_km": 1.37},
            {"speed_kmh": 5.4},
            {"timestamp": "Wed May 10 14:21:15 UTC 2017"}
        ],
        [
            {"location": [[
                {"latitude": 64.235093},
                {"longitude": 27.732013}
            ]]},
            {"altitude": 168.5},
            {"distance_km": 1.39},
            {"speed_kmh": 5.4},
            {"timestamp": "Wed May 10 14:21:23 UTC 2017"}
        ],
        [
            {"location": [[
                {"latitude": 64.235003},
                {"longitude": 27.732006}
            ]]},
            {"altitude": 166},
            {"distance_km": 1.4},
            {"speed_kmh": 5.4},
            {"timestamp": "Wed May 10 14:21:29 UTC 2017"}
        ],
        [
            {"location": [[
                {"latitude": 64.234893},
                {"longitude": 27.732028}
            ]]},
            {"altitude": 169},
            {"distance_km": 1.41},
            {"speed_kmh": 5.4},
            {"timestamp": "Wed May 10 14:21:37 UTC 2017"}
        ],
        [
            {"location": [[
                {"latitude": 64.234782},
                {"longitude": 27.732057}
            ]]},
            {"altitude": 167},
            {"distance_km": 1.42},
            {"speed_kmh": 5.4},
            {"timestamp": "Wed May 10 14:21:45 UTC 2017"}
        ],
        [
            {"location": [[
                {"latitude": 64.234675},
                {"longitude": 27.732111}
            ]]},
            {"altitude": 166.5},
            {"distance_km": 1.43},
            {"speed_kmh": 5.4},
            {"timestamp": "Wed May 10 14:21:53 UTC 2017"}
        ],
        [
            {"location": [[
                {"latitude": 64.234573},
                {"longitude": 27.732139}
            ]]},
            {"altitude": 170},
            {"distance_km": 1.44},
            {"speed_kmh": 5.4},
            {"timestamp": "Wed May 10 14:22:01 UTC 2017"}
        ],
        [
            {"location": [[
                {"latitude": 64.234484},
                {"longitude": 27.732217}
            ]]},
            {"altitude": 168},
            {"distance_km": 1.45},
            {"speed_kmh": 5.4},
            {"timestamp": "Wed May 10 14:22:07 UTC 2017"}
        ],
        [
            {"location": [[
                {"latitude": 64.234381},
                {"longitude": 27.732235}
            ]]},
            {"altitude": 166},
            {"distance_km": 1.47},
            {"speed_kmh": 5.4},
            {"timestamp": "Wed May 10 14:22:13 UTC 2017"}
        ],
        [
            {"location": [[
                {"latitude": 64.234269},
                {"longitude": 27.73229}
            ]]},
            {"altitude": 164},
            {"distance_km": 1.48},
            {"speed_kmh": 5.4},
            {"timestamp": "Wed May 10 14:22:21 UTC 2017"}
        ],
        [
            {"location": [[
                {"latitude": 64.234173},
                {"longitude": 27.732289}
            ]]},
            {"altitude": 160.5},
            {"distance_km": 1.49},
            {"speed_kmh": 5.4},
            {"timestamp": "Wed May 10 14:22:27 UTC 2017"}
        ],
        [
            {"location": [[
                {"latitude": 64.23406},
                {"longitude": 27.732302}
            ]]},
            {"altitude": 153.5},
            {"distance_km": 1.5},
            {"speed_kmh": 3.6},
            {"timestamp": "Wed May 10 14:22:38 UTC 2017"}
        ],
        [
            {"location": [[
                {"latitude": 64.233956},
                {"longitude": 27.732367}
            ]]},
            {"altitude": 159.5},
            {"distance_km": 1.51},
            {"speed_kmh": 0},
            {"timestamp": "Wed May 10 14:22:46 UTC 2017"}
        ],
        [
            {"location": [[
                {"latitude": 64.233869},
                {"longitude": 27.732473}
            ]]},
            {"altitude": 164},
            {"distance_km": 1.53},
            {"speed_kmh": 0},
            {"timestamp": "Wed May 10 14:22:57 UTC 2017"}
        ],
        [
            {"location": [[
                {"latitude": 64.233772},
                {"longitude": 27.732546}
            ]]},
            {"altitude": 165},
            {"distance_km": 1.54},
            {"speed_kmh": 0},
            {"timestamp": "Wed May 10 14:23:07 UTC 2017"}
        ],
        [
            {"location": [[
                {"latitude": 64.233667},
                {"longitude": 27.732618}
            ]]},
            {"altitude": 161},
            {"distance_km": 1.55},
            {"speed_kmh": 4.5},
            {"timestamp": "Wed May 10 14:23:15 UTC 2017"}
        ],
        [
            {"location": [[
                {"latitude": 64.233579},
                {"longitude": 27.732687}
            ]]},
            {"altitude": 157},
            {"distance_km": 1.56},
            {"speed_kmh": 3.6},
            {"timestamp": "Wed May 10 14:23:21 UTC 2017"}
        ],
        [
            {"location": [[
                {"latitude": 64.233469},
                {"longitude": 27.732771}
            ]]},
            {"altitude": 149.5},
            {"distance_km": 1.57},
            {"speed_kmh": 3.6},
            {"timestamp": "Wed May 10 14:23:29 UTC 2017"}
        ],
        [
            {"location": [[
                {"latitude": 64.233378},
                {"longitude": 27.732847}
            ]]},
            {"altitude": 149.5},
            {"distance_km": 1.58},
            {"speed_kmh": 3.6},
            {"timestamp": "Wed May 10 14:23:41 UTC 2017"}
        ],
        [
            {"location": [[
                {"latitude": 64.233305},
                {"longitude": 27.733001}
            ]]},
            {"altitude": 152},
            {"distance_km": 1.59},
            {"speed_kmh": 1.8},
            {"timestamp": "Wed May 10 14:23:53 UTC 2017"}
        ],
        [
            {"location": [[
                {"latitude": 64.233215},
                {"longitude": 27.733099}
            ]]},
            {"altitude": 144},
            {"distance_km": 1.61},
            {"speed_kmh": 2.7},
            {"timestamp": "Wed May 10 14:24:01 UTC 2017"}
        ],
        [
            {"location": [[
                {"latitude": 64.233099},
                {"longitude": 27.733218}
            ]]},
            {"altitude": 148},
            {"distance_km": 1.62},
            {"speed_kmh": 6.3},
            {"timestamp": "Wed May 10 14:24:07 UTC 2017"}
        ],
        [
            {"location": [[
                {"latitude": 64.232975},
                {"longitude": 27.73327}
            ]]},
            {"altitude": 147},
            {"distance_km": 1.63},
            {"speed_kmh": 6.3},
            {"timestamp": "Wed May 10 14:24:13 UTC 2017"}
        ],
        [
            {"location": [[
                {"latitude": 64.232882},
                {"longitude": 27.733237}
            ]]},
            {"altitude": 147},
            {"distance_km": 1.64},
            {"speed_kmh": 6.3},
            {"timestamp": "Wed May 10 14:24:19 UTC 2017"}
        ],
        [
            {"location": [[
                {"latitude": 64.232763},
                {"longitude": 27.733236}
            ]]},
            {"altitude": 149.5},
            {"distance_km": 1.66},
            {"speed_kmh": 6.3},
            {"timestamp": "Wed May 10 14:24:27 UTC 2017"}
        ],
        [
            {"location": [[
                {"latitude": 64.2327},
                {"longitude": 27.733041}
            ]]},
            {"altitude": 151},
            {"distance_km": 1.67},
            {"speed_kmh": 5.4},
            {"timestamp": "Wed May 10 14:24:36 UTC 2017"}
        ],
        [
            {"location": [[
                {"latitude": 64.23275},
                {"longitude": 27.732859}
            ]]},
            {"altitude": 149.5},
            {"distance_km": 1.68},
            {"speed_kmh": 4.5},
            {"timestamp": "Wed May 10 14:24:42 UTC 2017"}
        ],
        [
            {"location": [[
                {"latitude": 64.232772},
                {"longitude": 27.732655}
            ]]},
            {"altitude": 148.5},
            {"distance_km": 1.69},
            {"speed_kmh": 5.4},
            {"timestamp": "Wed May 10 14:24:49 UTC 2017"}
        ],
        [
            {"location": [[
                {"latitude": 64.232798},
                {"longitude": 27.732412}
            ]]},
            {"altitude": 149},
            {"distance_km": 1.7},
            {"speed_kmh": 4.5},
            {"timestamp": "Wed May 10 14:24:55 UTC 2017"}
        ],
        [
            {"location": [[
                {"latitude": 64.232817},
                {"longitude": 27.732178}
            ]]},
            {"altitude": 148},
            {"distance_km": 1.71},
            {"speed_kmh": 4.5},
            {"timestamp": "Wed May 10 14:25:03 UTC 2017"}
        ],
        [
            {"location": [[
                {"latitude": 64.232841},
                {"longitude": 27.731918}
            ]]},
            {"altitude": 147.5},
            {"distance_km": 1.73},
            {"speed_kmh": 4.5},
            {"timestamp": "Wed May 10 14:25:11 UTC 2017"}
        ],
        [
            {"location": [[
                {"latitude": 64.232833},
                {"longitude": 27.731688}
            ]]},
            {"altitude": 145.5},
            {"distance_km": 1.74},
            {"speed_kmh": 4.5},
            {"timestamp": "Wed May 10 14:25:17 UTC 2017"}
        ],
        [
            {"location": [[
                {"latitude": 64.232824},
                {"longitude": 27.731469}
            ]]},
            {"altitude": 147.5},
            {"distance_km": 1.75},
            {"speed_kmh": 4.5},
            {"timestamp": "Wed May 10 14:25:23 UTC 2017"}
        ],
        [
            {"location": [[
                {"latitude": 64.232716},
                {"longitude": 27.731406}
            ]]},
            {"altitude": 147},
            {"distance_km": 1.76},
            {"speed_kmh": 5.4},
            {"timestamp": "Wed May 10 14:25:31 UTC 2017"}
        ],
        [
            {"location": [[
                {"latitude": 64.232605},
                {"longitude": 27.731346}
            ]]},
            {"altitude": 154},
            {"distance_km": 1.77},
            {"speed_kmh": 4.5},
            {"timestamp": "Wed May 10 14:25:57 UTC 2017"}
        ],
        [
            {"location": [[
                {"latitude": 64.232492},
                {"longitude": 27.731281}
            ]]},
            {"altitude": 156},
            {"distance_km": 1.79},
            {"speed_kmh": 5.4},
            {"timestamp": "Wed May 10 14:26:03 UTC 2017"}
        ],
        [
            {"location": [[
                {"latitude": 64.232375},
                {"longitude": 27.731233}
            ]]},
            {"altitude": 159},
            {"distance_km": 1.8},
            {"speed_kmh": 6.3},
            {"timestamp": "Wed May 10 14:26:09 UTC 2017"}
        ],
        [
            {"location": [[
                {"latitude": 64.232271},
                {"longitude": 27.731157}
            ]]},
            {"altitude": 160.5},
            {"distance_km": 1.81},
            {"speed_kmh": 6.3},
            {"timestamp": "Wed May 10 14:26:15 UTC 2017"}
        ],
        [
            {"location": [[
                {"latitude": 64.232182},
                {"longitude": 27.731046}
            ]]},
            {"altitude": 161},
            {"distance_km": 1.82},
            {"speed_kmh": 6.3},
            {"timestamp": "Wed May 10 14:26:21 UTC 2017"}
        ],
        [
            {"location": [[
                {"latitude": 64.232109},
                {"longitude": 27.730911}
            ]]},
            {"altitude": 157.5},
            {"distance_km": 1.83},
            {"speed_kmh": 0},
            {"timestamp": "Wed May 10 14:26:28 UTC 2017"}
        ],
        [
            {"location": [[
                {"latitude": 64.232027},
                {"longitude": 27.730779}
            ]]},
            {"altitude": 157},
            {"distance_km": 1.84},
            {"speed_kmh": 5.4},
            {"timestamp": "Wed May 10 14:26:37 UTC 2017"}
        ],
        [
            {"location": [[
                {"latitude": 64.231944},
                {"longitude": 27.730655}
            ]]},
            {"altitude": 156},
            {"distance_km": 1.85},
            {"speed_kmh": 5.4},
            {"timestamp": "Wed May 10 14:26:43 UTC 2017"}
        ],
        [
            {"location": [[
                {"latitude": 64.231858},
                {"longitude": 27.730486}
            ]]},
            {"altitude": 154.5},
            {"distance_km": 1.87},
            {"speed_kmh": 5.4},
            {"timestamp": "Wed May 10 14:26:49 UTC 2017"}
        ],
        [
            {"location": [[
                {"latitude": 64.231786},
                {"longitude": 27.730358}
            ]]},
            {"altitude": 152.5},
            {"distance_km": 1.88},
            {"speed_kmh": 5.4},
            {"timestamp": "Wed May 10 14:26:55 UTC 2017"}
        ],
        [
            {"location": [[
                {"latitude": 64.23172},
                {"longitude": 27.730168}
            ]]},
            {"altitude": 149.5},
            {"distance_km": 1.89},
            {"speed_kmh": 5.4},
            {"timestamp": "Wed May 10 14:27:03 UTC 2017"}
        ],
        [
            {"location": [[
                {"latitude": 64.231695},
                {"longitude": 27.729948}
            ]]},
            {"altitude": 148},
            {"distance_km": 1.9},
            {"speed_kmh": 5.4},
            {"timestamp": "Wed May 10 14:27:09 UTC 2017"}
        ],
        [
            {"location": [[
                {"latitude": 64.231711},
                {"longitude": 27.729732}
            ]]},
            {"altitude": 142.5},
            {"distance_km": 1.91},
            {"speed_kmh": 2.7},
            {"timestamp": "Wed May 10 14:27:17 UTC 2017"}
        ],
        [
            {"location": [[
                {"latitude": 64.231771},
                {"longitude": 27.729575}
            ]]},
            {"altitude": 141},
            {"distance_km": 1.92},
            {"speed_kmh": 0},
            {"timestamp": "Wed May 10 14:27:39 UTC 2017"}
        ],
        [
            {"location": [[
                {"latitude": 64.231795},
                {"longitude": 27.729541}
            ]]},
            {"altitude": 143},
            {"distance_km": 1.92},
            {"speed_kmh": 0},
            {"timestamp": "Wed May 10 14:28:30 UTC 2017"}
        ],
        [
            {"location": [[
                {"latitude": 64.231795},
                {"longitude": 27.729541}
            ]]},
            {"altitude": 143},
            {"distance_km": 1.92},
            {"speed_kmh": 0},
            {"timestamp": "Wed May 10 14:28:31 UTC 2017"}
        ]
    ]}
]