[
    {"sport": "WALKING"},
    {"source": "TRACK_MOBILE"},
    {"created_date": "2017-04-22 07:35:15.0"},
    {"start_time": "2017-04-22 07:34:12.0"},
    {"end_time": "2017-04-22 08:08:36.0"},
    {"duration_s": 2063},
    {"distance_km": 2.54},
    {"calories_kcal": 188.17},
    {"altitude_min_m": 151.5},
    {"altitude_max_m": 187.5},
    {"speed_avg_kmh": 4.432380029083858},
    {"speed_max_kmh": 21.6},
    {"ascend_m": 36},
    {"descend_m": 62.5},
    {"points": [
        [
            {"location": [[
                {"latitude": 64.233519},
                {"longitude": 27.644313}
            ]]},
            {"altitude": 187.5},
            {"distance_km": 0},
            {"speed_kmh": 9.9},
            {"timestamp": "Sat Apr 22 07:34:12 UTC 2017"}
        ],
        [
            {"location": [[
                {"latitude": 64.233607},
                {"longitude": 27.644559}
            ]]},
            {"altitude": 169},
            {"distance_km": 0.02},
            {"speed_kmh": 0.9},
            {"timestamp": "Sat Apr 22 07:34:20 UTC 2017"}
        ],
        [
            {"location": [[
                {"latitude": 64.233662},
                {"longitude": 27.644381}
            ]]},
            {"altitude": 156.5},
            {"distance_km": 0.03},
            {"speed_kmh": 4.5},
            {"timestamp": "Sat Apr 22 07:34:36 UTC 2017"}
        ],
        [
            {"location": [[
                {"latitude": 64.233715},
                {"longitude": 27.644193}
            ]]},
            {"altitude": 157.5},
            {"distance_km": 0.04},
            {"speed_kmh": 3.6},
            {"timestamp": "Sat Apr 22 07:34:50 UTC 2017"}
        ],
        [
            {"location": [[
                {"latitude": 64.233768},
                {"longitude": 27.644001}
            ]]},
            {"altitude": 158},
            {"distance_km": 0.05},
            {"speed_kmh": 3.6},
            {"timestamp": "Sat Apr 22 07:35:00 UTC 2017"}
        ],
        [
            {"location": [[
                {"latitude": 64.23382},
                {"longitude": 27.643807}
            ]]},
            {"altitude": 161},
            {"distance_km": 0.06},
            {"speed_kmh": 3.6},
            {"timestamp": "Sat Apr 22 07:35:09 UTC 2017"}
        ],
        [
            {"location": [[
                {"latitude": 64.23388},
                {"longitude": 27.643605}
            ]]},
            {"altitude": 160.5},
            {"distance_km": 0.07},
            {"speed_kmh": 3.6},
            {"timestamp": "Sat Apr 22 07:35:19 UTC 2017"}
        ],
        [
            {"location": [[
                {"latitude": 64.233923},
                {"longitude": 27.643371}
            ]]},
            {"altitude": 160.5},
            {"distance_km": 0.08},
            {"speed_kmh": 4.5},
            {"timestamp": "Sat Apr 22 07:35:27 UTC 2017"}
        ],
        [
            {"location": [[
                {"latitude": 64.233977},
                {"longitude": 27.643181}
            ]]},
            {"altitude": 160},
            {"distance_km": 0.09},
            {"speed_kmh": 3.6},
            {"timestamp": "Sat Apr 22 07:35:35 UTC 2017"}
        ],
        [
            {"location": [[
                {"latitude": 64.23403},
                {"longitude": 27.643014}
            ]]},
            {"altitude": 161},
            {"distance_km": 0.1},
            {"speed_kmh": 4.5},
            {"timestamp": "Sat Apr 22 07:35:43 UTC 2017"}
        ],
        [
            {"location": [[
                {"latitude": 64.234102},
                {"longitude": 27.642817}
            ]]},
            {"altitude": 158.5},
            {"distance_km": 0.12},
            {"speed_kmh": 3.6},
            {"timestamp": "Sat Apr 22 07:35:53 UTC 2017"}
        ],
        [
            {"location": [[
                {"latitude": 64.234165},
                {"longitude": 27.642619}
            ]]},
            {"altitude": 151.5},
            {"distance_km": 0.13},
            {"speed_kmh": 3.6},
            {"timestamp": "Sat Apr 22 07:36:04 UTC 2017"}
        ],
        [
            {"location": [[
                {"latitude": 64.234226},
                {"longitude": 27.642427}
            ]]},
            {"altitude": 152.5},
            {"distance_km": 0.14},
            {"speed_kmh": 3.6},
            {"timestamp": "Sat Apr 22 07:36:14 UTC 2017"}
        ],
        [
            {"location": [[
                {"latitude": 64.234287},
                {"longitude": 27.642223}
            ]]},
            {"altitude": 152.5},
            {"distance_km": 0.15},
            {"speed_kmh": 3.6},
            {"timestamp": "Sat Apr 22 07:36:22 UTC 2017"}
        ],
        [
            {"location": [[
                {"latitude": 64.234351},
                {"longitude": 27.642049}
            ]]},
            {"altitude": 152},
            {"distance_km": 0.16},
            {"speed_kmh": 3.6},
            {"timestamp": "Sat Apr 22 07:36:30 UTC 2017"}
        ],
        [
            {"location": [[
                {"latitude": 64.234406},
                {"longitude": 27.641843}
            ]]},
            {"altitude": 155.5},
            {"distance_km": 0.17},
            {"speed_kmh": 3.6},
            {"timestamp": "Sat Apr 22 07:36:38 UTC 2017"}
        ],
        [
            {"location": [[
                {"latitude": 64.234444},
                {"longitude": 27.641586}
            ]]},
            {"altitude": 154.5},
            {"distance_km": 0.19},
            {"speed_kmh": 3.6},
            {"timestamp": "Sat Apr 22 07:36:46 UTC 2017"}
        ],
        [
            {"location": [[
                {"latitude": 64.234527},
                {"longitude": 27.641497}
            ]]},
            {"altitude": 153.5},
            {"distance_km": 0.2},
            {"speed_kmh": 3.6},
            {"timestamp": "Sat Apr 22 07:36:55 UTC 2017"}
        ],
        [
            {"location": [[
                {"latitude": 64.234624},
                {"longitude": 27.641492}
            ]]},
            {"altitude": 152.5},
            {"distance_km": 0.21},
            {"speed_kmh": 3.6},
            {"timestamp": "Sat Apr 22 07:37:07 UTC 2017"}
        ],
        [
            {"location": [[
                {"latitude": 64.234729},
                {"longitude": 27.641469}
            ]]},
            {"altitude": 160},
            {"distance_km": 0.22},
            {"speed_kmh": 2.7},
            {"timestamp": "Sat Apr 22 07:37:17 UTC 2017"}
        ],
        [
            {"location": [[
                {"latitude": 64.234811},
                {"longitude": 27.641591}
            ]]},
            {"altitude": 161.5},
            {"distance_km": 0.23},
            {"speed_kmh": 2.7},
            {"timestamp": "Sat Apr 22 07:37:29 UTC 2017"}
        ],
        [
            {"location": [[
                {"latitude": 64.234877},
                {"longitude": 27.641804}
            ]]},
            {"altitude": 161.5},
            {"distance_km": 0.24},
            {"speed_kmh": 2.7},
            {"timestamp": "Sat Apr 22 07:37:39 UTC 2017"}
        ],
        [
            {"location": [[
                {"latitude": 64.234965},
                {"longitude": 27.641891}
            ]]},
            {"altitude": 162},
            {"distance_km": 0.25},
            {"speed_kmh": 2.7},
            {"timestamp": "Sat Apr 22 07:37:53 UTC 2017"}
        ],
        [
            {"location": [[
                {"latitude": 64.235033},
                {"longitude": 27.641673}
            ]]},
            {"altitude": 164},
            {"distance_km": 0.27},
            {"speed_kmh": 2.7},
            {"timestamp": "Sat Apr 22 07:38:04 UTC 2017"}
        ],
        [
            {"location": [[
                {"latitude": 64.235106},
                {"longitude": 27.641498}
            ]]},
            {"altitude": 161.5},
            {"distance_km": 0.28},
            {"speed_kmh": 3.6},
            {"timestamp": "Sat Apr 22 07:38:14 UTC 2017"}
        ],
        [
            {"location": [[
                {"latitude": 64.235102},
                {"longitude": 27.641265}
            ]]},
            {"altitude": 162.5},
            {"distance_km": 0.29},
            {"speed_kmh": 3.6},
            {"timestamp": "Sat Apr 22 07:38:22 UTC 2017"}
        ],
        [
            {"location": [[
                {"latitude": 64.235087},
                {"longitude": 27.641035}
            ]]},
            {"altitude": 163.5},
            {"distance_km": 0.3},
            {"speed_kmh": 3.6},
            {"timestamp": "Sat Apr 22 07:38:30 UTC 2017"}
        ],
        [
            {"location": [[
                {"latitude": 64.235121},
                {"longitude": 27.640812}
            ]]},
            {"altitude": 165},
            {"distance_km": 0.31},
            {"speed_kmh": 3.6},
            {"timestamp": "Sat Apr 22 07:38:38 UTC 2017"}
        ],
        [
            {"location": [[
                {"latitude": 64.235187},
                {"longitude": 27.640614}
            ]]},
            {"altitude": 162.5},
            {"distance_km": 0.33},
            {"speed_kmh": 3.6},
            {"timestamp": "Sat Apr 22 07:38:46 UTC 2017"}
        ],
        [
            {"location": [[
                {"latitude": 64.235237},
                {"longitude": 27.640403}
            ]]},
            {"altitude": 162.5},
            {"distance_km": 0.34},
            {"speed_kmh": 3.6},
            {"timestamp": "Sat Apr 22 07:38:54 UTC 2017"}
        ],
        [
            {"location": [[
                {"latitude": 64.235293},
                {"longitude": 27.640226}
            ]]},
            {"altitude": 160},
            {"distance_km": 0.35},
            {"speed_kmh": 3.6},
            {"timestamp": "Sat Apr 22 07:39:00 UTC 2017"}
        ],
        [
            {"location": [[
                {"latitude": 64.235349},
                {"longitude": 27.640037}
            ]]},
            {"altitude": 160.5},
            {"distance_km": 0.36},
            {"speed_kmh": 3.6},
            {"timestamp": "Sat Apr 22 07:39:09 UTC 2017"}
        ],
        [
            {"location": [[
                {"latitude": 64.235375},
                {"longitude": 27.639793}
            ]]},
            {"altitude": 162.5},
            {"distance_km": 0.37},
            {"speed_kmh": 3.6},
            {"timestamp": "Sat Apr 22 07:39:17 UTC 2017"}
        ],
        [
            {"location": [[
                {"latitude": 64.23544},
                {"longitude": 27.639587}
            ]]},
            {"altitude": 163.5},
            {"distance_km": 0.38},
            {"speed_kmh": 3.6},
            {"timestamp": "Sat Apr 22 07:39:25 UTC 2017"}
        ],
        [
            {"location": [[
                {"latitude": 64.235486},
                {"longitude": 27.639363}
            ]]},
            {"altitude": 164},
            {"distance_km": 0.4},
            {"speed_kmh": 4.5},
            {"timestamp": "Sat Apr 22 07:39:33 UTC 2017"}
        ],
        [
            {"location": [[
                {"latitude": 64.235517},
                {"longitude": 27.639119}
            ]]},
            {"altitude": 166.5},
            {"distance_km": 0.41},
            {"speed_kmh": 3.6},
            {"timestamp": "Sat Apr 22 07:39:41 UTC 2017"}
        ],
        [
            {"location": [[
                {"latitude": 64.235508},
                {"longitude": 27.638873}
            ]]},
            {"altitude": 169},
            {"distance_km": 0.42},
            {"speed_kmh": 3.6},
            {"timestamp": "Sat Apr 22 07:39:49 UTC 2017"}
        ],
        [
            {"location": [[
                {"latitude": 64.235512},
                {"longitude": 27.638621}
            ]]},
            {"altitude": 169.5},
            {"distance_km": 0.43},
            {"speed_kmh": 3.6},
            {"timestamp": "Sat Apr 22 07:39:57 UTC 2017"}
        ],
        [
            {"location": [[
                {"latitude": 64.235525},
                {"longitude": 27.638396}
            ]]},
            {"altitude": 172.5},
            {"distance_km": 0.44},
            {"speed_kmh": 3.6},
            {"timestamp": "Sat Apr 22 07:40:04 UTC 2017"}
        ],
        [
            {"location": [[
                {"latitude": 64.235545},
                {"longitude": 27.638166}
            ]]},
            {"altitude": 173},
            {"distance_km": 0.45},
            {"speed_kmh": 3.6},
            {"timestamp": "Sat Apr 22 07:40:12 UTC 2017"}
        ],
        [
            {"location": [[
                {"latitude": 64.235581},
                {"longitude": 27.637929}
            ]]},
            {"altitude": 171.5},
            {"distance_km": 0.47},
            {"speed_kmh": 3.6},
            {"timestamp": "Sat Apr 22 07:40:20 UTC 2017"}
        ],
        [
            {"location": [[
                {"latitude": 64.235612},
                {"longitude": 27.637692}
            ]]},
            {"altitude": 165},
            {"distance_km": 0.48},
            {"speed_kmh": 4.5},
            {"timestamp": "Sat Apr 22 07:40:28 UTC 2017"}
        ],
        [
            {"location": [[
                {"latitude": 64.23566},
                {"longitude": 27.637488}
            ]]},
            {"altitude": 163},
            {"distance_km": 0.49},
            {"speed_kmh": 3.6},
            {"timestamp": "Sat Apr 22 07:40:36 UTC 2017"}
        ],
        [
            {"location": [[
                {"latitude": 64.235704},
                {"longitude": 27.637275}
            ]]},
            {"altitude": 162},
            {"distance_km": 0.5},
            {"speed_kmh": 4.5},
            {"timestamp": "Sat Apr 22 07:40:44 UTC 2017"}
        ],
        [
            {"location": [[
                {"latitude": 64.235745},
                {"longitude": 27.637077}
            ]]},
            {"altitude": 162.5},
            {"distance_km": 0.51},
            {"speed_kmh": 4.5},
            {"timestamp": "Sat Apr 22 07:40:50 UTC 2017"}
        ],
        [
            {"location": [[
                {"latitude": 64.235774},
                {"longitude": 27.636842}
            ]]},
            {"altitude": 162.5},
            {"distance_km": 0.52},
            {"speed_kmh": 4.5},
            {"timestamp": "Sat Apr 22 07:40:59 UTC 2017"}
        ],
        [
            {"location": [[
                {"latitude": 64.235808},
                {"longitude": 27.636615}
            ]]},
            {"altitude": 162.5},
            {"distance_km": 0.53},
            {"speed_kmh": 4.5},
            {"timestamp": "Sat Apr 22 07:41:07 UTC 2017"}
        ],
        [
            {"location": [[
                {"latitude": 64.235857},
                {"longitude": 27.636423}
            ]]},
            {"altitude": 159.5},
            {"distance_km": 0.55},
            {"speed_kmh": 3.6},
            {"timestamp": "Sat Apr 22 07:41:15 UTC 2017"}
        ],
        [
            {"location": [[
                {"latitude": 64.235934},
                {"longitude": 27.636305}
            ]]},
            {"altitude": 158.5},
            {"distance_km": 0.56},
            {"speed_kmh": 4.5},
            {"timestamp": "Sat Apr 22 07:41:23 UTC 2017"}
        ],
        [
            {"location": [[
                {"latitude": 64.236013},
                {"longitude": 27.636134}
            ]]},
            {"altitude": 157.5},
            {"distance_km": 0.57},
            {"speed_kmh": 4.5},
            {"timestamp": "Sat Apr 22 07:41:31 UTC 2017"}
        ],
        [
            {"location": [[
                {"latitude": 64.236089},
                {"longitude": 27.635986}
            ]]},
            {"altitude": 156},
            {"distance_km": 0.58},
            {"speed_kmh": 3.6},
            {"timestamp": "Sat Apr 22 07:41:39 UTC 2017"}
        ],
        [
            {"location": [[
                {"latitude": 64.236141},
                {"longitude": 27.635791}
            ]]},
            {"altitude": 159},
            {"distance_km": 0.59},
            {"speed_kmh": 4.5},
            {"timestamp": "Sat Apr 22 07:41:46 UTC 2017"}
        ],
        [
            {"location": [[
                {"latitude": 64.236207},
                {"longitude": 27.635579}
            ]]},
            {"altitude": 164},
            {"distance_km": 0.6},
            {"speed_kmh": 4.5},
            {"timestamp": "Sat Apr 22 07:41:54 UTC 2017"}
        ],
        [
            {"location": [[
                {"latitude": 64.23628},
                {"longitude": 27.635398}
            ]]},
            {"altitude": 167.5},
            {"distance_km": 0.61},
            {"speed_kmh": 4.5},
            {"timestamp": "Sat Apr 22 07:42:02 UTC 2017"}
        ],
        [
            {"location": [[
                {"latitude": 64.236359},
                {"longitude": 27.63524}
            ]]},
            {"altitude": 164.5},
            {"distance_km": 0.63},
            {"speed_kmh": 4.5},
            {"timestamp": "Sat Apr 22 07:42:10 UTC 2017"}
        ],
        [
            {"location": [[
                {"latitude": 64.236447},
                {"longitude": 27.63512}
            ]]},
            {"altitude": 165.5},
            {"distance_km": 0.64},
            {"speed_kmh": 4.5},
            {"timestamp": "Sat Apr 22 07:42:18 UTC 2017"}
        ],
        [
            {"location": [[
                {"latitude": 64.236517},
                {"longitude": 27.634936}
            ]]},
            {"altitude": 163.5},
            {"distance_km": 0.65},
            {"speed_kmh": 6.3},
            {"timestamp": "Sat Apr 22 07:42:24 UTC 2017"}
        ],
        [
            {"location": [[
                {"latitude": 64.236565},
                {"longitude": 27.634732}
            ]]},
            {"altitude": 161},
            {"distance_km": 0.66},
            {"speed_kmh": 3.6},
            {"timestamp": "Sat Apr 22 07:42:32 UTC 2017"}
        ],
        [
            {"location": [[
                {"latitude": 64.236607},
                {"longitude": 27.634526}
            ]]},
            {"altitude": 160},
            {"distance_km": 0.67},
            {"speed_kmh": 3.6},
            {"timestamp": "Sat Apr 22 07:42:41 UTC 2017"}
        ],
        [
            {"location": [[
                {"latitude": 64.236666},
                {"longitude": 27.634354}
            ]]},
            {"altitude": 160},
            {"distance_km": 0.68},
            {"speed_kmh": 3.6},
            {"timestamp": "Sat Apr 22 07:42:49 UTC 2017"}
        ],
        [
            {"location": [[
                {"latitude": 64.236733},
                {"longitude": 27.634212}
            ]]},
            {"altitude": 159.5},
            {"distance_km": 0.69},
            {"speed_kmh": 3.6},
            {"timestamp": "Sat Apr 22 07:42:57 UTC 2017"}
        ],
        [
            {"location": [[
                {"latitude": 64.236784},
                {"longitude": 27.634008}
            ]]},
            {"altitude": 161},
            {"distance_km": 0.7},
            {"speed_kmh": 3.6},
            {"timestamp": "Sat Apr 22 07:43:05 UTC 2017"}
        ],
        [
            {"location": [[
                {"latitude": 64.236829},
                {"longitude": 27.633797}
            ]]},
            {"altitude": 161},
            {"distance_km": 0.71},
            {"speed_kmh": 3.6},
            {"timestamp": "Sat Apr 22 07:43:13 UTC 2017"}
        ],
        [
            {"location": [[
                {"latitude": 64.236896},
                {"longitude": 27.633636}
            ]]},
            {"altitude": 159},
            {"distance_km": 0.73},
            {"speed_kmh": 3.6},
            {"timestamp": "Sat Apr 22 07:43:21 UTC 2017"}
        ],
        [
            {"location": [[
                {"latitude": 64.236986},
                {"longitude": 27.633554}
            ]]},
            {"altitude": 162},
            {"distance_km": 0.74},
            {"speed_kmh": 4.5},
            {"timestamp": "Sat Apr 22 07:43:29 UTC 2017"}
        ],
        [
            {"location": [[
                {"latitude": 64.237079},
                {"longitude": 27.633414}
            ]]},
            {"altitude": 162},
            {"distance_km": 0.75},
            {"speed_kmh": 4.5},
            {"timestamp": "Sat Apr 22 07:43:37 UTC 2017"}
        ],
        [
            {"location": [[
                {"latitude": 64.237165},
                {"longitude": 27.633307}
            ]]},
            {"altitude": 165},
            {"distance_km": 0.76},
            {"speed_kmh": 4.5},
            {"timestamp": "Sat Apr 22 07:43:45 UTC 2017"}
        ],
        [
            {"location": [[
                {"latitude": 64.237272},
                {"longitude": 27.633232}
            ]]},
            {"altitude": 166},
            {"distance_km": 0.77},
            {"speed_kmh": 3.6},
            {"timestamp": "Sat Apr 22 07:43:54 UTC 2017"}
        ],
        [
            {"location": [[
                {"latitude": 64.237366},
                {"longitude": 27.633123}
            ]]},
            {"altitude": 165},
            {"distance_km": 0.78},
            {"speed_kmh": 3.6},
            {"timestamp": "Sat Apr 22 07:44:02 UTC 2017"}
        ],
        [
            {"location": [[
                {"latitude": 64.237451},
                {"longitude": 27.633019}
            ]]},
            {"altitude": 163.5},
            {"distance_km": 0.79},
            {"speed_kmh": 3.6},
            {"timestamp": "Sat Apr 22 07:44:10 UTC 2017"}
        ],
        [
            {"location": [[
                {"latitude": 64.237526},
                {"longitude": 27.632865}
            ]]},
            {"altitude": 165},
            {"distance_km": 0.81},
            {"speed_kmh": 3.6},
            {"timestamp": "Sat Apr 22 07:44:18 UTC 2017"}
        ],
        [
            {"location": [[
                {"latitude": 64.237598},
                {"longitude": 27.632693}
            ]]},
            {"altitude": 164},
            {"distance_km": 0.82},
            {"speed_kmh": 3.6},
            {"timestamp": "Sat Apr 22 07:44:26 UTC 2017"}
        ],
        [
            {"location": [[
                {"latitude": 64.237675},
                {"longitude": 27.632518}
            ]]},
            {"altitude": 162},
            {"distance_km": 0.83},
            {"speed_kmh": 3.6},
            {"timestamp": "Sat Apr 22 07:44:34 UTC 2017"}
        ],
        [
            {"location": [[
                {"latitude": 64.237723},
                {"longitude": 27.632328}
            ]]},
            {"altitude": 165},
            {"distance_km": 0.84},
            {"speed_kmh": 3.6},
            {"timestamp": "Sat Apr 22 07:44:43 UTC 2017"}
        ],
        [
            {"location": [[
                {"latitude": 64.237781},
                {"longitude": 27.632166}
            ]]},
            {"altitude": 166.5},
            {"distance_km": 0.85},
            {"speed_kmh": 3.6},
            {"timestamp": "Sat Apr 22 07:44:51 UTC 2017"}
        ],
        [
            {"location": [[
                {"latitude": 64.23784},
                {"longitude": 27.63197}
            ]]},
            {"altitude": 166},
            {"distance_km": 0.86},
            {"speed_kmh": 3.6},
            {"timestamp": "Sat Apr 22 07:44:59 UTC 2017"}
        ],
        [
            {"location": [[
                {"latitude": 64.237912},
                {"longitude": 27.631764}
            ]]},
            {"altitude": 168.5},
            {"distance_km": 0.87},
            {"speed_kmh": 3.6},
            {"timestamp": "Sat Apr 22 07:45:07 UTC 2017"}
        ],
        [
            {"location": [[
                {"latitude": 64.237983},
                {"longitude": 27.631582}
            ]]},
            {"altitude": 168.5},
            {"distance_km": 0.89},
            {"speed_kmh": 3.6},
            {"timestamp": "Sat Apr 22 07:45:15 UTC 2017"}
        ],
        [
            {"location": [[
                {"latitude": 64.238027},
                {"longitude": 27.631391}
            ]]},
            {"altitude": 172},
            {"distance_km": 0.9},
            {"speed_kmh": 2.7},
            {"timestamp": "Sat Apr 22 07:45:23 UTC 2017"}
        ],
        [
            {"location": [[
                {"latitude": 64.238054},
                {"longitude": 27.631159}
            ]]},
            {"altitude": 166},
            {"distance_km": 0.91},
            {"speed_kmh": 2.7},
            {"timestamp": "Sat Apr 22 07:45:33 UTC 2017"}
        ],
        [
            {"location": [[
                {"latitude": 64.238106},
                {"longitude": 27.630975}
            ]]},
            {"altitude": 164},
            {"distance_km": 0.92},
            {"speed_kmh": 2.7},
            {"timestamp": "Sat Apr 22 07:45:41 UTC 2017"}
        ],
        [
            {"location": [[
                {"latitude": 64.238175},
                {"longitude": 27.630765}
            ]]},
            {"altitude": 168.5},
            {"distance_km": 0.93},
            {"speed_kmh": 3.6},
            {"timestamp": "Sat Apr 22 07:45:50 UTC 2017"}
        ],
        [
            {"location": [[
                {"latitude": 64.238197},
                {"longitude": 27.630559}
            ]]},
            {"altitude": 167.5},
            {"distance_km": 0.94},
            {"speed_kmh": 1.8},
            {"timestamp": "Sat Apr 22 07:45:58 UTC 2017"}
        ],
        [
            {"location": [[
                {"latitude": 64.238225},
                {"longitude": 27.630318}
            ]]},
            {"altitude": 168.5},
            {"distance_km": 0.95},
            {"speed_kmh": 3.6},
            {"timestamp": "Sat Apr 22 07:46:08 UTC 2017"}
        ],
        [
            {"location": [[
                {"latitude": 64.238257},
                {"longitude": 27.630107}
            ]]},
            {"altitude": 166.5},
            {"distance_km": 0.96},
            {"speed_kmh": 2.7},
            {"timestamp": "Sat Apr 22 07:46:18 UTC 2017"}
        ],
        [
            {"location": [[
                {"latitude": 64.238324},
                {"longitude": 27.629919}
            ]]},
            {"altitude": 167},
            {"distance_km": 0.98},
            {"speed_kmh": 0},
            {"timestamp": "Sat Apr 22 07:46:28 UTC 2017"}
        ],
        [
            {"location": [[
                {"latitude": 64.238334},
                {"longitude": 27.629712}
            ]]},
            {"altitude": 167},
            {"distance_km": 0.99},
            {"speed_kmh": 2.7},
            {"timestamp": "Sat Apr 22 07:46:38 UTC 2017"}
        ],
        [
            {"location": [[
                {"latitude": 64.238364},
                {"longitude": 27.629495}
            ]]},
            {"altitude": 170},
            {"distance_km": 1},
            {"speed_kmh": 4.5},
            {"timestamp": "Sat Apr 22 07:46:44 UTC 2017"}
        ],
        [
            {"location": [[
                {"latitude": 64.238421},
                {"longitude": 27.629302}
            ]]},
            {"altitude": 172},
            {"distance_km": 1.01},
            {"speed_kmh": 3.6},
            {"timestamp": "Sat Apr 22 07:46:53 UTC 2017"}
        ],
        [
            {"location": [[
                {"latitude": 64.238439},
                {"longitude": 27.629081}
            ]]},
            {"altitude": 175},
            {"distance_km": 1.02},
            {"speed_kmh": 3.6},
            {"timestamp": "Sat Apr 22 07:47:01 UTC 2017"}
        ],
        [
            {"location": [[
                {"latitude": 64.238407},
                {"longitude": 27.628887}
            ]]},
            {"altitude": 171},
            {"distance_km": 1.03},
            {"speed_kmh": 3.6},
            {"timestamp": "Sat Apr 22 07:47:09 UTC 2017"}
        ],
        [
            {"location": [[
                {"latitude": 64.238368},
                {"longitude": 27.628675}
            ]]},
            {"altitude": 169.5},
            {"distance_km": 1.04},
            {"speed_kmh": 3.6},
            {"timestamp": "Sat Apr 22 07:47:17 UTC 2017"}
        ],
        [
            {"location": [[
                {"latitude": 64.238392},
                {"longitude": 27.628464}
            ]]},
            {"altitude": 169},
            {"distance_km": 1.05},
            {"speed_kmh": 3.6},
            {"timestamp": "Sat Apr 22 07:47:25 UTC 2017"}
        ],
        [
            {"location": [[
                {"latitude": 64.238397},
                {"longitude": 27.628221}
            ]]},
            {"altitude": 173},
            {"distance_km": 1.06},
            {"speed_kmh": 2.7},
            {"timestamp": "Sat Apr 22 07:47:39 UTC 2017"}
        ],
        [
            {"location": [[
                {"latitude": 64.238496},
                {"longitude": 27.628144}
            ]]},
            {"altitude": 168},
            {"distance_km": 1.08},
            {"speed_kmh": 2.7},
            {"timestamp": "Sat Apr 22 07:47:50 UTC 2017"}
        ],
        [
            {"location": [[
                {"latitude": 64.238596},
                {"longitude": 27.628104}
            ]]},
            {"altitude": 168.5},
            {"distance_km": 1.09},
            {"speed_kmh": 3.6},
            {"timestamp": "Sat Apr 22 07:47:58 UTC 2017"}
        ],
        [
            {"location": [[
                {"latitude": 64.238691},
                {"longitude": 27.628178}
            ]]},
            {"altitude": 168},
            {"distance_km": 1.1},
            {"speed_kmh": 2.7},
            {"timestamp": "Sat Apr 22 07:48:08 UTC 2017"}
        ],
        [
            {"location": [[
                {"latitude": 64.238783},
                {"longitude": 27.628232}
            ]]},
            {"altitude": 169},
            {"distance_km": 1.11},
            {"speed_kmh": 3.6},
            {"timestamp": "Sat Apr 22 07:48:16 UTC 2017"}
        ],
        [
            {"location": [[
                {"latitude": 64.238882},
                {"longitude": 27.628261}
            ]]},
            {"altitude": 169},
            {"distance_km": 1.12},
            {"speed_kmh": 3.6},
            {"timestamp": "Sat Apr 22 07:48:24 UTC 2017"}
        ],
        [
            {"location": [[
                {"latitude": 64.238982},
                {"longitude": 27.628319}
            ]]},
            {"altitude": 169},
            {"distance_km": 1.13},
            {"speed_kmh": 3.6},
            {"timestamp": "Sat Apr 22 07:48:32 UTC 2017"}
        ],
        [
            {"location": [[
                {"latitude": 64.239084},
                {"longitude": 27.628364}
            ]]},
            {"altitude": 168},
            {"distance_km": 1.14},
            {"speed_kmh": 3.6},
            {"timestamp": "Sat Apr 22 07:48:42 UTC 2017"}
        ],
        [
            {"location": [[
                {"latitude": 64.239175},
                {"longitude": 27.628471}
            ]]},
            {"altitude": 165.5},
            {"distance_km": 1.15},
            {"speed_kmh": 2.7},
            {"timestamp": "Sat Apr 22 07:48:53 UTC 2017"}
        ],
        [
            {"location": [[
                {"latitude": 64.239273},
                {"longitude": 27.628532}
            ]]},
            {"altitude": 162},
            {"distance_km": 1.16},
            {"speed_kmh": 3.6},
            {"timestamp": "Sat Apr 22 07:49:03 UTC 2017"}
        ],
        [
            {"location": [[
                {"latitude": 64.239376},
                {"longitude": 27.628588}
            ]]},
            {"altitude": 161},
            {"distance_km": 1.18},
            {"speed_kmh": 2.7},
            {"timestamp": "Sat Apr 22 07:49:13 UTC 2017"}
        ],
        [
            {"location": [[
                {"latitude": 64.239469},
                {"longitude": 27.628627}
            ]]},
            {"altitude": 164.5},
            {"distance_km": 1.19},
            {"speed_kmh": 3.6},
            {"timestamp": "Sat Apr 22 07:49:21 UTC 2017"}
        ],
        [
            {"location": [[
                {"latitude": 64.239568},
                {"longitude": 27.628685}
            ]]},
            {"altitude": 165},
            {"distance_km": 1.2},
            {"speed_kmh": 2.7},
            {"timestamp": "Sat Apr 22 07:49:31 UTC 2017"}
        ],
        [
            {"location": [[
                {"latitude": 64.239657},
                {"longitude": 27.628727}
            ]]},
            {"altitude": 167},
            {"distance_km": 1.21},
            {"speed_kmh": 3.6},
            {"timestamp": "Sat Apr 22 07:49:38 UTC 2017"}
        ],
        [
            {"location": [[
                {"latitude": 64.239758},
                {"longitude": 27.628795}
            ]]},
            {"altitude": 166.5},
            {"distance_km": 1.22},
            {"speed_kmh": 3.6},
            {"timestamp": "Sat Apr 22 07:49:46 UTC 2017"}
        ],
        [
            {"location": [[
                {"latitude": 64.239861},
                {"longitude": 27.628843}
            ]]},
            {"altitude": 165},
            {"distance_km": 1.23},
            {"speed_kmh": 3.6},
            {"timestamp": "Sat Apr 22 07:49:54 UTC 2017"}
        ],
        [
            {"location": [[
                {"latitude": 64.239959},
                {"longitude": 27.628877}
            ]]},
            {"altitude": 165.5},
            {"distance_km": 1.24},
            {"speed_kmh": 3.6},
            {"timestamp": "Sat Apr 22 07:50:02 UTC 2017"}
        ],
        [
            {"location": [[
                {"latitude": 64.240051},
                {"longitude": 27.628993}
            ]]},
            {"altitude": 165.5},
            {"distance_km": 1.25},
            {"speed_kmh": 2.7},
            {"timestamp": "Sat Apr 22 07:50:14 UTC 2017"}
        ],
        [
            {"location": [[
                {"latitude": 64.240154},
                {"longitude": 27.629052}
            ]]},
            {"altitude": 165.5},
            {"distance_km": 1.27},
            {"speed_kmh": 2.7},
            {"timestamp": "Sat Apr 22 07:50:22 UTC 2017"}
        ],
        [
            {"location": [[
                {"latitude": 64.240252},
                {"longitude": 27.629127}
            ]]},
            {"altitude": 166.5},
            {"distance_km": 1.28},
            {"speed_kmh": 2.7},
            {"timestamp": "Sat Apr 22 07:50:32 UTC 2017"}
        ],
        [
            {"location": [[
                {"latitude": 64.240356},
                {"longitude": 27.629155}
            ]]},
            {"altitude": 171.5},
            {"distance_km": 1.29},
            {"speed_kmh": 3.6},
            {"timestamp": "Sat Apr 22 07:50:41 UTC 2017"}
        ],
        [
            {"location": [[
                {"latitude": 64.240458},
                {"longitude": 27.629259}
            ]]},
            {"altitude": 174.5},
            {"distance_km": 1.3},
            {"speed_kmh": 3.6},
            {"timestamp": "Sat Apr 22 07:50:49 UTC 2017"}
        ],
        [
            {"location": [[
                {"latitude": 64.240446},
                {"longitude": 27.629476}
            ]]},
            {"altitude": 170.5},
            {"distance_km": 1.31},
            {"speed_kmh": 3.6},
            {"timestamp": "Sat Apr 22 07:50:59 UTC 2017"}
        ],
        [
            {"location": [[
                {"latitude": 64.240358},
                {"longitude": 27.629537}
            ]]},
            {"altitude": 174},
            {"distance_km": 1.32},
            {"speed_kmh": 2.7},
            {"timestamp": "Sat Apr 22 07:51:13 UTC 2017"}
        ],
        [
            {"location": [[
                {"latitude": 64.240258},
                {"longitude": 27.6295}
            ]]},
            {"altitude": 176.5},
            {"distance_km": 1.33},
            {"speed_kmh": 2.7},
            {"timestamp": "Sat Apr 22 07:51:23 UTC 2017"}
        ],
        [
            {"location": [[
                {"latitude": 64.240168},
                {"longitude": 27.629412}
            ]]},
            {"altitude": 177},
            {"distance_km": 1.35},
            {"speed_kmh": 2.7},
            {"timestamp": "Sat Apr 22 07:51:31 UTC 2017"}
        ],
        [
            {"location": [[
                {"latitude": 64.240067},
                {"longitude": 27.629363}
            ]]},
            {"altitude": 175.5},
            {"distance_km": 1.36},
            {"speed_kmh": 2.7},
            {"timestamp": "Sat Apr 22 07:51:39 UTC 2017"}
        ],
        [
            {"location": [[
                {"latitude": 64.239972},
                {"longitude": 27.62928}
            ]]},
            {"altitude": 176.5},
            {"distance_km": 1.37},
            {"speed_kmh": 2.7},
            {"timestamp": "Sat Apr 22 07:51:48 UTC 2017"}
        ],
        [
            {"location": [[
                {"latitude": 64.239879},
                {"longitude": 27.629235}
            ]]},
            {"altitude": 176.5},
            {"distance_km": 1.38},
            {"speed_kmh": 3.6},
            {"timestamp": "Sat Apr 22 07:51:56 UTC 2017"}
        ],
        [
            {"location": [[
                {"latitude": 64.239791},
                {"longitude": 27.629171}
            ]]},
            {"altitude": 182},
            {"distance_km": 1.39},
            {"speed_kmh": 3.6},
            {"timestamp": "Sat Apr 22 07:52:04 UTC 2017"}
        ],
        [
            {"location": [[
                {"latitude": 64.239683},
                {"longitude": 27.629141}
            ]]},
            {"altitude": 181},
            {"distance_km": 1.4},
            {"speed_kmh": 2.7},
            {"timestamp": "Sat Apr 22 07:52:14 UTC 2017"}
        ],
        [
            {"location": [[
                {"latitude": 64.239586},
                {"longitude": 27.629114}
            ]]},
            {"altitude": 182},
            {"distance_km": 1.41},
            {"speed_kmh": 2.7},
            {"timestamp": "Sat Apr 22 07:52:22 UTC 2017"}
        ],
        [
            {"location": [[
                {"latitude": 64.239492},
                {"longitude": 27.629046}
            ]]},
            {"altitude": 180},
            {"distance_km": 1.42},
            {"speed_kmh": 2.7},
            {"timestamp": "Sat Apr 22 07:52:32 UTC 2017"}
        ],
        [
            {"location": [[
                {"latitude": 64.239385},
                {"longitude": 27.629021}
            ]]},
            {"altitude": 180.5},
            {"distance_km": 1.43},
            {"speed_kmh": 2.7},
            {"timestamp": "Sat Apr 22 07:52:43 UTC 2017"}
        ],
        [
            {"location": [[
                {"latitude": 64.239281},
                {"longitude": 27.628991}
            ]]},
            {"altitude": 180.5},
            {"distance_km": 1.45},
            {"speed_kmh": 2.7},
            {"timestamp": "Sat Apr 22 07:52:53 UTC 2017"}
        ],
        [
            {"location": [[
                {"latitude": 64.239178},
                {"longitude": 27.628985}
            ]]},
            {"altitude": 182.5},
            {"distance_km": 1.46},
            {"speed_kmh": 2.7},
            {"timestamp": "Sat Apr 22 07:53:03 UTC 2017"}
        ],
        [
            {"location": [[
                {"latitude": 64.239085},
                {"longitude": 27.629007}
            ]]},
            {"altitude": 182},
            {"distance_km": 1.47},
            {"speed_kmh": 0},
            {"timestamp": "Sat Apr 22 07:53:13 UTC 2017"}
        ],
        [
            {"location": [[
                {"latitude": 64.239},
                {"longitude": 27.629102}
            ]]},
            {"altitude": 181},
            {"distance_km": 1.48},
            {"speed_kmh": 2.7},
            {"timestamp": "Sat Apr 22 07:53:25 UTC 2017"}
        ],
        [
            {"location": [[
                {"latitude": 64.238922},
                {"longitude": 27.629217}
            ]]},
            {"altitude": 173.5},
            {"distance_km": 1.49},
            {"speed_kmh": 1.8},
            {"timestamp": "Sat Apr 22 07:53:46 UTC 2017"}
        ],
        [
            {"location": [[
                {"latitude": 64.238837},
                {"longitude": 27.62934}
            ]]},
            {"altitude": 172.5},
            {"distance_km": 1.5},
            {"speed_kmh": 0},
            {"timestamp": "Sat Apr 22 07:54:04 UTC 2017"}
        ],
        [
            {"location": [[
                {"latitude": 64.238737},
                {"longitude": 27.629532}
            ]]},
            {"altitude": 174},
            {"distance_km": 1.51},
            {"speed_kmh": 3.6},
            {"timestamp": "Sat Apr 22 07:54:14 UTC 2017"}
        ],
        [
            {"location": [[
                {"latitude": 64.238651},
                {"longitude": 27.629675}
            ]]},
            {"altitude": 172.5},
            {"distance_km": 1.53},
            {"speed_kmh": 3.6},
            {"timestamp": "Sat Apr 22 07:54:20 UTC 2017"}
        ],
        [
            {"location": [[
                {"latitude": 64.23856},
                {"longitude": 27.629788}
            ]]},
            {"altitude": 174},
            {"distance_km": 1.54},
            {"speed_kmh": 3.6},
            {"timestamp": "Sat Apr 22 07:54:26 UTC 2017"}
        ],
        [
            {"location": [[
                {"latitude": 64.238459},
                {"longitude": 27.629834}
            ]]},
            {"altitude": 171.5},
            {"distance_km": 1.55},
            {"speed_kmh": 0},
            {"timestamp": "Sat Apr 22 07:54:35 UTC 2017"}
        ],
        [
            {"location": [[
                {"latitude": 64.238365},
                {"longitude": 27.629931}
            ]]},
            {"altitude": 172},
            {"distance_km": 1.56},
            {"speed_kmh": 2.7},
            {"timestamp": "Sat Apr 22 07:54:47 UTC 2017"}
        ],
        [
            {"location": [[
                {"latitude": 64.238281},
                {"longitude": 27.63004}
            ]]},
            {"altitude": 171.5},
            {"distance_km": 1.57},
            {"speed_kmh": 3.6},
            {"timestamp": "Sat Apr 22 07:54:55 UTC 2017"}
        ],
        [
            {"location": [[
                {"latitude": 64.238227},
                {"longitude": 27.630252}
            ]]},
            {"altitude": 172.5},
            {"distance_km": 1.58},
            {"speed_kmh": 3.6},
            {"timestamp": "Sat Apr 22 07:55:03 UTC 2017"}
        ],
        [
            {"location": [[
                {"latitude": 64.238204},
                {"longitude": 27.630478}
            ]]},
            {"altitude": 173},
            {"distance_km": 1.59},
            {"speed_kmh": 3.6},
            {"timestamp": "Sat Apr 22 07:55:11 UTC 2017"}
        ],
        [
            {"location": [[
                {"latitude": 64.238148},
                {"longitude": 27.630696}
            ]]},
            {"altitude": 172},
            {"distance_km": 1.61},
            {"speed_kmh": 3.6},
            {"timestamp": "Sat Apr 22 07:55:19 UTC 2017"}
        ],
        [
            {"location": [[
                {"latitude": 64.238122},
                {"longitude": 27.630917}
            ]]},
            {"altitude": 173.5},
            {"distance_km": 1.62},
            {"speed_kmh": 1.8},
            {"timestamp": "Sat Apr 22 07:55:28 UTC 2017"}
        ],
        [
            {"location": [[
                {"latitude": 64.238089},
                {"longitude": 27.63117}
            ]]},
            {"altitude": 174},
            {"distance_km": 1.63},
            {"speed_kmh": 3.6},
            {"timestamp": "Sat Apr 22 07:55:36 UTC 2017"}
        ],
        [
            {"location": [[
                {"latitude": 64.238035},
                {"longitude": 27.631384}
            ]]},
            {"altitude": 168.5},
            {"distance_km": 1.64},
            {"speed_kmh": 3.6},
            {"timestamp": "Sat Apr 22 07:55:44 UTC 2017"}
        ],
        [
            {"location": [[
                {"latitude": 64.237981},
                {"longitude": 27.631564}
            ]]},
            {"altitude": 167},
            {"distance_km": 1.65},
            {"speed_kmh": 3.6},
            {"timestamp": "Sat Apr 22 07:55:52 UTC 2017"}
        ],
        [
            {"location": [[
                {"latitude": 64.237934},
                {"longitude": 27.631752}
            ]]},
            {"altitude": 170},
            {"distance_km": 1.66},
            {"speed_kmh": 3.6},
            {"timestamp": "Sat Apr 22 07:56:04 UTC 2017"}
        ],
        [
            {"location": [[
                {"latitude": 64.237881},
                {"longitude": 27.631922}
            ]]},
            {"altitude": 171},
            {"distance_km": 1.67},
            {"speed_kmh": 3.6},
            {"timestamp": "Sat Apr 22 07:56:10 UTC 2017"}
        ],
        [
            {"location": [[
                {"latitude": 64.237831},
                {"longitude": 27.632094}
            ]]},
            {"altitude": 169.5},
            {"distance_km": 1.68},
            {"speed_kmh": 4.5},
            {"timestamp": "Sat Apr 22 07:56:20 UTC 2017"}
        ],
        [
            {"location": [[
                {"latitude": 64.237766},
                {"longitude": 27.632284}
            ]]},
            {"altitude": 171.5},
            {"distance_km": 1.7},
            {"speed_kmh": 4.5},
            {"timestamp": "Sat Apr 22 07:56:28 UTC 2017"}
        ],
        [
            {"location": [[
                {"latitude": 64.237714},
                {"longitude": 27.632469}
            ]]},
            {"altitude": 170},
            {"distance_km": 1.71},
            {"speed_kmh": 0},
            {"timestamp": "Sat Apr 22 07:56:35 UTC 2017"}
        ],
        [
            {"location": [[
                {"latitude": 64.237647},
                {"longitude": 27.632693}
            ]]},
            {"altitude": 168.5},
            {"distance_km": 1.72},
            {"speed_kmh": 2.7},
            {"timestamp": "Sat Apr 22 07:56:45 UTC 2017"}
        ],
        [
            {"location": [[
                {"latitude": 64.237574},
                {"longitude": 27.632871}
            ]]},
            {"altitude": 170.5},
            {"distance_km": 1.73},
            {"speed_kmh": 4.5},
            {"timestamp": "Sat Apr 22 07:56:51 UTC 2017"}
        ],
        [
            {"location": [[
                {"latitude": 64.237509},
                {"longitude": 27.633083}
            ]]},
            {"altitude": 171},
            {"distance_km": 1.74},
            {"speed_kmh": 3.6},
            {"timestamp": "Sat Apr 22 07:56:59 UTC 2017"}
        ],
        [
            {"location": [[
                {"latitude": 64.237413},
                {"longitude": 27.633165}
            ]]},
            {"altitude": 168},
            {"distance_km": 1.76},
            {"speed_kmh": 3.6},
            {"timestamp": "Sat Apr 22 07:57:07 UTC 2017"}
        ],
        [
            {"location": [[
                {"latitude": 64.237311},
                {"longitude": 27.633224}
            ]]},
            {"altitude": 166},
            {"distance_km": 1.77},
            {"speed_kmh": 3.6},
            {"timestamp": "Sat Apr 22 07:57:15 UTC 2017"}
        ],
        [
            {"location": [[
                {"latitude": 64.237226},
                {"longitude": 27.633294}
            ]]},
            {"altitude": 166.5},
            {"distance_km": 1.78},
            {"speed_kmh": 2.7},
            {"timestamp": "Sat Apr 22 07:57:23 UTC 2017"}
        ],
        [
            {"location": [[
                {"latitude": 64.237126},
                {"longitude": 27.633404}
            ]]},
            {"altitude": 166.5},
            {"distance_km": 1.79},
            {"speed_kmh": 3.6},
            {"timestamp": "Sat Apr 22 07:57:31 UTC 2017"}
        ],
        [
            {"location": [[
                {"latitude": 64.237018},
                {"longitude": 27.633506}
            ]]},
            {"altitude": 166.5},
            {"distance_km": 1.8},
            {"speed_kmh": 3.6},
            {"timestamp": "Sat Apr 22 07:57:39 UTC 2017"}
        ],
        [
            {"location": [[
                {"latitude": 64.236914},
                {"longitude": 27.633613}
            ]]},
            {"altitude": 168},
            {"distance_km": 1.82},
            {"speed_kmh": 3.6},
            {"timestamp": "Sat Apr 22 07:57:48 UTC 2017"}
        ],
        [
            {"location": [[
                {"latitude": 64.236842},
                {"longitude": 27.633792}
            ]]},
            {"altitude": 167},
            {"distance_km": 1.83},
            {"speed_kmh": 3.6},
            {"timestamp": "Sat Apr 22 07:57:56 UTC 2017"}
        ],
        [
            {"location": [[
                {"latitude": 64.236792},
                {"longitude": 27.634018}
            ]]},
            {"altitude": 168},
            {"distance_km": 1.84},
            {"speed_kmh": 4.5},
            {"timestamp": "Sat Apr 22 07:58:04 UTC 2017"}
        ],
        [
            {"location": [[
                {"latitude": 64.236732},
                {"longitude": 27.634217}
            ]]},
            {"altitude": 168},
            {"distance_km": 1.85},
            {"speed_kmh": 4.5},
            {"timestamp": "Sat Apr 22 07:58:12 UTC 2017"}
        ],
        [
            {"location": [[
                {"latitude": 64.236662},
                {"longitude": 27.63435}
            ]]},
            {"altitude": 167},
            {"distance_km": 1.86},
            {"speed_kmh": 3.6},
            {"timestamp": "Sat Apr 22 07:58:20 UTC 2017"}
        ],
        [
            {"location": [[
                {"latitude": 64.2366},
                {"longitude": 27.634569}
            ]]},
            {"altitude": 163.5},
            {"distance_km": 1.87},
            {"speed_kmh": 4.5},
            {"timestamp": "Sat Apr 22 07:58:28 UTC 2017"}
        ],
        [
            {"location": [[
                {"latitude": 64.236561},
                {"longitude": 27.634798}
            ]]},
            {"altitude": 163},
            {"distance_km": 1.89},
            {"speed_kmh": 4.5},
            {"timestamp": "Sat Apr 22 07:58:36 UTC 2017"}
        ],
        [
            {"location": [[
                {"latitude": 64.236489},
                {"longitude": 27.634955}
            ]]},
            {"altitude": 163.5},
            {"distance_km": 1.9},
            {"speed_kmh": 4.5},
            {"timestamp": "Sat Apr 22 07:58:45 UTC 2017"}
        ],
        [
            {"location": [[
                {"latitude": 64.236402},
                {"longitude": 27.635048}
            ]]},
            {"altitude": 163.5},
            {"distance_km": 1.91},
            {"speed_kmh": 4.5},
            {"timestamp": "Sat Apr 22 07:58:53 UTC 2017"}
        ],
        [
            {"location": [[
                {"latitude": 64.23634},
                {"longitude": 27.635214}
            ]]},
            {"altitude": 166.5},
            {"distance_km": 1.92},
            {"speed_kmh": 0.9},
            {"timestamp": "Sat Apr 22 07:59:05 UTC 2017"}
        ],
        [
            {"location": [[
                {"latitude": 64.236268},
                {"longitude": 27.635409}
            ]]},
            {"altitude": 166.5},
            {"distance_km": 1.93},
            {"speed_kmh": 3.6},
            {"timestamp": "Sat Apr 22 07:59:17 UTC 2017"}
        ],
        [
            {"location": [[
                {"latitude": 64.236203},
                {"longitude": 27.635602}
            ]]},
            {"altitude": 165},
            {"distance_km": 1.94},
            {"speed_kmh": 4.5},
            {"timestamp": "Sat Apr 22 07:59:23 UTC 2017"}
        ],
        [
            {"location": [[
                {"latitude": 64.236139},
                {"longitude": 27.635796}
            ]]},
            {"altitude": 164},
            {"distance_km": 1.95},
            {"speed_kmh": 2.7},
            {"timestamp": "Sat Apr 22 07:59:31 UTC 2017"}
        ],
        [
            {"location": [[
                {"latitude": 64.236069},
                {"longitude": 27.635941}
            ]]},
            {"altitude": 162.5},
            {"distance_km": 1.96},
            {"speed_kmh": 2.7},
            {"timestamp": "Sat Apr 22 07:59:42 UTC 2017"}
        ],
        [
            {"location": [[
                {"latitude": 64.235976},
                {"longitude": 27.636048}
            ]]},
            {"altitude": 161},
            {"distance_km": 1.98},
            {"speed_kmh": 0},
            {"timestamp": "Sat Apr 22 07:59:52 UTC 2017"}
        ],
        [
            {"location": [[
                {"latitude": 64.23591},
                {"longitude": 27.636218}
            ]]},
            {"altitude": 164},
            {"distance_km": 1.99},
            {"speed_kmh": 3.6},
            {"timestamp": "Sat Apr 22 08:00:00 UTC 2017"}
        ],
        [
            {"location": [[
                {"latitude": 64.235857},
                {"longitude": 27.636432}
            ]]},
            {"altitude": 165},
            {"distance_km": 2},
            {"speed_kmh": 3.6},
            {"timestamp": "Sat Apr 22 08:00:06 UTC 2017"}
        ],
        [
            {"location": [[
                {"latitude": 64.235792},
                {"longitude": 27.636635}
            ]]},
            {"altitude": 162},
            {"distance_km": 2.01},
            {"speed_kmh": 4.5},
            {"timestamp": "Sat Apr 22 08:00:12 UTC 2017"}
        ],
        [
            {"location": [[
                {"latitude": 64.23575},
                {"longitude": 27.63684}
            ]]},
            {"altitude": 163.5},
            {"distance_km": 2.02},
            {"speed_kmh": 3.6},
            {"timestamp": "Sat Apr 22 08:00:18 UTC 2017"}
        ],
        [
            {"location": [[
                {"latitude": 64.235724},
                {"longitude": 27.637056}
            ]]},
            {"altitude": 163.5},
            {"distance_km": 2.03},
            {"speed_kmh": 2.7},
            {"timestamp": "Sat Apr 22 08:00:28 UTC 2017"}
        ],
        [
            {"location": [[
                {"latitude": 64.235678},
                {"longitude": 27.63726}
            ]]},
            {"altitude": 163.5},
            {"distance_km": 2.04},
            {"speed_kmh": 3.6},
            {"timestamp": "Sat Apr 22 08:00:36 UTC 2017"}
        ],
        [
            {"location": [[
                {"latitude": 64.235635},
                {"longitude": 27.637484}
            ]]},
            {"altitude": 163},
            {"distance_km": 2.06},
            {"speed_kmh": 3.6},
            {"timestamp": "Sat Apr 22 08:00:44 UTC 2017"}
        ],
        [
            {"location": [[
                {"latitude": 64.235561},
                {"longitude": 27.637699}
            ]]},
            {"altitude": 162.5},
            {"distance_km": 2.07},
            {"speed_kmh": 5.4},
            {"timestamp": "Sat Apr 22 08:00:53 UTC 2017"}
        ],
        [
            {"location": [[
                {"latitude": 64.235558},
                {"longitude": 27.637907}
            ]]},
            {"altitude": 164.5},
            {"distance_km": 2.08},
            {"speed_kmh": 3.6},
            {"timestamp": "Sat Apr 22 08:01:01 UTC 2017"}
        ],
        [
            {"location": [[
                {"latitude": 64.235542},
                {"longitude": 27.638119}
            ]]},
            {"altitude": 161.5},
            {"distance_km": 2.09},
            {"speed_kmh": 3.6},
            {"timestamp": "Sat Apr 22 08:01:09 UTC 2017"}
        ],
        [
            {"location": [[
                {"latitude": 64.235536},
                {"longitude": 27.638326}
            ]]},
            {"altitude": 160.5},
            {"distance_km": 2.1},
            {"speed_kmh": 3.6},
            {"timestamp": "Sat Apr 22 08:01:17 UTC 2017"}
        ],
        [
            {"location": [[
                {"latitude": 64.235544},
                {"longitude": 27.638546}
            ]]},
            {"altitude": 162.5},
            {"distance_km": 2.11},
            {"speed_kmh": 3.6},
            {"timestamp": "Sat Apr 22 08:01:25 UTC 2017"}
        ],
        [
            {"location": [[
                {"latitude": 64.235538},
                {"longitude": 27.638753}
            ]]},
            {"altitude": 161},
            {"distance_km": 2.12},
            {"speed_kmh": 1.8},
            {"timestamp": "Sat Apr 22 08:01:35 UTC 2017"}
        ],
        [
            {"location": [[
                {"latitude": 64.235523},
                {"longitude": 27.638984}
            ]]},
            {"altitude": 153},
            {"distance_km": 2.13},
            {"speed_kmh": 2.7},
            {"timestamp": "Sat Apr 22 08:01:47 UTC 2017"}
        ],
        [
            {"location": [[
                {"latitude": 64.235483},
                {"longitude": 27.639186}
            ]]},
            {"altitude": 153},
            {"distance_km": 2.14},
            {"speed_kmh": 2.7},
            {"timestamp": "Sat Apr 22 08:01:55 UTC 2017"}
        ],
        [
            {"location": [[
                {"latitude": 64.235443},
                {"longitude": 27.639402}
            ]]},
            {"altitude": 152.5},
            {"distance_km": 2.15},
            {"speed_kmh": 3.6},
            {"timestamp": "Sat Apr 22 08:02:04 UTC 2017"}
        ],
        [
            {"location": [[
                {"latitude": 64.235373},
                {"longitude": 27.639605}
            ]]},
            {"altitude": 154.5},
            {"distance_km": 2.17},
            {"speed_kmh": 4.5},
            {"timestamp": "Sat Apr 22 08:02:12 UTC 2017"}
        ],
        [
            {"location": [[
                {"latitude": 64.235327},
                {"longitude": 27.639836}
            ]]},
            {"altitude": 155},
            {"distance_km": 2.18},
            {"speed_kmh": 3.6},
            {"timestamp": "Sat Apr 22 08:02:20 UTC 2017"}
        ],
        [
            {"location": [[
                {"latitude": 64.235274},
                {"longitude": 27.640006}
            ]]},
            {"altitude": 156.5},
            {"distance_km": 2.19},
            {"speed_kmh": 4.5},
            {"timestamp": "Sat Apr 22 08:02:26 UTC 2017"}
        ],
        [
            {"location": [[
                {"latitude": 64.23522},
                {"longitude": 27.640181}
            ]]},
            {"altitude": 156},
            {"distance_km": 2.2},
            {"speed_kmh": 4.5},
            {"timestamp": "Sat Apr 22 08:02:32 UTC 2017"}
        ],
        [
            {"location": [[
                {"latitude": 64.235181},
                {"longitude": 27.640396}
            ]]},
            {"altitude": 152.5},
            {"distance_km": 2.21},
            {"speed_kmh": 3.6},
            {"timestamp": "Sat Apr 22 08:02:42 UTC 2017"}
        ],
        [
            {"location": [[
                {"latitude": 64.235144},
                {"longitude": 27.640596}
            ]]},
            {"altitude": 154.5},
            {"distance_km": 2.22},
            {"speed_kmh": 0},
            {"timestamp": "Sat Apr 22 08:02:52 UTC 2017"}
        ],
        [
            {"location": [[
                {"latitude": 64.235073},
                {"longitude": 27.640761}
            ]]},
            {"altitude": 161.5},
            {"distance_km": 2.23},
            {"speed_kmh": 2.7},
            {"timestamp": "Sat Apr 22 08:03:11 UTC 2017"}
        ],
        [
            {"location": [[
                {"latitude": 64.235012},
                {"longitude": 27.640916}
            ]]},
            {"altitude": 162},
            {"distance_km": 2.24},
            {"speed_kmh": 0},
            {"timestamp": "Sat Apr 22 08:03:17 UTC 2017"}
        ],
        [
            {"location": [[
                {"latitude": 64.234932},
                {"longitude": 27.64106}
            ]]},
            {"altitude": 162.5},
            {"distance_km": 2.25},
            {"speed_kmh": 2.7},
            {"timestamp": "Sat Apr 22 08:03:29 UTC 2017"}
        ],
        [
            {"location": [[
                {"latitude": 64.234862},
                {"longitude": 27.641239}
            ]]},
            {"altitude": 166.5},
            {"distance_km": 2.27},
            {"speed_kmh": 2.7},
            {"timestamp": "Sat Apr 22 08:03:37 UTC 2017"}
        ],
        [
            {"location": [[
                {"latitude": 64.234773},
                {"longitude": 27.641394}
            ]]},
            {"altitude": 168},
            {"distance_km": 2.28},
            {"speed_kmh": 3.6},
            {"timestamp": "Sat Apr 22 08:03:47 UTC 2017"}
        ],
        [
            {"location": [[
                {"latitude": 64.234681},
                {"longitude": 27.641367}
            ]]},
            {"altitude": 163.5},
            {"distance_km": 2.29},
            {"speed_kmh": 3.6},
            {"timestamp": "Sat Apr 22 08:03:53 UTC 2017"}
        ],
        [
            {"location": [[
                {"latitude": 64.23457},
                {"longitude": 27.641452}
            ]]},
            {"altitude": 162},
            {"distance_km": 2.3},
            {"speed_kmh": 2.7},
            {"timestamp": "Sat Apr 22 08:04:03 UTC 2017"}
        ],
        [
            {"location": [[
                {"latitude": 64.234483},
                {"longitude": 27.641572}
            ]]},
            {"altitude": 161},
            {"distance_km": 2.31},
            {"speed_kmh": 2.7},
            {"timestamp": "Sat Apr 22 08:04:12 UTC 2017"}
        ],
        [
            {"location": [[
                {"latitude": 64.234435},
                {"longitude": 27.641748}
            ]]},
            {"altitude": 161.5},
            {"distance_km": 2.32},
            {"speed_kmh": 3.6},
            {"timestamp": "Sat Apr 22 08:04:20 UTC 2017"}
        ],
        [
            {"location": [[
                {"latitude": 64.234406},
                {"longitude": 27.641962}
            ]]},
            {"altitude": 166.5},
            {"distance_km": 2.33},
            {"speed_kmh": 3.6},
            {"timestamp": "Sat Apr 22 08:04:32 UTC 2017"}
        ],
        [
            {"location": [[
                {"latitude": 64.234335},
                {"longitude": 27.642155}
            ]]},
            {"altitude": 169},
            {"distance_km": 2.35},
            {"speed_kmh": 4.5},
            {"timestamp": "Sat Apr 22 08:04:40 UTC 2017"}
        ],
        [
            {"location": [[
                {"latitude": 64.234282},
                {"longitude": 27.642383}
            ]]},
            {"altitude": 167.5},
            {"distance_km": 2.36},
            {"speed_kmh": 3.6},
            {"timestamp": "Sat Apr 22 08:04:50 UTC 2017"}
        ],
        [
            {"location": [[
                {"latitude": 64.234233},
                {"longitude": 27.642574}
            ]]},
            {"altitude": 167.5},
            {"distance_km": 2.37},
            {"speed_kmh": 3.6},
            {"timestamp": "Sat Apr 22 08:04:58 UTC 2017"}
        ],
        [
            {"location": [[
                {"latitude": 64.234178},
                {"longitude": 27.642748}
            ]]},
            {"altitude": 166.5},
            {"distance_km": 2.38},
            {"speed_kmh": 3.6},
            {"timestamp": "Sat Apr 22 08:05:07 UTC 2017"}
        ],
        [
            {"location": [[
                {"latitude": 64.234118},
                {"longitude": 27.642929}
            ]]},
            {"altitude": 168},
            {"distance_km": 2.39},
            {"speed_kmh": 3.6},
            {"timestamp": "Sat Apr 22 08:05:15 UTC 2017"}
        ],
        [
            {"location": [[
                {"latitude": 64.234067},
                {"longitude": 27.643145}
            ]]},
            {"altitude": 170.5},
            {"distance_km": 2.4},
            {"speed_kmh": 3.6},
            {"timestamp": "Sat Apr 22 08:05:25 UTC 2017"}
        ],
        [
            {"location": [[
                {"latitude": 64.233997},
                {"longitude": 27.643287}
            ]]},
            {"altitude": 169},
            {"distance_km": 2.41},
            {"speed_kmh": 3.6},
            {"timestamp": "Sat Apr 22 08:05:33 UTC 2017"}
        ],
        [
            {"location": [[
                {"latitude": 64.233945},
                {"longitude": 27.643461}
            ]]},
            {"altitude": 170.5},
            {"distance_km": 2.42},
            {"speed_kmh": 3.6},
            {"timestamp": "Sat Apr 22 08:05:41 UTC 2017"}
        ],
        [
            {"location": [[
                {"latitude": 64.233895},
                {"longitude": 27.64368}
            ]]},
            {"altitude": 169},
            {"distance_km": 2.43},
            {"speed_kmh": 3.6},
            {"timestamp": "Sat Apr 22 08:05:51 UTC 2017"}
        ],
        [
            {"location": [[
                {"latitude": 64.233844},
                {"longitude": 27.643904}
            ]]},
            {"altitude": 169},
            {"distance_km": 2.45},
            {"speed_kmh": 3.6},
            {"timestamp": "Sat Apr 22 08:06:00 UTC 2017"}
        ],
        [
            {"location": [[
                {"latitude": 64.233793},
                {"longitude": 27.644105}
            ]]},
            {"altitude": 167.5},
            {"distance_km": 2.46},
            {"speed_kmh": 3.6},
            {"timestamp": "Sat Apr 22 08:06:10 UTC 2017"}
        ],
        [
            {"location": [[
                {"latitude": 64.233733},
                {"longitude": 27.644265}
            ]]},
            {"altitude": 166},
            {"distance_km": 2.47},
            {"speed_kmh": 3.6},
            {"timestamp": "Sat Apr 22 08:06:20 UTC 2017"}
        ],
        [
            {"location": [[
                {"latitude": 64.233686},
                {"longitude": 27.644447}
            ]]},
            {"altitude": 166},
            {"distance_km": 2.48},
            {"speed_kmh": 3.6},
            {"timestamp": "Sat Apr 22 08:06:28 UTC 2017"}
        ],
        [
            {"location": [[
                {"latitude": 64.23361},
                {"longitude": 27.644598}
            ]]},
            {"altitude": 163},
            {"distance_km": 2.49},
            {"speed_kmh": 11.7},
            {"timestamp": "Sat Apr 22 08:08:24 UTC 2017"}
        ],
        [
            {"location": [[
                {"latitude": 64.233573},
                {"longitude": 27.644999}
            ]]},
            {"altitude": 162.5},
            {"distance_km": 2.51},
            {"speed_kmh": 17.1},
            {"timestamp": "Sat Apr 22 08:08:28 UTC 2017"}
        ],
        [
            {"location": [[
                {"latitude": 64.233505},
                {"longitude": 27.645403}
            ]]},
            {"altitude": 159.5},
            {"distance_km": 2.53},
            {"speed_kmh": 18.9},
            {"timestamp": "Sat Apr 22 08:08:32 UTC 2017"}
        ],
        [
            {"location": [[
                {"latitude": 64.233464},
                {"longitude": 27.645651}
            ]]},
            {"altitude": 159},
            {"distance_km": 2.54},
            {"speed_kmh": 21.6},
            {"timestamp": "Sat Apr 22 08:08:34 UTC 2017"}
        ],
        [
            {"location": [[
                {"latitude": 64.233437},
                {"longitude": 27.645762}
            ]]},
            {"altitude": 159.5},
            {"distance_km": 2.54},
            {"speed_kmh": 21.6},
            {"timestamp": "Sat Apr 22 08:08:36 UTC 2017"}
        ],
        [
            {"location": [[
                {"latitude": 64.23343},
                {"longitude": 27.645887}
            ]]},
            {"altitude": 159.5},
            {"distance_km": 2.54},
            {"speed_kmh": 21.6},
            {"timestamp": "Sat Apr 22 08:08:36 UTC 2017"}
        ]
    ]}
]